id_contrato,proceso_de_compra,urlproceso,nit_entidad,nombre_entidad,orden,sector,departamento,tipo_de_contrato,modalidad_de_contratacion,firm,fecha_de_firma,fecha_de_inicio_del_contrato,fecha_de_fin_del_contrato,valor,estado_contrato,year,category_v1,label_conf_v1,foreign_platform_v1,in_window,elig_core,elig_core_plus_cloud,elig_core_plus_unclear,elig_core_cloud_unclear,elig_core_any_supplier,borderline_reason
CO1.PCCNTR.7658275,CO1.BDOS.7827323,{'url': 'https://community.secop.gov.co/Public/Tendering/OpportunityDetail/Index?noticeUID=CO1.NTC.7842255&isFromPublicArea=True&isModal=true&asPopupView=true'},901066091,REDDI COLOMBIA,Corporación Autónoma,Ciencia Tecnología,Valle del Cauca,Prestación de servicios,Contratación régimen especial,False,2025-03-20,2025-03-20,2025-06-30,4000000.0,Cerrado,2025,individual_professional_ai,0.96,False,True,False,False,False,False,False,
CO1.PCCNTR.8075806,CO1.BDOS.8403104,{'url': 'https://community.secop.gov.co/Public/Tendering/OpportunityDetail/Index?noticeUID=CO1.NTC.8424955&isFromPublicArea=True&isModal=true&asPopupView=true'},901158482,Unidad de Busqueda de Personas Desaparecidas,Nacional,Ley de Justicia,Distrito Capital de Bogotá,Prestación de servicios,Contratación directa,False,2025-07-11,2025-07-14,2025-12-19,21126967.0,Cerrado,2025,individual_professional_ai,0.98,False,True,False,False,False,False,False,
CO1.PCCNTR.7545378,CO1.BDOS.7681634,{'url': 'https://community.secop.gov.co/Public/Tendering/OpportunityDetail/Index?noticeUID=CO1.NTC.7696829&isFromPublicArea=True&isModal=true&asPopupView=true'},800152783,FISCALÍA GENERAL DE LA NACIÓN NIVEL CENTRAL.,Nacional,Ley de Justicia,Distrito Capital de Bogotá,Prestación de servicios,Contratación directa,False,2025-02-24,2025-02-24,2025-12-31,187200000.0,En ejecución,2025,individual_professional_ai,0.98,False,True,False,False,False,False,False,
CO1.PCCNTR.8173401,CO1.BDOS.8544510,{'url': 'https://community.secop.gov.co/Public/Tendering/OpportunityDetail/Index?noticeUID=CO1.NTC.8566299&isFromPublicArea=True&isModal=true&asPopupView=true'},899999296,MINCIENCIAS,Nacional,Ciencia Tecnología,Distrito Capital de Bogotá,Prestación de servicios,Contratación directa,False,2025-08-06,2025-08-08,2025-12-31,27000000.0,En ejecución,2025,incidental,0.92,False,True,False,False,False,False,False,
CO1.PCCNTR.7651207,CO1.BDOS.7693169,{'url': 'https://community.secop.gov.co/Public/Tendering/OpportunityDetail/Index?noticeUID=CO1.NTC.7719480&isFromPublicArea=True&isModal=true&asPopupView=true'},899999034,SENA REGIONAL ATLANTICO Intercentros,Nacional,Transporte,Atlántico,Compraventa,Mínima cuantía,True,2025-03-14,2025-03-19,2025-05-19,129907992.0,terminado,2025,incidental,0.91,False,True,False,False,False,False,False,
CO1.PCCNTR.6942068,CO1.BDOS.6927305,{'url': 'https://community.secop.gov.co/Public/Tendering/OpportunityDetail/Index?noticeUID=CO1.NTC.6939354&isFromPublicArea=True&isModal=true&asPopupView=true'},8001316486,FONDO UNICO DE TECNOLOGÍAS DE LA INFORMACIÓN Y LAS COMUNICACIONES,Nacional,Tecnologías de la Información y las Comunicaciones,Distrito Capital de Bogotá,Otro,Contratación directa,True,2024-10-24,2024-11-01,2024-12-16,3540000000.0,En ejecución,2024,incidental,0.91,False,True,False,False,False,False,False,
CO1.PCCNTR.6667312,CO1.BDOS.6571167,{'url': 'https://community.secop.gov.co/Public/Tendering/OpportunityDetail/Index?noticeUID=CO1.NTC.6583847&isFromPublicArea=True&isModal=true&asPopupView=true'},900678508,UNIDAD AESPE,Nacional,Trabajo,Distrito Capital de Bogotá,Prestación de servicios,Contratación directa,False,2024-08-23,2024-08-26,2024-12-27,31500000.0,Cerrado,2024,individual_professional_ai,0.98,False,True,False,False,False,False,False,
CO1.PCCNTR.5806366,CO1.BDOS.5494217,{'url': 'https://community.secop.gov.co/Public/Tendering/OpportunityDetail/Index?noticeUID=CO1.NTC.5505300&isFromPublicArea=True&isModal=true&asPopupView=true'},899999296,MINCIENCIAS,Nacional,Ciencia Tecnología,Distrito Capital de Bogotá,Prestación de servicios,Contratación directa,False,2024-01-24,2024-01-26,2024-07-25,42000000.0,Cerrado,2024,individual_professional_ai,0.88,False,True,False,False,False,False,False,
CO1.PCCNTR.5939519,CO1.BDOS.5639905,{'url': 'https://community.secop.gov.co/Public/Tendering/OpportunityDetail/Index?noticeUID=CO1.NTC.5650030&isFromPublicArea=True&isModal=true&asPopupView=true'},899999007,SUPERINTENDENCIA DE NOTARIADO Y REGISTRO,Nacional,Ley de Justicia,Distrito Capital de Bogotá,Prestación de servicios,Contratación directa,True,2024-02-19,2024-02-19,2024-12-15,67313299.0,En ejecución,2024,ai_product_or_platform,0.86,False,True,True,True,True,True,True,
CO1.PCCNTR.8773112,CO1.BDOS.9288172,{'url': 'https://community.secop.gov.co/Public/Tendering/OpportunityDetail/Index?noticeUID=CO1.NTC.9391995&isFromPublicArea=True&isModal=true&asPopupView=true'},899999294,SERVICIO GEOLOGICO COLOMBIANO**,Nacional,Minas y Energía,Distrito Capital de Bogotá,Prestación de servicios,Contratación directa,False,2026-01-06,2026-01-07,2026-12-05,135300000.0,En ejecución,2026,individual_professional_ai,0.96,False,True,False,False,False,False,False,
CO1.PCCNTR.8822433,CO1.BDOS.9438871,{'url': 'https://community.secop.gov.co/Public/Tendering/OpportunityDetail/Index?noticeUID=CO1.NTC.9452650&isFromPublicArea=True&isModal=true&asPopupView=true'},900498879,UNIDAD ADMINISTRATIVA ESPECIAL DE GESTION DE RESTITUCION DE TIERRAS DESPOJADAS**,Nacional,Inclusión Social y Reconciliación,Distrito Capital de Bogotá,Prestación de servicios,Contratación directa,False,2026-01-13,2026-01-13,2026-12-31,30906000.0,Modificado,2026,individual_professional_ai,0.96,False,True,False,False,False,False,False,
CO1.PCCNTR.7895442,CO1.BDOS.8142503,{'url': 'https://community.secop.gov.co/Public/Tendering/OpportunityDetail/Index?noticeUID=CO1.NTC.8162658&isFromPublicArea=True&isModal=true&asPopupView=true'},899999034,SENA REGIONAL DISTRITO CAPITAL Grupo de Apoyo Administrativo Mixto CSF,Nacional,Trabajo,Distrito Capital de Bogotá,Prestación de servicios,Contratación directa,False,2025-05-20,2025-05-22,2025-12-30,20250000.0,Cerrado,2025,individual_professional_ai,0.98,False,True,False,False,False,False,False,
CO1.PCCNTR.8641233,CO1.BDOS.9098801,{'url': 'https://community.secop.gov.co/Public/Tendering/OpportunityDetail/Index?noticeUID=CO1.NTC.9132288&isFromPublicArea=True&isModal=true&asPopupView=true'},890399011,CONCEJO DISTRITAL DE SANTIAGO DE CALI,Territorial,No aplica/No pertenece,Valle del Cauca,Prestación de servicios,Mínima cuantía,True,2025-11-26,2025-11-27,2025-12-31,16541000.0,terminado,2025,incidental,0.92,False,True,False,False,False,False,False,
CO1.PCCNTR.9225537,CO1.BDOS.9812549,{'url': 'https://community.secop.gov.co/Public/Tendering/OpportunityDetail/Index?noticeUID=CO1.NTC.9858138&isFromPublicArea=True&isModal=true&asPopupView=true'},8001316486,FONDO UNICO DE TECNOLOGÍAS DE LA INFORMACIÓN Y LAS COMUNICACIONES,Nacional,Tecnologías de la Información y las Comunicaciones,Distrito Capital de Bogotá,Otro,Contratación directa,True,2026-01-29,2026-02-06,2026-12-31,9620000000.0,En ejecución,2026,unclear,0.84,False,True,False,False,True,True,False,unclear_label
CO1.PCCNTR.9102999,CO1.BDOS.9710085,{'url': 'https://community.secop.gov.co/Public/Tendering/OpportunityDetail/Index?noticeUID=CO1.NTC.9739352&isFromPublicArea=True&isModal=true&asPopupView=true'},899999119,PROCURADURIA GENERAL DE LA NACION,Nacional,No aplica/No pertenece,Distrito Capital de Bogotá,Prestación de servicios,Contratación directa,False,2026-01-23,2026-01-29,2026-06-30,76500000.0,terminado,2026,individual_professional_ai,0.98,False,True,False,False,False,False,False,
CO1.PCCNTR.6917443,CO1.BDOS.6755611,{'url': 'https://community.secop.gov.co/Public/Tendering/OpportunityDetail/Index?noticeUID=CO1.NTC.6782442&isFromPublicArea=True&isModal=true&asPopupView=true'},899999004,IGAC Sede Central *,Nacional,Información Estadística,Distrito Capital de Bogotá,Compraventa,Mínima cuantía,True,2024-10-21,2024-10-30,2024-11-30,4514100.0,Modificado,2024,ai_product_or_platform,0.99,True,True,True,True,True,True,True,
CO1.PCCNTR.5234575,CO1.BDOS.4743181,{'url': 'https://community.secop.gov.co/Public/Tendering/OpportunityDetail/Index?noticeUID=CO1.NTC.4755450&isFromPublicArea=True&isModal=true&asPopupView=true'},890311425,CENTRO DE DIAGNOSTICO AUTOMOTOR DEL VALLE LIMITADA,Territorial,Transporte,Valle del Cauca,Prestación de servicios,Contratación directa,True,2023-07-19,2023-07-24,2024-06-30,407804400.0,En ejecución,2023,ai_product_or_platform,0.91,False,True,True,True,True,True,True,
CO1.PCCNTR.8923546,CO1.BDOS.9543444,{'url': 'https://community.secop.gov.co/Public/Tendering/OpportunityDetail/Index?noticeUID=CO1.NTC.9556766&isFromPublicArea=True&isModal=true&asPopupView=true'},899999004,IGAC Sede Central *,Nacional,Información Estadística,Distrito Capital de Bogotá,Prestación de servicios,Contratación directa,False,2026-01-19,2026-01-22,2026-09-21,103200000.0,En ejecución,2026,individual_professional_ai,0.91,False,True,False,False,False,False,False,
CO1.PCCNTR.8536891,CO1.BDOS.8858950,{'url': 'https://community.secop.gov.co/Public/Tendering/OpportunityDetail/Index?noticeUID=CO1.NTC.8950621&isFromPublicArea=True&isModal=true&asPopupView=true'},891410902,AREA METROPOLITANA CENTRO OCCIDENTE,Territorial,Planeación,Risaralda,Compraventa,Selección Abreviada de Menor Cuantía,True,2025-11-04,2025-11-10,2026-11-09,370000000.0,En ejecución,2025,ai_product_or_platform,0.84,False,True,True,True,True,True,True,core_low_conf
CO1.PCCNTR.4451275,CO1.BDOS.3810233,{'url': 'https://community.secop.gov.co/Public/Tendering/OpportunityDetail/Index?noticeUID=CO1.NTC.3811541&isFromPublicArea=True&isModal=true&asPopupView=true'},860024301,INSTITUTO COLOMBIANO PARA LA EVALUACIÓN DE LA EDUCACIÓN - ICFES,Nacional,Educación Nacional,Distrito Capital de Bogotá,Prestación de servicios,Contratación régimen especial,False,2023-01-23,2023-01-25,2023-05-24,28000000.0,Cerrado,2023,individual_professional_ai,0.96,False,True,False,False,False,False,False,
CO1.PCCNTR.6069649,CO1.BDOS.5797793,{'url': 'https://community.secop.gov.co/Public/Tendering/OpportunityDetail/Index?noticeUID=CO1.NTC.5804979&isFromPublicArea=True&isModal=true&asPopupView=true'},800214750,INSTITUCIÓN UNIVERSITARIA ITM,Nacional,Educación Nacional,Antioquia,Prestación de servicios,Contratación directa,False,2024-03-08,2024-03-08,2024-06-30,28988353.0,En ejecución,2024,individual_professional_ai,0.94,False,True,False,False,False,False,False,
CO1.PCCNTR.4660339,CO1.BDOS.4022499,{'url': 'https://community.secop.gov.co/Public/Tendering/OpportunityDetail/Index?noticeUID=CO1.NTC.4038791&isFromPublicArea=True&isModal=true&asPopupView=true'},899999294,SERVICIO GEOLOGICO COLOMBIANO**,Nacional,Minas y Energía,Distrito Capital de Bogotá,Prestación de servicios,Contratación directa,False,2023-02-21,2023-03-03,2023-07-01,41608000.0,Modificado,2023,individual_professional_ai,0.97,False,True,False,False,False,False,False,
CO1.PCCNTR.9983183,CO1.BDOS.10906371,{'url': 'https://community.secop.gov.co/Public/Tendering/OpportunityDetail/Index?noticeUID=CO1.NTC.10947523&isFromPublicArea=True&isModal=true&asPopupView=true'},819003219,MUNICIPIO DE ALGARROBO,Territorial,Servicio Público,Magdalena,Prestación de servicios,Contratación directa,False,2026-09-23,2026-09-23,2026-12-31,12667000.0,En ejecución,2026,individual_professional_ai,0.96,False,True,False,False,False,False,False,
CO1.PCCNTR.9744588,CO1.BDOS.10583031,{'url': 'https://community.secop.gov.co/Public/Tendering/OpportunityDetail/Index?noticeUID=CO1.NTC.10621469&isFromPublicArea=True&isModal=true&asPopupView=true'},901140004,JEP,Nacional,No aplica/No pertenece,Distrito Capital de Bogotá,Prestación de servicios,Contratación régimen especial,False,2026-08-04,2026-08-05,2026-12-31,95368924.0,En ejecución,2026,individual_professional_ai,0.92,False,True,False,False,False,False,False,
CO1.PCCNTR.9100900,CO1.BDOS.9717296,{'url': 'https://community.secop.gov.co/Public/Tendering/OpportunityDetail/Index?noticeUID=CO1.NTC.9737501&isFromPublicArea=True&isModal=true&asPopupView=true'},800141208,ESCUELA NACIONAL DE CARABINEROS POLICIA NACIONAL,Nacional,defensa,Cundinamarca,Prestación de servicios,Contratación directa,False,2026-01-26,2026-02-01,2026-11-30,63000000.0,Modificado,2026,individual_professional_ai,0.88,False,True,False,False,False,False,False,
CO1.PCCNTR.8622937,CO1.BDOS.9147871,{'url': 'https://community.secop.gov.co/Public/Tendering/OpportunityDetail/Index?noticeUID=CO1.NTC.9173251&isFromPublicArea=True&isModal=true&asPopupView=true'},8903990295,GOBVALLE - HACIENDA,Territorial,Hacienda y Crédito Público,Valle del Cauca,Prestación de servicios,Contratación directa,True,2025-11-21,2025-11-25,2027-12-31,8000000000.0,Modificado,2025,ai_product_or_platform,0.94,False,True,True,True,True,True,True,
CO1.PCCNTR.8137168,CO1.BDOS.8492146,{'url': 'https://community.secop.gov.co/Public/Tendering/OpportunityDetail/Index?noticeUID=CO1.NTC.8515794&isFromPublicArea=True&isModal=true&asPopupView=true'},899999004,IGAC Sede Central *,Nacional,Información Estadística,Distrito Capital de Bogotá,Prestación de servicios,Contratación directa,False,2025-08-04,2025-08-04,2025-12-28,62156667.0,Cerrado,2025,individual_professional_ai,0.86,True,True,False,False,False,False,False,
CO1.PCCNTR.8832426,CO1.BDOS.9254947,{'url': 'https://community.secop.gov.co/Public/Tendering/OpportunityDetail/Index?noticeUID=CO1.NTC.9462729&isFromPublicArea=True&isModal=true&asPopupView=true'},899999027,DEPARTAMENTO ADMINISTRATIVO NACIONAL DE ESTADISTICA (DANE),Nacional,Información Estadística,Distrito Capital de Bogotá,Prestación de servicios,Contratación directa,False,2026-01-11,2026-01-16,2026-10-30,87400000.0,En ejecución,2026,individual_professional_ai,0.85,False,True,False,False,False,False,False,
CO1.PCCNTR.9080403,CO1.BDOS.9631566,{'url': 'https://community.secop.gov.co/Public/Tendering/OpportunityDetail/Index?noticeUID=CO1.NTC.9712148&isFromPublicArea=True&isModal=true&asPopupView=true'},899999022,MINISTERIO DE MINAS Y ENERGIA,Nacional,Minas y Energía,Distrito Capital de Bogotá,Prestación de servicios,Contratación directa,False,2026-01-23,2026-01-26,2026-12-25,99000000.0,En ejecución,2026,individual_professional_ai,0.94,False,True,False,False,False,False,False,
CO1.PCCNTR.6516909,CO1.BDOS.6371802,{'url': 'https://community.secop.gov.co/Public/Tendering/OpportunityDetail/Index?noticeUID=CO1.NTC.6381647&isFromPublicArea=True&isModal=true&asPopupView=true'},899999011,DEPARTAMENTO NACIONAL DE PLANEACIÓN,Nacional,Planeación,Distrito Capital de Bogotá,Prestación de servicios,Contratación directa,False,2024-07-10,2024-07-12,2024-12-31,74966659.0,En ejecución,2024,individual_professional_ai,0.98,False,True,False,False,False,False,False,
CO1.PCCNTR.8845028,CO1.BDOS.9461563,{'url': 'https://community.secop.gov.co/Public/Tendering/OpportunityDetail/Index?noticeUID=CO1.NTC.9474434&isFromPublicArea=True&isModal=true&asPopupView=true'},8001316486,FONDO UNICO DE TECNOLOGÍAS DE LA INFORMACIÓN Y LAS COMUNICACIONES,Nacional,Tecnologías de la Información y las Comunicaciones,Distrito Capital de Bogotá,Prestación de servicios,Contratación directa,False,2026-01-12,2026-01-14,2026-10-13,109251450.0,Modificado,2026,individual_professional_ai,0.78,False,True,False,False,False,False,False,
CO1.PCCNTR.9220206,CO1.BDOS.9833756,{'url': 'https://community.secop.gov.co/Public/Tendering/OpportunityDetail/Index?noticeUID=CO1.NTC.9852398&isFromPublicArea=True&isModal=true&asPopupView=true'},899999054,ESAP SEDE CENTRAL (Cuenta Oficial),Nacional,Servicio Público,Distrito Capital de Bogotá,Prestación de servicios,Contratación directa,False,2026-01-30,2026-02-03,2026-10-02,98576000.0,Modificado,2026,individual_professional_ai,0.98,False,True,False,False,False,False,False,
CO1.PCCNTR.7280115,CO1.BDOS.7372852,{'url': 'https://community.secop.gov.co/Public/Tendering/OpportunityDetail/Index?noticeUID=CO1.NTC.7388433&isFromPublicArea=True&isModal=true&asPopupView=true'},901140004,JEP,Nacional,No aplica/No pertenece,Distrito Capital de Bogotá,Prestación de servicios,Contratación régimen especial,False,2025-01-21,2025-01-22,2025-12-31,121900113.0,Modificado,2025,individual_professional_ai,0.74,False,True,False,False,False,False,False,
CO1.PCCNTR.9196822,CO1.BDOS.9267034,{'url': 'https://community.secop.gov.co/Public/Tendering/OpportunityDetail/Index?noticeUID=CO1.NTC.9829144&isFromPublicArea=True&isModal=true&asPopupView=true'},830063506,TRANSMILENIO S.A.,Territorial,Transporte,Distrito Capital de Bogotá,Prestación de servicios,Contratación directa,False,2026-01-28,2026-02-02,2027-01-16,77326000.0,Modificado,2026,individual_professional_ai,0.98,False,True,False,False,False,False,False,
CO1.PCCNTR.7947861,CO1.BDOS.8175796,{'url': 'https://community.secop.gov.co/Public/Tendering/OpportunityDetail/Index?noticeUID=CO1.NTC.8197062&isFromPublicArea=True&isModal=true&asPopupView=true'},891118119,ALCALDIA MUNICIPIO DE CAMPOALEGRE,Territorial,Servicio Público,Huila,Consultoría,Mínima cuantía,True,2025-06-05,2025-06-05,2025-08-04,37500000.0,En ejecución,2025,ai_product_or_platform,0.88,False,True,True,True,True,True,True,
CO1.PCCNTR.7506785,CO1.BDOS.7632148,{'url': 'https://community.secop.gov.co/Public/Tendering/OpportunityDetail/Index?noticeUID=CO1.NTC.7650092&isFromPublicArea=True&isModal=true&asPopupView=true'},900457461,MINISTERIO DE JUSTICIA Y DEL DERECHO.,Nacional,Ley de Justicia,Distrito Capital de Bogotá,Prestación de servicios,Contratación directa,False,2025-02-17,2025-02-17,2025-12-31,64168000.0,Cerrado,2025,individual_professional_ai,0.99,False,True,False,False,False,False,False,
CO1.PCCNTR.7003484,CO1.BDOS.7006697,{'url': 'https://community.secop.gov.co/Public/Tendering/OpportunityDetail/Index?noticeUID=CO1.NTC.7019657&isFromPublicArea=True&isModal=true&asPopupView=true'},899999004,IGAC Sede Central *,Nacional,Información Estadística,Distrito Capital de Bogotá,Prestación de servicios,Contratación directa,False,2024-11-12,2024-11-15,2024-12-30,15350000.0,Cerrado,2024,individual_professional_ai,0.98,False,True,False,False,False,False,False,
CO1.PCCNTR.9836137,CO1.BDOS.10705038,{'url': 'https://community.secop.gov.co/Public/Tendering/OpportunityDetail/Index?noticeUID=CO1.NTC.10743186&isFromPublicArea=True&isModal=true&asPopupView=true'},830000212,COMISIÓN DE REGULACIÓN DE AGUA POTABLE Y SANEAMIENTO BÁSICO.,Nacional,"Vivienda, Ciudad y Territorio",Distrito Capital de Bogotá,Prestación de servicios,Contratación directa,False,2026-08-20,2026-08-21,2026-12-21,48000000.0,En ejecución,2026,individual_professional_ai,0.95,False,True,False,False,False,False,False,
CO1.PCCNTR.7767291,CO1.BDOS.7964545,{'url': 'https://community.secop.gov.co/Public/Tendering/OpportunityDetail/Index?noticeUID=CO1.NTC.7981290&isFromPublicArea=True&isModal=true&asPopupView=true'},901140004,JEP,Nacional,No aplica/No pertenece,Distrito Capital de Bogotá,Prestación de servicios,Contratación régimen especial,False,2025-04-25,2025-04-29,2025-12-31,108845090.0,En ejecución,2025,individual_professional_ai,0.97,False,True,False,False,False,False,False,
CO1.PCCNTR.6033347,CO1.BDOS.5747738,{'url': 'https://community.secop.gov.co/Public/Tendering/OpportunityDetail/Index?noticeUID=CO1.NTC.5763024&isFromPublicArea=True&isModal=true&asPopupView=true'},891580016,GOBERNACIÓN DEL CAUCA,Territorial,Servicio Público,Cauca,Prestación de servicios,Contratación directa,False,2024-03-05,2024-03-07,2024-07-07,16800000.0,Cerrado,2024,individual_professional_ai,0.78,False,True,False,False,False,False,False,
CO1.PCCNTR.7949209,CO1.BDOS.8217018,{'url': 'https://community.secop.gov.co/Public/Tendering/OpportunityDetail/Index?noticeUID=CO1.NTC.8239196&isFromPublicArea=True&isModal=true&asPopupView=true'},800214750,INSTITUCIÓN UNIVERSITARIA ITM,Nacional,Educación Nacional,Antioquia,Prestación de servicios,Contratación directa,False,2025-06-04,2025-06-04,2025-06-30,1846764.0,terminado,2025,individual_professional_ai,0.86,False,True,False,False,False,False,False,
CO1.PCCNTR.9071596,CO1.BDOS.9663328,{'url': 'https://community.secop.gov.co/Public/Tendering/OpportunityDetail/Index?noticeUID=CO1.NTC.9682914&isFromPublicArea=True&isModal=true&asPopupView=true'},901037916,ADRES,Nacional,Salud y Protección Social,Distrito Capital de Bogotá,Prestación de servicios,Contratación directa,False,2026-01-27,2026-01-28,2026-11-27,126000000.0,Modificado,2026,individual_professional_ai,0.97,False,True,False,False,False,False,False,
CO1.PCCNTR.5421583,CO1.BDOS.4999642,{'url': 'https://community.secop.gov.co/Public/Tendering/OpportunityDetail/Index?noticeUID=CO1.NTC.5010124&isFromPublicArea=True&isModal=true&asPopupView=true'},899999318,ALCALDIA MUNICIPIO DE ZIPAQUIRA,Territorial,Servicio Público,Cundinamarca,Prestación de servicios,Contratación directa,True,2023-09-29,2023-09-29,2023-10-13,8330000.0,terminado,2023,incidental,0.99,False,True,False,False,False,False,False,
CO1.PCCNTR.8689792,CO1.BDOS.9050168,{'url': 'https://community.secop.gov.co/Public/Tendering/OpportunityDetail/Index?noticeUID=CO1.NTC.9172950&isFromPublicArea=True&isModal=true&asPopupView=true'},899999737,FONDO ROTATORIO DE LA REGISTRADURIA,Nacional,No aplica/No pertenece,Distrito Capital de Bogotá,Suministros,Selección abreviada subasta inversa,True,2025-12-17,2025-12-18,2026-02-27,1180480900.0,terminado,2025,incidental,0.97,False,True,False,False,False,False,False,
CO1.PCCNTR.9896474,CO1.BDOS.10748759,{'url': 'https://community.secop.gov.co/Public/Tendering/OpportunityDetail/Index?noticeUID=CO1.NTC.10827285&isFromPublicArea=True&isModal=true&asPopupView=true'},890001339,ALCALDIA DE FILANDIA,Territorial,Servicio Público,Quindío,Prestación de servicios,Contratación directa,False,2026-09-03,2026-09-04,2026-12-31,84000000.0,En ejecución,2026,ai_product_or_platform,0.91,False,True,False,False,False,False,True,core_natural_person_supplier
CO1.PCCNTR.9130981,CO1.BDOS.9653356,{'url': 'https://community.secop.gov.co/Public/Tendering/OpportunityDetail/Index?noticeUID=CO1.NTC.9668733&isFromPublicArea=True&isModal=true&asPopupView=true'},901037916,ADRES,Nacional,Salud y Protección Social,Distrito Capital de Bogotá,Prestación de servicios,Contratación directa,False,2026-01-25,2026-01-27,2026-11-26,110000000.0,Modificado,2026,individual_professional_ai,0.98,False,True,False,False,False,False,False,
CO1.PCCNTR.8273228,CO1.BDOS.8682562,{'url': 'https://community.secop.gov.co/Public/Tendering/OpportunityDetail/Index?noticeUID=CO1.NTC.8707410&isFromPublicArea=True&isModal=true&asPopupView=true'},900475780,UNP,Nacional,defensa,Distrito Capital de Bogotá,Prestación de servicios,Contratación directa,False,2025-09-02,2025-09-03,2025-12-31,24800000.0,En ejecución,2025,individual_professional_ai,0.98,False,True,False,False,False,False,False,
CO1.PCCNTR.7529705,CO1.BDOS.7662958,{'url': 'https://community.secop.gov.co/Public/Tendering/OpportunityDetail/Index?noticeUID=CO1.NTC.7678271&isFromPublicArea=True&isModal=true&asPopupView=true'},899999004,IGAC Sede Central *,Nacional,Información Estadística,Distrito Capital de Bogotá,Prestación de servicios,Contratación directa,False,2025-02-21,2025-02-24,2025-12-23,64286900.0,Cerrado,2025,individual_professional_ai,0.96,False,True,False,False,False,False,False,
CO1.PCCNTR.6311647,CO1.BDOS.6080814,{'url': 'https://community.secop.gov.co/Public/Tendering/OpportunityDetail/Index?noticeUID=CO1.NTC.6104780&isFromPublicArea=True&isModal=true&asPopupView=true'},891855130,MUNICIPIO DE SOGAMOSO,Territorial,Servicio Público,Boyacá,Prestación de servicios,Contratación directa,False,2024-05-09,2024-05-14,2024-11-13,21622998.0,En ejecución,2024,individual_professional_ai,0.91,False,True,False,False,False,False,False,
CO1.PCCNTR.8576840,CO1.BDOS.9082528,{'url': 'https://community.secop.gov.co/Public/Tendering/OpportunityDetail/Index?noticeUID=CO1.NTC.9107423&isFromPublicArea=True&isModal=true&asPopupView=true'},800214750,INSTITUCIÓN UNIVERSITARIA ITM,Nacional,Educación Nacional,Antioquia,Prestación de servicios,Contratación directa,False,2025-11-11,2025-11-11,2025-12-12,9752400.0,En ejecución,2025,individual_professional_ai,0.87,False,True,False,False,False,False,False,
CO1.PCCNTR.9085807,CO1.BDOS.9705323,{'url': 'https://community.secop.gov.co/Public/Tendering/OpportunityDetail/Index?noticeUID=CO1.NTC.9720302&isFromPublicArea=True&isModal=true&asPopupView=true'},8920001488,DEPARTAMENTO DEL META,Territorial,Servicio Público,Meta,Prestación de servicios,Contratación directa,False,2026-01-23,2026-01-26,2026-07-25,34515000.0,En ejecución,2026,individual_professional_ai,0.94,False,True,False,False,False,False,False,
CO1.PCCNTR.9917759,CO1.BDOS.10808943,{'url': 'https://community.secop.gov.co/Public/Tendering/OpportunityDetail/Index?noticeUID=CO1.NTC.10857157&isFromPublicArea=True&isModal=true&asPopupView=true'},8999990619,SECRETARIA DE EDUCACION DEL DISTRITO,Territorial,Educación Nacional,Distrito Capital de Bogotá,Prestación de servicios,Contratación directa,False,2026-09-15,2026-09-21,2026-12-31,30000000.0,En ejecución,2026,individual_professional_ai,0.98,False,True,False,False,False,False,False,
CO1.PCCNTR.6191565,CO1.BDOS.5947227,{'url': 'https://community.secop.gov.co/Public/Tendering/OpportunityDetail/Index?noticeUID=CO1.NTC.5954596&isFromPublicArea=True&isModal=true&asPopupView=true'},8001316486,FONDO UNICO DE TECNOLOGÍAS DE LA INFORMACIÓN Y LAS COMUNICACIONES,Nacional,Tecnologías de la Información y las Comunicaciones,Distrito Capital de Bogotá,Prestación de servicios,Contratación directa,False,2024-04-11,2024-04-15,2024-12-31,104049000.0,En ejecución,2024,individual_professional_ai,0.85,False,True,False,False,False,False,False,
CO1.PCCNTR.6735989,CO1.BDOS.6665287,{'url': 'https://community.secop.gov.co/Public/Tendering/OpportunityDetail/Index?noticeUID=CO1.NTC.6674399&isFromPublicArea=True&isModal=true&asPopupView=true'},8001316486,FONDO UNICO DE TECNOLOGÍAS DE LA INFORMACIÓN Y LAS COMUNICACIONES,Nacional,Tecnologías de la Información y las Comunicaciones,Distrito Capital de Bogotá,Prestación de servicios,Contratación directa,False,2024-09-10,2024-09-11,2024-12-31,17656800.0,Cerrado,2024,individual_professional_ai,0.98,False,True,False,False,False,False,False,
CO1.PCCNTR.5636263,CO1.BDOS.5227087,{'url': 'https://community.secop.gov.co/Public/Tendering/OpportunityDetail/Index?noticeUID=CO1.NTC.5240593&isFromPublicArea=True&isModal=true&asPopupView=true'},899999034,Sena Regional Boyaca Grupo de Apoyo Administrativo Mixto,Nacional,Trabajo,Boyacá,Compraventa,Mínima cuantía,False,2023-12-07,2023-12-11,2023-12-30,12025000.0,En ejecución,2023,incidental,0.97,False,True,False,False,False,False,False,
CO1.PCCNTR.6695054,CO1.BDOS.6608832,{'url': 'https://community.secop.gov.co/Public/Tendering/OpportunityDetail/Index?noticeUID=CO1.NTC.6620020&isFromPublicArea=True&isModal=true&asPopupView=true'},899999061,VEEDURIA DISTRITAL,Territorial,Servicio Público,Distrito Capital de Bogotá,Prestación de servicios,Contratación directa,False,2024-08-29,2024-09-06,2024-12-31,32500000.0,En ejecución,2024,individual_professional_ai,0.95,False,True,False,False,False,False,False,
CO1.PCCNTR.7903389,CO1.BDOS.8153617,{'url': 'https://community.secop.gov.co/Public/Tendering/OpportunityDetail/Index?noticeUID=CO1.NTC.8175474&isFromPublicArea=True&isModal=true&asPopupView=true'},899999034,SENA REGIONAL ATLANTICO Intercentros,Nacional,Transporte,Atlántico,Prestación de servicios,Contratación directa,False,2025-05-22,2025-05-23,2025-12-22,19268683.0,En ejecución,2025,individual_professional_ai,0.95,False,True,False,False,False,False,False,
CO1.PCCNTR.8151536,CO1.BDOS.7788047,{'url': 'https://community.secop.gov.co/Public/Tendering/OpportunityDetail/Index?noticeUID=CO1.NTC.7802694&isFromPublicArea=True&isModal=true&asPopupView=true'},899999034,SENA REGIONAL BOLIVAR Centro para la Industria Petroquímica,Nacional,Trabajo,Bolívar,Prestación de servicios,Contratación directa,False,2025-08-01,2025-08-02,2025-12-30,27626667.0,terminado,2025,individual_professional_ai,0.98,False,True,False,False,False,False,False,
CO1.PCCNTR.9151884,CO1.BDOS.9746455,{'url': 'https://community.secop.gov.co/Public/Tendering/OpportunityDetail/Index?noticeUID=CO1.NTC.9765010&isFromPublicArea=True&isModal=true&asPopupView=true'},899999059,AEROCIVIL,Nacional,Transporte,Distrito Capital de Bogotá,Prestación de servicios,Contratación directa,False,2026-01-27,2026-01-28,2026-12-31,188493333.0,En ejecución,2026,individual_professional_ai,0.91,False,True,False,False,False,False,False,
CO1.PCCNTR.8897515,CO1.BDOS.9357600,{'url': 'https://community.secop.gov.co/Public/Tendering/OpportunityDetail/Index?noticeUID=CO1.NTC.9530156&isFromPublicArea=True&isModal=true&asPopupView=true'},899999294,SERVICIO GEOLOGICO COLOMBIANO**,Nacional,Minas y Energía,Distrito Capital de Bogotá,Prestación de servicios,Contratación directa,False,2026-01-15,2026-01-22,2026-12-20,111337600.0,En ejecución,2026,individual_professional_ai,0.95,False,True,False,False,False,False,False,
CO1.PCCNTR.7138577,CO1.BDOS.6926506,{'url': 'https://community.secop.gov.co/Public/Tendering/OpportunityDetail/Index?noticeUID=CO1.NTC.7103856&isFromPublicArea=True&isModal=true&asPopupView=true'},830063506,TRANSMILENIO S.A.,Territorial,Transporte,Distrito Capital de Bogotá,Prestación de servicios,Selección Abreviada de Menor Cuantía,True,2024-12-18,2024-12-27,2025-02-26,429000950.0,En ejecución,2024,ai_product_or_platform,0.96,False,True,True,True,True,True,True,
CO1.PCCNTR.6006808,CO1.BDOS.5723011,{'url': 'https://community.secop.gov.co/Public/Tendering/OpportunityDetail/Index?noticeUID=CO1.NTC.5731620&isFromPublicArea=True&isModal=true&asPopupView=true'},899999294,SERVICIO GEOLOGICO COLOMBIANO**,Nacional,Minas y Energía,Distrito Capital de Bogotá,Prestación de servicios,Contratación directa,False,2024-02-26,2024-02-27,2024-08-26,48975255.0,terminado,2024,individual_professional_ai,0.98,False,True,False,False,False,False,False,
CO1.PCCNTR.8871316,CO1.BDOS.9457578,{'url': 'https://community.secop.gov.co/Public/Tendering/OpportunityDetail/Index?noticeUID=CO1.NTC.9501276&isFromPublicArea=True&isModal=true&asPopupView=true'},901508361,"AGENCIA DISTRITAL PARA LA EDUCACIÓN SUPERIOR, LA CIENCIA Y LA TECNOLOGÍA, ATENEA",Territorial,Educación Nacional,Distrito Capital de Bogotá,Prestación de servicios,Contratación directa,False,2026-01-14,2026-01-16,2026-12-15,165000000.0,terminado,2026,individual_professional_ai,0.97,False,True,False,False,False,False,False,
CO1.PCCNTR.6461166,CO1.BDOS.6291104,{'url': 'https://community.secop.gov.co/Public/Tendering/OpportunityDetail/Index?noticeUID=CO1.NTC.6305853&isFromPublicArea=True&isModal=true&asPopupView=true'},891580016,GOBERNACIÓN DEL CAUCA,Territorial,Servicio Público,Cauca,Prestación de servicios,Contratación directa,False,2024-07-04,2024-07-05,2024-12-25,22800000.0,Cerrado,2024,incidental,0.87,False,True,False,False,False,False,False,
CO1.PCCNTR.5467992,CO1.BDOS.5063325,{'url': 'https://community.secop.gov.co/Public/Tendering/OpportunityDetail/Index?noticeUID=CO1.NTC.5075660&isFromPublicArea=True&isModal=true&asPopupView=true'},8001316486,FONDO UNICO DE TECNOLOGÍAS DE LA INFORMACIÓN Y LAS COMUNICACIONES,Nacional,Tecnologías de la Información y las Comunicaciones,Distrito Capital de Bogotá,Prestación de servicios,Contratación directa,False,2023-10-20,2023-10-23,2023-12-31,31250000.0,En ejecución,2023,individual_professional_ai,0.98,False,True,False,False,False,False,False,
CO1.PCCNTR.8091986,CO1.BDOS.8419357,{'url': 'https://community.secop.gov.co/Public/Tendering/OpportunityDetail/Index?noticeUID=CO1.NTC.8446981&isFromPublicArea=True&isModal=true&asPopupView=true'},890905211,CONCEJO MUNICIPAL DE MEDELLIN,Territorial,No aplica/No pertenece,Antioquia,Prestación de servicios,Contratación directa,True,2025-07-16,2025-07-24,2025-12-31,124950000.0,En ejecución,2025,ai_development_service,0.84,False,True,True,True,True,True,True,core_low_conf
CO1.PCCNTR.7032699,CO1.BDOS.6974097,{'url': 'https://community.secop.gov.co/Public/Tendering/OpportunityDetail/Index?noticeUID=CO1.NTC.7032556&isFromPublicArea=True&isModal=true&asPopupView=true'},890399011,SANTIAGO DE CALI DISTRITO ESPECIAL - DEPARTAMENTO ADMINISTRATIVO DE TECNOLOGIAS DE LA INFORMACION Y LAS COMUNICACIONES,Territorial,Tecnologías de la Información y las Comunicaciones,Valle del Cauca,Otro,Contratación Directa (con ofertas),True,2024-11-20,2024-11-28,2024-12-31,469693000.0,En ejecución,2024,ai_product_or_platform,0.72,False,True,True,True,True,True,True,core_low_conf
CO1.PCCNTR.4547541,CO1.BDOS.3912580,{'url': 'https://community.secop.gov.co/Public/Tendering/OpportunityDetail/Index?noticeUID=CO1.NTC.3913964&isFromPublicArea=True&isModal=true&asPopupView=true'},8999990619,SECRETARIA DISTRITAL DE DESARROLLO ECONOMICO - ALCALDIA BOGOTÁ,Territorial,Industria,Distrito Capital de Bogotá,Prestación de servicios,Contratación directa,False,2023-02-02,2023-02-07,2024-02-28,96773333.0,Modificado,2023,individual_professional_ai,0.97,False,True,False,False,False,False,False,
CO1.PCCNTR.7643034,CO1.BDOS.7803863,{'url': 'https://community.secop.gov.co/Public/Tendering/OpportunityDetail/Index?noticeUID=CO1.NTC.7823040&isFromPublicArea=True&isModal=true&asPopupView=true'},901508361,"AGENCIA DISTRITAL PARA LA EDUCACIÓN SUPERIOR, LA CIENCIA Y LA TECNOLOGÍA, ATENEA",Territorial,Educación Nacional,Distrito Capital de Bogotá,Prestación de servicios,Contratación directa,False,2025-03-13,2025-03-17,2026-01-16,90000000.0,En ejecución,2025,individual_professional_ai,0.94,False,True,False,False,False,False,False,
CO1.PCCNTR.4582989,CO1.BDOS.3893600,{'url': 'https://community.secop.gov.co/Public/Tendering/OpportunityDetail/Index?noticeUID=CO1.NTC.3897702&isFromPublicArea=True&isModal=true&asPopupView=true'},899999034,SENA DISTRITO CAPITAL GRUPO DE APOYO ADMINISTRATIVO - CGI,Nacional,Trabajo,Distrito Capital de Bogotá,Prestación de servicios,Contratación directa,False,2023-02-08,2023-02-09,2023-12-15,42178500.0,Cerrado,2023,individual_professional_ai,0.95,False,True,False,False,False,False,False,
CO1.PCCNTR.8384683,CO1.BDOS.8775893,{'url': 'https://community.secop.gov.co/Public/Tendering/OpportunityDetail/Index?noticeUID=CO1.NTC.8856176&isFromPublicArea=True&isModal=true&asPopupView=true'},901140004,JEP,Nacional,No aplica/No pertenece,Distrito Capital de Bogotá,Prestación de servicios,Contratación régimen especial,False,2025-10-10,2025-10-16,2026-07-31,124631790.0,En ejecución,2025,individual_professional_ai,0.99,False,True,False,False,False,False,False,
CO1.PCCNTR.9124046,CO1.BDOS.9741100,{'url': 'https://community.secop.gov.co/Public/Tendering/OpportunityDetail/Index?noticeUID=CO1.NTC.9759653&isFromPublicArea=True&isModal=true&asPopupView=true'},800117519,ESAP TERRITORIAL ANTIOQUIA,Nacional,Educación Nacional,Antioquia,Prestación de servicios,Contratación directa,False,2026-01-24,2026-02-01,2026-10-31,10400000.0,Modificado,2026,individual_professional_ai,0.97,False,True,False,False,False,False,False,
CO1.PCCNTR.7735147,CO1.BDOS.7920138,{'url': 'https://community.secop.gov.co/Public/Tendering/OpportunityDetail/Index?noticeUID=CO1.NTC.7938628&isFromPublicArea=True&isModal=true&asPopupView=true'},899999296,MINCIENCIAS,Nacional,Ciencia Tecnología,Distrito Capital de Bogotá,Prestación de servicios,Contratación directa,False,2025-04-02,2025-04-04,2025-12-31,63252300.0,Modificado,2025,individual_professional_ai,0.92,False,True,False,False,False,False,False,
CO1.PCCNTR.8185804,CO1.BDOS.8537398,{'url': 'https://community.secop.gov.co/Public/Tendering/OpportunityDetail/Index?noticeUID=CO1.NTC.8560265&isFromPublicArea=True&isModal=true&asPopupView=true'},8920001488,DEPARTAMENTO DEL META,Territorial,Servicio Público,Meta,Prestación de servicios,Mínima cuantía,False,2025-08-12,2025-08-12,2025-08-18,20000000.0,En ejecución,2025,incidental,0.99,False,True,False,False,False,False,False,
CO1.PCCNTR.5894406,CO1.BDOS.5587314,{'url': 'https://community.secop.gov.co/Public/Tendering/OpportunityDetail/Index?noticeUID=CO1.NTC.5595058&isFromPublicArea=True&isModal=true&asPopupView=true'},8001316486,FONDO UNICO DE TECNOLOGÍAS DE LA INFORMACIÓN Y LAS COMUNICACIONES,Nacional,Tecnologías de la Información y las Comunicaciones,Distrito Capital de Bogotá,Prestación de servicios,Contratación directa,False,2024-02-06,2024-02-12,2024-08-11,78825000.0,Cerrado,2024,individual_professional_ai,0.97,False,True,False,False,False,False,False,
CO1.PCCNTR.8236637,CO1.BDOS.8632035,{'url': 'https://community.secop.gov.co/Public/Tendering/OpportunityDetail/Index?noticeUID=CO1.NTC.8657175&isFromPublicArea=True&isModal=true&asPopupView=true'},901806943,DIRECCIÓN DE INCORPORACIÓN-DINCO,Nacional,defensa,Distrito Capital de Bogotá,Prestación de servicios,Contratación directa,True,2025-08-27,2025-08-27,2025-12-31,48399800.0,terminado,2025,incidental,0.93,False,True,False,False,False,False,False,
CO1.PCCNTR.8359381,CO1.BDOS.8799068,{'url': 'https://community.secop.gov.co/Public/Tendering/OpportunityDetail/Index?noticeUID=CO1.NTC.8824715&isFromPublicArea=True&isModal=true&asPopupView=true'},899999034,SENA REGIONAL CALDAS CENTRO PARA LA FORMACION CAFETERA,Nacional,Trabajo,Caldas,Prestación de servicios,Contratación directa,False,2025-09-23,2025-09-25,2025-12-30,13318400.0,Cerrado,2025,individual_professional_ai,0.98,False,True,False,False,False,False,False,
CO1.PCCNTR.6086813,CO1.BDOS.5819374,{'url': 'https://community.secop.gov.co/Public/Tendering/OpportunityDetail/Index?noticeUID=CO1.NTC.5826720&isFromPublicArea=True&isModal=true&asPopupView=true'},900507741,AGENCIA NACIONAL DE DEFENSA JURÍDICA DEL ESTADO,Nacional,Ley de Justicia,Distrito Capital de Bogotá,Prestación de servicios,Contratación directa,False,2024-03-15,2024-03-18,2024-12-20,98432260.0,En ejecución,2024,individual_professional_ai,0.97,False,True,False,False,False,False,False,
CO1.PCCNTR.4545322,CO1.BDOS.3893729,{'url': 'https://community.secop.gov.co/Public/Tendering/OpportunityDetail/Index?noticeUID=CO1.NTC.3897523&isFromPublicArea=True&isModal=true&asPopupView=true'},899999034,SENA DISTRITO CAPITAL GRUPO DE APOYO ADMINISTRATIVO - CGI,Nacional,Trabajo,Distrito Capital de Bogotá,Prestación de servicios,Contratación directa,False,2023-02-02,2023-02-02,2023-12-15,42178500.0,Cerrado,2023,individual_professional_ai,0.94,False,True,False,False,False,False,False,
CO1.PCCNTR.9616808,CO1.BDOS.10317856,{'url': 'https://community.secop.gov.co/Public/Tendering/OpportunityDetail/Index?noticeUID=CO1.NTC.10354141&isFromPublicArea=True&isModal=true&asPopupView=true'},800141644,ARMADA NACIONAL BASE NAVAL No. 6 ARC BOGOTA,Nacional,defensa,Distrito Capital de Bogotá,Prestación de servicios,Mínima cuantía,True,2026-07-06,2026-07-06,2026-12-31,71190000.0,En ejecución,2026,ai_product_or_platform,0.72,False,True,True,True,True,True,True,core_low_conf
CO1.PCCNTR.8638978,CO1.BDOS.9171211,{'url': 'https://community.secop.gov.co/Public/Tendering/OpportunityDetail/Index?noticeUID=CO1.NTC.9195847&isFromPublicArea=True&isModal=true&asPopupView=true'},800214750,INSTITUCIÓN UNIVERSITARIA ITM,Nacional,Educación Nacional,Antioquia,Prestación de servicios,Contratación directa,False,2025-11-26,2025-11-26,2025-12-03,2476800.0,En ejecución,2025,individual_professional_ai,0.78,False,True,False,False,False,False,False,
CO1.PCCNTR.9109162,CO1.BDOS.9727625,{'url': 'https://community.secop.gov.co/Public/Tendering/OpportunityDetail/Index?noticeUID=CO1.NTC.9745154&isFromPublicArea=True&isModal=true&asPopupView=true'},901806943,DIRECCIÓN DE INCORPORACIÓN-DINCO,Nacional,defensa,Distrito Capital de Bogotá,Prestación de servicios,Contratación directa,False,2026-01-24,2026-01-24,2026-11-23,64800000.0,En ejecución,2026,individual_professional_ai,0.95,False,True,False,False,False,False,False,
CO1.PCCNTR.9608118,CO1.BDOS.10398934,{'url': 'https://community.secop.gov.co/Public/Tendering/OpportunityDetail/Index?noticeUID=CO1.NTC.10435355&isFromPublicArea=True&isModal=true&asPopupView=true'},899999035,INSTITUTO COLOMBIANO DE CREDITO EDUCATIVO Y ESTUDIO TÉCNICOS EN EL EXTERIOR MARIANO OSPINA PEREZ.,Nacional,Educación Nacional,Distrito Capital de Bogotá,Prestación de servicios,Contratación régimen especial,False,2026-07-02,2026-07-02,2026-12-31,55494000.0,En ejecución,2026,individual_professional_ai,0.97,False,True,False,False,False,False,False,
CO1.PCCNTR.7394541,CO1.BDOS.7499232,{'url': 'https://community.secop.gov.co/Public/Tendering/OpportunityDetail/Index?noticeUID=CO1.NTC.7516029&isFromPublicArea=True&isModal=true&asPopupView=true'},900463725,MINVIVIENDA,Nacional,"Vivienda, Ciudad y Territorio",No Definido,Prestación de servicios,Contratación directa,False,2025-02-04,2025-02-07,2025-12-21,178532876.0,Modificado,2025,individual_professional_ai,0.92,False,True,False,False,False,False,False,
CO1.PCCNTR.7130162,CO1.BDOS.7165498,{'url': 'https://community.secop.gov.co/Public/Tendering/OpportunityDetail/Index?noticeUID=CO1.NTC.7188287&isFromPublicArea=True&isModal=true&asPopupView=true'},805012896,"INSTITUTO DEL DEPORTE, LA EDUCACIÓN FÍSICA Y LA RECREACIÒN DEL VALLE DEL CAUCA (INDERVALLE)",Territorial,deportes,Valle del Cauca,Prestación de servicios,Contratación directa,True,2024-12-10,2024-12-11,2024-12-31,55000000.0,En ejecución,2024,ai_product_or_platform,0.7,False,True,True,True,True,True,True,core_low_conf
CO1.PCCNTR.9119481,CO1.BDOS.9732517,{'url': 'https://community.secop.gov.co/Public/Tendering/OpportunityDetail/Index?noticeUID=CO1.NTC.9752370&isFromPublicArea=True&isModal=true&asPopupView=true'},900475780,UNP,Nacional,defensa,Distrito Capital de Bogotá,Prestación de servicios,Contratación directa,False,2026-01-24,2026-01-26,2026-12-31,55854000.0,En ejecución,2026,individual_professional_ai,0.97,False,True,False,False,False,False,False,
CO1.PCCNTR.8193578,CO1.BDOS.8574463,{'url': 'https://community.secop.gov.co/Public/Tendering/OpportunityDetail/Index?noticeUID=CO1.NTC.8597477&isFromPublicArea=True&isModal=true&asPopupView=true'},899999034,SENA REGIONAL CALDAS CENTRO PARA LA FORMACION CAFETERA,Nacional,Trabajo,Caldas,Prestación de servicios,Contratación directa,False,2025-08-13,2025-08-15,2025-12-30,29466667.0,Cerrado,2025,individual_professional_ai,0.88,False,True,False,False,False,False,False,
CO1.PCCNTR.7695270,CO1.BDOS.7873809,{'url': 'https://community.secop.gov.co/Public/Tendering/OpportunityDetail/Index?noticeUID=CO1.NTC.7889862&isFromPublicArea=True&isModal=true&asPopupView=true'},899999034,SENA REGIONAL BOLIVAR Grupo de Apoyo Administrativo Mixto,Nacional,Trabajo,Bolívar,Prestación de servicios,Contratación directa,False,2025-03-25,2025-03-25,2025-12-31,51520000.0,En ejecución,2025,individual_professional_ai,0.94,False,True,False,False,False,False,False,
CO1.PCCNTR.8422441,CO1.BDOS.8875565,{'url': 'https://community.secop.gov.co/Public/Tendering/OpportunityDetail/Index?noticeUID=CO1.NTC.8904308&isFromPublicArea=True&isModal=true&asPopupView=true'},860037234,LOTERIA DE CUNDINAMARCA,Territorial,No aplica/No pertenece,Distrito Capital de Bogotá,Prestación de servicios,Contratación régimen especial,True,2025-10-16,2025-10-17,2025-12-16,4578698.0,Cerrado,2025,incidental,0.96,False,True,False,False,False,False,False,
CO1.PCCNTR.9665639,CO1.BDOS.10384769,{'url': 'https://community.secop.gov.co/Public/Tendering/OpportunityDetail/Index?noticeUID=CO1.NTC.10421719&isFromPublicArea=True&isModal=true&asPopupView=true'},800102896,ALCALDIA ORITO,Territorial,Servicio Público,Putumayo,Prestación de servicios,Mínima cuantía,True,2026-07-15,2026-07-17,2026-08-16,48770000.0,En ejecución,2026,incidental,0.97,False,True,False,False,False,False,False,
CO1.PCCNTR.9755620,CO1.BDOS.10596403,{'url': 'https://community.secop.gov.co/Public/Tendering/OpportunityDetail/Index?noticeUID=CO1.NTC.10633494&isFromPublicArea=True&isModal=true&asPopupView=true'},822002459,EMPRESA SOCIAL DEL ESTADO DEL MUNICIPIO DE VILLAVICENCIO,Territorial,Salud y Protección Social,Meta,Decreto 092 de 2017,Contratación régimen especial,True,2026-08-13,2026-08-13,2026-12-31,64094180.0,En ejecución,2026,ai_product_or_platform,0.74,False,True,True,True,True,True,True,core_low_conf
CO1.PCCNTR.7401156,CO1.BDOS.7512582,{'url': 'https://community.secop.gov.co/Public/Tendering/OpportunityDetail/Index?noticeUID=CO1.NTC.7526679&isFromPublicArea=True&isModal=true&asPopupView=true'},830000282,UPME,Nacional,Minas y Energía,Distrito Capital de Bogotá,Prestación de servicios,Contratación régimen especial,False,2025-02-06,2025-02-07,2025-12-28,64400000.0,Cerrado,2025,individual_professional_ai,0.98,False,True,False,False,False,False,False,
CO1.PCCNTR.4545405,CO1.BDOS.3894515,{'url': 'https://community.secop.gov.co/Public/Tendering/OpportunityDetail/Index?noticeUID=CO1.NTC.3897292&isFromPublicArea=True&isModal=true&asPopupView=true'},899999034,SENA DISTRITO CAPITAL GRUPO DE APOYO ADMINISTRATIVO - CGI,Nacional,Trabajo,Distrito Capital de Bogotá,Prestación de servicios,Contratación directa,False,2023-02-02,2023-02-02,2023-12-15,42178500.0,Cerrado,2023,individual_professional_ai,0.91,False,True,False,False,False,False,False,
CO1.PCCNTR.6273672,CO1.BDOS.6045179,{'url': 'https://community.secop.gov.co/Public/Tendering/OpportunityDetail/Index?noticeUID=CO1.NTC.6055087&isFromPublicArea=True&isModal=true&asPopupView=true'},899999034,SENA REGIONAL CASANARE Grupo Administrativo Mixto,Nacional,Trabajo,Casanare,Prestación de servicios,Contratación directa,False,2024-05-02,2024-05-03,2024-12-31,17976933.0,terminado,2024,incidental,0.82,False,True,False,False,False,False,False,
CO1.PCCNTR.8566210,CO1.BDOS.9068136,{'url': 'https://community.secop.gov.co/Public/Tendering/OpportunityDetail/Index?noticeUID=CO1.NTC.9093190&isFromPublicArea=True&isModal=true&asPopupView=true'},899999022,MINISTERIO DE MINAS Y ENERGIA,Nacional,Minas y Energía,Distrito Capital de Bogotá,Otro,Contratación Directa (con ofertas),True,2025-11-18,2025-11-24,2026-04-30,840000000.0,Modificado,2025,ai_development_service,0.92,False,True,True,True,True,True,True,
CO1.PCCNTR.8957145,CO1.BDOS.9570224,{'url': 'https://community.secop.gov.co/Public/Tendering/OpportunityDetail/Index?noticeUID=CO1.NTC.9583969&isFromPublicArea=True&isModal=true&asPopupView=true'},901037916,ADRES,Nacional,Salud y Protección Social,Distrito Capital de Bogotá,Prestación de servicios,Contratación directa,False,2026-01-17,2026-01-20,2026-09-19,48350400.0,En ejecución,2026,individual_professional_ai,0.92,False,True,False,False,False,False,False,
CO1.PCCNTR.7004996,CO1.BDOS.7010007,{'url': 'https://community.secop.gov.co/Public/Tendering/OpportunityDetail/Index?noticeUID=CO1.NTC.7021951&isFromPublicArea=True&isModal=true&asPopupView=true'},899999004,IGAC Sede Central *,Nacional,Información Estadística,Distrito Capital de Bogotá,Prestación de servicios,Contratación directa,False,2024-11-08,2024-11-22,2024-12-30,15352666.0,Cerrado,2024,individual_professional_ai,0.97,False,True,False,False,False,False,False,
CO1.PCCNTR.9187255,CO1.BDOS.9801034,{'url': 'https://community.secop.gov.co/Public/Tendering/OpportunityDetail/Index?noticeUID=CO1.NTC.9819696&isFromPublicArea=True&isModal=true&asPopupView=true'},830025267,FONDO NACIONAL AMBIENTAL - ANLA,Nacional,Ambiente y Desarrollo Sostenible,Distrito Capital de Bogotá,Prestación de servicios,Contratación directa,False,2026-01-27,2026-01-27,2026-12-31,68136000.0,En ejecución,2026,incidental,0.86,False,True,False,False,False,False,False,
CO1.PCCNTR.8406890,CO1.BDOS.8858189,{'url': 'https://community.secop.gov.co/Public/Tendering/OpportunityDetail/Index?noticeUID=CO1.NTC.8883381&isFromPublicArea=True&isModal=true&asPopupView=true'},899999004,IGAC Sede Central *,Nacional,Información Estadística,Distrito Capital de Bogotá,Prestación de servicios,Contratación directa,False,2025-10-07,2025-10-10,2025-12-31,12045726.0,En ejecución,2025,individual_professional_ai,0.94,False,True,False,False,False,False,False,
CO1.PCCNTR.9016491,CO1.BDOS.9635274,{'url': 'https://community.secop.gov.co/Public/Tendering/OpportunityDetail/Index?noticeUID=CO1.NTC.9650208&isFromPublicArea=True&isModal=true&asPopupView=true'},8001316486,FONDO UNICO DE TECNOLOGÍAS DE LA INFORMACIÓN Y LAS COMUNICACIONES,Nacional,Tecnologías de la Información y las Comunicaciones,Distrito Capital de Bogotá,Prestación de servicios,Contratación directa,False,2026-01-22,2026-01-26,2026-10-24,109251450.0,En ejecución,2026,individual_professional_ai,0.94,False,True,False,False,False,False,False,
CO1.PCCNTR.7494456,CO1.BDOS.7620629,{'url': 'https://community.secop.gov.co/Public/Tendering/OpportunityDetail/Index?noticeUID=CO1.NTC.7635216&isFromPublicArea=True&isModal=true&asPopupView=true'},899999034,SENA REGIONAL CESAR Grupo de Apoyo Administrativo Mixto,Nacional,Trabajo,Cesar,Prestación de servicios,Contratación directa,False,2025-02-15,2025-02-17,2025-12-31,58240000.0,terminado,2025,individual_professional_ai,0.97,False,True,False,False,False,False,False,
CO1.PCCNTR.5743200,CO1.BDOS.5425049,{'url': 'https://community.secop.gov.co/Public/Tendering/OpportunityDetail/Index?noticeUID=CO1.NTC.5436141&isFromPublicArea=True&isModal=true&asPopupView=true'},900948953,AGENCIA NACIONAL DE TIERRAS - ANT,Nacional,agricultura,Distrito Capital de Bogotá,Prestación de servicios,Contratación directa,False,2024-01-15,2024-01-23,2024-09-30,103140000.0,Modificado,2024,individual_professional_ai,0.93,False,True,False,False,False,False,False,
CO1.PCCNTR.9704525,CO1.BDOS.10528643,{'url': 'https://community.secop.gov.co/Public/Tendering/OpportunityDetail/Index?noticeUID=CO1.NTC.10565479&isFromPublicArea=True&isModal=true&asPopupView=true'},800214750,INSTITUCIÓN UNIVERSITARIA ITM,Nacional,Educación Nacional,Antioquia,Prestación de servicios,Contratación directa,False,2026-07-23,2026-07-23,2026-09-05,3750000.0,Modificado,2026,incidental,0.97,False,True,False,False,False,False,False,
CO1.PCCNTR.8913923,CO1.BDOS.9529222,{'url': 'https://community.secop.gov.co/Public/Tendering/OpportunityDetail/Index?noticeUID=CO1.NTC.9546960&isFromPublicArea=True&isModal=true&asPopupView=true'},899999034,SENA REGIONAL NARIÑO CENTRO SUR COLOMBIANO DE LOGISTICA INTERNACIONAL,Nacional,Trabajo,Nariño,Prestación de servicios,Contratación directa,False,2026-01-15,2026-01-16,2026-12-15,66699996.0,En ejecución,2026,individual_professional_ai,0.91,False,True,False,False,False,False,False,
CO1.PCCNTR.9216238,CO1.BDOS.9828883,{'url': 'https://community.secop.gov.co/Public/Tendering/OpportunityDetail/Index?noticeUID=CO1.NTC.9848811&isFromPublicArea=True&isModal=true&asPopupView=true'},890980342,MUNICIPIO DE ANDES,Territorial,Servicio Público,Antioquia,Prestación de servicios,Contratación directa,True,2026-01-28,2026-02-02,2026-12-30,20566930.01,En ejecución,2026,cloud_or_software_nonAI,0.91,True,True,False,True,False,True,False,cloud_label_but_AI_text
CO1.PCCNTR.9026039,CO1.BDOS.9644558,{'url': 'https://community.secop.gov.co/Public/Tendering/OpportunityDetail/Index?noticeUID=CO1.NTC.9659076&isFromPublicArea=True&isModal=true&asPopupView=true'},830115226,MINTRABAJO NIVEL CENTRAL*/,Nacional,Trabajo,Distrito Capital de Bogotá,Prestación de servicios,Contratación directa,False,2026-01-20,2026-01-22,2026-09-21,56000000.0,En ejecución,2026,individual_professional_ai,0.96,False,True,False,False,False,False,False,
CO1.PCCNTR.7872345,CO1.BDOS.8108387,{'url': 'https://community.secop.gov.co/Public/Tendering/OpportunityDetail/Index?noticeUID=CO1.NTC.8128234&isFromPublicArea=True&isModal=true&asPopupView=true'},830000212,COMISIÓN DE REGULACIÓN DE AGUA POTABLE Y SANEAMIENTO BÁSICO.,Nacional,"Vivienda, Ciudad y Territorio",Distrito Capital de Bogotá,Prestación de servicios,Contratación directa,False,2025-05-13,2025-05-14,2025-12-31,96000000.0,Cerrado,2025,individual_professional_ai,0.98,False,True,False,False,False,False,False,
CO1.PCCNTR.6070380,CO1.BDOS.5799333,{'url': 'https://community.secop.gov.co/Public/Tendering/OpportunityDetail/Index?noticeUID=CO1.NTC.5806149&isFromPublicArea=True&isModal=true&asPopupView=true'},800214750,INSTITUCIÓN UNIVERSITARIA ITM,Nacional,Educación Nacional,Antioquia,Prestación de servicios,Contratación directa,False,2024-03-08,2024-03-08,2024-06-30,22708585.0,En ejecución,2024,individual_professional_ai,0.93,False,True,False,False,False,False,False,
CO1.PCCNTR.8508574,CO1.BDOS.8957185,{'url': 'https://community.secop.gov.co/Public/Tendering/OpportunityDetail/Index?noticeUID=CO1.NTC.8986612&isFromPublicArea=True&isModal=true&asPopupView=true'},899999034,SENA REGIONAL CESAR Grupo de Apoyo Administrativo Mixto,Nacional,Trabajo,Cesar,Compraventa,Mínima cuantía,True,2025-10-28,2025-10-31,2025-12-19,75990924.0,terminado,2025,incidental,0.99,False,True,False,False,False,False,False,
CO1.PCCNTR.6286393,CO1.BDOS.6048220,{'url': 'https://community.secop.gov.co/Public/Tendering/OpportunityDetail/Index?noticeUID=CO1.NTC.6056456&isFromPublicArea=True&isModal=true&asPopupView=true'},899999073,CAJA DE SUELDOS DE RETIRO DE LA POLICIA NACIONAL,Nacional,defensa,Distrito Capital de Bogotá,Otro,Contratación Directa (con ofertas),True,2024-05-08,2024-05-08,2024-12-31,150000000.0,Modificado,2024,ai_product_or_platform,0.94,False,True,True,True,True,True,True,
CO1.PCCNTR.7808423,CO1.BDOS.8016887,{'url': 'https://community.secop.gov.co/Public/Tendering/OpportunityDetail/Index?noticeUID=CO1.NTC.8034185&isFromPublicArea=True&isModal=true&asPopupView=true'},8908060063,"INSTITUTO DE FINANCIAMIENTO, PROMOCION Y DESARROLLO DE CALDAS",Territorial,No aplica/No pertenece,Caldas,Prestación de servicios,Contratación directa,False,2025-04-25,2025-04-25,2025-10-31,34595681.0,Cerrado,2025,individual_professional_ai,0.98,False,True,False,False,False,False,False,
CO1.PCCNTR.7178246,CO1.BDOS.7215850,{'url': 'https://community.secop.gov.co/Public/Tendering/OpportunityDetail/Index?noticeUID=CO1.NTC.7245897&isFromPublicArea=True&isModal=true&asPopupView=true'},891480030,MUNICIPIO DE PEREIRA- OFICIAL,Territorial,Servicio Público,Risaralda,Otro,Contratación directa,True,2024-12-30,2024-12-30,2026-07-26,1.0,En ejecución,2024,incidental,0.88,False,True,False,False,False,False,False,
CO1.PCCNTR.8404245,CO1.BDOS.8813834,{'url': 'https://community.secop.gov.co/Public/Tendering/OpportunityDetail/Index?noticeUID=CO1.NTC.8842336&isFromPublicArea=True&isModal=true&asPopupView=true'},899999034,SENA REGIONAL NARIÑO CENTRO SUR COLOMBIANO DE LOGISTICA INTERNACIONAL,Nacional,Trabajo,Nariño,Compraventa,Mínima cuantía,False,2025-10-02,2025-10-07,2025-11-05,26141414.0,Modificado,2025,incidental,0.97,False,True,False,False,False,False,False,
CO1.PCCNTR.7971715,CO1.BDOS.8251415,{'url': 'https://community.secop.gov.co/Public/Tendering/OpportunityDetail/Index?noticeUID=CO1.NTC.8273146&isFromPublicArea=True&isModal=true&asPopupView=true'},800214750,INSTITUCIÓN UNIVERSITARIA ITM,Nacional,Educación Nacional,Antioquia,Prestación de servicios,Contratación directa,False,2025-06-12,2025-06-12,2025-07-26,3000000.0,En ejecución,2025,individual_professional_ai,0.95,False,True,False,False,False,False,False,
CO1.PCCNTR.7210897,CO1.BDOS.7284570,{'url': 'https://community.secop.gov.co/Public/Tendering/OpportunityDetail/Index?noticeUID=CO1.NTC.7301492&isFromPublicArea=True&isModal=true&asPopupView=true'},899999034,SENA SECRETARIA GENERAL,Nacional,Trabajo,Distrito Capital de Bogotá,Prestación de servicios,Contratación directa,False,2025-01-13,2025-01-13,2025-12-31,155770333.0,terminado,2025,individual_professional_ai,0.91,False,True,False,False,False,False,False,
CO1.PCCNTR.9152761,CO1.BDOS.9762471,{'url': 'https://community.secop.gov.co/Public/Tendering/OpportunityDetail/Index?noticeUID=CO1.NTC.9785052&isFromPublicArea=True&isModal=true&asPopupView=true'},830063506,TRANSMILENIO S.A.,Territorial,Transporte,Distrito Capital de Bogotá,Prestación de servicios,Contratación directa,False,2026-01-27,2026-02-02,2027-01-16,104556988.0,En ejecución,2026,individual_professional_ai,0.96,False,True,False,False,False,False,False,
CO1.PCCNTR.6480657,CO1.BDOS.6321410,{'url': 'https://community.secop.gov.co/Public/Tendering/OpportunityDetail/Index?noticeUID=CO1.NTC.6331137&isFromPublicArea=True&isModal=true&asPopupView=true'},899999296,MINCIENCIAS,Nacional,Ciencia Tecnología,Distrito Capital de Bogotá,Otro,Contratación Directa (con ofertas),True,2024-07-02,2024-07-03,2024-12-31,99487395.0,En ejecución,2024,unclear,0.91,False,True,False,False,True,True,False,unclear_label
CO1.PCCNTR.9757599,CO1.BDOS.10595989,{'url': 'https://community.secop.gov.co/Public/Tendering/OpportunityDetail/Index?noticeUID=CO1.NTC.10636409&isFromPublicArea=True&isModal=true&asPopupView=true'},805000889,UNIAJC,Territorial,Educación Nacional,Valle del Cauca,Prestación de servicios,Contratación directa,False,2026-08-06,2026-08-21,2026-10-30,12450000.0,En ejecución,2026,individual_professional_ai,0.88,False,True,False,False,False,False,False,
CO1.PCCNTR.6281909,CO1.BDOS.6056593,{'url': 'https://community.secop.gov.co/Public/Tendering/OpportunityDetail/Index?noticeUID=CO1.NTC.6064810&isFromPublicArea=True&isModal=true&asPopupView=true'},899999054,ESAP SEDE CENTRAL (Cuenta Oficial),Nacional,Servicio Público,Distrito Capital de Bogotá,Prestación de servicios,Contratación directa,False,2024-05-03,2024-05-03,2024-12-31,38984400.0,En ejecución,2024,individual_professional_ai,0.79,False,True,False,False,False,False,False,
CO1.PCCNTR.7930623,CO1.BDOS.8193472,{'url': 'https://community.secop.gov.co/Public/Tendering/OpportunityDetail/Index?noticeUID=CO1.NTC.8214368&isFromPublicArea=True&isModal=true&asPopupView=true'},800214750,INSTITUCIÓN UNIVERSITARIA ITM,Nacional,Educación Nacional,Antioquia,Prestación de servicios,Contratación directa,False,2025-05-29,2025-05-29,2025-12-31,26180373.0,Modificado,2025,incidental,0.98,False,True,False,False,False,False,False,
CO1.PCCNTR.7659903,CO1.BDOS.7828430,{'url': 'https://community.secop.gov.co/Public/Tendering/OpportunityDetail/Index?noticeUID=CO1.NTC.7844206&isFromPublicArea=True&isModal=true&asPopupView=true'},899999294,SERVICIO GEOLOGICO COLOMBIANO**,Nacional,Minas y Energía,Distrito Capital de Bogotá,Prestación de servicios,Contratación directa,False,2025-03-17,2025-03-19,2025-12-31,123575760.0,Cerrado,2025,individual_professional_ai,0.98,False,True,False,False,False,False,False,
CO1.PCCNTR.5341985,CO1.BDOS.4891712,{'url': 'https://community.secop.gov.co/Public/Tendering/OpportunityDetail/Index?noticeUID=CO1.NTC.4901166&isFromPublicArea=True&isModal=true&asPopupView=true'},899999054,ESAP SEDE CENTRAL (Cuenta Oficial),Nacional,Servicio Público,Distrito Capital de Bogotá,Prestación de servicios,Contratación directa,False,2023-09-01,2023-09-05,2023-12-31,46160000.0,Cerrado,2023,individual_professional_ai,0.79,False,True,False,False,False,False,False,
CO1.PCCNTR.4531267,CO1.BDOS.3895412,{'url': 'https://community.secop.gov.co/Public/Tendering/OpportunityDetail/Index?noticeUID=CO1.NTC.3896476&isFromPublicArea=True&isModal=true&asPopupView=true'},8001316486,FONDO UNICO DE TECNOLOGÍAS DE LA INFORMACIÓN Y LAS COMUNICACIONES,Nacional,Tecnologías de la Información y las Comunicaciones,Distrito Capital de Bogotá,Prestación de servicios,Contratación directa,False,2023-02-01,2023-02-03,2023-12-31,137916667.0,En ejecución,2023,individual_professional_ai,0.98,False,True,False,False,False,False,False,
CO1.PCCNTR.8206883,CO1.BDOS.8458758,{'url': 'https://community.secop.gov.co/Public/Tendering/OpportunityDetail/Index?noticeUID=CO1.NTC.8483810&isFromPublicArea=True&isModal=true&asPopupView=true'},890399002,CVC,Nacional,Ambiente y Desarrollo Sostenible,Valle del Cauca,Prestación de servicios,Contratación directa,True,2025-08-19,2025-08-26,2026-03-31,434633333.0,Modificado,2025,incidental,0.84,False,True,False,False,False,False,False,incidental_low_conf_AI_text
CO1.PCCNTR.4545597,CO1.BDOS.3894440,{'url': 'https://community.secop.gov.co/Public/Tendering/OpportunityDetail/Index?noticeUID=CO1.NTC.3897510&isFromPublicArea=True&isModal=true&asPopupView=true'},899999034,SENA DISTRITO CAPITAL GRUPO DE APOYO ADMINISTRATIVO - CGI,Nacional,Trabajo,Distrito Capital de Bogotá,Prestación de servicios,Contratación directa,False,2023-02-02,2023-02-02,2023-12-15,42178500.0,Cerrado,2023,individual_professional_ai,0.97,False,True,False,False,False,False,False,
CO1.PCCNTR.6667052,CO1.BDOS.6573453,{'url': 'https://community.secop.gov.co/Public/Tendering/OpportunityDetail/Index?noticeUID=CO1.NTC.6583835&isFromPublicArea=True&isModal=true&asPopupView=true'},800214750,INSTITUCIÓN UNIVERSITARIA ITM,Nacional,Educación Nacional,Antioquia,Prestación de servicios,Contratación directa,False,2024-08-21,2024-08-21,2024-12-31,15566377.0,En ejecución,2024,individual_professional_ai,0.94,False,True,False,False,False,False,False,
CO1.PCCNTR.9029022,CO1.BDOS.9587574,{'url': 'https://community.secop.gov.co/Public/Tendering/OpportunityDetail/Index?noticeUID=CO1.NTC.9662579&isFromPublicArea=True&isModal=true&asPopupView=true'},901140004,JEP,Nacional,No aplica/No pertenece,Distrito Capital de Bogotá,Prestación de servicios,Contratación régimen especial,False,2026-01-26,2026-01-28,2026-12-31,122975700.0,En ejecución,2026,individual_professional_ai,0.78,False,True,False,False,False,False,False,
CO1.PCCNTR.7955021,CO1.BDOS.8225616,{'url': 'https://community.secop.gov.co/Public/Tendering/OpportunityDetail/Index?noticeUID=CO1.NTC.8249149&isFromPublicArea=True&isModal=true&asPopupView=true'},800250984,SUPERINTENDENCIA DE SERVICIOS PÚBLICOS DOMICILIARIOS,Nacional,Planeación,Distrito Capital de Bogotá,Prestación de servicios,Contratación directa,False,2025-06-06,2025-06-10,2025-12-23,105820000.0,En ejecución,2025,individual_professional_ai,0.98,False,True,False,False,False,False,False,
CO1.PCCNTR.7430679,CO1.BDOS.7548529,{'url': 'https://community.secop.gov.co/Public/Tendering/OpportunityDetail/Index?noticeUID=CO1.NTC.7561748&isFromPublicArea=True&isModal=true&asPopupView=true'},800214750,INSTITUCIÓN UNIVERSITARIA ITM,Nacional,Educación Nacional,Antioquia,Prestación de servicios,Contratación directa,False,2025-02-06,2025-02-06,2025-12-31,40700000.0,Modificado,2025,individual_professional_ai,0.76,False,True,False,False,False,False,False,
CO1.PCCNTR.4590518,CO1.BDOS.3895406,{'url': 'https://community.secop.gov.co/Public/Tendering/OpportunityDetail/Index?noticeUID=CO1.NTC.3897463&isFromPublicArea=True&isModal=true&asPopupView=true'},899999034,SENA DISTRITO CAPITAL GRUPO DE APOYO ADMINISTRATIVO - CGI,Nacional,Trabajo,Distrito Capital de Bogotá,Prestación de servicios,Contratación directa,False,2023-02-09,2023-02-09,2023-10-31,36153000.0,Cerrado,2023,individual_professional_ai,0.97,False,True,False,False,False,False,False,
CO1.PCCNTR.6644403,CO1.BDOS.6541712,{'url': 'https://community.secop.gov.co/Public/Tendering/OpportunityDetail/Index?noticeUID=CO1.NTC.6552221&isFromPublicArea=True&isModal=true&asPopupView=true'},899999296,MINCIENCIAS,Nacional,Ciencia Tecnología,Distrito Capital de Bogotá,Prestación de servicios,Contratación directa,False,2024-08-15,2024-08-16,2024-12-31,18000000.0,Cerrado,2024,individual_professional_ai,0.98,False,True,False,False,False,False,False,
CO1.PCCNTR.8979541,CO1.BDOS.9596567,{'url': 'https://community.secop.gov.co/Public/Tendering/OpportunityDetail/Index?noticeUID=CO1.NTC.9610162&isFromPublicArea=True&isModal=true&asPopupView=true'},899999035,INSTITUTO COLOMBIANO DE CREDITO EDUCATIVO Y ESTUDIO TÉCNICOS EN EL EXTERIOR MARIANO OSPINA PEREZ.,Nacional,Educación Nacional,Distrito Capital de Bogotá,Prestación de servicios,Contratación régimen especial,False,2026-01-19,2026-01-19,2026-12-31,93917856.0,En ejecución,2026,individual_professional_ai,0.96,False,True,False,False,False,False,False,
CO1.PCCNTR.7930515,CO1.BDOS.8193047,{'url': 'https://community.secop.gov.co/Public/Tendering/OpportunityDetail/Index?noticeUID=CO1.NTC.8214303&isFromPublicArea=True&isModal=true&asPopupView=true'},800214750,INSTITUCIÓN UNIVERSITARIA ITM,Nacional,Educación Nacional,Antioquia,Prestación de servicios,Contratación directa,False,2025-05-29,2025-05-29,2025-12-31,18083333.0,En ejecución,2025,incidental,0.97,False,True,False,False,False,False,False,
CO1.PCCNTR.8768727,CO1.BDOS.9370345,{'url': 'https://community.secop.gov.co/Public/Tendering/OpportunityDetail/Index?noticeUID=CO1.NTC.9385339&isFromPublicArea=True&isModal=true&asPopupView=true'},900498879,UNIDAD ADMINISTRATIVA ESPECIAL DE GESTION DE RESTITUCION DE TIERRAS DESPOJADAS**,Nacional,Inclusión Social y Reconciliación,Distrito Capital de Bogotá,Prestación de servicios,Contratación directa,False,2026-01-07,2026-01-08,2026-12-31,179254800.0,En ejecución,2026,individual_professional_ai,0.98,False,True,False,False,False,False,False,
CO1.PCCNTR.9723598,CO1.BDOS.10555741,{'url': 'https://community.secop.gov.co/Public/Tendering/OpportunityDetail/Index?noticeUID=CO1.NTC.10593270&isFromPublicArea=True&isModal=true&asPopupView=true'},800214750,INSTITUCIÓN UNIVERSITARIA ITM,Nacional,Educación Nacional,Antioquia,Prestación de servicios,Contratación directa,True,2026-07-28,2026-07-28,2026-08-15,50000000.0,En ejecución,2026,ai_development_service,0.97,False,True,True,True,True,True,True,
CO1.PCCNTR.8480533,CO1.BDOS.8959583,{'url': 'https://community.secop.gov.co/Public/Tendering/OpportunityDetail/Index?noticeUID=CO1.NTC.8984957&isFromPublicArea=True&isModal=true&asPopupView=true'},800082665,FEDERACION COLOMBIANA DE MUNICIPIOS,Corporación Autónoma,No aplica/No pertenece,Distrito Capital de Bogotá,Prestación de servicios,Contratación directa,False,2025-10-22,2025-10-28,2025-12-29,26949000.0,En ejecución,2025,individual_professional_ai,0.91,False,True,False,False,False,False,False,
CO1.PCCNTR.7521551,CO1.BDOS.7653306,{'url': 'https://community.secop.gov.co/Public/Tendering/OpportunityDetail/Index?noticeUID=CO1.NTC.7668256&isFromPublicArea=True&isModal=true&asPopupView=true'},899999004,IGAC Sede Central *,Nacional,Información Estadística,Distrito Capital de Bogotá,Prestación de servicios,Contratación directa,False,2025-02-19,2025-02-20,2025-12-31,66644086.0,Cerrado,2025,individual_professional_ai,0.97,False,True,False,False,False,False,False,
CO1.PCCNTR.8359429,CO1.BDOS.8799088,{'url': 'https://community.secop.gov.co/Public/Tendering/OpportunityDetail/Index?noticeUID=CO1.NTC.8824521&isFromPublicArea=True&isModal=true&asPopupView=true'},830053630,Patrimonio Autónomo-Fondo De Seguridad Vial,Nacional,Hacienda y Crédito Público,No Definido,Decreto 092 de 2017,Contratación régimen especial,False,2025-09-29,2025-10-06,2026-10-05,138000000.0,Modificado,2025,individual_professional_ai,0.82,False,True,False,False,False,False,False,
CO1.PCCNTR.5392501,CO1.BDOS.4962049,{'url': 'https://community.secop.gov.co/Public/Tendering/OpportunityDetail/Index?noticeUID=CO1.NTC.4972383&isFromPublicArea=True&isModal=true&asPopupView=true'},899999034,SENA DISTRITO CAPITAL GRUPO DE APOYO ADMINISTRATIVO - CGI,Nacional,Trabajo,Distrito Capital de Bogotá,Prestación de servicios,Contratación directa,False,2023-09-19,2023-09-19,2023-12-16,11783200.0,Cerrado,2023,individual_professional_ai,0.96,False,True,False,False,False,False,False,
CO1.PCCNTR.7812435,CO1.BDOS.8000997,{'url': 'https://community.secop.gov.co/Public/Tendering/OpportunityDetail/Index?noticeUID=CO1.NTC.8018853&isFromPublicArea=True&isModal=true&asPopupView=true'},891900853,UNIDAD CENTRAL DEL VALLE DEL CAUCA,Territorial,Educación Nacional,Valle del Cauca,Compraventa,Contratación Directa (con ofertas),True,2025-04-25,2025-04-29,2025-08-29,439717799.0,Modificado,2025,ai_development_service,0.78,False,True,True,True,True,True,True,core_low_conf
CO1.PCCNTR.7448843,CO1.BDOS.7567338,{'url': 'https://community.secop.gov.co/Public/Tendering/OpportunityDetail/Index?noticeUID=CO1.NTC.7581124&isFromPublicArea=True&isModal=true&asPopupView=true'},899999004,IGAC Sede Central *,Nacional,Información Estadística,Distrito Capital de Bogotá,Prestación de servicios,Contratación directa,False,2025-02-12,2025-02-14,2025-08-13,93000000.0,Cerrado,2025,individual_professional_ai,0.96,False,True,False,False,False,False,False,
CO1.PCCNTR.9697003,CO1.BDOS.10516801,{'url': 'https://community.secop.gov.co/Public/Tendering/OpportunityDetail/Index?noticeUID=CO1.NTC.10554102&isFromPublicArea=True&isModal=true&asPopupView=true'},901140004,JEP,Nacional,No aplica/No pertenece,Distrito Capital de Bogotá,Prestación de servicios,Contratación régimen especial,False,2026-07-27,2026-08-03,2026-12-31,53420913.0,terminado,2026,individual_professional_ai,0.78,False,True,False,False,False,False,False,
CO1.PCCNTR.8391615,CO1.BDOS.8748788,{'url': 'https://community.secop.gov.co/Public/Tendering/OpportunityDetail/Index?noticeUID=CO1.NTC.8776714&isFromPublicArea=True&isModal=true&asPopupView=true'},899999034,SENA REGIONAL RISARALDA Grupo de Apoyo Administrativo Mixto//,Nacional,Educación Nacional,Risaralda,Prestación de servicios,Mínima cuantía,True,2025-10-02,2025-10-10,2025-11-10,35700000.0,En ejecución,2025,incidental,0.97,False,True,False,False,False,False,False,
CO1.PCCNTR.7485482,CO1.BDOS.7609518,{'url': 'https://community.secop.gov.co/Public/Tendering/OpportunityDetail/Index?noticeUID=CO1.NTC.7624833&isFromPublicArea=True&isModal=true&asPopupView=true'},899999034,SENA REGIONAL RISARALDA Grupo de Apoyo Administrativo Mixto//,Nacional,Educación Nacional,Risaralda,Prestación de servicios,Contratación directa,False,2025-02-14,2025-02-17,2025-12-31,58240000.0,Cerrado,2025,individual_professional_ai,0.83,False,True,False,False,False,False,False,
CO1.PCCNTR.7648664,CO1.BDOS.7815163,{'url': 'https://community.secop.gov.co/Public/Tendering/OpportunityDetail/Index?noticeUID=CO1.NTC.7829851&isFromPublicArea=True&isModal=true&asPopupView=true'},800082665,FEDERACION COLOMBIANA DE MUNICIPIOS,Corporación Autónoma,No aplica/No pertenece,Distrito Capital de Bogotá,Prestación de servicios,Contratación directa,False,2025-03-14,2025-03-21,2025-12-26,59400000.0,En ejecución,2025,individual_professional_ai,0.96,False,True,False,False,False,False,False,
CO1.PCCNTR.8527079,CO1.BDOS.9020577,{'url': 'https://community.secop.gov.co/Public/Tendering/OpportunityDetail/Index?noticeUID=CO1.NTC.9044977&isFromPublicArea=True&isModal=true&asPopupView=true'},891480033,MUNICIPIO DE SANTA ROSA DE CABAL,Territorial,Servicio Público,Risaralda,Prestación de servicios,Contratación directa,False,2025-10-31,2025-11-05,2025-12-31,8400000.0,Cerrado,2025,individual_professional_ai,0.94,False,True,False,False,False,False,False,
CO1.PCCNTR.9243079,CO1.BDOS.9855889,{'url': 'https://community.secop.gov.co/Public/Tendering/OpportunityDetail/Index?noticeUID=CO1.NTC.9875390&isFromPublicArea=True&isModal=true&asPopupView=true'},890802678,IUOC,Territorial,Educación Nacional,Caldas,Prestación de servicios,Contratación directa,False,2026-01-29,2026-01-30,2026-07-29,20529036.0,Modificado,2026,individual_professional_ai,0.91,False,True,False,False,False,False,False,
CO1.PCCNTR.6637405,CO1.BDOS.6527742,{'url': 'https://community.secop.gov.co/Public/Tendering/OpportunityDetail/Index?noticeUID=CO1.NTC.6537772&isFromPublicArea=True&isModal=true&asPopupView=true'},891480030,MUNICIPIO DE PEREIRA- OFICIAL,Territorial,Servicio Público,Risaralda,Prestación de servicios,Contratación directa,True,2024-08-14,2024-08-21,2024-12-31,800000000.0,En ejecución,2024,ai_development_service,0.94,False,True,True,True,True,True,True,
CO1.PCCNTR.6947155,CO1.BDOS.6723706,{'url': 'https://community.secop.gov.co/Public/Tendering/OpportunityDetail/Index?noticeUID=CO1.NTC.6810053&isFromPublicArea=True&isModal=true&asPopupView=true'},8001316486,FONDO UNICO DE TECNOLOGÍAS DE LA INFORMACIÓN Y LAS COMUNICACIONES,Nacional,Tecnologías de la Información y las Comunicaciones,Distrito Capital de Bogotá,Compraventa,Selección abreviada subasta inversa,True,2024-11-05,2024-11-19,2024-12-15,1532670190.0,En ejecución,2024,ai_product_or_platform,0.96,False,True,True,True,True,True,True,
CO1.PCCNTR.5833210,CO1.BDOS.5519288,{'url': 'https://community.secop.gov.co/Public/Tendering/OpportunityDetail/Index?noticeUID=CO1.NTC.5529340&isFromPublicArea=True&isModal=true&asPopupView=true'},899999011,DEPARTAMENTO NACIONAL DE PLANEACIÓN,Nacional,Planeación,Distrito Capital de Bogotá,Prestación de servicios,Contratación directa,False,2024-01-29,2024-01-30,2024-12-31,163381050.0,Cerrado,2024,individual_professional_ai,0.98,False,True,False,False,False,False,False,
CO1.PCCNTR.9260816,CO1.BDOS.9869062,{'url': 'https://community.secop.gov.co/Public/Tendering/OpportunityDetail/Index?noticeUID=CO1.NTC.9893065&isFromPublicArea=True&isModal=true&asPopupView=true'},900384997,UNIDAD ADMINISTRATIVA ESPECIAL DE LA JUSTICIA PENAL MILITAR Y POLICIAL,Nacional,defensa,Distrito Capital de Bogotá,Prestación de servicios,Contratación directa,False,2026-01-29,2026-02-02,2026-11-30,164450000.0,En ejecución,2026,individual_professional_ai,0.96,False,True,False,False,False,False,False,
CO1.PCCNTR.9049531,CO1.BDOS.9667726,{'url': 'https://community.secop.gov.co/Public/Tendering/OpportunityDetail/Index?noticeUID=CO1.NTC.9684464&isFromPublicArea=True&isModal=true&asPopupView=true'},901140004,JEP,Nacional,No aplica/No pertenece,Distrito Capital de Bogotá,Prestación de servicios,Contratación régimen especial,False,2026-01-26,2026-01-28,2026-12-31,122975700.0,terminado,2026,individual_professional_ai,0.98,False,True,False,False,False,False,False,
CO1.PCCNTR.9273374,CO1.BDOS.9885042,{'url': 'https://community.secop.gov.co/Public/Tendering/OpportunityDetail/Index?noticeUID=CO1.NTC.9905088&isFromPublicArea=True&isModal=true&asPopupView=true'},813006956,ESAP TERRITORIAL HUILA-CAQUETA Y BAJO PUTUMAYO,Nacional,Educación Nacional,Huila,Prestación de servicios,Contratación directa,False,2026-01-30,2026-02-17,2026-12-30,4160000.0,En ejecución,2026,individual_professional_ai,0.97,False,True,False,False,False,False,False,
CO1.PCCNTR.7863437,CO1.BDOS.8095336,{'url': 'https://community.secop.gov.co/Public/Tendering/OpportunityDetail/Index?noticeUID=CO1.NTC.8114239&isFromPublicArea=True&isModal=true&asPopupView=true'},901736641,INSTITUCION UNIVERSITARIA DE SANTA MARTA,Territorial,Educación Nacional,Magdalena,Prestación de servicios,Contratación directa,False,2025-05-12,2025-05-12,2025-07-31,19500000.0,En ejecución,2025,individual_professional_ai,0.94,False,True,False,False,False,False,False,
CO1.PCCNTR.7975042,CO1.BDOS.8256818,{'url': 'https://community.secop.gov.co/Public/Tendering/OpportunityDetail/Index?noticeUID=CO1.NTC.8278701&isFromPublicArea=True&isModal=true&asPopupView=true'},899999004,IGAC Sede Central *,Nacional,Información Estadística,Distrito Capital de Bogotá,Prestación de servicios,Contratación directa,False,2025-06-13,2025-06-13,2025-12-27,84500000.0,Cerrado,2025,individual_professional_ai,0.91,False,True,False,False,False,False,False,
CO1.PCCNTR.6341923,CO1.BDOS.6134967,{'url': 'https://community.secop.gov.co/Public/Tendering/OpportunityDetail/Index?noticeUID=CO1.NTC.6143736&isFromPublicArea=True&isModal=true&asPopupView=true'},899999296,MINCIENCIAS,Nacional,Ciencia Tecnología,Distrito Capital de Bogotá,Prestación de servicios,Contratación directa,False,2024-05-17,2024-05-22,2024-11-21,72000000.0,En ejecución,2024,individual_professional_ai,0.98,False,True,False,False,False,False,False,
CO1.PCCNTR.9130290,CO1.BDOS.9731715,{'url': 'https://community.secop.gov.co/Public/Tendering/OpportunityDetail/Index?noticeUID=CO1.NTC.9765492&isFromPublicArea=True&isModal=true&asPopupView=true'},899999119,PROCURADURIA GENERAL DE LA NACION,Nacional,No aplica/No pertenece,Distrito Capital de Bogotá,Prestación de servicios,Contratación directa,False,2026-01-27,2026-02-03,2026-06-30,38933333.33,terminado,2026,individual_professional_ai,0.98,False,True,False,False,False,False,False,
CO1.PCCNTR.8575857,CO1.BDOS.9075237,{'url': 'https://community.secop.gov.co/Public/Tendering/OpportunityDetail/Index?noticeUID=CO1.NTC.9100337&isFromPublicArea=True&isModal=true&asPopupView=true'},890900286,DEPARTAMENTO DE ANTIOQUIA//,Territorial,Servicio Público,Antioquia,Otro,Contratación Directa (con ofertas),True,2025-11-14,2025-11-25,2026-06-30,1098966705.0,Modificado,2025,ai_development_service,0.87,False,True,True,True,True,True,True,
CO1.PCCNTR.6458948,CO1.BDOS.6292898,{'url': 'https://community.secop.gov.co/Public/Tendering/OpportunityDetail/Index?noticeUID=CO1.NTC.6303354&isFromPublicArea=True&isModal=true&asPopupView=true'},899999034,SENA REGIONAL ANTIOQUIA Grupo de Apoyo Administrativo Mixto,Nacional,Trabajo,Antioquia,Prestación de servicios,Contratación directa,False,2024-06-24,2024-06-24,2024-12-13,25304756.0,terminado,2024,individual_professional_ai,0.97,False,True,False,False,False,False,False,
CO1.PCCNTR.7210763,CO1.BDOS.7283987,{'url': 'https://community.secop.gov.co/Public/Tendering/OpportunityDetail/Index?noticeUID=CO1.NTC.7301068&isFromPublicArea=True&isModal=true&asPopupView=true'},901140004,JEP,Nacional,No aplica/No pertenece,Distrito Capital de Bogotá,Prestación de servicios,Contratación régimen especial,False,2025-01-09,2025-01-10,2025-11-04,106124791.0,Modificado,2025,individual_professional_ai,0.87,False,True,False,False,False,False,False,
CO1.PCCNTR.9052807,CO1.BDOS.9643843,{'url': 'https://community.secop.gov.co/Public/Tendering/OpportunityDetail/Index?noticeUID=CO1.NTC.9687516&isFromPublicArea=True&isModal=true&asPopupView=true'},830000282,UPME,Nacional,Minas y Energía,Distrito Capital de Bogotá,Prestación de servicios,Contratación régimen especial,False,2026-01-23,2026-01-28,2026-12-31,61050000.0,Modificado,2026,individual_professional_ai,0.97,False,True,False,False,False,False,False,
CO1.PCCNTR.8575948,CO1.BDOS.8998197,{'url': 'https://community.secop.gov.co/Public/Tendering/OpportunityDetail/Index?noticeUID=CO1.NTC.9030812&isFromPublicArea=True&isModal=true&asPopupView=true'},890680097,MUNICIPIO DE ANAPOIMA/,Territorial,Servicio Público,Cundinamarca,Prestación de servicios,Mínima cuantía,True,2025-11-11,2025-11-25,2025-11-27,9700000.0,En ejecución,2025,incidental,0.98,False,True,False,False,False,False,False,
CO1.PCCNTR.9046333,CO1.BDOS.9616058,{'url': 'https://community.secop.gov.co/Public/Tendering/OpportunityDetail/Index?noticeUID=CO1.NTC.9672055&isFromPublicArea=True&isModal=true&asPopupView=true'},899999294,SERVICIO GEOLOGICO COLOMBIANO**,Nacional,Minas y Energía,Distrito Capital de Bogotá,Prestación de servicios,Contratación directa,False,2026-01-22,2026-01-26,2026-12-24,127282100.0,En ejecución,2026,individual_professional_ai,0.97,False,True,False,False,False,False,False,
CO1.PCCNTR.7393067,CO1.BDOS.7504331,{'url': 'https://community.secop.gov.co/Public/Tendering/OpportunityDetail/Index?noticeUID=CO1.NTC.7518344&isFromPublicArea=True&isModal=true&asPopupView=true'},901140004,JEP,Nacional,No aplica/No pertenece,Distrito Capital de Bogotá,Prestación de servicios,Contratación régimen especial,False,2025-02-06,2025-02-12,2025-12-31,113653923.0,Modificado,2025,individual_professional_ai,0.86,False,True,False,False,False,False,False,
CO1.PCCNTR.8156456,CO1.BDOS.8520359,{'url': 'https://community.secop.gov.co/Public/Tendering/OpportunityDetail/Index?noticeUID=CO1.NTC.8542934&isFromPublicArea=True&isModal=true&asPopupView=true'},892000563,INSTITUTO DE TURISMO DEL META,Territorial,Industria,Meta,Prestación de servicios,Contratación directa,True,2025-08-01,2025-08-01,2025-08-05,8128000.0,terminado,2025,incidental,0.99,False,True,False,False,False,False,False,
CO1.PCCNTR.8245346,CO1.BDOS.8574409,{'url': 'https://community.secop.gov.co/Public/Tendering/OpportunityDetail/Index?noticeUID=CO1.NTC.8637264&isFromPublicArea=True&isModal=true&asPopupView=true'},816002478,CONCEJO MUNICIPAL DE PEREIRA,Territorial,Servicio Público,Risaralda,Suministros,Mínima cuantía,True,2025-08-28,2025-09-02,2025-12-01,38750000.0,En ejecución,2025,ai_product_or_platform,0.76,False,True,True,True,True,True,True,core_low_conf
CO1.PCCNTR.7696376,CO1.BDOS.7871993,{'url': 'https://community.secop.gov.co/Public/Tendering/OpportunityDetail/Index?noticeUID=CO1.NTC.7891080&isFromPublicArea=True&isModal=true&asPopupView=true'},899999294,SERVICIO GEOLOGICO COLOMBIANO**,Nacional,Minas y Energía,Distrito Capital de Bogotá,Prestación de servicios,Contratación directa,False,2025-03-25,2025-03-26,2025-12-24,48866328.0,Modificado,2025,individual_professional_ai,0.9,False,True,False,False,False,False,False,
CO1.PCCNTR.7971456,CO1.BDOS.8251078,{'url': 'https://community.secop.gov.co/Public/Tendering/OpportunityDetail/Index?noticeUID=CO1.NTC.8272943&isFromPublicArea=True&isModal=true&asPopupView=true'},800214750,INSTITUCIÓN UNIVERSITARIA ITM,Nacional,Educación Nacional,Antioquia,Prestación de servicios,Contratación directa,False,2025-06-12,2025-06-12,2025-07-26,3000000.0,En ejecución,2025,individual_professional_ai,0.88,False,True,False,False,False,False,False,
CO1.PCCNTR.8123901,CO1.BDOS.8391746,{'url': 'https://community.secop.gov.co/Public/Tendering/OpportunityDetail/Index?noticeUID=CO1.NTC.8417348&isFromPublicArea=True&isModal=true&asPopupView=true'},899999114,DEPARTAMENTO DE CUNDINAMARCA -SECRETARIA DE GOBIERNO,Territorial,No aplica/No pertenece,Distrito Capital de Bogotá,Prestación de servicios,Mínima cuantía,True,2025-07-25,2025-07-30,2025-12-31,58348561.0,terminado,2025,ai_development_service,0.98,False,True,True,True,True,True,True,
CO1.PCCNTR.7661509,CO1.BDOS.7829021,{'url': 'https://community.secop.gov.co/Public/Tendering/OpportunityDetail/Index?noticeUID=CO1.NTC.7846218&isFromPublicArea=True&isModal=true&asPopupView=true'},899999294,SERVICIO GEOLOGICO COLOMBIANO**,Nacional,Minas y Energía,Distrito Capital de Bogotá,Prestación de servicios,Contratación directa,False,2025-03-17,2025-03-18,2025-12-31,72099565.0,Cerrado,2025,individual_professional_ai,0.78,False,True,False,False,False,False,False,
CO1.PCCNTR.7395510,CO1.BDOS.7506623,{'url': 'https://community.secop.gov.co/Public/Tendering/OpportunityDetail/Index?noticeUID=CO1.NTC.7520664&isFromPublicArea=True&isModal=true&asPopupView=true'},9000349931,COMISION DE REGULACION DE ENERGIA Y GAS,Nacional,Minas y Energía,Distrito Capital de Bogotá,Decreto 092 de 2017,Contratación régimen especial,True,2025-02-04,2025-02-06,2025-12-31,362000000.0,terminado,2025,ai_development_service,0.87,True,True,True,True,True,True,True,
CO1.PCCNTR.8621492,CO1.BDOS.9147019,{'url': 'https://community.secop.gov.co/Public/Tendering/OpportunityDetail/Index?noticeUID=CO1.NTC.9171593&isFromPublicArea=True&isModal=true&asPopupView=true'},901184118,CONCEJO MUNICIPAL DE FUSAGASUGA,Territorial,Servicio Público,No Definido,Prestación de servicios,Contratación directa,False,2025-11-24,2025-11-24,2025-12-08,10000000.0,Cerrado,2025,incidental,0.88,False,True,False,False,False,False,False,
CO1.PCCNTR.7940330,CO1.BDOS.8206101,{'url': 'https://community.secop.gov.co/Public/Tendering/OpportunityDetail/Index?noticeUID=CO1.NTC.8227101&isFromPublicArea=True&isModal=true&asPopupView=true'},899999034,SENA DISTRITO CAPITAL GRUPO DE APOYO ADMINISTRATIVO - CGI,Nacional,Trabajo,Distrito Capital de Bogotá,Prestación de servicios,Contratación directa,False,2025-06-02,2025-06-03,2025-12-30,38826666.0,Modificado,2025,individual_professional_ai,0.84,False,True,False,False,False,False,False,
CO1.PCCNTR.5255881,CO1.BDOS.4774002,{'url': 'https://community.secop.gov.co/Public/Tendering/OpportunityDetail/Index?noticeUID=CO1.NTC.4784360&isFromPublicArea=True&isModal=true&asPopupView=true'},899999034,SENA REGIONAL ATLANTICO Intercentros,Nacional,Transporte,Atlántico,Prestación de servicios,Contratación directa,False,2023-08-10,2023-08-10,2023-12-27,9430000.0,En ejecución,2023,incidental,0.88,False,True,False,False,False,False,False,
CO1.PCCNTR.9703630,CO1.BDOS.10512798,{'url': 'https://community.secop.gov.co/Public/Tendering/OpportunityDetail/Index?noticeUID=CO1.NTC.10564154&isFromPublicArea=True&isModal=true&asPopupView=true'},899999034,SENA REGIONAL ANTIOQUIA Grupo de Apoyo Administrativo Mixto,Nacional,Trabajo,Antioquia,Prestación de servicios,Contratación directa,False,2026-07-23,2026-07-24,2026-12-30,32881033.0,Modificado,2026,individual_professional_ai,0.91,False,True,False,False,False,False,False,
CO1.PCCNTR.5970022,CO1.BDOS.5599541,{'url': 'https://community.secop.gov.co/Public/Tendering/OpportunityDetail/Index?noticeUID=CO1.NTC.5685737&isFromPublicArea=True&isModal=true&asPopupView=true'},891580016,GOBERNACIÓN DEL CAUCA,Territorial,Servicio Público,Cauca,Prestación de servicios,Contratación directa,False,2024-02-21,2024-02-23,2024-06-23,16800000.0,Cerrado,2024,individual_professional_ai,0.9,False,True,False,False,False,False,False,
CO1.PCCNTR.9135002,CO1.BDOS.9749067,{'url': 'https://community.secop.gov.co/Public/Tendering/OpportunityDetail/Index?noticeUID=CO1.NTC.9769305&isFromPublicArea=True&isModal=true&asPopupView=true'},899999119,PROCURADURIA GENERAL DE LA NACION,Nacional,No aplica/No pertenece,Distrito Capital de Bogotá,Prestación de servicios,Contratación directa,False,2026-01-27,2026-02-03,2026-06-30,62500000.0,terminado,2026,individual_professional_ai,0.98,False,True,False,False,False,False,False,
CO1.PCCNTR.8832281,CO1.BDOS.9436958,{'url': 'https://community.secop.gov.co/Public/Tendering/OpportunityDetail/Index?noticeUID=CO1.NTC.9459789&isFromPublicArea=True&isModal=true&asPopupView=true'},900475780,UNP,Nacional,defensa,Distrito Capital de Bogotá,Prestación de servicios,Contratación directa,False,2026-01-12,2026-01-13,2026-12-31,47609067.0,En ejecución,2026,individual_professional_ai,0.96,False,True,False,False,False,False,False,
CO1.PCCNTR.7879145,CO1.BDOS.8119915,{'url': 'https://community.secop.gov.co/Public/Tendering/OpportunityDetail/Index?noticeUID=CO1.NTC.8139455&isFromPublicArea=True&isModal=true&asPopupView=true'},899999034,SENA REGIONAL DISTRITO CAPITAL Grupo Administrativo Intercentros CEET,Nacional,Trabajo,Distrito Capital de Bogotá,Prestación de servicios,Contratación directa,False,2025-05-15,2025-05-15,2025-12-03,33000000.0,En ejecución,2025,individual_professional_ai,0.97,False,True,False,False,False,False,False,
CO1.PCCNTR.5976714,CO1.BDOS.5599297,{'url': 'https://community.secop.gov.co/Public/Tendering/OpportunityDetail/Index?noticeUID=CO1.NTC.5692170&isFromPublicArea=True&isModal=true&asPopupView=true'},891580016,GOBERNACIÓN DEL CAUCA,Territorial,Servicio Público,Cauca,Prestación de servicios,Contratación directa,False,2024-02-21,2024-02-23,2024-06-23,15200000.0,Cerrado,2024,individual_professional_ai,0.68,False,True,False,False,False,False,False,
CO1.PCCNTR.9214975,CO1.BDOS.9828620,{'url': 'https://community.secop.gov.co/Public/Tendering/OpportunityDetail/Index?noticeUID=CO1.NTC.9847393&isFromPublicArea=True&isModal=true&asPopupView=true'},900500018,ANM,Nacional,Minas y Energía,Distrito Capital de Bogotá,Prestación de servicios,Contratación directa,False,2026-01-28,2026-02-02,2027-12-31,91293333.0,En ejecución,2026,individual_professional_ai,0.98,False,True,False,False,False,False,False,
CO1.PCCNTR.8056806,CO1.BDOS.8373669,{'url': 'https://community.secop.gov.co/Public/Tendering/OpportunityDetail/Index?noticeUID=CO1.NTC.8395363&isFromPublicArea=True&isModal=true&asPopupView=true'},800022773,CONTRALORIA DISTRITAL DE BARRANQUILLA,Territorial,No aplica/No pertenece,Atlántico,Prestación de servicios,Contratación directa,True,2025-07-09,2025-07-16,2025-10-16,100000000.0,En ejecución,2025,incidental,0.95,False,True,False,False,False,False,False,
CO1.PCCNTR.4583896,CO1.BDOS.3170098,{'url': 'https://community.secop.gov.co/Public/Tendering/OpportunityDetail/Index?noticeUID=CO1.NTC.3173520&isFromPublicArea=True&isModal=true&asPopupView=true'},8600515508,FUNDACIÓN CENTRO INTERNACIONAL DE EDUCACIÓN Y DESARROLLO HUMANO CINDE,Nacional,Ciencia Tecnología,Antioquia,Otro,Contratación régimen especial,False,2023-02-23,2023-02-23,2024-02-01,38062684.0,terminado,2023,individual_professional_ai,0.95,False,True,False,False,False,False,False,
CO1.PCCNTR.6778979,CO1.BDOS.6720451,{'url': 'https://community.secop.gov.co/Public/Tendering/OpportunityDetail/Index?noticeUID=CO1.NTC.6731876&isFromPublicArea=True&isModal=true&asPopupView=true'},891800498,GOBERNACIÓN DE BOYACÁ,Territorial,Servicio Público,Boyacá,Prestación de servicios,Contratación directa,False,2024-09-17,2024-09-18,2024-12-30,12971129.0,Cerrado,2024,individual_professional_ai,0.97,False,True,False,False,False,False,False,
CO1.PCCNTR.9186505,CO1.BDOS.9796570,{'url': 'https://community.secop.gov.co/Public/Tendering/OpportunityDetail/Index?noticeUID=CO1.NTC.9818846&isFromPublicArea=True&isModal=true&asPopupView=true'},899999114,DEPARTAMENTO DE CUNDINAMARCA -SECRETARIA DE GOBIERNO,Territorial,No aplica/No pertenece,Distrito Capital de Bogotá,Prestación de servicios,Contratación directa,False,2026-01-27,2026-01-28,2026-11-27,102210000.0,En ejecución,2026,individual_professional_ai,0.91,False,True,False,False,False,False,False,
CO1.PCCNTR.9144437,CO1.BDOS.9758095,{'url': 'https://community.secop.gov.co/Public/Tendering/OpportunityDetail/Index?noticeUID=CO1.NTC.9776863&isFromPublicArea=True&isModal=true&asPopupView=true'},800214750,INSTITUCIÓN UNIVERSITARIA ITM,Nacional,Educación Nacional,Antioquia,Prestación de servicios,Contratación directa,False,2026-01-26,2026-01-26,2026-04-18,9683334.0,Modificado,2026,incidental,0.98,False,True,False,False,False,False,False,
CO1.PCCNTR.8984599,CO1.BDOS.9603167,{'url': 'https://community.secop.gov.co/Public/Tendering/OpportunityDetail/Index?noticeUID=CO1.NTC.9615994&isFromPublicArea=True&isModal=true&asPopupView=true'},800082665,FEDERACION COLOMBIANA DE MUNICIPIOS,Corporación Autónoma,No aplica/No pertenece,Distrito Capital de Bogotá,Prestación de servicios,Contratación directa,False,2026-01-19,2026-01-22,2026-12-29,71932500.0,En ejecución,2026,individual_professional_ai,0.96,False,True,False,False,False,False,False,
CO1.PCCNTR.7572361,CO1.BDOS.7714466,{'url': 'https://community.secop.gov.co/Public/Tendering/OpportunityDetail/Index?noticeUID=CO1.NTC.7732252&isFromPublicArea=True&isModal=true&asPopupView=true'},8903990295,SECRETARIA GENERAL- GOBERNACION DEL VALLE,Territorial,Servicio Público,Valle del Cauca,Prestación de servicios,Contratación directa,True,2025-02-28,2025-03-04,2025-11-04,435000000.0,terminado,2025,ai_development_service,0.91,True,True,True,True,True,True,True,
CO1.PCCNTR.9032220,CO1.BDOS.9652617,{'url': 'https://community.secop.gov.co/Public/Tendering/OpportunityDetail/Index?noticeUID=CO1.NTC.9666702&isFromPublicArea=True&isModal=true&asPopupView=true'},899999034,SENA REGIONAL CALDAS CENTRO DE AUTOMATIZACION INDUSTRIAL,Nacional,Salud y Protección Social,Caldas,Prestación de servicios,Contratación directa,False,2026-01-21,2026-01-22,2026-12-21,66699996.0,En ejecución,2026,individual_professional_ai,0.92,False,True,False,False,False,False,False,
CO1.PCCNTR.8671126,CO1.BDOS.9213307,{'url': 'https://community.secop.gov.co/Public/Tendering/OpportunityDetail/Index?noticeUID=CO1.NTC.9239652&isFromPublicArea=True&isModal=true&asPopupView=true'},800214750,INSTITUCIÓN UNIVERSITARIA ITM,Nacional,Educación Nacional,Antioquia,Prestación de servicios,Contratación directa,False,2025-12-04,2025-12-04,2025-12-30,3696000.0,En ejecución,2025,individual_professional_ai,0.95,False,True,False,False,False,False,False,
CO1.PCCNTR.8724668,CO1.BDOS.8984608,{'url': 'https://community.secop.gov.co/Public/Tendering/OpportunityDetail/Index?noticeUID=CO1.NTC.9172766&isFromPublicArea=True&isModal=true&asPopupView=true'},899999061,ALCALDIA LOCAL DE USAQUEN,Territorial,Servicio Público,Distrito Capital de Bogotá,Prestación de servicios,Licitación pública,True,2025-12-24,2025-12-26,2026-05-25,411870000.0,Modificado,2025,incidental,0.98,False,True,False,False,False,False,False,
CO1.PCCNTR.8454529,CO1.BDOS.8919066,{'url': 'https://community.secop.gov.co/Public/Tendering/OpportunityDetail/Index?noticeUID=CO1.NTC.8947193&isFromPublicArea=True&isModal=true&asPopupView=true'},800254453,CORPORACIÓN AUTÓNOMA REGIONAL DEL CANAL DEL DIQUE,Corporación Autónoma,Ambiente y Desarrollo Sostenible,Bolívar,Otro,Contratación Directa (con ofertas),True,2025-10-15,2025-10-24,2025-12-31,5879675.0,En ejecución,2025,ai_product_or_platform,0.98,False,True,True,True,True,True,True,
CO1.PCCNTR.8615556,CO1.BDOS.9138093,{'url': 'https://community.secop.gov.co/Public/Tendering/OpportunityDetail/Index?noticeUID=CO1.NTC.9163513&isFromPublicArea=True&isModal=true&asPopupView=true'},890803005,CORPOCALDAS.,Nacional,No aplica/No pertenece,Caldas,Prestación de servicios,Contratación directa,True,2025-11-21,2025-11-21,2026-03-31,40000000.0,Modificado,2025,unclear,0.86,False,True,False,False,True,True,False,unclear_label
CO1.PCCNTR.9091461,CO1.BDOS.9678193,{'url': 'https://community.secop.gov.co/Public/Tendering/OpportunityDetail/Index?noticeUID=CO1.NTC.9726768&isFromPublicArea=True&isModal=true&asPopupView=true'},860523694,ESCUELA TECNOLÓGICA INSTITUTO TÉCNICO CENTRAL,Nacional,Educación Nacional,Distrito Capital de Bogotá,Prestación de servicios,Contratación directa,False,2026-01-24,2026-01-26,2026-12-15,53660700.0,En ejecución,2026,incidental,0.97,False,True,False,False,False,False,False,
CO1.PCCNTR.8565417,CO1.BDOS.9065520,{'url': 'https://community.secop.gov.co/Public/Tendering/OpportunityDetail/Index?noticeUID=CO1.NTC.9090241&isFromPublicArea=True&isModal=true&asPopupView=true'},899999004,IGAC Sede Central *,Nacional,Información Estadística,Distrito Capital de Bogotá,Otro,Contratación directa,True,2025-11-07,2025-11-11,2027-11-07,86480000.0,En ejecución,2025,incidental,0.96,False,True,False,False,False,False,False,
CO1.PCCNTR.7014387,CO1.BDOS.7021519,{'url': 'https://community.secop.gov.co/Public/Tendering/OpportunityDetail/Index?noticeUID=CO1.NTC.7033709&isFromPublicArea=True&isModal=true&asPopupView=true'},800214750,INSTITUCIÓN UNIVERSITARIA ITM,Nacional,Educación Nacional,Antioquia,Prestación de servicios,Contratación directa,False,2024-11-12,2024-11-12,2024-12-30,7400000.0,En ejecución,2024,individual_professional_ai,0.78,False,True,False,False,False,False,False,
CO1.PCCNTR.5682755,CO1.BDOS.5326810,{'url': 'https://community.secop.gov.co/Public/Tendering/OpportunityDetail/Index?noticeUID=CO1.NTC.5340571&isFromPublicArea=True&isModal=true&asPopupView=true'},8001316486,FONDO UNICO DE TECNOLOGÍAS DE LA INFORMACIÓN Y LAS COMUNICACIONES,Nacional,Tecnologías de la Información y las Comunicaciones,Distrito Capital de Bogotá,Otro,Contratación directa,True,2023-12-21,2023-12-21,2028-12-20,0.0,Modificado,2023,unclear,0.89,False,True,False,False,False,False,False,unclear_label
CO1.PCCNTR.9504610,CO1.BDOS.10114879,{'url': 'https://community.secop.gov.co/Public/Tendering/OpportunityDetail/Index?noticeUID=CO1.NTC.10282061&isFromPublicArea=True&isModal=true&asPopupView=true'},890102257,Universidad del Atlántico,Territorial,Educación Nacional,Atlántico,Suministros,Contratación régimen especial,True,2026-05-13,2026-05-15,2026-06-15,865051460.0,En ejecución,2026,incidental,0.83,False,True,False,False,False,False,False,incidental_low_conf_AI_text
CO1.PCCNTR.8140184,CO1.BDOS.8429748,{'url': 'https://community.secop.gov.co/Public/Tendering/OpportunityDetail/Index?noticeUID=CO1.NTC.8452438&isFromPublicArea=True&isModal=true&asPopupView=true'},900294898,IDACO,Territorial,No aplica/No pertenece,Distrito Capital de Bogotá,Decreto 092 de 2017,Contratación régimen especial (con ofertas),True,2025-08-04,2025-08-08,2025-12-31,95055000.0,En ejecución,2025,incidental,0.94,False,True,False,False,False,False,False,
CO1.PCCNTR.8414297,CO1.BDOS.8866645,{'url': 'https://community.secop.gov.co/Public/Tendering/OpportunityDetail/Index?noticeUID=CO1.NTC.8892361&isFromPublicArea=True&isModal=true&asPopupView=true'},890399029,GOBERNACION DEL VALLE - SECRETARIA DE CONVIVENCIA Y SEGURIDAD CIUDADANA,Territorial,No aplica/No pertenece,Valle del Cauca,Otro,Contratación directa,True,2025-10-03,2025-10-10,2025-12-31,600000000.0,En ejecución,2025,ai_development_service,0.91,False,True,True,True,True,True,True,
CO1.PCCNTR.7413452,CO1.BDOS.7526548,{'url': 'https://community.secop.gov.co/Public/Tendering/OpportunityDetail/Index?noticeUID=CO1.NTC.7541606&isFromPublicArea=True&isModal=true&asPopupView=true'},830115226,MINTRABAJO NIVEL CENTRAL*/,Nacional,Trabajo,Distrito Capital de Bogotá,Prestación de servicios,Contratación directa,False,2025-02-05,2025-02-07,2025-12-31,94962457.0,En ejecución,2025,individual_professional_ai,0.97,False,True,False,False,False,False,False,
CO1.PCCNTR.7882961,CO1.BDOS.8122009,{'url': 'https://community.secop.gov.co/Public/Tendering/OpportunityDetail/Index?noticeUID=CO1.NTC.8145374&isFromPublicArea=True&isModal=true&asPopupView=true'},901806943,DIRECCIÓN DE INCORPORACIÓN-DINCO,Nacional,defensa,Distrito Capital de Bogotá,Prestación de servicios,Contratación directa,False,2025-05-15,2025-05-15,2025-12-15,42000000.0,terminado,2025,individual_professional_ai,0.76,False,True,False,False,False,False,False,
CO1.PCCNTR.8819082,CO1.BDOS.9295120,{'url': 'https://community.secop.gov.co/Public/Tendering/OpportunityDetail/Index?noticeUID=CO1.NTC.9449461&isFromPublicArea=True&isModal=true&asPopupView=true'},899999294,SERVICIO GEOLOGICO COLOMBIANO**,Nacional,Minas y Energía,Distrito Capital de Bogotá,Prestación de servicios,Contratación directa,False,2026-01-13,2026-01-14,2026-12-12,95700000.0,En ejecución,2026,individual_professional_ai,0.98,False,True,False,False,False,False,False,
CO1.PCCNTR.8541554,CO1.BDOS.9040214,{'url': 'https://community.secop.gov.co/Public/Tendering/OpportunityDetail/Index?noticeUID=CO1.NTC.9063769&isFromPublicArea=True&isModal=true&asPopupView=true'},899999098,CAMARA DE REPRESENTANTES,Nacional,No aplica/No pertenece,Distrito Capital de Bogotá,Prestación de servicios,Contratación directa,False,2025-11-06,2025-11-07,2025-12-17,5333333.0,Cerrado,2025,individual_professional_ai,0.84,False,True,False,False,False,False,False,
CO1.PCCNTR.9251070,CO1.BDOS.9855847,{'url': 'https://community.secop.gov.co/Public/Tendering/OpportunityDetail/Index?noticeUID=CO1.NTC.9883008&isFromPublicArea=True&isModal=true&asPopupView=true'},890115982,MUNICIPIO DE SABANAGRANDE,Territorial,Servicio Público,Atlántico,Prestación de servicios,Contratación directa,True,2026-01-29,2026-01-30,2026-02-28,40000000.0,En ejecución,2026,incidental,0.94,False,True,False,False,False,False,False,
CO1.PCCNTR.7775189,CO1.BDOS.7967726,{'url': 'https://community.secop.gov.co/Public/Tendering/OpportunityDetail/Index?noticeUID=CO1.NTC.7990489&isFromPublicArea=True&isModal=true&asPopupView=true'},800093816,Rama Judicial  Dirección Ejecutiva de Administración Judicial,Nacional,Ley de Justicia,Distrito Capital de Bogotá,Prestación de servicios,Contratación directa,False,2025-04-24,2025-04-25,2025-12-31,75330000.0,Modificado,2025,individual_professional_ai,0.98,False,True,False,False,False,False,False,
CO1.PCCNTR.7347135,CO1.BDOS.7444546,{'url': 'https://community.secop.gov.co/Public/Tendering/OpportunityDetail/Index?noticeUID=CO1.NTC.7469143&isFromPublicArea=True&isModal=true&asPopupView=true'},892099324,ALCALDIA MUNICIPIO DE VILLAVICENCIO,Territorial,No aplica/No pertenece,Meta,Otro,Contratación directa,True,2025-01-29,,2026-12-31,0.0,Aprobado,2025,unclear,0.88,False,True,False,False,False,False,False,unclear_label
CO1.PCCNTR.6283175,CO1.BDOS.6059204,{'url': 'https://community.secop.gov.co/Public/Tendering/OpportunityDetail/Index?noticeUID=CO1.NTC.6066730&isFromPublicArea=True&isModal=true&asPopupView=true'},8001316486,FONDO UNICO DE TECNOLOGÍAS DE LA INFORMACIÓN Y LAS COMUNICACIONES,Nacional,Tecnologías de la Información y las Comunicaciones,Distrito Capital de Bogotá,Otro,Contratación directa,True,2024-05-03,2024-05-10,2025-07-20,4896856556.0,Modificado,2024,incidental,0.91,False,True,False,False,False,False,False,
CO1.PCCNTR.8907672,CO1.BDOS.9528297,{'url': 'https://community.secop.gov.co/Public/Tendering/OpportunityDetail/Index?noticeUID=CO1.NTC.9541307&isFromPublicArea=True&isModal=true&asPopupView=true'},899999061,VEEDURIA DISTRITAL,Territorial,Servicio Público,Distrito Capital de Bogotá,Prestación de servicios,Contratación directa,False,2026-01-23,2026-01-30,2026-12-31,77104625.0,En ejecución,2026,individual_professional_ai,0.96,False,True,False,False,False,False,False,
CO1.PCCNTR.8702447,CO1.BDOS.8438558,{'url': 'https://community.secop.gov.co/Public/Tendering/OpportunityDetail/Index?noticeUID=CO1.NTC.8864855&isFromPublicArea=True&isModal=true&asPopupView=true'},8001316486,FONDO UNICO DE TECNOLOGÍAS DE LA INFORMACIÓN Y LAS COMUNICACIONES,Nacional,Tecnologías de la Información y las Comunicaciones,Distrito Capital de Bogotá,Prestación de servicios,Licitación pública,True,2025-12-22,2025-12-23,2026-11-30,23333536610.0,Modificado,2025,incidental,0.82,False,True,False,False,False,False,False,incidental_low_conf_AI_text
CO1.PCCNTR.8773597,CO1.BDOS.9361085,{'url': 'https://community.secop.gov.co/Public/Tendering/OpportunityDetail/Index?noticeUID=CO1.NTC.9394092&isFromPublicArea=True&isModal=true&asPopupView=true'},899999294,SERVICIO GEOLOGICO COLOMBIANO**,Nacional,Minas y Energía,Distrito Capital de Bogotá,Prestación de servicios,Contratación directa,False,2026-01-08,2026-01-14,2026-12-12,55000000.0,Modificado,2026,individual_professional_ai,0.91,False,True,False,False,False,False,False,
CO1.PCCNTR.7630510,CO1.BDOS.7791424,{'url': 'https://community.secop.gov.co/Public/Tendering/OpportunityDetail/Index?noticeUID=CO1.NTC.7805788&isFromPublicArea=True&isModal=true&asPopupView=true'},800156682,CONTRALORÍA MUNICIPAL DE PASTO,Territorial,Servicio Público,Nariño,Prestación de servicios,Contratación directa,False,2025-03-10,2025-03-14,2025-03-14,3034500.0,En ejecución,2025,individual_professional_ai,0.94,False,True,False,False,False,False,False,
CO1.PCCNTR.8990703,CO1.BDOS.9608182,{'url': 'https://community.secop.gov.co/Public/Tendering/OpportunityDetail/Index?noticeUID=CO1.NTC.9622163&isFromPublicArea=True&isModal=true&asPopupView=true'},800103927,Gobernación Norte de Santander*,Territorial,No aplica/No pertenece,Norte de Santander,Prestación de servicios,Contratación directa,False,2026-01-20,2026-01-21,2026-08-20,22050000.0,terminado,2026,incidental,0.88,False,True,False,False,False,False,False,
CO1.PCCNTR.9230130,CO1.BDOS.9720746,{'url': 'https://community.secop.gov.co/Public/Tendering/OpportunityDetail/Index?noticeUID=CO1.NTC.9853754&isFromPublicArea=True&isModal=true&asPopupView=true'},900385079,CENTRAL ADMINISTRATIVA Y CONTABLE CENAC PERSONAL,Territorial,defensa,Distrito Capital de Bogotá,Prestación de servicios,Contratación directa,False,2026-01-29,2026-02-04,2026-12-15,43291500.0,En ejecución,2026,individual_professional_ai,0.94,False,True,False,False,False,False,False,
CO1.PCCNTR.7114609,CO1.BDOS.6992557,{'url': 'https://community.secop.gov.co/Public/Tendering/OpportunityDetail/Index?noticeUID=CO1.NTC.7067800&isFromPublicArea=True&isModal=true&asPopupView=true'},830000212,COMISIÓN DE REGULACIÓN DE AGUA POTABLE Y SANEAMIENTO BÁSICO.,Nacional,"Vivienda, Ciudad y Territorio",Distrito Capital de Bogotá,Prestación de servicios,Selección abreviada subasta inversa,True,2024-12-09,2024-12-10,2024-12-31,166100700.0,En ejecución,2024,ai_product_or_platform,0.94,False,True,True,True,True,True,True,
CO1.PCCNTR.9870542,CO1.BDOS.10753987,{'url': 'https://community.secop.gov.co/Public/Tendering/OpportunityDetail/Index?noticeUID=CO1.NTC.10791520&isFromPublicArea=True&isModal=true&asPopupView=true'},800214750,INSTITUCIÓN UNIVERSITARIA ITM,Nacional,Educación Nacional,Antioquia,Prestación de servicios,Contratación directa,False,2026-08-28,2026-08-28,2026-12-25,8000000.0,En ejecución,2026,individual_professional_ai,0.98,False,True,False,False,False,False,False,
CO1.PCCNTR.8681262,CO1.BDOS.9209028,{'url': 'https://community.secop.gov.co/Public/Tendering/OpportunityDetail/Index?noticeUID=CO1.NTC.9256563&isFromPublicArea=True&isModal=true&asPopupView=true'},901140004,JEP,Nacional,No aplica/No pertenece,Distrito Capital de Bogotá,Compraventa,Contratación régimen especial,True,2025-12-11,2025-12-15,2025-12-31,99969783.0,En ejecución,2025,ai_product_or_platform,0.77,False,True,True,True,True,True,True,core_low_conf
CO1.PCCNTR.6378272,CO1.BDOS.6179701,{'url': 'https://community.secop.gov.co/Public/Tendering/OpportunityDetail/Index?noticeUID=CO1.NTC.6193154&isFromPublicArea=True&isModal=true&asPopupView=true'},8001316486,FONDO UNICO DE TECNOLOGÍAS DE LA INFORMACIÓN Y LAS COMUNICACIONES,Nacional,Tecnologías de la Información y las Comunicaciones,Distrito Capital de Bogotá,Prestación de servicios,Contratación directa,True,2024-05-29,2024-05-31,2024-12-30,258000000.0,Modificado,2024,incidental,0.96,False,True,False,False,False,False,False,
CO1.PCCNTR.5696648,CO1.BDOS.5056864,{'url': 'https://community.secop.gov.co/Public/Tendering/OpportunityDetail/Index?noticeUID=CO1.NTC.5180567&isFromPublicArea=True&isModal=true&asPopupView=true'},8001316486,FONDO UNICO DE TECNOLOGÍAS DE LA INFORMACIÓN Y LAS COMUNICACIONES,Nacional,Tecnologías de la Información y las Comunicaciones,Distrito Capital de Bogotá,Prestación de servicios,Licitación pública,False,2023-12-28,2023-12-29,2025-12-21,3987246920.0,Modificado,2023,ai_development_service,0.79,False,True,False,False,False,False,True,core_low_conf;core_natural_person_supplier
CO1.PCCNTR.9946053,CO1.BDOS.10856733,{'url': 'https://community.secop.gov.co/Public/Tendering/OpportunityDetail/Index?noticeUID=CO1.NTC.10896376&isFromPublicArea=True&isModal=true&asPopupView=true'},8908060063,"INSTITUTO DE FINANCIAMIENTO, PROMOCION Y DESARROLLO DE CALDAS",Territorial,No aplica/No pertenece,Caldas,Prestación de servicios,Contratación directa,False,2026-09-15,,2026-12-23,25331142.0,Aprobado,2026,individual_professional_ai,0.96,False,True,False,False,False,False,False,
CO1.PCCNTR.9535041,CO1.BDOS.10293895,{'url': 'https://community.secop.gov.co/Public/Tendering/OpportunityDetail/Index?noticeUID=CO1.NTC.10328288&isFromPublicArea=True&isModal=true&asPopupView=true'},890204802,ALCALDIA MUNICIPIO DE GIRON SANTANDER,Territorial,Servicio Público,Santander,Prestación de servicios,Contratación directa,True,2026-05-26,2026-05-29,2028-05-28,0.0,En ejecución,2026,unclear,0.94,False,True,False,False,False,False,False,unclear_label
CO1.PCCNTR.9176949,CO1.BDOS.9728271,{'url': 'https://community.secop.gov.co/Public/Tendering/OpportunityDetail/Index?noticeUID=CO1.NTC.9751349&isFromPublicArea=True&isModal=true&asPopupView=true'},899999034,SENA REGIONAL BOLIVAR Grupo Administrativo CINFP,Nacional,Trabajo,Distrito Capital de Bogotá,Prestación de servicios,Contratación directa,False,2026-01-27,2026-02-02,2026-09-30,37899968.0,En ejecución,2026,individual_professional_ai,0.96,False,True,False,False,False,False,False,
CO1.PCCNTR.7707194,CO1.BDOS.7887570,{'url': 'https://community.secop.gov.co/Public/Tendering/OpportunityDetail/Index?noticeUID=CO1.NTC.7904467&isFromPublicArea=True&isModal=true&asPopupView=true'},900006037,E.S.E HOSPITAL UNIVERSITARIO DE SANTANDER,Territorial,Salud y Protección Social,Santander,Decreto 092 de 2017,Contratación régimen especial,True,2025-03-31,2025-04-01,2026-02-28,55492439.0,Modificado,2025,ai_product_or_platform,0.86,False,True,True,True,True,True,True,
CO1.PCCNTR.9016589,CO1.BDOS.9636340,{'url': 'https://community.secop.gov.co/Public/Tendering/OpportunityDetail/Index?noticeUID=CO1.NTC.9649850&isFromPublicArea=True&isModal=true&asPopupView=true'},8001316486,FONDO UNICO DE TECNOLOGÍAS DE LA INFORMACIÓN Y LAS COMUNICACIONES,Nacional,Tecnologías de la Información y las Comunicaciones,Distrito Capital de Bogotá,Prestación de servicios,Contratación directa,False,2026-01-22,2026-01-22,2026-10-21,99319500.0,cedido,2026,individual_professional_ai,0.94,False,True,False,False,False,False,False,
CO1.PCCNTR.9087262,CO1.BDOS.9705500,{'url': 'https://community.secop.gov.co/Public/Tendering/OpportunityDetail/Index?noticeUID=CO1.NTC.9721672&isFromPublicArea=True&isModal=true&asPopupView=true'},900594384,UNIDAD ADMINISTRATIVA ESPECIAL DE PENSIONES DE CUNDINAMARCA,Territorial,Salud y Protección Social,Distrito Capital de Bogotá,Prestación de servicios,Contratación directa,False,2026-01-23,2026-01-27,2026-07-26,43200000.0,Modificado,2026,individual_professional_ai,0.97,False,True,False,False,False,False,False,
CO1.PCCNTR.6228133,CO1.BDOS.5991630,{'url': 'https://community.secop.gov.co/Public/Tendering/OpportunityDetail/Index?noticeUID=CO1.NTC.5999582&isFromPublicArea=True&isModal=true&asPopupView=true'},899999034,SENA REGIONAL DISTRITO CAPITAL Grupo Administrativo Intercentros CEET,Nacional,Trabajo,Distrito Capital de Bogotá,Prestación de servicios,Contratación directa,False,2024-04-22,2024-04-23,2024-12-30,81000000.0,En ejecución,2024,individual_professional_ai,0.97,False,True,False,False,False,False,False,
CO1.PCCNTR.4543768,CO1.BDOS.3893717,{'url': 'https://community.secop.gov.co/Public/Tendering/OpportunityDetail/Index?noticeUID=CO1.NTC.3897806&isFromPublicArea=True&isModal=true&asPopupView=true'},899999034,SENA DISTRITO CAPITAL GRUPO DE APOYO ADMINISTRATIVO - CGI,Nacional,Trabajo,Distrito Capital de Bogotá,Prestación de servicios,Contratación directa,False,2023-02-02,2023-02-02,2023-12-15,42178500.0,Cerrado,2023,individual_professional_ai,0.97,False,True,False,False,False,False,False,
CO1.PCCNTR.8465858,CO1.BDOS.8938998,{'url': 'https://community.secop.gov.co/Public/Tendering/OpportunityDetail/Index?noticeUID=CO1.NTC.8964186&isFromPublicArea=True&isModal=true&asPopupView=true'},800214750,INSTITUCIÓN UNIVERSITARIA ITM,Nacional,Educación Nacional,Antioquia,Prestación de servicios,Contratación directa,False,2025-10-17,2025-10-17,2025-12-31,10133333.0,En ejecución,2025,incidental,0.93,False,True,False,False,False,False,False,
CO1.PCCNTR.8302786,CO1.BDOS.8725427,{'url': 'https://community.secop.gov.co/Public/Tendering/OpportunityDetail/Index?noticeUID=CO1.NTC.8748765&isFromPublicArea=True&isModal=true&asPopupView=true'},830000282,UPME,Nacional,Minas y Energía,Distrito Capital de Bogotá,Prestación de servicios,Contratación régimen especial,False,2025-09-15,2025-09-18,2025-12-31,22316667.0,Cerrado,2025,individual_professional_ai,0.98,False,True,False,False,False,False,False,
CO1.PCCNTR.9108802,CO1.BDOS.9726761,{'url': 'https://community.secop.gov.co/Public/Tendering/OpportunityDetail/Index?noticeUID=CO1.NTC.9744925&isFromPublicArea=True&isModal=true&asPopupView=true'},899999119,PROCURADURIA GENERAL DE LA NACION,Nacional,No aplica/No pertenece,Distrito Capital de Bogotá,Prestación de servicios,Contratación directa,False,2026-01-26,2026-01-29,2026-06-30,96900000.0,terminado,2026,individual_professional_ai,0.97,False,True,False,False,False,False,False,
CO1.PCCNTR.9240663,CO1.BDOS.9853340,{'url': 'https://community.secop.gov.co/Public/Tendering/OpportunityDetail/Index?noticeUID=CO1.NTC.9872736&isFromPublicArea=True&isModal=true&asPopupView=true'},899999054,ESAP SEDE CENTRAL (Cuenta Oficial),Nacional,Servicio Público,Distrito Capital de Bogotá,Prestación de servicios,Contratación directa,False,2026-01-31,2026-02-03,2026-10-02,107896000.0,En ejecución,2026,individual_professional_ai,0.98,False,True,False,False,False,False,False,
CO1.PCCNTR.6919282,CO1.BDOS.6843556,{'url': 'https://community.secop.gov.co/Public/Tendering/OpportunityDetail/Index?noticeUID=CO1.NTC.6912677&isFromPublicArea=True&isModal=true&asPopupView=true'},891580016,GOBERNACIÓN DEL CAUCA,Territorial,Servicio Público,Cauca,Prestación de servicios,Contratación directa,False,2024-10-30,2024-11-05,2024-12-26,8400000.0,Cerrado,2024,individual_professional_ai,0.69,False,True,False,False,False,False,False,
CO1.PCCNTR.9699858,CO1.BDOS.10514887,{'url': 'https://community.secop.gov.co/Public/Tendering/OpportunityDetail/Index?noticeUID=CO1.NTC.10559357&isFromPublicArea=True&isModal=true&asPopupView=true'},800214750,INSTITUCIÓN UNIVERSITARIA ITM,Nacional,Educación Nacional,Antioquia,Prestación de servicios,Contratación directa,False,2026-07-23,2026-07-23,2026-11-15,16355021.0,Modificado,2026,individual_professional_ai,0.83,False,True,False,False,False,False,False,
CO1.PCCNTR.7489409,CO1.BDOS.7607130,{'url': 'https://community.secop.gov.co/Public/Tendering/OpportunityDetail/Index?noticeUID=CO1.NTC.7628086&isFromPublicArea=True&isModal=true&asPopupView=true'},8999990341,SERVICIO NACIONAL DE APRENDIZAJE - SENA MAGDALENA,Nacional,Trabajo,Magdalena,Prestación de servicios,Contratación directa,False,2025-02-14,2025-02-17,2025-12-31,58800000.0,Cerrado,2025,individual_professional_ai,0.96,False,True,False,False,False,False,False,
CO1.PCCNTR.5000097,CO1.BDOS.4463240,{'url': 'https://community.secop.gov.co/Public/Tendering/OpportunityDetail/Index?noticeUID=CO1.NTC.4467066&isFromPublicArea=True&isModal=true&asPopupView=true'},860024301,INSTITUTO COLOMBIANO PARA LA EVALUACIÓN DE LA EDUCACIÓN - ICFES,Nacional,Educación Nacional,Distrito Capital de Bogotá,Prestación de servicios,Contratación régimen especial,False,2023-05-25,2023-05-25,2023-09-30,29400000.0,Cerrado,2023,individual_professional_ai,0.97,False,True,False,False,False,False,False,
CO1.PCCNTR.5926003,CO1.BDOS.5599654,{'url': 'https://community.secop.gov.co/Public/Tendering/OpportunityDetail/Index?noticeUID=CO1.NTC.5633004&isFromPublicArea=True&isModal=true&asPopupView=true'},891580016,GOBERNACIÓN DEL CAUCA,Territorial,Servicio Público,Cauca,Prestación de servicios,Contratación directa,False,2024-02-16,2024-02-19,2024-06-19,15200000.0,Cerrado,2024,individual_professional_ai,0.64,False,True,False,False,False,False,False,
CO1.PCCNTR.7418902,CO1.BDOS.7534329,{'url': 'https://community.secop.gov.co/Public/Tendering/OpportunityDetail/Index?noticeUID=CO1.NTC.7547942&isFromPublicArea=True&isModal=true&asPopupView=true'},8001316486,FONDO UNICO DE TECNOLOGÍAS DE LA INFORMACIÓN Y LAS COMUNICACIONES,Nacional,Tecnologías de la Información y las Comunicaciones,Distrito Capital de Bogotá,Prestación de servicios,Contratación directa,False,2025-02-06,2025-02-10,2025-12-31,39359950.0,Modificado,2025,individual_professional_ai,0.98,False,True,False,False,False,False,False,
CO1.PCCNTR.8112072,CO1.BDOS.8321712,{'url': 'https://community.secop.gov.co/Public/Tendering/OpportunityDetail/Index?noticeUID=CO1.NTC.8347761&isFromPublicArea=True&isModal=true&asPopupView=true'},899999003,MINISTERIO DE DEFENSA NACIONAL,Nacional,defensa,Distrito Capital de Bogotá,Prestación de servicios,Contratación directa,True,2025-07-23,2025-07-28,2025-12-04,375059520.0,En ejecución,2025,incidental,0.96,False,True,False,False,False,False,False,
CO1.PCCNTR.4551611,CO1.BDOS.3894879,{'url': 'https://community.secop.gov.co/Public/Tendering/OpportunityDetail/Index?noticeUID=CO1.NTC.3897255&isFromPublicArea=True&isModal=true&asPopupView=true'},899999034,SENA DISTRITO CAPITAL GRUPO DE APOYO ADMINISTRATIVO - CGI,Nacional,Trabajo,Distrito Capital de Bogotá,Prestación de servicios,Contratación directa,False,2023-02-03,2023-02-03,2023-12-15,42178500.0,Cerrado,2023,individual_professional_ai,0.98,False,True,False,False,False,False,False,
CO1.PCCNTR.9091381,CO1.BDOS.9710974,{'url': 'https://community.secop.gov.co/Public/Tendering/OpportunityDetail/Index?noticeUID=CO1.NTC.9726711&isFromPublicArea=True&isModal=true&asPopupView=true'},899999114,SECRETARIA GENERAL Y DE CERCANIA AL CIUDADANO,Territorial,No aplica/No pertenece,Distrito Capital de Bogotá,Prestación de servicios,Contratación directa,False,2026-01-23,2026-02-02,2026-12-01,80000000.0,En ejecución,2026,individual_professional_ai,0.98,False,True,False,False,False,False,False,
CO1.PCCNTR.6355977,CO1.BDOS.6154636,{'url': 'https://community.secop.gov.co/Public/Tendering/OpportunityDetail/Index?noticeUID=CO1.NTC.6163863&isFromPublicArea=True&isModal=true&asPopupView=true'},891580016,GOBERNACIÓN DEL CAUCA,Territorial,Servicio Público,Cauca,Prestación de servicios,Contratación directa,False,2024-05-23,2024-05-24,2024-09-24,15200000.0,Cerrado,2024,incidental,0.96,False,True,False,False,False,False,False,
CO1.PCCNTR.7932333,CO1.BDOS.8195783,{'url': 'https://community.secop.gov.co/Public/Tendering/OpportunityDetail/Index?noticeUID=CO1.NTC.8215978&isFromPublicArea=True&isModal=true&asPopupView=true'},800214750,INSTITUCIÓN UNIVERSITARIA ITM,Nacional,Educación Nacional,Antioquia,Prestación de servicios,Contratación directa,False,2025-05-29,2025-05-29,2025-12-31,18083333.0,En ejecución,2025,incidental,0.91,False,True,False,False,False,False,False,
CO1.PCCNTR.9070746,CO1.BDOS.9691483,{'url': 'https://community.secop.gov.co/Public/Tendering/OpportunityDetail/Index?noticeUID=CO1.NTC.9705282&isFromPublicArea=True&isModal=true&asPopupView=true'},822002459,EMPRESA SOCIAL DEL ESTADO DEL MUNICIPIO DE VILLAVICENCIO,Territorial,Salud y Protección Social,Meta,Decreto 092 de 2017,Contratación régimen especial,True,2026-02-04,2026-04-02,2026-07-31,79476783.0,Modificado,2026,ai_product_or_platform,0.83,False,True,True,True,True,True,True,core_low_conf
CO1.PCCNTR.7903391,CO1.BDOS.8155377,{'url': 'https://community.secop.gov.co/Public/Tendering/OpportunityDetail/Index?noticeUID=CO1.NTC.8175477&isFromPublicArea=True&isModal=true&asPopupView=true'},899999034,SENA REGIONAL ATLANTICO Intercentros,Nacional,Transporte,Atlántico,Prestación de servicios,Contratación directa,False,2025-05-22,2025-05-26,2025-12-02,16486076.0,En ejecución,2025,individual_professional_ai,0.97,False,True,False,False,False,False,False,
CO1.PCCNTR.7773802,CO1.BDOS.7972428,{'url': 'https://community.secop.gov.co/Public/Tendering/OpportunityDetail/Index?noticeUID=CO1.NTC.7989416&isFromPublicArea=True&isModal=true&asPopupView=true'},800117519,ESAP TERRITORIAL ANTIOQUIA,Nacional,Educación Nacional,Antioquia,Prestación de servicios,Contratación directa,False,2025-04-17,2025-04-22,2025-12-10,14400000.0,Cerrado,2025,individual_professional_ai,0.97,False,True,False,False,False,False,False,
CO1.PCCNTR.9107730,CO1.BDOS.9717523,{'url': 'https://community.secop.gov.co/Public/Tendering/OpportunityDetail/Index?noticeUID=CO1.NTC.9743665&isFromPublicArea=True&isModal=true&asPopupView=true'},899999119,PROCURADURIA GENERAL DE LA NACION,Nacional,No aplica/No pertenece,Distrito Capital de Bogotá,Prestación de servicios,Contratación directa,False,2026-01-27,2026-02-02,2026-06-30,44100000.0,terminado,2026,individual_professional_ai,0.98,False,True,False,False,False,False,False,
CO1.PCCNTR.7371390,CO1.BDOS.7477056,{'url': 'https://community.secop.gov.co/Public/Tendering/OpportunityDetail/Index?noticeUID=CO1.NTC.7495314&isFromPublicArea=True&isModal=true&asPopupView=true'},901158482,Unidad de Busqueda de Personas Desaparecidas,Nacional,Ley de Justicia,Distrito Capital de Bogotá,Prestación de servicios,Contratación directa,False,2025-01-31,2025-02-03,2025-12-15,82280233.0,Cerrado,2025,individual_professional_ai,0.99,False,True,False,False,False,False,False,
CO1.PCCNTR.6381551,CO1.BDOS.6189453,{'url': 'https://community.secop.gov.co/Public/Tendering/OpportunityDetail/Index?noticeUID=CO1.NTC.6198072&isFromPublicArea=True&isModal=true&asPopupView=true'},8001316486,FONDO UNICO DE TECNOLOGÍAS DE LA INFORMACIÓN Y LAS COMUNICACIONES,Nacional,Tecnologías de la Información y las Comunicaciones,Distrito Capital de Bogotá,Prestación de servicios,Contratación directa,False,2024-05-29,2024-06-18,2024-12-31,146000000.0,En ejecución,2024,individual_professional_ai,0.83,False,True,False,False,False,False,False,
CO1.PCCNTR.4543727,CO1.BDOS.3893482,{'url': 'https://community.secop.gov.co/Public/Tendering/OpportunityDetail/Index?noticeUID=CO1.NTC.3897809&isFromPublicArea=True&isModal=true&asPopupView=true'},899999034,SENA DISTRITO CAPITAL GRUPO DE APOYO ADMINISTRATIVO - CGI,Nacional,Trabajo,Distrito Capital de Bogotá,Prestación de servicios,Contratación directa,False,2023-02-02,2023-02-02,2023-12-15,42178500.0,Cerrado,2023,incidental,0.98,False,True,False,False,False,False,False,
CO1.PCCNTR.9188541,CO1.BDOS.9267089,{'url': 'https://community.secop.gov.co/Public/Tendering/OpportunityDetail/Index?noticeUID=CO1.NTC.9821405&isFromPublicArea=True&isModal=true&asPopupView=true'},830063506,TRANSMILENIO S.A.,Territorial,Transporte,Distrito Capital de Bogotá,Prestación de servicios,Contratación directa,False,2026-01-28,2026-02-02,2027-01-16,93840000.0,Modificado,2026,individual_professional_ai,0.98,False,True,False,False,False,False,False,
CO1.PCCNTR.9053622,CO1.BDOS.9674990,{'url': 'https://community.secop.gov.co/Public/Tendering/OpportunityDetail/Index?noticeUID=CO1.NTC.9688335&isFromPublicArea=True&isModal=true&asPopupView=true'},800214750,INSTITUCIÓN UNIVERSITARIA ITM,Nacional,Educación Nacional,Antioquia,Prestación de servicios,Contratación directa,False,2026-01-22,2026-01-22,2026-04-17,7695000.0,Modificado,2026,incidental,0.98,False,True,False,False,False,False,False,
CO1.PCCNTR.7967784,CO1.BDOS.8246922,{'url': 'https://community.secop.gov.co/Public/Tendering/OpportunityDetail/Index?noticeUID=CO1.NTC.8268356&isFromPublicArea=True&isModal=true&asPopupView=true'},8001316486,FONDO UNICO DE TECNOLOGÍAS DE LA INFORMACIÓN Y LAS COMUNICACIONES,Nacional,Tecnologías de la Información y las Comunicaciones,Distrito Capital de Bogotá,Prestación de servicios,Contratación directa,False,2025-06-13,2025-06-20,2025-12-19,66000000.0,Cerrado,2025,individual_professional_ai,0.82,False,True,False,False,False,False,False,
CO1.PCCNTR.5132999,CO1.BDOS.4624708,{'url': 'https://community.secop.gov.co/Public/Tendering/OpportunityDetail/Index?noticeUID=CO1.NTC.4631708&isFromPublicArea=True&isModal=true&asPopupView=true'},830063506,TRANSMILENIO S.A.,Territorial,Transporte,Distrito Capital de Bogotá,Prestación de servicios,Contratación directa,False,2023-06-26,2023-07-04,2024-04-18,87400000.0,Cerrado,2023,individual_professional_ai,0.93,False,True,False,False,False,False,False,
CO1.PCCNTR.4802200,CO1.BDOS.4209573,{'url': 'https://community.secop.gov.co/Public/Tendering/OpportunityDetail/Index?noticeUID=CO1.NTC.4211350&isFromPublicArea=True&isModal=true&asPopupView=true'},899999034,Sena Regional Boyaca Grupo de Apoyo Administrativo Mixto,Nacional,Trabajo,Boyacá,Prestación de servicios,Contratación directa,False,2023-03-24,2023-03-24,2023-12-30,18928333.0,Cerrado,2023,individual_professional_ai,0.93,False,True,False,False,False,False,False,
CO1.PCCNTR.7646327,CO1.BDOS.7812027,{'url': 'https://community.secop.gov.co/Public/Tendering/OpportunityDetail/Index?noticeUID=CO1.NTC.7827134&isFromPublicArea=True&isModal=true&asPopupView=true'},899999061,SECRETARIA DISTRITAL DE PLANEACION,Territorial,Planeación,Distrito Capital de Bogotá,Prestación de servicios,Contratación directa,False,2025-03-13,2025-03-19,2025-11-18,83877880.0,Cerrado,2025,individual_professional_ai,0.95,False,True,False,False,False,False,False,
CO1.PCCNTR.8889267,CO1.BDOS.9489487,{'url': 'https://community.secop.gov.co/Public/Tendering/OpportunityDetail/Index?noticeUID=CO1.NTC.9522020&isFromPublicArea=True&isModal=true&asPopupView=true'},901037916,ADRES,Nacional,Salud y Protección Social,Distrito Capital de Bogotá,Prestación de servicios,Contratación directa,False,2026-01-15,2026-01-16,2026-11-15,127000000.0,Modificado,2026,individual_professional_ai,0.98,False,True,False,False,False,False,False,
CO1.PCCNTR.7926227,CO1.BDOS.8186416,{'url': 'https://community.secop.gov.co/Public/Tendering/OpportunityDetail/Index?noticeUID=CO1.NTC.8207076&isFromPublicArea=True&isModal=true&asPopupView=true'},900127768,UAECD,Territorial,Hacienda y Crédito Público,Distrito Capital de Bogotá,Prestación de servicios,Contratación directa,False,2025-05-28,2025-06-03,2025-09-13,21874517.0,Modificado,2025,individual_professional_ai,0.82,False,True,False,False,False,False,False,
CO1.PCCNTR.7760241,CO1.BDOS.7953842,{'url': 'https://community.secop.gov.co/Public/Tendering/OpportunityDetail/Index?noticeUID=CO1.NTC.7970485&isFromPublicArea=True&isModal=true&asPopupView=true'},830053630,Patrimonio Autónomo-Fondo De Seguridad Vial,Nacional,Hacienda y Crédito Público,No Definido,Decreto 092 de 2017,Contratación régimen especial,False,2025-04-11,2025-04-21,2026-10-20,227625876.0,Modificado,2025,individual_professional_ai,0.88,False,True,False,False,False,False,False,
CO1.PCCNTR.9290540,CO1.BDOS.9900514,{'url': 'https://community.secop.gov.co/Public/Tendering/OpportunityDetail/Index?noticeUID=CO1.NTC.9922352&isFromPublicArea=True&isModal=true&asPopupView=true'},899999011,DEPARTAMENTO NACIONAL DE PLANEACIÓN,Nacional,Planeación,Distrito Capital de Bogotá,Prestación de servicios,Contratación directa,False,2026-01-30,2026-02-02,2026-12-31,110999999.0,En ejecución,2026,individual_professional_ai,0.97,False,True,False,False,False,False,False,
CO1.PCCNTR.5019197,CO1.BDOS.4088725,{'url': 'https://community.secop.gov.co/Public/Tendering/OpportunityDetail/Index?noticeUID=CO1.NTC.4343294&isFromPublicArea=True&isModal=true&asPopupView=true'},890399011,SANTIAGO DE CALI DISTRITO ESPECIAL - DEPARTAMENTO ADMINISTRATIVO DE HACIENDA,Territorial,Hacienda y Crédito Público,Valle del Cauca,Prestación de servicios,Licitación pública,False,2023-06-02,2023-06-05,2023-11-07,1899995000.0,En ejecución,2023,ai_product_or_platform,0.97,False,True,False,False,False,False,True,core_natural_person_supplier
CO1.PCCNTR.7077052,CO1.BDOS.7094047,{'url': 'https://community.secop.gov.co/Public/Tendering/OpportunityDetail/Index?noticeUID=CO1.NTC.7117660&isFromPublicArea=True&isModal=true&asPopupView=true'},800214750,INSTITUCIÓN UNIVERSITARIA ITM,Nacional,Educación Nacional,Antioquia,Prestación de servicios,Contratación directa,False,2024-11-27,2024-11-27,2024-12-26,4000000.0,En ejecución,2024,incidental,0.98,False,True,False,False,False,False,False,
CO1.PCCNTR.7731435,CO1.BDOS.7892970,{'url': 'https://community.secop.gov.co/Public/Tendering/OpportunityDetail/Index?noticeUID=CO1.NTC.7921162&isFromPublicArea=True&isModal=true&asPopupView=true'},901508361,"AGENCIA DISTRITAL PARA LA EDUCACIÓN SUPERIOR, LA CIENCIA Y LA TECNOLOGÍA, ATENEA",Territorial,Educación Nacional,Distrito Capital de Bogotá,Prestación de servicios,Contratación directa,True,2025-05-19,2025-06-24,2026-04-23,100000000.0,Modificado,2025,incidental,0.92,False,True,False,False,False,False,False,
CO1.PCCNTR.9074372,CO1.BDOS.9416854,{'url': 'https://community.secop.gov.co/Public/Tendering/OpportunityDetail/Index?noticeUID=CO1.NTC.9709084&isFromPublicArea=True&isModal=true&asPopupView=true'},800214750,INSTITUCIÓN UNIVERSITARIA ITM,Nacional,Educación Nacional,Antioquia,Prestación de servicios,Contratación directa,False,2026-01-23,2026-01-23,2026-03-20,7030000.0,En ejecución,2026,individual_professional_ai,0.65,False,True,False,False,False,False,False,
CO1.PCCNTR.8871174,CO1.BDOS.9483898,{'url': 'https://community.secop.gov.co/Public/Tendering/OpportunityDetail/Index?noticeUID=CO1.NTC.9501267&isFromPublicArea=True&isModal=true&asPopupView=true'},899999294,SERVICIO GEOLOGICO COLOMBIANO**,Nacional,Minas y Energía,Distrito Capital de Bogotá,Prestación de servicios,Contratación directa,False,2026-01-14,2026-01-16,2026-08-14,56700000.0,Modificado,2026,individual_professional_ai,0.99,False,True,False,False,False,False,False,
CO1.PCCNTR.5604804,CO1.BDOS.5168774,{'url': 'https://community.secop.gov.co/Public/Tendering/OpportunityDetail/Index?noticeUID=CO1.NTC.5185928&isFromPublicArea=True&isModal=true&asPopupView=true'},800214750,INSTITUCIÓN UNIVERSITARIA ITM,Nacional,Educación Nacional,Antioquia,Compraventa,Mínima cuantía,True,2023-12-04,2023-12-12,2023-12-29,28678799.84,En ejecución,2023,incidental,0.91,False,True,False,False,False,False,False,
CO1.PCCNTR.6649510,CO1.BDOS.6507582,{'url': 'https://community.secop.gov.co/Public/Tendering/OpportunityDetail/Index?noticeUID=CO1.NTC.6518412&isFromPublicArea=True&isModal=true&asPopupView=true'},899999001,MINISTERIO DE EDUCACION NACIONAL (MEN),Nacional,Educación Nacional,Distrito Capital de Bogotá,Otro,Contratación Directa (con ofertas),True,2024-08-15,2024-08-21,2024-12-31,2900000000.0,Modificado,2024,ai_development_service,0.77,False,True,True,True,True,True,True,core_low_conf
CO1.PCCNTR.9308837,CO1.BDOS.9892585,{'url': 'https://community.secop.gov.co/Public/Tendering/OpportunityDetail/Index?noticeUID=CO1.NTC.9940164&isFromPublicArea=True&isModal=true&asPopupView=true'},899999034,SENA DIRECCIÓN GENERAL Dirección de Promoción y Relaciones Corporativas,Nacional,Trabajo,Distrito Capital de Bogotá,Otro,Contratación régimen especial,False,2026-01-30,2026-02-10,2030-12-31,0.0,En ejecución,2026,incidental,0.97,False,True,False,False,False,False,False,
CO1.PCCNTR.8929081,CO1.BDOS.9549712,{'url': 'https://community.secop.gov.co/Public/Tendering/OpportunityDetail/Index?noticeUID=CO1.NTC.9562459&isFromPublicArea=True&isModal=true&asPopupView=true'},830025267,FONDO NACIONAL AMBIENTAL - ANLA,Nacional,Ambiente y Desarrollo Sostenible,Distrito Capital de Bogotá,Prestación de servicios,Contratación directa,False,2026-01-16,2026-01-16,2026-12-31,86534418.0,En ejecución,2026,individual_professional_ai,0.78,False,True,False,False,False,False,False,
CO1.PCCNTR.8700273,CO1.BDOS.9092892,{'url': 'https://community.secop.gov.co/Public/Tendering/OpportunityDetail/Index?noticeUID=CO1.NTC.9183022&isFromPublicArea=True&isModal=true&asPopupView=true'},830000212,COMISIÓN DE REGULACIÓN DE AGUA POTABLE Y SANEAMIENTO BÁSICO.,Nacional,"Vivienda, Ciudad y Territorio",Distrito Capital de Bogotá,Prestación de servicios,Selección abreviada subasta inversa,True,2025-12-12,2025-12-17,2025-12-31,170350000.0,terminado,2025,ai_product_or_platform,0.94,False,True,True,True,True,True,True,
CO1.PCCNTR.9471115,CO1.BDOS.10179856,{'url': 'https://community.secop.gov.co/Public/Tendering/OpportunityDetail/Index?noticeUID=CO1.NTC.10211070&isFromPublicArea=True&isModal=true&asPopupView=true'},800248004,INSTITUTO TECNICO NACIONAL DE COMERCIO SIMON RODRIGUEZ,Nacional,Educación Nacional,Valle del Cauca,Decreto 092 de 2017,Contratación régimen especial (con ofertas),True,2026-04-28,2026-04-30,2026-07-31,2600000000.0,En ejecución,2026,incidental,0.91,False,True,False,False,False,False,False,
CO1.PCCNTR.6070243,CO1.BDOS.5798803,{'url': 'https://community.secop.gov.co/Public/Tendering/OpportunityDetail/Index?noticeUID=CO1.NTC.5805667&isFromPublicArea=True&isModal=true&asPopupView=true'},800214750,INSTITUCIÓN UNIVERSITARIA ITM,Nacional,Educación Nacional,Antioquia,Prestación de servicios,Contratación directa,False,2024-03-08,2024-03-08,2024-06-30,22708585.0,En ejecución,2024,individual_professional_ai,0.94,False,True,False,False,False,False,False,
CO1.PCCNTR.8994214,CO1.BDOS.9612350,{'url': 'https://community.secop.gov.co/Public/Tendering/OpportunityDetail/Index?noticeUID=CO1.NTC.9625863&isFromPublicArea=True&isModal=true&asPopupView=true'},830000212,COMISIÓN DE REGULACIÓN DE AGUA POTABLE Y SANEAMIENTO BÁSICO.,Nacional,"Vivienda, Ciudad y Territorio",Distrito Capital de Bogotá,Prestación de servicios,Contratación directa,False,2026-01-20,2026-01-20,2026-07-19,72000000.0,En ejecución,2026,individual_professional_ai,0.98,False,True,False,False,False,False,False,
CO1.PCCNTR.9250357,CO1.BDOS.9862278,{'url': 'https://community.secop.gov.co/Public/Tendering/OpportunityDetail/Index?noticeUID=CO1.NTC.9882840&isFromPublicArea=True&isModal=true&asPopupView=true'},900265408,SOCIEDAD DE ACTIVOS ESPECIALES SAS,Nacional,Hacienda y Crédito Público,Distrito Capital de Bogotá,Prestación de servicios,Contratación régimen especial,False,2026-01-29,2026-01-30,2026-12-31,180000000.0,Modificado,2026,individual_professional_ai,0.86,False,True,False,False,False,False,False,
CO1.PCCNTR.8833112,CO1.BDOS.9318468,{'url': 'https://community.secop.gov.co/Public/Tendering/OpportunityDetail/Index?noticeUID=CO1.NTC.9463258&isFromPublicArea=True&isModal=true&asPopupView=true'},899999027,DEPARTAMENTO ADMINISTRATIVO NACIONAL DE ESTADISTICA (DANE),Nacional,Información Estadística,Distrito Capital de Bogotá,Prestación de servicios,Contratación directa,False,2026-01-13,2026-01-19,2026-09-18,34256000.0,En ejecución,2026,individual_professional_ai,0.94,False,True,False,False,False,False,False,
CO1.PCCNTR.8822057,CO1.BDOS.9419390,{'url': 'https://community.secop.gov.co/Public/Tendering/OpportunityDetail/Index?noticeUID=CO1.NTC.9452519&isFromPublicArea=True&isModal=true&asPopupView=true'},901508361,"AGENCIA DISTRITAL PARA LA EDUCACIÓN SUPERIOR, LA CIENCIA Y LA TECNOLOGÍA, ATENEA",Territorial,Educación Nacional,Distrito Capital de Bogotá,Prestación de servicios,Contratación directa,False,2026-01-10,2026-01-19,2026-11-18,111500000.0,En ejecución,2026,individual_professional_ai,0.98,False,True,False,False,False,False,False,
CO1.PCCNTR.8161130,CO1.BDOS.8328887,{'url': 'https://community.secop.gov.co/Public/Tendering/OpportunityDetail/Index?noticeUID=CO1.NTC.8548637&isFromPublicArea=True&isModal=true&asPopupView=true'},830063506,TRANSMILENIO S.A.,Territorial,Transporte,Distrito Capital de Bogotá,Prestación de servicios,Contratación directa,False,2025-08-05,2025-08-11,2026-06-25,41800500.0,Modificado,2025,individual_professional_ai,0.98,False,True,False,False,False,False,False,
CO1.PCCNTR.8982725,CO1.BDOS.9590821,{'url': 'https://community.secop.gov.co/Public/Tendering/OpportunityDetail/Index?noticeUID=CO1.NTC.9613474&isFromPublicArea=True&isModal=true&asPopupView=true'},899999067,CGR-NIVEL CENTRAL,Nacional,No aplica/No pertenece,Distrito Capital de Bogotá,Prestación de servicios,Contratación directa,True,2026-01-23,2026-01-30,2026-10-31,1303328950.0,En ejecución,2026,incidental,0.98,False,True,False,False,False,False,False,
CO1.PCCNTR.7530589,CO1.BDOS.7664455,{'url': 'https://community.secop.gov.co/Public/Tendering/OpportunityDetail/Index?noticeUID=CO1.NTC.7680004&isFromPublicArea=True&isModal=true&asPopupView=true'},8999990619,DEPARTAMENTO ADMINISTRATIVO DEL SERVICIO CIVIL DISTRITAL,Territorial,Servicio Público,Distrito Capital de Bogotá,Prestación de servicios,Contratación directa,False,2025-02-25,2025-03-03,2025-12-31,79733333.0,Modificado,2025,individual_professional_ai,0.97,False,True,False,False,False,False,False,
CO1.PCCNTR.9142622,CO1.BDOS.9271666,{'url': 'https://community.secop.gov.co/Public/Tendering/OpportunityDetail/Index?noticeUID=CO1.NTC.9775266&isFromPublicArea=True&isModal=true&asPopupView=true'},830063506,TRANSMILENIO S.A.,Territorial,Transporte,Distrito Capital de Bogotá,Prestación de servicios,Contratación directa,False,2026-01-26,2026-02-02,2026-10-16,95234000.0,En ejecución,2026,individual_professional_ai,0.97,False,True,False,False,False,False,False,
CO1.PCCNTR.8206299,CO1.BDOS.8564720,{'url': 'https://community.secop.gov.co/Public/Tendering/OpportunityDetail/Index?noticeUID=CO1.NTC.8590936&isFromPublicArea=True&isModal=true&asPopupView=true'},899999034,SENA REGIONAL PUTUMAYO Grupo de Apoyo Administrativo,Nacional,Trabajo,Putumayo,Compraventa,Contratación Directa (con ofertas),True,2025-08-15,2025-08-20,2025-09-20,280000000.0,En ejecución,2025,incidental,0.88,False,True,False,False,False,False,False,
CO1.PCCNTR.8360525,CO1.BDOS.8800720,{'url': 'https://community.secop.gov.co/Public/Tendering/OpportunityDetail/Index?noticeUID=CO1.NTC.8825916&isFromPublicArea=True&isModal=true&asPopupView=true'},800214750,INSTITUCIÓN UNIVERSITARIA ITM,Nacional,Educación Nacional,Antioquia,Prestación de servicios,Contratación directa,False,2025-09-24,2025-09-24,2025-11-05,6155880.0,En ejecución,2025,individual_professional_ai,0.95,False,True,False,False,False,False,False,
CO1.PCCNTR.6595926,CO1.BDOS.6473421,{'url': 'https://community.secop.gov.co/Public/Tendering/OpportunityDetail/Index?noticeUID=CO1.NTC.6484286&isFromPublicArea=True&isModal=true&asPopupView=true'},899999294,SERVICIO GEOLOGICO COLOMBIANO**,Nacional,Minas y Energía,Distrito Capital de Bogotá,Prestación de servicios,Contratación directa,False,2024-08-01,2024-08-01,2024-12-31,60102755.0,En ejecución,2024,individual_professional_ai,0.98,False,True,False,False,False,False,False,
CO1.PCCNTR.7633052,CO1.BDOS.7794466,{'url': 'https://community.secop.gov.co/Public/Tendering/OpportunityDetail/Index?noticeUID=CO1.NTC.7809371&isFromPublicArea=True&isModal=true&asPopupView=true'},899999004,IGAC Sede Central *,Nacional,Información Estadística,Distrito Capital de Bogotá,Prestación de servicios,Contratación directa,False,2025-03-11,2025-03-14,2025-12-31,38800000.0,Cerrado,2025,individual_professional_ai,0.97,False,True,False,False,False,False,False,
CO1.PCCNTR.8194212,CO1.BDOS.8575337,{'url': 'https://community.secop.gov.co/Public/Tendering/OpportunityDetail/Index?noticeUID=CO1.NTC.8597990&isFromPublicArea=True&isModal=true&asPopupView=true'},899999098,CAMARA DE REPRESENTANTES,Nacional,No aplica/No pertenece,Distrito Capital de Bogotá,Prestación de servicios,Contratación directa,False,2025-08-14,2025-08-19,2025-12-18,20000000.0,Cerrado,2025,individual_professional_ai,0.98,False,True,False,False,False,False,False,
CO1.PCCNTR.8243230,CO1.BDOS.8633388,{'url': 'https://community.secop.gov.co/Public/Tendering/OpportunityDetail/Index?noticeUID=CO1.NTC.8668044&isFromPublicArea=True&isModal=true&asPopupView=true'},899999034,SENA SECRETARIA GENERAL,Nacional,Trabajo,Distrito Capital de Bogotá,Prestación de servicios,Contratación directa,False,2025-08-27,2025-09-01,2025-12-31,28000000.0,Cerrado,2025,individual_professional_ai,0.88,False,True,False,False,False,False,False,
CO1.PCCNTR.6478554,CO1.BDOS.6318885,{'url': 'https://community.secop.gov.co/Public/Tendering/OpportunityDetail/Index?noticeUID=CO1.NTC.6328371&isFromPublicArea=True&isModal=true&asPopupView=true'},800214750,INSTITUCIÓN UNIVERSITARIA ITM,Nacional,Educación Nacional,Antioquia,Prestación de servicios,Contratación directa,False,2024-06-28,2024-07-02,2024-12-31,46176138.0,En ejecución,2024,individual_professional_ai,0.97,False,True,False,False,False,False,False,
CO1.PCCNTR.8963816,CO1.BDOS.9580579,{'url': 'https://community.secop.gov.co/Public/Tendering/OpportunityDetail/Index?noticeUID=CO1.NTC.9595902&isFromPublicArea=True&isModal=true&asPopupView=true'},800250984,SUPERINTENDENCIA DE SERVICIOS PÚBLICOS DOMICILIARIOS,Nacional,Planeación,Distrito Capital de Bogotá,Prestación de servicios,Contratación directa,False,2026-01-22,2026-01-26,2026-10-25,108000000.0,Modificado,2026,individual_professional_ai,0.97,False,True,False,False,False,False,False,
CO1.PCCNTR.8571431,CO1.BDOS.9045063,{'url': 'https://community.secop.gov.co/Public/Tendering/OpportunityDetail/Index?noticeUID=CO1.NTC.9097232&isFromPublicArea=True&isModal=true&asPopupView=true'},899999027,DEPARTAMENTO ADMINISTRATIVO NACIONAL DE ESTADISTICA (DANE),Nacional,Información Estadística,Distrito Capital de Bogotá,Prestación de servicios,Contratación directa,False,2025-11-12,2025-11-18,2025-12-31,27500000.0,Cerrado,2025,individual_professional_ai,0.96,False,True,False,False,False,False,False,
CO1.PCCNTR.7775407,CO1.BDOS.7973766,{'url': 'https://community.secop.gov.co/Public/Tendering/OpportunityDetail/Index?noticeUID=CO1.NTC.7991415&isFromPublicArea=True&isModal=true&asPopupView=true'},899999466,MUNICIPIO DE COGUA,Territorial,Servicio Público,Cundinamarca,Prestación de servicios,Contratación directa,False,2025-04-11,2025-04-11,2025-12-25,38250000.0,terminado,2025,individual_professional_ai,0.94,True,True,False,False,False,False,False,
CO1.PCCNTR.9976427,CO1.BDOS.10896107,{'url': 'https://community.secop.gov.co/Public/Tendering/OpportunityDetail/Index?noticeUID=CO1.NTC.10937369&isFromPublicArea=True&isModal=true&asPopupView=true'},800214750,INSTITUCIÓN UNIVERSITARIA ITM,Nacional,Educación Nacional,Antioquia,Prestación de servicios,Contratación directa,False,2026-09-22,2026-09-24,2026-11-12,5298976.0,En ejecución,2026,individual_professional_ai,0.97,False,True,False,False,False,False,False,
CO1.PCCNTR.9037541,CO1.BDOS.9604232,{'url': 'https://community.secop.gov.co/Public/Tendering/OpportunityDetail/Index?noticeUID=CO1.NTC.9672406&isFromPublicArea=True&isModal=true&asPopupView=true'},899999022,MINISTERIO DE MINAS Y ENERGIA,Nacional,Minas y Energía,Distrito Capital de Bogotá,Prestación de servicios,Contratación directa,False,2026-01-22,2026-01-26,2026-12-25,101200000.0,En ejecución,2026,individual_professional_ai,0.86,False,True,False,False,False,False,False,
CO1.PCCNTR.5144893,CO1.BDOS.4636438,{'url': 'https://community.secop.gov.co/Public/Tendering/OpportunityDetail/Index?noticeUID=CO1.NTC.4643593&isFromPublicArea=True&isModal=true&asPopupView=true'},899999034,SENA REGIONAL ATLANTICO Intercentros,Nacional,Transporte,Atlántico,Prestación de servicios,Contratación directa,False,2023-06-28,2023-06-29,2023-12-31,25010000.0,En ejecución,2023,individual_professional_ai,0.79,False,True,False,False,False,False,False,
CO1.PCCNTR.8101930,CO1.BDOS.8439835,{'url': 'https://community.secop.gov.co/Public/Tendering/OpportunityDetail/Index?noticeUID=CO1.NTC.8461382&isFromPublicArea=True&isModal=true&asPopupView=true'},807009100,CENTRO TECNOLÓGICO DE CÚCUTA,Territorial,Educación Nacional,Norte de Santander,Prestación de servicios,Contratación directa,False,2025-07-18,2025-07-21,2025-10-20,12000000.0,En ejecución,2025,individual_professional_ai,0.96,False,True,False,False,False,False,False,
CO1.PCCNTR.9538630,CO1.BDOS.10263818,{'url': 'https://community.secop.gov.co/Public/Tendering/OpportunityDetail/Index?noticeUID=CO1.NTC.10298046&isFromPublicArea=True&isModal=true&asPopupView=true'},899999004,IGAC Sede Central *,Nacional,Información Estadística,Distrito Capital de Bogotá,Prestación de servicios,Mínima cuantía,True,2026-06-01,2026-06-05,2026-07-04,4786360.0,En ejecución,2026,ai_product_or_platform,0.99,True,True,True,True,True,True,True,
CO1.PCCNTR.9800846,CO1.BDOS.10657244,{'url': 'https://community.secop.gov.co/Public/Tendering/OpportunityDetail/Index?noticeUID=CO1.NTC.10695701&isFromPublicArea=True&isModal=true&asPopupView=true'},891900853,UNIDAD CENTRAL DEL VALLE DEL CAUCA,Territorial,Educación Nacional,Valle del Cauca,Prestación de servicios,Contratación directa,False,2026-08-13,2026-08-14,2026-09-04,8000000.0,En ejecución,2026,incidental,0.88,False,True,False,False,False,False,False,
CO1.PCCNTR.8443063,CO1.BDOS.8903038,{'url': 'https://community.secop.gov.co/Public/Tendering/OpportunityDetail/Index?noticeUID=CO1.NTC.8932045&isFromPublicArea=True&isModal=true&asPopupView=true'},860037234,LOTERIA DE CUNDINAMARCA,Territorial,No aplica/No pertenece,Distrito Capital de Bogotá,Prestación de servicios,Contratación régimen especial,True,2025-11-05,2025-11-07,2025-12-22,50000000.0,terminado,2025,ai_development_service,0.88,False,True,True,True,True,True,True,
CO1.PCCNTR.7254573,CO1.BDOS.7343799,{'url': 'https://community.secop.gov.co/Public/Tendering/OpportunityDetail/Index?noticeUID=CO1.NTC.7359069&isFromPublicArea=True&isModal=true&asPopupView=true'},901140004,JEP,Nacional,No aplica/No pertenece,Distrito Capital de Bogotá,Prestación de servicios,Contratación régimen especial,False,2025-01-20,2025-01-21,2025-11-04,97520049.0,Modificado,2025,individual_professional_ai,0.82,False,True,False,False,False,False,False,
CO1.PCCNTR.8852159,CO1.BDOS.9459228,{'url': 'https://community.secop.gov.co/Public/Tendering/OpportunityDetail/Index?noticeUID=CO1.NTC.9482000&isFromPublicArea=True&isModal=true&asPopupView=true'},901508361,"AGENCIA DISTRITAL PARA LA EDUCACIÓN SUPERIOR, LA CIENCIA Y LA TECNOLOGÍA, ATENEA",Territorial,Educación Nacional,Distrito Capital de Bogotá,Prestación de servicios,Contratación directa,False,2026-01-13,2026-01-17,2026-12-16,102960000.0,En ejecución,2026,individual_professional_ai,0.96,False,True,False,False,False,False,False,
CO1.PCCNTR.6407699,CO1.BDOS.6221931,{'url': 'https://community.secop.gov.co/Public/Tendering/OpportunityDetail/Index?noticeUID=CO1.NTC.6232643&isFromPublicArea=True&isModal=true&asPopupView=true'},900477169,AGENCIA PARA LA REINCORPORACIÓN Y LA NORMALIZACIÓN,Nacional,Presidencia de la República,Distrito Capital de Bogotá,Prestación de servicios,Contratación directa,True,2024-06-12,2024-06-20,2025-06-11,29614285.0,En ejecución,2024,ai_product_or_platform,0.98,True,True,True,True,True,True,True,
CO1.PCCNTR.8633245,CO1.BDOS.9147242,{'url': 'https://community.secop.gov.co/Public/Tendering/OpportunityDetail/Index?noticeUID=CO1.NTC.9172552&isFromPublicArea=True&isModal=true&asPopupView=true'},899999034,SENA REGIONAL PUTUMAYO Grupo de Apoyo Administrativo,Nacional,Trabajo,Putumayo,Compraventa,Contratación Directa (con ofertas),True,2025-11-25,2025-12-05,2025-12-15,139996798.0,En ejecución,2025,incidental,0.91,False,True,False,False,False,False,False,
CO1.PCCNTR.7955350,CO1.BDOS.8200140,{'url': 'https://community.secop.gov.co/Public/Tendering/OpportunityDetail/Index?noticeUID=CO1.NTC.8222052&isFromPublicArea=True&isModal=true&asPopupView=true'},899999034,SENA REGIONAL DISTRITO CAPITAL Grupo Administrativo Intercentros CEET,Nacional,Trabajo,Distrito Capital de Bogotá,Compraventa,Contratación Directa (con ofertas),True,2025-06-09,2025-06-11,2025-09-10,279991899.99,terminado,2025,incidental,0.94,False,True,False,False,False,False,False,
CO1.PCCNTR.9684266,CO1.BDOS.10500614,{'url': 'https://community.secop.gov.co/Public/Tendering/OpportunityDetail/Index?noticeUID=CO1.NTC.10538263&isFromPublicArea=True&isModal=true&asPopupView=true'},800214750,INSTITUCIÓN UNIVERSITARIA ITM,Nacional,Educación Nacional,Antioquia,Prestación de servicios,Contratación directa,False,2026-07-22,2026-07-23,2026-08-27,7286092.0,En ejecución,2026,individual_professional_ai,0.98,False,True,False,False,False,False,False,
CO1.PCCNTR.8076043,CO1.BDOS.8403411,{'url': 'https://community.secop.gov.co/Public/Tendering/OpportunityDetail/Index?noticeUID=CO1.NTC.8424986&isFromPublicArea=True&isModal=true&asPopupView=true'},800214750,INSTITUCIÓN UNIVERSITARIA ITM,Nacional,Educación Nacional,Antioquia,Prestación de servicios,Contratación directa,False,2025-07-11,2025-07-11,2025-12-31,14500000.0,En ejecución,2025,incidental,0.98,False,True,False,False,False,False,False,
CO1.PCCNTR.6671303,CO1.BDOS.6572308,{'url': 'https://community.secop.gov.co/Public/Tendering/OpportunityDetail/Index?noticeUID=CO1.NTC.6588653&isFromPublicArea=True&isModal=true&asPopupView=true'},8999990619,DEPARTAMENTO ADMINISTRATIVO DEL SERVICIO CIVIL DISTRITAL,Territorial,Servicio Público,Distrito Capital de Bogotá,Prestación de servicios,Contratación directa,False,2024-08-29,2024-09-03,2025-03-02,35000000.0,En ejecución,2024,individual_professional_ai,0.91,True,True,False,False,False,False,False,
CO1.PCCNTR.8621989,CO1.BDOS.9080281,{'url': 'https://community.secop.gov.co/Public/Tendering/OpportunityDetail/Index?noticeUID=CO1.NTC.9106592&isFromPublicArea=True&isModal=true&asPopupView=true'},891380033,ALCALDIA MUNICIPAL DE BUGA,Territorial,No aplica/No pertenece,Valle del Cauca,Prestación de servicios,Mínima cuantía,True,2025-11-25,2025-11-25,2025-12-31,30000000.0,En ejecución,2025,unclear,0.86,False,True,False,False,True,True,False,unclear_label
CO1.PCCNTR.8972074,CO1.BDOS.9306217,{'url': 'https://community.secop.gov.co/Public/Tendering/OpportunityDetail/Index?noticeUID=CO1.NTC.9602825&isFromPublicArea=True&isModal=true&asPopupView=true'},899999027,DEPARTAMENTO ADMINISTRATIVO NACIONAL DE ESTADISTICA (DANE),Nacional,Información Estadística,Distrito Capital de Bogotá,Prestación de servicios,Contratación directa,False,2026-01-20,2026-01-22,2026-09-21,34256000.0,Modificado,2026,individual_professional_ai,0.96,False,True,False,False,False,False,False,
CO1.PCCNTR.7849862,CO1.BDOS.8073437,{'url': 'https://community.secop.gov.co/Public/Tendering/OpportunityDetail/Index?noticeUID=CO1.NTC.8092407&isFromPublicArea=True&isModal=true&asPopupView=true'},800252843,CORPOBOYACA,Nacional,Ambiente y Desarrollo Sostenible,Boyacá,Prestación de servicios,Contratación directa,True,2025-05-06,2025-05-07,2025-09-06,38000000.0,Cerrado,2025,incidental,0.86,False,True,False,False,False,False,False,
CO1.PCCNTR.6105425,CO1.BDOS.5841561,{'url': 'https://community.secop.gov.co/Public/Tendering/OpportunityDetail/Index?noticeUID=CO1.NTC.5849667&isFromPublicArea=True&isModal=true&asPopupView=true'},8999990619,SECRETARIA DISTRITAL DE DESARROLLO ECONOMICO - ALCALDIA BOGOTÁ,Territorial,Industria,Distrito Capital de Bogotá,Prestación de servicios,Contratación directa,False,2024-03-18,2024-03-19,2024-07-18,28000000.0,Cerrado,2024,individual_professional_ai,0.98,False,True,False,False,False,False,False,
CO1.PCCNTR.6597069,CO1.BDOS.6473176,{'url': 'https://community.secop.gov.co/Public/Tendering/OpportunityDetail/Index?noticeUID=CO1.NTC.6486029&isFromPublicArea=True&isModal=true&asPopupView=true'},899999294,SERVICIO GEOLOGICO COLOMBIANO**,Nacional,Minas y Energía,Distrito Capital de Bogotá,Prestación de servicios,Contratación directa,False,2024-08-01,2024-08-01,2024-12-31,47703170.0,En ejecución,2024,individual_professional_ai,0.97,False,True,False,False,False,False,False,
CO1.PCCNTR.6794533,CO1.BDOS.6436567,{'url': 'https://community.secop.gov.co/Public/Tendering/OpportunityDetail/Index?noticeUID=CO1.NTC.6560571&isFromPublicArea=True&isModal=true&asPopupView=true'},8001316486,FONDO UNICO DE TECNOLOGÍAS DE LA INFORMACIÓN Y LAS COMUNICACIONES,Nacional,Tecnologías de la Información y las Comunicaciones,Distrito Capital de Bogotá,Consultoría,Concurso de méritos abierto,False,2024-09-20,2024-09-27,2024-12-13,1217019855.0,En ejecución,2024,unclear,0.84,False,True,False,False,False,False,False,unclear_label
CO1.PCCNTR.9087943,CO1.BDOS.9707290,{'url': 'https://community.secop.gov.co/Public/Tendering/OpportunityDetail/Index?noticeUID=CO1.NTC.9722962&isFromPublicArea=True&isModal=true&asPopupView=true'},900323466,RUTA N MEDELLIN,Territorial,Ciencia Tecnología,Antioquia,Prestación de servicios,Contratación régimen especial,True,2026-01-24,2026-02-12,2026-06-30,147808232.0,En ejecución,2026,ai_development_service,0.99,False,True,True,True,True,True,True,
CO1.PCCNTR.7143560,CO1.BDOS.7185546,{'url': 'https://community.secop.gov.co/Public/Tendering/OpportunityDetail/Index?noticeUID=CO1.NTC.7206721&isFromPublicArea=True&isModal=true&asPopupView=true'},8001316486,FONDO UNICO DE TECNOLOGÍAS DE LA INFORMACIÓN Y LAS COMUNICACIONES,Nacional,Tecnologías de la Información y las Comunicaciones,Distrito Capital de Bogotá,Otro,Contratación directa,True,2024-12-16,2024-12-19,2027-05-19,131107663434.0,Modificado,2024,ai_development_service,0.98,False,True,True,True,True,True,True,
CO1.PCCNTR.8276062,CO1.BDOS.8606165,{'url': 'https://community.secop.gov.co/Public/Tendering/OpportunityDetail/Index?noticeUID=CO1.NTC.8629092&isFromPublicArea=True&isModal=true&asPopupView=true'},890802678,IES CINOC,Territorial,Educación Nacional,Caldas,Prestación de servicios,Mínima cuantía,False,2025-09-04,2025-09-04,2025-12-15,10193000.0,Modificado,2025,incidental,0.99,False,True,False,False,False,False,False,
CO1.PCCNTR.4618848,CO1.BDOS.3991357,{'url': 'https://community.secop.gov.co/Public/Tendering/OpportunityDetail/Index?noticeUID=CO1.NTC.3994929&isFromPublicArea=True&isModal=true&asPopupView=true'},899999011,DEPARTAMENTO NACIONAL DE PLANEACIÓN,Nacional,Planeación,Distrito Capital de Bogotá,Prestación de servicios,Contratación directa,False,2023-02-14,2023-02-15,2023-06-14,32000000.0,En ejecución,2023,individual_professional_ai,0.99,False,True,False,False,False,False,False,
CO1.PCCNTR.8798684,CO1.BDOS.9407324,{'url': 'https://community.secop.gov.co/Public/Tendering/OpportunityDetail/Index?noticeUID=CO1.NTC.9426518&isFromPublicArea=True&isModal=true&asPopupView=true'},900514813,COLOMBIA COMPRA EFICIENTE,Nacional,Planeación,Distrito Capital de Bogotá,Prestación de servicios,Contratación directa,False,2026-01-09,2026-01-19,2026-12-31,137200000.0,Modificado,2026,individual_professional_ai,0.78,False,True,False,False,False,False,False,
CO1.PCCNTR.5999380,CO1.BDOS.5702613,{'url': 'https://community.secop.gov.co/Public/Tendering/OpportunityDetail/Index?noticeUID=CO1.NTC.5723608&isFromPublicArea=True&isModal=true&asPopupView=true'},899999294,SERVICIO GEOLOGICO COLOMBIANO**,Nacional,Minas y Energía,Distrito Capital de Bogotá,Prestación de servicios,Contratación directa,False,2024-02-23,2024-02-23,2024-12-31,104360256.0,En ejecución,2024,individual_professional_ai,0.92,False,True,False,False,False,False,False,
CO1.PCCNTR.8634425,CO1.BDOS.9162511,{'url': 'https://community.secop.gov.co/Public/Tendering/OpportunityDetail/Index?noticeUID=CO1.NTC.9189420&isFromPublicArea=True&isModal=true&asPopupView=true'},800214750,INSTITUCIÓN UNIVERSITARIA ITM,Nacional,Educación Nacional,Antioquia,Prestación de servicios,Contratación directa,False,2025-11-25,2025-11-25,2025-12-09,4334400.0,En ejecución,2025,individual_professional_ai,0.97,False,True,False,False,False,False,False,
CO1.PCCNTR.9302584,CO1.BDOS.9907860,{'url': 'https://community.secop.gov.co/Public/Tendering/OpportunityDetail/Index?noticeUID=CO1.NTC.9933572&isFromPublicArea=True&isModal=true&asPopupView=true'},830115226,MINTRABAJO NIVEL CENTRAL*/,Nacional,Trabajo,Distrito Capital de Bogotá,Prestación de servicios,Contratación directa,False,2026-01-30,2026-02-02,2026-10-01,63200000.0,En ejecución,2026,individual_professional_ai,0.97,False,True,False,False,False,False,False,
CO1.PCCNTR.8520834,CO1.BDOS.9012927,{'url': 'https://community.secop.gov.co/Public/Tendering/OpportunityDetail/Index?noticeUID=CO1.NTC.9037052&isFromPublicArea=True&isModal=true&asPopupView=true'},901140004,JEP,Nacional,No aplica/No pertenece,Distrito Capital de Bogotá,Prestación de servicios,Contratación régimen especial,False,2025-11-05,2025-11-06,2026-07-31,95368898.0,En ejecución,2025,individual_professional_ai,0.78,False,True,False,False,False,False,False,
CO1.PCCNTR.6067951,CO1.BDOS.5770127,{'url': 'https://community.secop.gov.co/Public/Tendering/OpportunityDetail/Index?noticeUID=CO1.NTC.5802672&isFromPublicArea=True&isModal=true&asPopupView=true'},860523694,ESCUELA TECNOLÓGICA INSTITUTO TÉCNICO CENTRAL,Nacional,Educación Nacional,Distrito Capital de Bogotá,Prestación de servicios,Contratación directa,False,2024-03-12,2024-03-12,2024-06-30,11081336.0,En ejecución,2024,individual_professional_ai,0.92,False,True,False,False,False,False,False,
CO1.PCCNTR.8655158,CO1.BDOS.9171358,{'url': 'https://community.secop.gov.co/Public/Tendering/OpportunityDetail/Index?noticeUID=CO1.NTC.9196363&isFromPublicArea=True&isModal=true&asPopupView=true'},8909801366,POLITECNICO COLOMBIANO JAIME ISAZA CADAVID,Territorial,No aplica/No pertenece,Antioquia,Prestación de servicios,Contratación directa,True,2025-12-02,2025-12-04,2025-12-30,11460000.0,En ejecución,2025,incidental,0.98,False,True,False,False,False,False,False,
CO1.PCCNTR.7629655,CO1.BDOS.7785464,{'url': 'https://community.secop.gov.co/Public/Tendering/OpportunityDetail/Index?noticeUID=CO1.NTC.7804084&isFromPublicArea=True&isModal=true&asPopupView=true'},901508361,"AGENCIA DISTRITAL PARA LA EDUCACIÓN SUPERIOR, LA CIENCIA Y LA TECNOLOGÍA, ATENEA",Territorial,Educación Nacional,Distrito Capital de Bogotá,Prestación de servicios,Contratación directa,False,2025-03-12,2025-03-14,2026-01-13,87000000.0,cedido,2025,individual_professional_ai,0.98,False,True,False,False,False,False,False,
CO1.PCCNTR.8581807,CO1.BDOS.9085702,{'url': 'https://community.secop.gov.co/Public/Tendering/OpportunityDetail/Index?noticeUID=CO1.NTC.9114296&isFromPublicArea=True&isModal=true&asPopupView=true'},890399011,SANTIAGO DE CALI DISTRITO ESPECIAL - SECRETARIA DE MOVILIDAD,Territorial,Transporte,Valle del Cauca,Otro,Contratación directa,True,2025-11-13,2025-11-24,2026-03-30,700000000.0,Modificado,2025,ai_development_service,0.93,False,True,True,True,True,True,True,
CO1.PCCNTR.8162651,CO1.BDOS.8529346,{'url': 'https://community.secop.gov.co/Public/Tendering/OpportunityDetail/Index?noticeUID=CO1.NTC.8551028&isFromPublicArea=True&isModal=true&asPopupView=true'},891801932,MUNICIPIO DE COMBITA,Territorial,Servicio Público,Boyacá,Prestación de servicios,Contratación directa,False,2025-08-04,2025-08-04,2025-12-23,12133300.0,terminado,2025,individual_professional_ai,0.88,False,True,False,False,False,False,False,
CO1.PCCNTR.8646120,CO1.BDOS.8898114,{'url': 'https://community.secop.gov.co/Public/Tendering/OpportunityDetail/Index?noticeUID=CO1.NTC.9073690&isFromPublicArea=True&isModal=true&asPopupView=true'},800141379,DIRECCION DE ANTINARCOTICOS,Nacional,defensa,Distrito Capital de Bogotá,Compraventa,Selección abreviada subasta inversa,True,2025-12-02,2025-12-03,2025-12-15,1107000000.0,En ejecución,2025,ai_product_or_platform,0.98,False,True,True,True,True,True,True,
CO1.PCCNTR.6055142,CO1.BDOS.5654401,{'url': 'https://community.secop.gov.co/Public/Tendering/OpportunityDetail/Index?noticeUID=CO1.NTC.5787883&isFromPublicArea=True&isModal=true&asPopupView=true'},891580016,GOBERNACIÓN DEL CAUCA,Territorial,Servicio Público,Cauca,Prestación de servicios,Contratación directa,False,2024-03-07,2024-03-11,2024-07-11,16800000.0,Cerrado,2024,incidental,0.87,False,True,False,False,False,False,False,
CO1.PCCNTR.8482256,CO1.BDOS.8961542,{'url': 'https://community.secop.gov.co/Public/Tendering/OpportunityDetail/Index?noticeUID=CO1.NTC.8988901&isFromPublicArea=True&isModal=true&asPopupView=true'},800214750,INSTITUCIÓN UNIVERSITARIA ITM,Nacional,Educación Nacional,Antioquia,Prestación de servicios,Contratación directa,False,2025-10-22,2025-10-22,2025-12-31,9863014.0,En ejecución,2025,incidental,0.95,False,True,False,False,False,False,False,
CO1.PCCNTR.9684641,CO1.BDOS.10500904,{'url': 'https://community.secop.gov.co/Public/Tendering/OpportunityDetail/Index?noticeUID=CO1.NTC.10538606&isFromPublicArea=True&isModal=true&asPopupView=true'},800214750,INSTITUCIÓN UNIVERSITARIA ITM,Nacional,Educación Nacional,Antioquia,Prestación de servicios,Contratación directa,False,2026-07-21,2026-07-21,2026-08-25,7286092.0,En ejecución,2026,individual_professional_ai,0.97,False,True,False,False,False,False,False,
CO1.PCCNTR.8320123,CO1.BDOS.8722618,{'url': 'https://community.secop.gov.co/Public/Tendering/OpportunityDetail/Index?noticeUID=CO1.NTC.8771230&isFromPublicArea=True&isModal=true&asPopupView=true'},900457461,MINISTERIO DE JUSTICIA Y DEL DERECHO.,Nacional,Ley de Justicia,Distrito Capital de Bogotá,Prestación de servicios,Contratación régimen especial,True,2025-09-15,2025-09-22,2025-12-19,748553625.0,En ejecución,2025,ai_development_service,0.91,False,True,True,True,True,True,True,
CO1.PCCNTR.8527570,CO1.BDOS.9021726,{'url': 'https://community.secop.gov.co/Public/Tendering/OpportunityDetail/Index?noticeUID=CO1.NTC.9045800&isFromPublicArea=True&isModal=true&asPopupView=true'},8001136727,GOBIERNO DEPARTAMENTAL,Territorial,Servicio Público,Tolima,Otro,Contratación directa,True,2025-11-05,2025-11-18,2026-05-31,202971429.0,Suspendido,2025,incidental,0.97,False,True,False,False,False,False,False,
CO1.PCCNTR.4912858,CO1.BDOS.4352193,{'url': 'https://community.secop.gov.co/Public/Tendering/OpportunityDetail/Index?noticeUID=CO1.NTC.4356440&isFromPublicArea=True&isModal=true&asPopupView=true'},890204594,Instituto Municipal de Cultura y Turismo de Bucaramanga,Territorial,Cultura,Santander,Prestación de servicios,Contratación directa,True,2023-04-28,2023-04-28,2023-12-27,42150000.0,terminado,2023,ai_product_or_platform,0.88,False,True,True,True,True,True,True,
CO1.PCCNTR.7969839,CO1.BDOS.8248394,{'url': 'https://community.secop.gov.co/Public/Tendering/OpportunityDetail/Index?noticeUID=CO1.NTC.8270454&isFromPublicArea=True&isModal=true&asPopupView=true'},899999034,CENTRO DE COMERCIO Y SERVICIOS - SENA REGIONAL CAUCA,Nacional,Trabajo,Cauca,Prestación de servicios,Contratación directa,False,2025-06-11,2025-06-13,2025-12-11,19800000.0,En ejecución,2025,individual_professional_ai,0.94,False,True,False,False,False,False,False,
CO1.PCCNTR.7834309,CO1.BDOS.8050946,{'url': 'https://community.secop.gov.co/Public/Tendering/OpportunityDetail/Index?noticeUID=CO1.NTC.8069559&isFromPublicArea=True&isModal=true&asPopupView=true'},899999034,SENA REGIONAL QUINDIO Grupo de Apoyo Administrativo Mixto,Nacional,Trabajo,Quindío,Prestación de servicios,Contratación directa,True,2025-04-30,2025-05-06,2025-06-05,140000000.0,En ejecución,2025,incidental,0.94,False,True,False,False,False,False,False,
CO1.PCCNTR.8826981,CO1.BDOS.9443078,{'url': 'https://community.secop.gov.co/Public/Tendering/OpportunityDetail/Index?noticeUID=CO1.NTC.9457131&isFromPublicArea=True&isModal=true&asPopupView=true'},899999062,CORPORACION AUTONOMA REGIONAL DE CUNDINAMARCA - CAR.,Corporación Autónoma,Ambiente y Desarrollo Sostenible,Distrito Capital de Bogotá,Prestación de servicios,Contratación directa,False,2026-01-13,2026-01-19,2026-06-30,50832690.0,En ejecución,2026,individual_professional_ai,0.94,False,True,False,False,False,False,False,
CO1.PCCNTR.8561114,CO1.BDOS.8821426,{'url': 'https://community.secop.gov.co/Public/Tendering/OpportunityDetail/Index?noticeUID=CO1.NTC.8933699&isFromPublicArea=True&isModal=true&asPopupView=true'},899999446,INSTITUTO PARA LA ECONOMIA SOCIAL- IPES,Nacional,Industria,Distrito Capital de Bogotá,Compraventa,Selección abreviada subasta inversa,True,2025-11-14,2025-11-20,2026-11-19,755665005.0,En ejecución,2025,ai_product_or_platform,0.88,True,True,True,True,True,True,True,
CO1.PCCNTR.6516984,CO1.BDOS.6372343,{'url': 'https://community.secop.gov.co/Public/Tendering/OpportunityDetail/Index?noticeUID=CO1.NTC.6382532&isFromPublicArea=True&isModal=true&asPopupView=true'},8001316486,FONDO UNICO DE TECNOLOGÍAS DE LA INFORMACIÓN Y LAS COMUNICACIONES,Nacional,Tecnologías de la Información y las Comunicaciones,Distrito Capital de Bogotá,Prestación de servicios,Contratación directa,False,2024-07-10,2024-07-18,2024-12-31,67439166.66,En ejecución,2024,incidental,0.91,False,True,False,False,False,False,False,
CO1.PCCNTR.8239044,CO1.BDOS.8638085,{'url': 'https://community.secop.gov.co/Public/Tendering/OpportunityDetail/Index?noticeUID=CO1.NTC.8660589&isFromPublicArea=True&isModal=true&asPopupView=true'},800214750,INSTITUCIÓN UNIVERSITARIA ITM,Nacional,Educación Nacional,Antioquia,Prestación de servicios,Contratación directa,False,2025-08-26,2025-08-26,2025-10-07,6155880.0,En ejecución,2025,individual_professional_ai,0.98,False,True,False,False,False,False,False,
CO1.PCCNTR.6068696,CO1.BDOS.5797269,{'url': 'https://community.secop.gov.co/Public/Tendering/OpportunityDetail/Index?noticeUID=CO1.NTC.5804514&isFromPublicArea=True&isModal=true&asPopupView=true'},891580016,GOBERNACIÓN DEL CAUCA,Territorial,Servicio Público,Cauca,Prestación de servicios,Contratación directa,False,2024-03-10,2024-03-12,2024-07-12,16800000.0,Cerrado,2024,individual_professional_ai,0.88,False,True,False,False,False,False,False,
CO1.PCCNTR.8743446,CO1.BDOS.9324783,{'url': 'https://community.secop.gov.co/Public/Tendering/OpportunityDetail/Index?noticeUID=CO1.NTC.9349963&isFromPublicArea=True&isModal=true&asPopupView=true'},811031484,CONTRALORIA MUNICIPAL DE ENVIGADO,Territorial,Servicio Público,Antioquia,Otro,Contratación directa,True,2025-12-30,2025-12-30,2026-01-30,0.0,En ejecución,2025,ai_product_or_platform,0.96,False,True,False,False,False,False,False,core_zero_value
CO1.PCCNTR.8144243,CO1.BDOS.8415975,{'url': 'https://community.secop.gov.co/Public/Tendering/OpportunityDetail/Index?noticeUID=CO1.NTC.8515550&isFromPublicArea=True&isModal=true&asPopupView=true'},890501434,MUNICIPIO DE SAN JOSE DE CUCUTA.,Territorial,Servicio Público,Norte de Santander,Prestación de servicios,Contratación directa,True,2025-07-30,2025-08-11,2026-03-31,549425000.39,Modificado,2025,ai_product_or_platform,0.91,False,True,True,True,True,True,True,
CO1.PCCNTR.9058508,CO1.BDOS.9680137,{'url': 'https://community.secop.gov.co/Public/Tendering/OpportunityDetail/Index?noticeUID=CO1.NTC.9693203&isFromPublicArea=True&isModal=true&asPopupView=true'},800214750,INSTITUCIÓN UNIVERSITARIA ITM,Nacional,Educación Nacional,Antioquia,Prestación de servicios,Contratación directa,False,2026-01-22,2026-01-22,2026-04-05,9866667.0,Modificado,2026,individual_professional_ai,0.91,False,True,False,False,False,False,False,
CO1.PCCNTR.9728181,CO1.BDOS.10562410,{'url': 'https://community.secop.gov.co/Public/Tendering/OpportunityDetail/Index?noticeUID=CO1.NTC.10599654&isFromPublicArea=True&isModal=true&asPopupView=true'},9012516946,REGIÓN ADMINISTRATIVA Y DE PLANIFICACIÓN RAP - EJE CAFETERO,Territorial,Planeación,Quindío,Prestación de servicios,Contratación directa,False,2026-07-29,2026-08-04,2026-12-16,20700000.0,En ejecución,2026,individual_professional_ai,0.96,False,True,False,False,False,False,False,
CO1.PCCNTR.5423876,CO1.BDOS.5000494,{'url': 'https://community.secop.gov.co/Public/Tendering/OpportunityDetail/Index?noticeUID=CO1.NTC.5012555&isFromPublicArea=True&isModal=true&asPopupView=true'},8604017349,CORPORACIÓN UNIFICADA NACIONAL DE EDUCACIÓN SUPERIOR-CUN,Nacional,Educación Nacional,Distrito Capital de Bogotá,Decreto 092 de 2017,Contratación régimen especial,True,2023-09-29,2023-09-29,2025-08-31,352329569.0,Modificado,2023,ai_product_or_platform,0.77,False,True,True,True,True,True,True,core_low_conf
CO1.PCCNTR.6547497,CO1.BDOS.6383030,{'url': 'https://community.secop.gov.co/Public/Tendering/OpportunityDetail/Index?noticeUID=CO1.NTC.6423761&isFromPublicArea=True&isModal=true&asPopupView=true'},891580016,GOBERNACIÓN DEL CAUCA,Territorial,Servicio Público,Cauca,Prestación de servicios,Contratación directa,False,2024-07-23,2024-07-25,2024-12-26,21000000.0,Cerrado,2024,incidental,0.84,False,True,False,False,False,False,False,
CO1.PCCNTR.7270739,CO1.BDOS.7348111,{'url': 'https://community.secop.gov.co/Public/Tendering/OpportunityDetail/Index?noticeUID=CO1.NTC.7378725&isFromPublicArea=True&isModal=true&asPopupView=true'},899999034,SENA SECRETARIA GENERAL,Nacional,Trabajo,Distrito Capital de Bogotá,Prestación de servicios,Contratación directa,False,2025-01-20,2025-01-20,2025-12-31,137999995.0,terminado,2025,individual_professional_ai,0.87,False,True,False,False,False,False,False,
CO1.PCCNTR.9093667,CO1.BDOS.9709467,{'url': 'https://community.secop.gov.co/Public/Tendering/OpportunityDetail/Index?noticeUID=CO1.NTC.9729096&isFromPublicArea=True&isModal=true&asPopupView=true'},830000212,COMISIÓN DE REGULACIÓN DE AGUA POTABLE Y SANEAMIENTO BÁSICO.,Nacional,"Vivienda, Ciudad y Territorio",Distrito Capital de Bogotá,Prestación de servicios,Contratación directa,False,2026-01-23,2026-01-27,2026-10-26,57098667.0,terminado,2026,individual_professional_ai,0.98,False,True,False,False,False,False,False,
CO1.PCCNTR.9746022,CO1.BDOS.10585100,{'url': 'https://community.secop.gov.co/Public/Tendering/OpportunityDetail/Index?noticeUID=CO1.NTC.10622887&isFromPublicArea=True&isModal=true&asPopupView=true'},891855130,MUNICIPIO DE SOGAMOSO,Territorial,Servicio Público,Boyacá,Prestación de servicios,Contratación directa,False,2026-08-03,2026-08-04,2026-11-03,11400000.0,En ejecución,2026,individual_professional_ai,0.96,False,True,False,False,False,False,False,
CO1.PCCNTR.6515069,CO1.BDOS.6361554,{'url': 'https://community.secop.gov.co/Public/Tendering/OpportunityDetail/Index?noticeUID=CO1.NTC.6379091&isFromPublicArea=True&isModal=true&asPopupView=true'},899999296,MINCIENCIAS,Nacional,Ciencia Tecnología,Distrito Capital de Bogotá,Prestación de servicios,Contratación directa,False,2024-07-09,2024-07-12,2024-12-31,22533333.0,Cerrado,2024,individual_professional_ai,0.97,False,True,False,False,False,False,False,
CO1.PCCNTR.4447516,CO1.BDOS.3805029,{'url': 'https://community.secop.gov.co/Public/Tendering/OpportunityDetail/Index?noticeUID=CO1.NTC.3806803&isFromPublicArea=True&isModal=true&asPopupView=true'},860024301,INSTITUTO COLOMBIANO PARA LA EVALUACIÓN DE LA EDUCACIÓN - ICFES,Nacional,Educación Nacional,Distrito Capital de Bogotá,Prestación de servicios,Contratación régimen especial,False,2023-01-23,2023-01-25,2023-05-24,20800000.0,Cerrado,2023,individual_professional_ai,0.96,False,True,False,False,False,False,False,
CO1.PCCNTR.8647924,CO1.BDOS.9182244,{'url': 'https://community.secop.gov.co/Public/Tendering/OpportunityDetail/Index?noticeUID=CO1.NTC.9207583&isFromPublicArea=True&isModal=true&asPopupView=true'},900265408,SOCIEDAD DE ACTIVOS ESPECIALES SAS,Nacional,Hacienda y Crédito Público,Distrito Capital de Bogotá,Prestación de servicios,Contratación régimen especial,True,2025-12-02,2025-12-04,2026-08-03,357000000.0,Modificado,2025,ai_development_service,0.97,False,True,True,True,True,True,True,
CO1.PCCNTR.8917030,CO1.BDOS.9292357,{'url': 'https://community.secop.gov.co/Public/Tendering/OpportunityDetail/Index?noticeUID=CO1.NTC.9549705&isFromPublicArea=True&isModal=true&asPopupView=true'},899999294,SERVICIO GEOLOGICO COLOMBIANO**,Nacional,Minas y Energía,Distrito Capital de Bogotá,Prestación de servicios,Contratación directa,False,2026-01-16,2026-01-16,2026-12-14,92400000.0,En ejecución,2026,individual_professional_ai,0.92,False,True,False,False,False,False,False,
CO1.PCCNTR.7929313,CO1.BDOS.8190250,{'url': 'https://community.secop.gov.co/Public/Tendering/OpportunityDetail/Index?noticeUID=CO1.NTC.8212118&isFromPublicArea=True&isModal=true&asPopupView=true'},800103927,Gobernación Norte de Santander*,Territorial,No aplica/No pertenece,Norte de Santander,Prestación de servicios,Contratación directa,False,2025-05-29,2025-06-03,2025-12-30,17333333.0,terminado,2025,individual_professional_ai,0.68,False,True,False,False,False,False,False,
CO1.PCCNTR.6631670,CO1.BDOS.6525673,{'url': 'https://community.secop.gov.co/Public/Tendering/OpportunityDetail/Index?noticeUID=CO1.NTC.6535543&isFromPublicArea=True&isModal=true&asPopupView=true'},8001316486,FONDO UNICO DE TECNOLOGÍAS DE LA INFORMACIÓN Y LAS COMUNICACIONES,Nacional,Tecnologías de la Información y las Comunicaciones,Distrito Capital de Bogotá,Prestación de servicios,Contratación directa,False,2024-08-13,2024-08-15,2024-12-31,60870417.0,En ejecución,2024,individual_professional_ai,0.98,False,True,False,False,False,False,False,
CO1.PCCNTR.8828007,CO1.BDOS.9323745,{'url': 'https://community.secop.gov.co/Public/Tendering/OpportunityDetail/Index?noticeUID=CO1.NTC.9457961&isFromPublicArea=True&isModal=true&asPopupView=true'},899999027,DEPARTAMENTO ADMINISTRATIVO NACIONAL DE ESTADISTICA (DANE),Nacional,Información Estadística,Distrito Capital de Bogotá,Prestación de servicios,Contratación directa,False,2026-01-11,2026-01-14,2026-10-28,76475000.0,En ejecución,2026,individual_professional_ai,0.94,False,True,False,False,False,False,False,
CO1.PCCNTR.8227481,CO1.BDOS.8621749,{'url': 'https://community.secop.gov.co/Public/Tendering/OpportunityDetail/Index?noticeUID=CO1.NTC.8644725&isFromPublicArea=True&isModal=true&asPopupView=true'},901736641,INSTITUCION UNIVERSITARIA DE SANTA MARTA,Territorial,Educación Nacional,Magdalena,Prestación de servicios,Contratación directa,False,2025-08-22,2025-08-25,2025-11-30,22750000.0,En ejecución,2025,individual_professional_ai,0.88,False,True,False,False,False,False,False,
CO1.PCCNTR.9886258,CO1.BDOS.10713334,{'url': 'https://community.secop.gov.co/Public/Tendering/OpportunityDetail/Index?noticeUID=CO1.NTC.10751589&isFromPublicArea=True&isModal=true&asPopupView=true'},891856131,MUNICIPIO DE TASCO,Territorial,Servicio Público,Boyacá,Prestación de servicios,Mínima cuantía,True,2026-09-01,,2026-12-31,45000000.0,Aprobado,2026,incidental,0.78,False,True,False,False,False,False,False,incidental_low_conf_AI_text
CO1.PCCNTR.8765143,CO1.BDOS.9360189,{'url': 'https://community.secop.gov.co/Public/Tendering/OpportunityDetail/Index?noticeUID=CO1.NTC.9380487&isFromPublicArea=True&isModal=true&asPopupView=true'},901140004,JEP,Nacional,No aplica/No pertenece,Distrito Capital de Bogotá,Prestación de servicios,Contratación régimen especial,False,2026-01-16,2026-01-19,2026-12-19,124051264.0,En ejecución,2026,individual_professional_ai,0.73,False,True,False,False,False,False,False,
CO1.PCCNTR.6684704,CO1.BDOS.6318423,{'url': 'https://community.secop.gov.co/Public/Tendering/OpportunityDetail/Index?noticeUID=CO1.NTC.6421297&isFromPublicArea=True&isModal=true&asPopupView=true'},899999011,DEPARTAMENTO NACIONAL DE PLANEACIÓN,Nacional,Planeación,Distrito Capital de Bogotá,Consultoría,Concurso de méritos abierto,True,2024-08-30,2024-09-10,2024-12-09,379189500.0,terminado,2024,incidental,0.94,False,True,False,False,False,False,False,
CO1.PCCNTR.7380079,CO1.BDOS.7478224,{'url': 'https://community.secop.gov.co/Public/Tendering/OpportunityDetail/Index?noticeUID=CO1.NTC.7504182&isFromPublicArea=True&isModal=true&asPopupView=true'},8999990619,SECRETARIA DE EDUCACION DEL DISTRITO,Territorial,Educación Nacional,Distrito Capital de Bogotá,Prestación de servicios,Contratación directa,False,2025-01-31,2025-02-04,2025-08-31,103000000.0,Cerrado,2025,individual_professional_ai,0.91,False,True,False,False,False,False,False,
CO1.PCCNTR.6288802,CO1.BDOS.6065195,{'url': 'https://community.secop.gov.co/Public/Tendering/OpportunityDetail/Index?noticeUID=CO1.NTC.6073710&isFromPublicArea=True&isModal=true&asPopupView=true'},901158482,Unidad de Busqueda de Personas Desaparecidas,Nacional,Ley de Justicia,Distrito Capital de Bogotá,Prestación de servicios,Contratación directa,False,2024-05-06,2024-05-07,2024-12-31,72828600.0,Cerrado,2024,individual_professional_ai,0.73,False,True,False,False,False,False,False,
CO1.PCCNTR.7843818,CO1.BDOS.7831109,{'url': 'https://community.secop.gov.co/Public/Tendering/OpportunityDetail/Index?noticeUID=CO1.NTC.7964372&isFromPublicArea=True&isModal=true&asPopupView=true'},890801053,MUNICIPIO DE MANIZALES,Territorial,Servicio Público,Caldas,Prestación de servicios,Selección Abreviada de Menor Cuantía,True,2025-05-14,2025-05-15,2025-12-30,206400000.0,Modificado,2025,ai_development_service,0.66,False,True,True,True,True,True,True,core_low_conf
CO1.PCCNTR.8303779,CO1.BDOS.8726093,{'url': 'https://community.secop.gov.co/Public/Tendering/OpportunityDetail/Index?noticeUID=CO1.NTC.8749756&isFromPublicArea=True&isModal=true&asPopupView=true'},891800475,MUNICIPIO DE CHIQUINQUIRA+,Territorial,Servicio Público,Boyacá,Prestación de servicios,Contratación directa,False,2025-09-09,2025-09-10,2025-09-19,3000000.0,Cerrado,2025,individual_professional_ai,0.83,False,True,False,False,False,False,False,
CO1.PCCNTR.6721656,CO1.BDOS.6465131,{'url': 'https://community.secop.gov.co/Public/Tendering/OpportunityDetail/Index?noticeUID=CO1.NTC.6534177&isFromPublicArea=True&isModal=true&asPopupView=true'},900528648,AGENCIA ITRC,Nacional,Hacienda y Crédito Público,Distrito Capital de Bogotá,Compraventa,Selección abreviada subasta inversa,True,2024-09-10,2024-09-17,2024-10-16,319994570.0,En ejecución,2024,ai_product_or_platform,0.82,True,True,True,True,True,True,True,core_low_conf
CO1.PCCNTR.7657168,CO1.BDOS.7826209,{'url': 'https://community.secop.gov.co/Public/Tendering/OpportunityDetail/Index?noticeUID=CO1.NTC.7840847&isFromPublicArea=True&isModal=true&asPopupView=true'},800103923,GOBERNACION DE NARIÑO,Territorial,No aplica/No pertenece,Nariño,Prestación de servicios,Contratación directa,False,2025-03-14,2025-03-14,2026-06-19,166543333.0,Modificado,2025,individual_professional_ai,0.91,False,True,False,False,False,False,False,
CO1.PCCNTR.9266133,CO1.BDOS.9878417,{'url': 'https://community.secop.gov.co/Public/Tendering/OpportunityDetail/Index?noticeUID=CO1.NTC.9898301&isFromPublicArea=True&isModal=true&asPopupView=true'},890505253,CORPORACION AUTONOMA REGIONAL DE LA FRONTERA NORORIENTAL+,Corporación Autónoma,Ambiente y Desarrollo Sostenible,Norte de Santander,Prestación de servicios,Contratación directa,False,2026-01-29,2026-02-03,2026-06-02,16000000.0,En ejecución,2026,individual_professional_ai,0.96,False,True,False,False,False,False,False,
CO1.PCCNTR.5292536,CO1.BDOS.4826997,{'url': 'https://community.secop.gov.co/Public/Tendering/OpportunityDetail/Index?noticeUID=CO1.NTC.4835835&isFromPublicArea=True&isModal=true&asPopupView=true'},899999004,IGAC Sede Central *,Nacional,Información Estadística,Distrito Capital de Bogotá,Prestación de servicios,Contratación directa,False,2023-08-14,2023-08-15,2023-12-30,43419963.0,Cerrado,2023,individual_professional_ai,0.98,False,True,False,False,False,False,False,
CO1.PCCNTR.8998948,CO1.BDOS.9601617,{'url': 'https://community.secop.gov.co/Public/Tendering/OpportunityDetail/Index?noticeUID=CO1.NTC.9627066&isFromPublicArea=True&isModal=true&asPopupView=true'},899999034,SENA REGIONAL ATLANTICO Intercentros,Nacional,Transporte,Atlántico,Prestación de servicios,Contratación directa,False,2026-01-20,2026-02-02,2026-12-16,49427886.0,Modificado,2026,individual_professional_ai,0.91,False,True,False,False,False,False,False,
CO1.PCCNTR.6673509,CO1.BDOS.6571283,{'url': 'https://community.secop.gov.co/Public/Tendering/OpportunityDetail/Index?noticeUID=CO1.NTC.6591062&isFromPublicArea=True&isModal=true&asPopupView=true'},890102006,DEPARTAMENTO DEL ATLANTICO**,Territorial,Servicio Público,Atlántico,Prestación de servicios,Contratación directa,True,2024-08-28,2024-08-28,2025-08-22,7159232.0,terminado,2024,ai_product_or_platform,0.98,False,True,True,True,True,True,True,
CO1.PCCNTR.8952874,CO1.BDOS.9491363,{'url': 'https://community.secop.gov.co/Public/Tendering/OpportunityDetail/Index?noticeUID=CO1.NTC.9585502&isFromPublicArea=True&isModal=true&asPopupView=true'},900457461,MINISTERIO DE JUSTICIA Y DEL DERECHO.,Nacional,Ley de Justicia,Distrito Capital de Bogotá,Prestación de servicios,Contratación directa,False,2026-01-17,2026-01-19,2026-12-31,72870168.0,Modificado,2026,individual_professional_ai,0.98,False,True,False,False,False,False,False,
CO1.PCCNTR.7017627,CO1.BDOS.6758336,{'url': 'https://community.secop.gov.co/Public/Tendering/OpportunityDetail/Index?noticeUID=CO1.NTC.6860442&isFromPublicArea=True&isModal=true&asPopupView=true'},830090486,DITRA,Nacional,defensa,Distrito Capital de Bogotá,Compraventa,Selección abreviada subasta inversa,True,2024-11-25,2024-11-27,2024-12-20,64803426.0,En ejecución,2024,ai_product_or_platform,0.62,False,True,True,True,True,True,True,core_low_conf
CO1.PCCNTR.5900758,CO1.BDOS.5595835,{'url': 'https://community.secop.gov.co/Public/Tendering/OpportunityDetail/Index?noticeUID=CO1.NTC.5603409&isFromPublicArea=True&isModal=true&asPopupView=true'},900498879,UNIDAD ADMINISTRATIVA ESPECIAL DE GESTION DE RESTITUCION DE TIERRAS DESPOJADAS**,Nacional,Inclusión Social y Reconciliación,Distrito Capital de Bogotá,Prestación de servicios,Contratación directa,False,2024-02-09,2024-02-12,2024-12-31,92502300.0,Cerrado,2024,individual_professional_ai,0.99,False,True,False,False,False,False,False,
CO1.PCCNTR.6549659,CO1.BDOS.6413786,{'url': 'https://community.secop.gov.co/Public/Tendering/OpportunityDetail/Index?noticeUID=CO1.NTC.6426663&isFromPublicArea=True&isModal=true&asPopupView=true'},899999296,MINCIENCIAS,Nacional,Ciencia Tecnología,Distrito Capital de Bogotá,Prestación de servicios,Contratación directa,False,2024-07-19,2024-07-26,2024-12-31,46500000.0,Cerrado,2024,individual_professional_ai,0.91,False,True,False,False,False,False,False,
CO1.PCCNTR.5001103,CO1.BDOS.4463441,{'url': 'https://community.secop.gov.co/Public/Tendering/OpportunityDetail/Index?noticeUID=CO1.NTC.4467612&isFromPublicArea=True&isModal=true&asPopupView=true'},860024301,INSTITUTO COLOMBIANO PARA LA EVALUACIÓN DE LA EDUCACIÓN - ICFES,Nacional,Educación Nacional,Distrito Capital de Bogotá,Prestación de servicios,Contratación régimen especial,False,2023-05-25,2023-05-25,2023-12-31,37440000.0,Cerrado,2023,individual_professional_ai,0.95,False,True,False,False,False,False,False,
CO1.PCCNTR.6491592,CO1.BDOS.6291106,{'url': 'https://community.secop.gov.co/Public/Tendering/OpportunityDetail/Index?noticeUID=CO1.NTC.6345327&isFromPublicArea=True&isModal=true&asPopupView=true'},891580016,GOBERNACIÓN DEL CAUCA,Territorial,Servicio Público,Cauca,Prestación de servicios,Contratación directa,False,2024-07-08,2024-07-09,2024-12-25,22800000.0,Cerrado,2024,individual_professional_ai,0.72,False,True,False,False,False,False,False,
CO1.PCCNTR.7550159,CO1.BDOS.7689203,{'url': 'https://community.secop.gov.co/Public/Tendering/OpportunityDetail/Index?noticeUID=CO1.NTC.7703258&isFromPublicArea=True&isModal=true&asPopupView=true'},899999004,IGAC Sede Central *,Nacional,Información Estadística,Distrito Capital de Bogotá,Prestación de servicios,Contratación directa,False,2025-02-26,2025-02-27,2025-12-26,40000000.0,Cerrado,2025,individual_professional_ai,0.88,False,True,False,False,False,False,False,
CO1.PCCNTR.8921402,CO1.BDOS.9537699,{'url': 'https://community.secop.gov.co/Public/Tendering/OpportunityDetail/Index?noticeUID=CO1.NTC.9553065&isFromPublicArea=True&isModal=true&asPopupView=true'},899999034,SENA REGIONAL VALLE Grupo de Apoyo Administrativo Mixto,Nacional,Educación Nacional,Valle del Cauca,Prestación de servicios,Contratación directa,False,2026-01-16,2026-02-01,2026-12-31,66699996.0,Modificado,2026,individual_professional_ai,0.96,False,True,False,False,False,False,False,
CO1.PCCNTR.9057879,CO1.BDOS.9679668,{'url': 'https://community.secop.gov.co/Public/Tendering/OpportunityDetail/Index?noticeUID=CO1.NTC.9692907&isFromPublicArea=True&isModal=true&asPopupView=true'},800214750,INSTITUCIÓN UNIVERSITARIA ITM,Nacional,Educación Nacional,Antioquia,Prestación de servicios,Contratación directa,False,2026-01-22,2026-01-22,2026-04-07,10133333.0,Modificado,2026,incidental,0.98,False,True,False,False,False,False,False,
CO1.PCCNTR.9692971,CO1.BDOS.10508363,{'url': 'https://community.secop.gov.co/Public/Tendering/OpportunityDetail/Index?noticeUID=CO1.NTC.10546975&isFromPublicArea=True&isModal=true&asPopupView=true'},899999061,SECRETARÍA GENERAL DE LA ALCALDÍA MAYOR DE BOGOTÁ,Territorial,Servicio Público,Distrito Capital de Bogotá,Otro,Contratación Directa (con ofertas),True,2026-07-21,2026-07-30,2026-12-31,224213333.0,En ejecución,2026,ai_product_or_platform,0.95,False,True,True,True,True,True,True,
CO1.PCCNTR.6545021,CO1.BDOS.6406496,{'url': 'https://community.secop.gov.co/Public/Tendering/OpportunityDetail/Index?noticeUID=CO1.NTC.6419562&isFromPublicArea=True&isModal=true&asPopupView=true'},899999061,SECRETARÍA GENERAL DE LA ALCALDÍA MAYOR DE BOGOTÁ,Territorial,Servicio Público,Distrito Capital de Bogotá,Otro,Contratación Directa (con ofertas),True,2024-07-19,2024-07-26,2025-01-25,694746000.0,terminado,2024,ai_product_or_platform,0.92,False,True,True,True,True,True,True,
CO1.PCCNTR.7409404,CO1.BDOS.7522282,{'url': 'https://community.secop.gov.co/Public/Tendering/OpportunityDetail/Index?noticeUID=CO1.NTC.7536401&isFromPublicArea=True&isModal=true&asPopupView=true'},8920001488,DEPARTAMENTO DEL META,Territorial,Servicio Público,Meta,Prestación de servicios,Contratación directa,False,2025-02-05,2025-02-07,2025-08-04,31800000.0,En ejecución,2025,individual_professional_ai,0.93,False,True,False,False,False,False,False,
CO1.PCCNTR.8194930,CO1.BDOS.8575721,{'url': 'https://community.secop.gov.co/Public/Tendering/OpportunityDetail/Index?noticeUID=CO1.NTC.8598897&isFromPublicArea=True&isModal=true&asPopupView=true'},899999296,MINCIENCIAS,Nacional,Ciencia Tecnología,Distrito Capital de Bogotá,Prestación de servicios,Contratación directa,False,2025-08-19,2025-08-25,2025-12-31,55600000.0,En ejecución,2025,individual_professional_ai,0.97,False,True,False,False,False,False,False,
CO1.PCCNTR.8668008,CO1.BDOS.9188642,{'url': 'https://community.secop.gov.co/Public/Tendering/OpportunityDetail/Index?noticeUID=CO1.NTC.9214313&isFromPublicArea=True&isModal=true&asPopupView=true'},8909801366,POLITECNICO COLOMBIANO JAIME ISAZA CADAVID,Territorial,No aplica/No pertenece,Antioquia,Prestación de servicios,Contratación directa,False,2025-12-03,2025-12-06,2025-12-31,11000000.0,Modificado,2025,individual_professional_ai,0.93,False,True,False,False,False,False,False,
CO1.PCCNTR.6534765,CO1.BDOS.6395899,{'url': 'https://community.secop.gov.co/Public/Tendering/OpportunityDetail/Index?noticeUID=CO1.NTC.6406096&isFromPublicArea=True&isModal=true&asPopupView=true'},899999296,MINCIENCIAS,Nacional,Ciencia Tecnología,Distrito Capital de Bogotá,Prestación de servicios,Contratación directa,False,2024-07-16,2024-07-19,2024-12-31,37260000.0,Cerrado,2024,individual_professional_ai,0.91,False,True,False,False,False,False,False,
CO1.PCCNTR.8968045,CO1.BDOS.9580109,{'url': 'https://community.secop.gov.co/Public/Tendering/OpportunityDetail/Index?noticeUID=CO1.NTC.9597412&isFromPublicArea=True&isModal=true&asPopupView=true'},830115226,MINTRABAJO NIVEL CENTRAL*/,Nacional,Trabajo,Distrito Capital de Bogotá,Prestación de servicios,Contratación directa,False,2026-01-18,2026-01-19,2026-09-18,63200000.0,terminado,2026,individual_professional_ai,0.96,False,True,False,False,False,False,False,
CO1.PCCNTR.7738821,CO1.BDOS.7920722,{'url': 'https://community.secop.gov.co/Public/Tendering/OpportunityDetail/Index?noticeUID=CO1.NTC.7938317&isFromPublicArea=True&isModal=true&asPopupView=true'},899999061,SECRETARÍA GENERAL DE LA ALCALDÍA MAYOR DE BOGOTÁ,Territorial,Servicio Público,Distrito Capital de Bogotá,Otro,Contratación directa,True,2025-04-08,2025-04-14,2025-12-31,290700000.0,Modificado,2025,ai_product_or_platform,0.96,False,True,True,True,True,True,True,
CO1.PCCNTR.5848919,CO1.BDOS.5530166,{'url': 'https://community.secop.gov.co/Public/Tendering/OpportunityDetail/Index?noticeUID=CO1.NTC.5545498&isFromPublicArea=True&isModal=true&asPopupView=true'},899999239,ICBF SEDE NACIONAL,Nacional,Inclusión Social y Reconciliación,Distrito Capital de Bogotá,Prestación de servicios,Contratación directa,False,2024-01-31,2024-02-02,2024-05-31,40000000.0,Cerrado,2024,individual_professional_ai,0.95,False,True,False,False,False,False,False,
CO1.PCCNTR.8219147,CO1.BDOS.8389383,{'url': 'https://community.secop.gov.co/Public/Tendering/OpportunityDetail/Index?noticeUID=CO1.NTC.8517652&isFromPublicArea=True&isModal=true&asPopupView=true'},890900286,DEPARTAMENTO DE ANTIOQUIA//,Territorial,Servicio Público,Antioquia,Prestación de servicios,Selección Abreviada de Menor Cuantía,True,2025-09-02,2025-09-02,2025-12-12,644907253.0,Suspendido,2025,ai_development_service,0.91,False,True,True,True,True,True,True,
CO1.PCCNTR.8423459,CO1.BDOS.8855816,{'url': 'https://community.secop.gov.co/Public/Tendering/OpportunityDetail/Index?noticeUID=CO1.NTC.8881267&isFromPublicArea=True&isModal=true&asPopupView=true'},899999022,MINISTERIO DE MINAS Y ENERGIA,Nacional,Minas y Energía,Distrito Capital de Bogotá,Prestación de servicios,Contratación directa,False,2025-10-08,2025-10-09,2025-12-31,44800000.0,En ejecución,2025,individual_professional_ai,0.96,False,True,False,False,False,False,False,
CO1.PCCNTR.9944051,CO1.BDOS.10821244,{'url': 'https://community.secop.gov.co/Public/Tendering/OpportunityDetail/Index?noticeUID=CO1.NTC.10860831&isFromPublicArea=True&isModal=true&asPopupView=true'},890984221,MUNICIPIO DE EL BAGRE,Territorial,Servicio Público,Antioquia,Prestación de servicios,Mínima cuantía,True,2026-09-15,,2027-09-15,45115820.0,Aprobado,2026,incidental,0.94,False,True,False,False,False,False,False,
CO1.PCCNTR.8139132,CO1.BDOS.8470180,{'url': 'https://community.secop.gov.co/Public/Tendering/OpportunityDetail/Index?noticeUID=CO1.NTC.8491323&isFromPublicArea=True&isModal=true&asPopupView=true'},890900286,DEPARTAMENTO DE ANTIOQUIA//,Territorial,Servicio Público,Antioquia,Prestación de servicios,Contratación directa,True,2025-07-29,2025-07-31,2025-12-12,943079800.0,En ejecución,2025,ai_development_service,0.88,False,True,True,True,True,True,True,
CO1.PCCNTR.9188511,CO1.BDOS.9791394,{'url': 'https://community.secop.gov.co/Public/Tendering/OpportunityDetail/Index?noticeUID=CO1.NTC.9818431&isFromPublicArea=True&isModal=true&asPopupView=true'},830025267,FONDO NACIONAL AMBIENTAL - ANLA,Nacional,Ambiente y Desarrollo Sostenible,Distrito Capital de Bogotá,Prestación de servicios,Contratación directa,False,2026-01-27,2026-01-28,2026-12-31,68136000.0,En ejecución,2026,incidental,0.82,False,True,False,False,False,False,False,
CO1.PCCNTR.8399394,CO1.BDOS.8849039,{'url': 'https://community.secop.gov.co/Public/Tendering/OpportunityDetail/Index?noticeUID=CO1.NTC.8873688&isFromPublicArea=True&isModal=true&asPopupView=true'},899999119,PROCURADURIA GENERAL DE LA NACION,Nacional,No aplica/No pertenece,Distrito Capital de Bogotá,Prestación de servicios,Contratación directa,False,2025-10-03,2025-10-06,2025-12-30,25800000.0,Cerrado,2025,individual_professional_ai,0.97,False,True,False,False,False,False,False,
CO1.PCCNTR.8634005,CO1.BDOS.9160141,{'url': 'https://community.secop.gov.co/Public/Tendering/OpportunityDetail/Index?noticeUID=CO1.NTC.9187974&isFromPublicArea=True&isModal=true&asPopupView=true'},899999294,SERVICIO GEOLOGICO COLOMBIANO**,Nacional,Minas y Energía,Distrito Capital de Bogotá,Prestación de servicios,Contratación directa,False,2025-11-28,2025-12-04,2026-12-02,66000000.0,En ejecución,2025,individual_professional_ai,0.98,False,True,False,False,False,False,False,
CO1.PCCNTR.9833946,CO1.BDOS.10699964,{'url': 'https://community.secop.gov.co/Public/Tendering/OpportunityDetail/Index?noticeUID=CO1.NTC.10739900&isFromPublicArea=True&isModal=true&asPopupView=true'},830144890,EMPRESA DE RENOVACION Y DESARROLLO URBANO DE BOGOTA D.C,Territorial,"Vivienda, Ciudad y Territorio",Distrito Capital de Bogotá,Prestación de servicios,Contratación régimen especial,False,2026-08-20,2026-08-24,2026-12-30,55000000.0,En ejecución,2026,individual_professional_ai,0.96,False,True,False,False,False,False,False,
CO1.PCCNTR.8771940,CO1.BDOS.9300644,{'url': 'https://community.secop.gov.co/Public/Tendering/OpportunityDetail/Index?noticeUID=CO1.NTC.9389684&isFromPublicArea=True&isModal=true&asPopupView=true'},899999294,SERVICIO GEOLOGICO COLOMBIANO**,Nacional,Minas y Energía,Distrito Capital de Bogotá,Prestación de servicios,Contratación directa,False,2026-01-06,2026-01-07,2026-12-05,92950000.0,En ejecución,2026,individual_professional_ai,0.98,False,True,False,False,False,False,False,
CO1.PCCNTR.9034297,CO1.BDOS.9654594,{'url': 'https://community.secop.gov.co/Public/Tendering/OpportunityDetail/Index?noticeUID=CO1.NTC.9668789&isFromPublicArea=True&isModal=true&asPopupView=true'},830000602,"INSTITUTO DE HIDROLOGIA, METEOROLOGÍA Y ESTUDIOS AMBIENTALES",Nacional,Ambiente y Desarrollo Sostenible,Distrito Capital de Bogotá,Prestación de servicios,Contratación directa,False,2026-01-21,2026-01-22,2026-10-21,63000000.0,En ejecución,2026,individual_professional_ai,0.99,False,True,False,False,False,False,False,
CO1.PCCNTR.8561590,CO1.BDOS.9064123,{'url': 'https://community.secop.gov.co/Public/Tendering/OpportunityDetail/Index?noticeUID=CO1.NTC.9090028&isFromPublicArea=True&isModal=true&asPopupView=true'},800102891,ALCALDIA DE MOCOA,Territorial,No aplica/No pertenece,No Definido,Otro,Contratación directa,True,2025-11-07,,2026-12-31,0.0,Aprobado,2025,unclear,0.88,False,True,False,False,False,False,False,unclear_label
CO1.PCCNTR.9255456,CO1.BDOS.9867055,{'url': 'https://community.secop.gov.co/Public/Tendering/OpportunityDetail/Index?noticeUID=CO1.NTC.9887881&isFromPublicArea=True&isModal=true&asPopupView=true'},899999034,SENA REGIONAL SANTANDER Grupo de Apoyo Administrativo Mixto,Nacional,Trabajo,Santander,Prestación de servicios,Contratación directa,False,2026-01-29,2026-02-03,2026-07-07,30924513.0,terminado,2026,individual_professional_ai,0.58,False,True,False,False,False,False,False,
CO1.PCCNTR.9187608,CO1.BDOS.9800101,{'url': 'https://community.secop.gov.co/Public/Tendering/OpportunityDetail/Index?noticeUID=CO1.NTC.9819846&isFromPublicArea=True&isModal=true&asPopupView=true'},800214750,INSTITUCIÓN UNIVERSITARIA ITM,Nacional,Educación Nacional,Antioquia,Prestación de servicios,Contratación directa,True,2026-01-27,2026-01-27,2026-08-26,237100000.0,Modificado,2026,ai_development_service,0.91,False,True,True,True,True,True,True,
CO1.PCCNTR.9085027,CO1.BDOS.9623937,{'url': 'https://community.secop.gov.co/Public/Tendering/OpportunityDetail/Index?noticeUID=CO1.NTC.9719411&isFromPublicArea=True&isModal=true&asPopupView=true'},800250984,SUPERINTENDENCIA DE SERVICIOS PÚBLICOS DOMICILIARIOS,Nacional,Planeación,Distrito Capital de Bogotá,Prestación de servicios,Contratación directa,False,2026-01-29,2026-02-02,2026-09-01,84000000.0,En ejecución,2026,individual_professional_ai,0.97,False,True,False,False,False,False,False,
CO1.PCCNTR.9206579,CO1.BDOS.9797880,{'url': 'https://community.secop.gov.co/Public/Tendering/OpportunityDetail/Index?noticeUID=CO1.NTC.9838322&isFromPublicArea=True&isModal=true&asPopupView=true'},899999119,PROCURADURIA GENERAL DE LA NACION,Nacional,No aplica/No pertenece,Distrito Capital de Bogotá,Prestación de servicios,Contratación directa,False,2026-01-28,2026-01-29,2026-06-30,56100000.0,terminado,2026,individual_professional_ai,0.97,False,True,False,False,False,False,False,
CO1.PCCNTR.9275586,CO1.BDOS.9887083,{'url': 'https://community.secop.gov.co/Public/Tendering/OpportunityDetail/Index?noticeUID=CO1.NTC.9907161&isFromPublicArea=True&isModal=true&asPopupView=true'},899999054,ESAP SEDE CENTRAL (Cuenta Oficial),Nacional,Servicio Público,Distrito Capital de Bogotá,Prestación de servicios,Contratación directa,False,2026-01-30,2026-02-10,2026-12-09,21580000.0,En ejecución,2026,individual_professional_ai,0.98,False,True,False,False,False,False,False,
CO1.PCCNTR.7361624,CO1.BDOS.7469472,{'url': 'https://community.secop.gov.co/Public/Tendering/OpportunityDetail/Index?noticeUID=CO1.NTC.7484353&isFromPublicArea=True&isModal=true&asPopupView=true'},900514813,COLOMBIA COMPRA EFICIENTE,Nacional,Planeación,Distrito Capital de Bogotá,Prestación de servicios,Contratación directa,False,2025-01-30,2025-02-03,2025-12-31,130400000.0,Modificado,2025,incidental,0.91,False,True,False,False,False,False,False,
CO1.PCCNTR.8800735,CO1.BDOS.9413930,{'url': 'https://community.secop.gov.co/Public/Tendering/OpportunityDetail/Index?noticeUID=CO1.NTC.9429032&isFromPublicArea=True&isModal=true&asPopupView=true'},899999004,IGAC Sede Central *,Nacional,Información Estadística,Distrito Capital de Bogotá,Prestación de servicios,Contratación directa,False,2026-01-09,2026-01-13,2026-09-27,133628500.0,En ejecución,2026,individual_professional_ai,0.94,False,True,False,False,False,False,False,
CO1.PCCNTR.5448139,CO1.BDOS.5017132,{'url': 'https://community.secop.gov.co/Public/Tendering/OpportunityDetail/Index?noticeUID=CO1.NTC.5027805&isFromPublicArea=True&isModal=true&asPopupView=true'},8909801366,POLITECNICO COLOMBIANO JAIME ISAZA CADAVID,Territorial,No aplica/No pertenece,Antioquia,Prestación de servicios,Contratación directa,False,2023-10-19,2023-10-20,2023-12-19,9000000.0,En ejecución,2023,individual_professional_ai,0.98,False,True,False,False,False,False,False,
CO1.PCCNTR.9302493,CO1.BDOS.9907732,{'url': 'https://community.secop.gov.co/Public/Tendering/OpportunityDetail/Index?noticeUID=CO1.NTC.9934098&isFromPublicArea=True&isModal=true&asPopupView=true'},900958564,SUBRED INTEGRADA DE SERVICIOS DE SALUD SUR E.S.E.**,Territorial,Salud y Protección Social,Distrito Capital de Bogotá,Prestación de servicios,Contratación régimen especial,False,2026-01-30,2026-02-02,2026-09-30,56238400.0,Modificado,2026,individual_professional_ai,0.98,False,True,False,False,False,False,False,
CO1.PCCNTR.7676433,CO1.BDOS.7839044,{'url': 'https://community.secop.gov.co/Public/Tendering/OpportunityDetail/Index?noticeUID=CO1.NTC.7866431&isFromPublicArea=True&isModal=true&asPopupView=true'},830063506,TRANSMILENIO S.A.,Territorial,Transporte,Distrito Capital de Bogotá,Prestación de servicios,Contratación directa,False,2025-03-20,2025-03-26,2026-01-30,110338833.0,Modificado,2025,individual_professional_ai,0.95,False,True,False,False,False,False,False,
CO1.PCCNTR.4522668,CO1.BDOS.3880339,{'url': 'https://community.secop.gov.co/Public/Tendering/OpportunityDetail/Index?noticeUID=CO1.NTC.3882549&isFromPublicArea=True&isModal=true&asPopupView=true'},900514813,COLOMBIA COMPRA EFICIENTE,Nacional,Planeación,Distrito Capital de Bogotá,Prestación de servicios,Contratación directa,False,2023-02-02,2023-02-08,2023-06-30,50000000.0,Cerrado,2023,individual_professional_ai,0.98,False,True,False,False,False,False,False,
CO1.PCCNTR.9692653,CO1.BDOS.10505780,{'url': 'https://community.secop.gov.co/Public/Tendering/OpportunityDetail/Index?noticeUID=CO1.NTC.10548418&isFromPublicArea=True&isModal=true&asPopupView=true'},830063506,TRANSMILENIO S.A.,Territorial,Transporte,Distrito Capital de Bogotá,Prestación de servicios,Contratación directa,False,2026-07-21,2026-07-23,2027-01-15,55330475.0,En ejecución,2026,individual_professional_ai,0.94,False,True,False,False,False,False,False,
CO1.PCCNTR.4812020,CO1.BDOS.4209573,{'url': 'https://community.secop.gov.co/Public/Tendering/OpportunityDetail/Index?noticeUID=CO1.NTC.4211350&isFromPublicArea=True&isModal=true&asPopupView=true'},899999034,Sena Regional Boyaca Grupo de Apoyo Administrativo Mixto,Nacional,Trabajo,Boyacá,Prestación de servicios,Contratación directa,False,2023-03-28,2023-03-30,2023-12-30,18723333.0,Cerrado,2023,individual_professional_ai,0.93,False,True,False,False,False,False,False,
CO1.PCCNTR.9932323,CO1.BDOS.10809601,{'url': 'https://community.secop.gov.co/Public/Tendering/OpportunityDetail/Index?noticeUID=CO1.NTC.10876875&isFromPublicArea=True&isModal=true&asPopupView=true'},8999990619,SECRETARIA DE EDUCACION DEL DISTRITO,Territorial,Educación Nacional,Distrito Capital de Bogotá,Prestación de servicios,Contratación directa,False,2026-09-15,2026-09-21,2026-12-31,44000000.0,En ejecución,2026,individual_professional_ai,0.98,False,True,False,False,False,False,False,
CO1.PCCNTR.7898563,CO1.BDOS.8148352,{'url': 'https://community.secop.gov.co/Public/Tendering/OpportunityDetail/Index?noticeUID=CO1.NTC.8168506&isFromPublicArea=True&isModal=true&asPopupView=true'},8001316486,FONDO UNICO DE TECNOLOGÍAS DE LA INFORMACIÓN Y LAS COMUNICACIONES,Nacional,Tecnologías de la Información y las Comunicaciones,Distrito Capital de Bogotá,Prestación de servicios,Contratación directa,False,2025-05-27,2025-05-29,2025-12-31,81697733.0,Modificado,2025,individual_professional_ai,0.84,False,True,False,False,False,False,False,
CO1.PCCNTR.8263865,CO1.BDOS.8672525,{'url': 'https://community.secop.gov.co/Public/Tendering/OpportunityDetail/Index?noticeUID=CO1.NTC.8695688&isFromPublicArea=True&isModal=true&asPopupView=true'},899999034,CENTRO DE COMERCIO Y SERVICIOS - SENA REGIONAL CAUCA,Nacional,Trabajo,Cauca,Prestación de servicios,Contratación directa,False,2025-09-02,2025-09-05,2025-12-31,18399644.0,En ejecución,2025,individual_professional_ai,0.91,False,True,False,False,False,False,False,
CO1.PCCNTR.8998256,CO1.BDOS.9616533,{'url': 'https://community.secop.gov.co/Public/Tendering/OpportunityDetail/Index?noticeUID=CO1.NTC.9630070&isFromPublicArea=True&isModal=true&asPopupView=true'},8001316486,FONDO UNICO DE TECNOLOGÍAS DE LA INFORMACIÓN Y LAS COMUNICACIONES,Nacional,Tecnologías de la Información y las Comunicaciones,Distrito Capital de Bogotá,Prestación de servicios,Contratación directa,False,2026-01-20,2026-01-21,2026-10-20,39727800.0,En ejecución,2026,individual_professional_ai,0.98,False,True,False,False,False,False,False,
CO1.PCCNTR.8875456,CO1.BDOS.9302539,{'url': 'https://community.secop.gov.co/Public/Tendering/OpportunityDetail/Index?noticeUID=CO1.NTC.9506681&isFromPublicArea=True&isModal=true&asPopupView=true'},830025267,FONDO NACIONAL AMBIENTAL - ANLA,Nacional,Ambiente y Desarrollo Sostenible,Distrito Capital de Bogotá,Prestación de servicios,Contratación directa,False,2026-01-15,2026-01-15,2026-12-31,86785242.0,cedido,2026,incidental,0.88,False,True,False,False,False,False,False,
CO1.PCCNTR.7376718,CO1.BDOS.7432599,{'url': 'https://community.secop.gov.co/Public/Tendering/OpportunityDetail/Index?noticeUID=CO1.NTC.7494825&isFromPublicArea=True&isModal=true&asPopupView=true'},900385079,CENTRAL ADMINISTRATIVA Y CONTABLE CENAC PERSONAL,Territorial,defensa,Distrito Capital de Bogotá,Prestación de servicios,Contratación directa,False,2025-02-01,2025-02-01,2025-12-31,41800000.0,terminado,2025,individual_professional_ai,0.87,False,True,False,False,False,False,False,
CO1.PCCNTR.6762301,CO1.BDOS.6685840,{'url': 'https://community.secop.gov.co/Public/Tendering/OpportunityDetail/Index?noticeUID=CO1.NTC.6695249&isFromPublicArea=True&isModal=true&asPopupView=true'},890905211,CONCEJO MUNICIPAL DE MEDELLIN,Territorial,No aplica/No pertenece,Antioquia,Suministros,Contratación Directa (con ofertas),True,2024-09-17,2024-09-23,2025-09-23,5000000.0,Cerrado,2024,ai_product_or_platform,0.96,False,True,True,True,True,True,True,
CO1.PCCNTR.8640707,CO1.BDOS.9089182,{'url': 'https://community.secop.gov.co/Public/Tendering/OpportunityDetail/Index?noticeUID=CO1.NTC.9124919&isFromPublicArea=True&isModal=true&asPopupView=true'},860523694,ESCUELA TECNOLÓGICA INSTITUTO TÉCNICO CENTRAL,Nacional,Educación Nacional,Distrito Capital de Bogotá,Prestación de servicios,Contratación directa,True,2025-12-02,2025-12-03,2025-12-28,1665139.0,En ejecución,2025,incidental,0.99,False,True,False,False,False,False,False,
CO1.PCCNTR.8837277,CO1.BDOS.9333471,{'url': 'https://community.secop.gov.co/Public/Tendering/OpportunityDetail/Index?noticeUID=CO1.NTC.9467175&isFromPublicArea=True&isModal=true&asPopupView=true'},899999034,SENA SECRETARIA GENERAL,Nacional,Trabajo,Distrito Capital de Bogotá,Prestación de servicios,Contratación directa,False,2026-01-12,2026-01-26,2026-12-31,78166667.0,En ejecución,2026,individual_professional_ai,0.94,False,True,False,False,False,False,False,
CO1.PCCNTR.7920753,CO1.BDOS.8178929,{'url': 'https://community.secop.gov.co/Public/Tendering/OpportunityDetail/Index?noticeUID=CO1.NTC.8199523&isFromPublicArea=True&isModal=true&asPopupView=true'},800103927,Gobernación Norte de Santander*,Territorial,No aplica/No pertenece,Norte de Santander,Prestación de servicios,Contratación directa,False,2025-05-27,2025-05-28,2025-12-27,28000000.0,terminado,2025,individual_professional_ai,0.68,False,True,False,False,False,False,False,
CO1.PCCNTR.7340534,CO1.BDOS.7446082,{'url': 'https://community.secop.gov.co/Public/Tendering/OpportunityDetail/Index?noticeUID=CO1.NTC.7460789&isFromPublicArea=True&isModal=true&asPopupView=true'},901158482,Unidad de Busqueda de Personas Desaparecidas,Nacional,Ley de Justicia,Distrito Capital de Bogotá,Prestación de servicios,Contratación directa,False,2025-01-28,2025-01-29,2025-12-15,128388212.0,Cerrado,2025,individual_professional_ai,0.98,False,True,False,False,False,False,False,
CO1.PCCNTR.6538227,CO1.BDOS.6377708,{'url': 'https://community.secop.gov.co/Public/Tendering/OpportunityDetail/Index?noticeUID=CO1.NTC.6387926&isFromPublicArea=True&isModal=true&asPopupView=true'},8909801366,POLITECNICO COLOMBIANO JAIME ISAZA CADAVID,Territorial,No aplica/No pertenece,Antioquia,Prestación de servicios,Contratación directa,False,2024-07-25,2024-08-01,2024-09-29,9000000.0,En ejecución,2024,individual_professional_ai,0.88,False,True,False,False,False,False,False,
CO1.PCCNTR.7015017,CO1.BDOS.7021297,{'url': 'https://community.secop.gov.co/Public/Tendering/OpportunityDetail/Index?noticeUID=CO1.NTC.7033662&isFromPublicArea=True&isModal=true&asPopupView=true'},800214750,INSTITUCIÓN UNIVERSITARIA ITM,Nacional,Educación Nacional,Antioquia,Prestación de servicios,Contratación directa,False,2024-11-12,2024-11-12,2024-12-30,10000000.0,En ejecución,2024,individual_professional_ai,0.91,False,True,False,False,False,False,False,
CO1.PCCNTR.9669977,CO1.BDOS.10477392,{'url': 'https://community.secop.gov.co/Public/Tendering/OpportunityDetail/Index?noticeUID=CO1.NTC.10520157&isFromPublicArea=True&isModal=true&asPopupView=true'},900498879,UNIDAD ADMINISTRATIVA ESPECIAL DE GESTION DE RESTITUCION DE TIERRAS DESPOJADAS**,Nacional,Inclusión Social y Reconciliación,Distrito Capital de Bogotá,Otro,Contratación Directa (con ofertas),True,2026-07-16,2026-07-17,2026-12-31,333200000.0,En ejecución,2026,ai_product_or_platform,0.93,False,True,True,True,True,True,True,
CO1.PCCNTR.8622972,CO1.BDOS.9148340,{'url': 'https://community.secop.gov.co/Public/Tendering/OpportunityDetail/Index?noticeUID=CO1.NTC.9173483&isFromPublicArea=True&isModal=true&asPopupView=true'},890801143,ALCALDÍA MUNICIPIO DE BALBOA RISARALDA,Territorial,Servicio Público,Risaralda,Prestación de servicios,Contratación directa,False,2025-11-25,2025-11-25,2025-12-05,7500000.0,En ejecución,2025,individual_professional_ai,0.96,False,True,False,False,False,False,False,
CO1.PCCNTR.8765414,CO1.BDOS.9365678,{'url': 'https://community.secop.gov.co/Public/Tendering/OpportunityDetail/Index?noticeUID=CO1.NTC.9381440&isFromPublicArea=True&isModal=true&asPopupView=true'},901140004,JEP,Nacional,No aplica/No pertenece,Distrito Capital de Bogotá,Prestación de servicios,Contratación régimen especial,False,2026-01-07,2026-01-13,2026-11-04,157593757.0,En ejecución,2026,individual_professional_ai,0.94,False,True,False,False,False,False,False,
CO1.PCCNTR.8711016,CO1.BDOS.9239839,{'url': 'https://community.secop.gov.co/Public/Tendering/OpportunityDetail/Index?noticeUID=CO1.NTC.9271014&isFromPublicArea=True&isModal=true&asPopupView=true'},800012873,MUNICIPIO DE TAURAMENA,Territorial,Servicio Público,Casanare,Prestación de servicios,Mínima cuantía,True,2025-12-24,2025-12-29,2026-01-01,10115000.0,Cerrado,2025,unclear,0.95,False,True,False,False,True,True,False,unclear_label
CO1.PCCNTR.8154129,CO1.BDOS.8517449,{'url': 'https://community.secop.gov.co/Public/Tendering/OpportunityDetail/Index?noticeUID=CO1.NTC.8539455&isFromPublicArea=True&isModal=true&asPopupView=true'},830079479,COMPUTADORES PARA EDUCAR,Nacional,Tecnologías de la Información y las Comunicaciones,Distrito Capital de Bogotá,Prestación de servicios,Contratación directa,False,2025-08-01,2025-08-02,2025-12-31,61250000.0,En ejecución,2025,individual_professional_ai,0.91,False,True,False,False,False,False,False,
CO1.PCCNTR.8179400,CO1.BDOS.8552547,{'url': 'https://community.secop.gov.co/Public/Tendering/OpportunityDetail/Index?noticeUID=CO1.NTC.8576574&isFromPublicArea=True&isModal=true&asPopupView=true'},899999034,CENTRO DE COMERCIO Y SERVICIOS - SENA REGIONAL CAUCA,Nacional,Trabajo,Cauca,Prestación de servicios,Contratación directa,False,2025-08-11,,2025-12-18,19472955.0,Aprobado,2025,individual_professional_ai,0.94,False,True,False,False,False,False,False,
CO1.PCCNTR.6768912,CO1.BDOS.6706795,{'url': 'https://community.secop.gov.co/Public/Tendering/OpportunityDetail/Index?noticeUID=CO1.NTC.6719658&isFromPublicArea=True&isModal=true&asPopupView=true'},8001316486,FONDO UNICO DE TECNOLOGÍAS DE LA INFORMACIÓN Y LAS COMUNICACIONES,Nacional,Tecnologías de la Información y las Comunicaciones,Distrito Capital de Bogotá,Otro,Contratación directa,True,2024-09-13,2024-09-27,2026-04-26,234399711669.0,Modificado,2024,incidental,0.91,False,True,False,False,False,False,False,
CO1.PCCNTR.5965433,CO1.BDOS.5663787,{'url': 'https://community.secop.gov.co/Public/Tendering/OpportunityDetail/Index?noticeUID=CO1.NTC.5679676&isFromPublicArea=True&isModal=true&asPopupView=true'},891580016,GOBERNACIÓN DEL CAUCA,Territorial,Servicio Público,Cauca,Prestación de servicios,Contratación directa,False,2024-02-21,2024-02-23,2024-06-23,16800000.0,Cerrado,2024,individual_professional_ai,0.66,False,True,False,False,False,False,False,
CO1.PCCNTR.5952521,CO1.BDOS.5657586,{'url': 'https://community.secop.gov.co/Public/Tendering/OpportunityDetail/Index?noticeUID=CO1.NTC.5665344&isFromPublicArea=True&isModal=true&asPopupView=true'},8001316486,FONDO UNICO DE TECNOLOGÍAS DE LA INFORMACIÓN Y LAS COMUNICACIONES,Nacional,Tecnologías de la Información y las Comunicaciones,Distrito Capital de Bogotá,Prestación de servicios,Contratación directa,False,2024-02-16,2024-02-19,2024-12-31,57805000.0,En ejecución,2024,individual_professional_ai,0.91,False,True,False,False,False,False,False,
CO1.PCCNTR.7740163,CO1.BDOS.7927195,{'url': 'https://community.secop.gov.co/Public/Tendering/OpportunityDetail/Index?noticeUID=CO1.NTC.7944559&isFromPublicArea=True&isModal=true&asPopupView=true'},891500403,CONTRALORIA GENERAL DEL CAUCA,Territorial,No aplica/No pertenece,Cauca,Prestación de servicios,Contratación directa,True,2025-04-04,2025-04-04,2025-05-02,12350000.0,En ejecución,2025,unclear,0.91,False,True,False,False,True,True,False,unclear_label
CO1.PCCNTR.5417794,CO1.BDOS.4995556,{'url': 'https://community.secop.gov.co/Public/Tendering/OpportunityDetail/Index?noticeUID=CO1.NTC.5006467&isFromPublicArea=True&isModal=true&asPopupView=true'},8001316486,FONDO UNICO DE TECNOLOGÍAS DE LA INFORMACIÓN Y LAS COMUNICACIONES,Nacional,Tecnologías de la Información y las Comunicaciones,Distrito Capital de Bogotá,Prestación de servicios,Contratación directa,False,2023-09-29,2023-10-03,2023-12-31,38750000.0,En ejecución,2023,individual_professional_ai,0.98,False,True,False,False,False,False,False,
CO1.PCCNTR.6237928,CO1.BDOS.5983367,{'url': 'https://community.secop.gov.co/Public/Tendering/OpportunityDetail/Index?noticeUID=CO1.NTC.6012249&isFromPublicArea=True&isModal=true&asPopupView=true'},899999004,IGAC Sede Central *,Nacional,Información Estadística,Distrito Capital de Bogotá,Prestación de servicios,Contratación directa,False,2024-04-22,2024-04-23,2024-12-30,99200000.0,Cerrado,2024,individual_professional_ai,0.98,False,True,False,False,False,False,False,
CO1.PCCNTR.9145790,CO1.BDOS.9736407,{'url': 'https://community.secop.gov.co/Public/Tendering/OpportunityDetail/Index?noticeUID=CO1.NTC.9775505&isFromPublicArea=True&isModal=true&asPopupView=true'},900475780,UNP,Nacional,defensa,Distrito Capital de Bogotá,Prestación de servicios,Contratación directa,False,2026-01-26,2026-01-29,2026-12-31,65748800.0,En ejecución,2026,individual_professional_ai,0.96,False,True,False,False,False,False,False,
CO1.PCCNTR.7157061,CO1.BDOS.7203457,{'url': 'https://community.secop.gov.co/Public/Tendering/OpportunityDetail/Index?noticeUID=CO1.NTC.7224080&isFromPublicArea=True&isModal=true&asPopupView=true'},899999034,SENA REGIONAL VALLE Grupo de Apoyo Administrativo Mixto,Nacional,Educación Nacional,Valle del Cauca,Prestación de servicios,Contratación directa,True,2024-12-19,2024-12-23,2025-03-31,333045882.0,Modificado,2024,ai_development_service,0.94,False,True,True,True,True,True,True,
CO1.PCCNTR.6338360,CO1.BDOS.5996938,{'url': 'https://community.secop.gov.co/Public/Tendering/OpportunityDetail/Index?noticeUID=CO1.NTC.6139804&isFromPublicArea=True&isModal=true&asPopupView=true'},891580016,GOBERNACIÓN DEL CAUCA,Territorial,Servicio Público,Cauca,Prestación de servicios,Contratación directa,False,2024-05-20,2024-05-21,2024-09-21,15200000.0,terminado,2024,incidental,0.92,False,True,False,False,False,False,False,
CO1.PCCNTR.6632223,CO1.BDOS.6526184,{'url': 'https://community.secop.gov.co/Public/Tendering/OpportunityDetail/Index?noticeUID=CO1.NTC.6536025&isFromPublicArea=True&isModal=true&asPopupView=true'},8001316486,FONDO UNICO DE TECNOLOGÍAS DE LA INFORMACIÓN Y LAS COMUNICACIONES,Nacional,Tecnologías de la Información y las Comunicaciones,Distrito Capital de Bogotá,Prestación de servicios,Contratación directa,False,2024-08-13,2024-08-14,2024-12-31,17027500.0,En ejecución,2024,individual_professional_ai,0.66,False,True,False,False,False,False,False,
CO1.PCCNTR.8724613,CO1.BDOS.9244088,{'url': 'https://community.secop.gov.co/Public/Tendering/OpportunityDetail/Index?noticeUID=CO1.NTC.9273577&isFromPublicArea=True&isModal=true&asPopupView=true'},899999034,SENA REGIONAL HUILA Grupo Administrativo CGDSS,Nacional,Trabajo,Huila,Compraventa,Mínima cuantía,True,2025-12-22,2025-12-26,2026-03-30,34823684.0,Modificado,2025,incidental,0.94,False,True,False,False,False,False,False,
CO1.PCCNTR.5402875,CO1.BDOS.4977214,{'url': 'https://community.secop.gov.co/Public/Tendering/OpportunityDetail/Index?noticeUID=CO1.NTC.4987156&isFromPublicArea=True&isModal=true&asPopupView=true'},8001316486,FONDO UNICO DE TECNOLOGÍAS DE LA INFORMACIÓN Y LAS COMUNICACIONES,Nacional,Tecnologías de la Información y las Comunicaciones,Distrito Capital de Bogotá,Prestación de servicios,Contratación directa,False,2023-09-26,2023-09-28,2023-12-31,33333333.0,En ejecución,2023,individual_professional_ai,0.94,False,True,False,False,False,False,False,
CO1.PCCNTR.7394243,CO1.BDOS.7505621,{'url': 'https://community.secop.gov.co/Public/Tendering/OpportunityDetail/Index?noticeUID=CO1.NTC.7519470&isFromPublicArea=True&isModal=true&asPopupView=true'},901140004,JEP,Nacional,No aplica/No pertenece,Distrito Capital de Bogotá,Prestación de servicios,Contratación régimen especial,False,2025-02-06,2025-02-11,2025-12-31,103154132.0,Modificado,2025,individual_professional_ai,0.75,False,True,False,False,False,False,False,
CO1.PCCNTR.8689685,CO1.BDOS.9240431,{'url': 'https://community.secop.gov.co/Public/Tendering/OpportunityDetail/Index?noticeUID=CO1.NTC.9268126&isFromPublicArea=True&isModal=true&asPopupView=true'},830115297,MINISTERIO DE COMERCIO INDUSTRIA Y TURISMO - MINCIT,Nacional,Industria,Distrito Capital de Bogotá,Otro,Contratación directa,True,2025-12-09,2025-12-12,2026-02-28,1799214165.0,Modificado,2025,ai_development_service,0.88,False,True,True,True,True,True,True,
CO1.PCCNTR.9288149,CO1.BDOS.9872322,{'url': 'https://community.secop.gov.co/Public/Tendering/OpportunityDetail/Index?noticeUID=CO1.NTC.9920157&isFromPublicArea=True&isModal=true&asPopupView=true'},899999011,DEPARTAMENTO NACIONAL DE PLANEACIÓN,Nacional,Planeación,Distrito Capital de Bogotá,Prestación de servicios,Contratación directa,False,2026-01-30,2026-02-03,2026-12-31,102120001.0,Modificado,2026,individual_professional_ai,0.98,False,True,False,False,False,False,False,
CO1.PCCNTR.6246622,CO1.BDOS.6007863,{'url': 'https://community.secop.gov.co/Public/Tendering/OpportunityDetail/Index?noticeUID=CO1.NTC.6022003&isFromPublicArea=True&isModal=true&asPopupView=true'},899999034,SENA REGIONAL CASANARE Grupo Administrativo Mixto,Nacional,Trabajo,Casanare,Prestación de servicios,Contratación directa,False,2024-04-24,2024-04-25,2024-12-31,23105927.0,terminado,2024,incidental,0.88,False,True,False,False,False,False,False,
CO1.PCCNTR.9925857,CO1.BDOS.10829804,{'url': 'https://community.secop.gov.co/Public/Tendering/OpportunityDetail/Index?noticeUID=CO1.NTC.10869409&isFromPublicArea=True&isModal=true&asPopupView=true'},899999062,CORPORACION AUTONOMA REGIONAL DE CUNDINAMARCA - CAR.,Corporación Autónoma,Ambiente y Desarrollo Sostenible,Distrito Capital de Bogotá,Prestación de servicios,Contratación directa,True,2026-09-09,2026-09-10,2026-09-12,38913000.0,En ejecución,2026,incidental,0.99,False,True,False,False,False,False,False,
CO1.PCCNTR.9971469,CO1.BDOS.10812761,{'url': 'https://community.secop.gov.co/Public/Tendering/OpportunityDetail/Index?noticeUID=CO1.NTC.10930934&isFromPublicArea=True&isModal=true&asPopupView=true'},800254453,CORPORACIÓN AUTÓNOMA REGIONAL DEL CANAL DEL DIQUE,Corporación Autónoma,Ambiente y Desarrollo Sostenible,Bolívar,Otro,Contratación directa,True,2026-09-25,,2026-12-31,8608991.0,Aprobado,2026,ai_product_or_platform,0.98,False,True,True,True,True,True,True,
CO1.PCCNTR.7746001,CO1.BDOS.7770512,{'url': 'https://community.secop.gov.co/Public/Tendering/OpportunityDetail/Index?noticeUID=CO1.NTC.7866569&isFromPublicArea=True&isModal=true&asPopupView=true'},899999102,FUERZA AEROESPACIAL COLOMBIANA,Nacional,defensa,Distrito Capital de Bogotá,Prestación de servicios,Mínima cuantía,True,2025-04-14,2025-04-23,2025-09-25,8500000.0,terminado,2025,incidental,0.98,False,True,False,False,False,False,False,
CO1.PCCNTR.9725122,CO1.BDOS.10555310,{'url': 'https://community.secop.gov.co/Public/Tendering/OpportunityDetail/Index?noticeUID=CO1.NTC.10594271&isFromPublicArea=True&isModal=true&asPopupView=true'},900594384,UNIDAD ADMINISTRATIVA ESPECIAL DE PENSIONES DE CUNDINAMARCA,Territorial,Salud y Protección Social,Distrito Capital de Bogotá,Prestación de servicios,Contratación directa,False,2026-07-28,2026-07-29,2026-12-28,36000000.0,En ejecución,2026,individual_professional_ai,0.91,False,True,False,False,False,False,False,
CO1.PCCNTR.6547357,CO1.BDOS.6349999,{'url': 'https://community.secop.gov.co/Public/Tendering/OpportunityDetail/Index?noticeUID=CO1.NTC.6423617&isFromPublicArea=True&isModal=true&asPopupView=true'},891580016,GOBERNACIÓN DEL CAUCA,Territorial,Servicio Público,Cauca,Prestación de servicios,Contratación directa,False,2024-07-23,2024-07-25,2024-12-26,21000000.0,Cerrado,2024,individual_professional_ai,0.91,False,True,False,False,False,False,False,
CO1.PCCNTR.4841207,CO1.BDOS.4259608,{'url': 'https://community.secop.gov.co/Public/Tendering/OpportunityDetail/Index?noticeUID=CO1.NTC.4262312&isFromPublicArea=True&isModal=true&asPopupView=true'},900323466,RUTA N MEDELLIN,Territorial,Ciencia Tecnología,Antioquia,Prestación de servicios,Contratación régimen especial,False,2023-04-04,2023-04-04,2023-06-30,25171140.0,En ejecución,2023,individual_professional_ai,0.99,False,True,False,False,False,False,False,
CO1.PCCNTR.7760354,CO1.BDOS.7953700,{'url': 'https://community.secop.gov.co/Public/Tendering/OpportunityDetail/Index?noticeUID=CO1.NTC.7971011&isFromPublicArea=True&isModal=true&asPopupView=true'},890801053,MUNICIPIO DE MANIZALES,Territorial,Servicio Público,Caldas,Decreto 092 de 2017,Contratación régimen especial,True,2025-04-10,2025-05-02,2025-11-30,214285714.0,terminado,2025,incidental,0.98,False,True,False,False,False,False,False,
CO1.PCCNTR.6997796,CO1.BDOS.6998675,{'url': 'https://community.secop.gov.co/Public/Tendering/OpportunityDetail/Index?noticeUID=CO1.NTC.7011237&isFromPublicArea=True&isModal=true&asPopupView=true'},899999034,SENA SECRETARIA GENERAL,Nacional,Trabajo,Distrito Capital de Bogotá,Prestación de servicios,Contratación directa,False,2024-11-06,2024-11-07,2024-12-31,22769368.0,En ejecución,2024,individual_professional_ai,0.91,False,True,False,False,False,False,False,
CO1.PCCNTR.7007948,CO1.BDOS.6991638,{'url': 'https://community.secop.gov.co/Public/Tendering/OpportunityDetail/Index?noticeUID=CO1.NTC.7024972&isFromPublicArea=True&isModal=true&asPopupView=true'},8909801366,POLITECNICO COLOMBIANO JAIME ISAZA CADAVID,Territorial,No aplica/No pertenece,Antioquia,Prestación de servicios,Contratación directa,False,2024-11-13,2024-11-20,2024-12-31,9000000.0,En ejecución,2024,individual_professional_ai,0.93,False,True,False,False,False,False,False,
CO1.PCCNTR.9291171,CO1.BDOS.9899771,{'url': 'https://community.secop.gov.co/Public/Tendering/OpportunityDetail/Index?noticeUID=CO1.NTC.9923151&isFromPublicArea=True&isModal=true&asPopupView=true'},899999034,SERVICIO NACIONAL DE APRENDIZAJE SENA REGIONAL CORDOBA,Nacional,Trabajo,Córdoba,Prestación de servicios,Contratación directa,False,2026-01-30,2026-02-02,2026-12-31,66699996.0,Modificado,2026,individual_professional_ai,0.88,False,True,False,False,False,False,False,
CO1.PCCNTR.8430959,CO1.BDOS.8890642,{'url': 'https://community.secop.gov.co/Public/Tendering/OpportunityDetail/Index?noticeUID=CO1.NTC.8916798&isFromPublicArea=True&isModal=true&asPopupView=true'},900475780,UNP,Nacional,defensa,Distrito Capital de Bogotá,Prestación de servicios,Contratación directa,False,2025-10-09,2025-10-14,2025-12-31,16059333.0,En ejecución,2025,individual_professional_ai,0.91,False,True,False,False,False,False,False,
CO1.PCCNTR.9626467,CO1.BDOS.10428225,{'url': 'https://community.secop.gov.co/Public/Tendering/OpportunityDetail/Index?noticeUID=CO1.NTC.10465055&isFromPublicArea=True&isModal=true&asPopupView=true'},900984614,ESO RIONEGRO S.A.S.,Territorial,No aplica/No pertenece,Antioquia,Prestación de servicios,Contratación régimen especial,False,2026-07-10,2026-07-10,2026-12-31,39199956.0,En ejecución,2026,individual_professional_ai,0.9,False,True,False,False,False,False,False,
CO1.PCCNTR.8828798,CO1.BDOS.9325783,{'url': 'https://community.secop.gov.co/Public/Tendering/OpportunityDetail/Index?noticeUID=CO1.NTC.9459086&isFromPublicArea=True&isModal=true&asPopupView=true'},899999027,DEPARTAMENTO ADMINISTRATIVO NACIONAL DE ESTADISTICA (DANE),Nacional,Información Estadística,Distrito Capital de Bogotá,Prestación de servicios,Contratación directa,False,2026-01-11,2026-01-13,2026-10-31,95040000.0,Modificado,2026,individual_professional_ai,0.98,False,True,False,False,False,False,False,
CO1.PCCNTR.4415405,CO1.BDOS.3765752,{'url': 'https://community.secop.gov.co/Public/Tendering/OpportunityDetail/Index?noticeUID=CO1.NTC.3772872&isFromPublicArea=True&isModal=true&asPopupView=true'},899999239,ICBF SEDE NACIONAL,Nacional,Inclusión Social y Reconciliación,Distrito Capital de Bogotá,Prestación de servicios,Contratación directa,False,2023-01-20,2023-01-23,2023-12-31,177206600.0,Cerrado,2023,individual_professional_ai,0.97,False,True,False,False,False,False,False,
CO1.PCCNTR.8675235,CO1.BDOS.9197844,{'url': 'https://community.secop.gov.co/Public/Tendering/OpportunityDetail/Index?noticeUID=CO1.NTC.9239027&isFromPublicArea=True&isModal=true&asPopupView=true'},899999034,Sena - Centro Agropecuario de Buga,Nacional,Educación Nacional,Valle del Cauca,Compraventa,Contratación Directa (con ofertas),True,2025-12-04,2025-12-04,2025-12-20,1139999998.0,En ejecución,2025,incidental,0.86,False,True,False,False,False,False,False,
CO1.PCCNTR.4546830,CO1.BDOS.3894280,{'url': 'https://community.secop.gov.co/Public/Tendering/OpportunityDetail/Index?noticeUID=CO1.NTC.3897091&isFromPublicArea=True&isModal=true&asPopupView=true'},899999034,SENA DISTRITO CAPITAL GRUPO DE APOYO ADMINISTRATIVO - CGI,Nacional,Trabajo,Distrito Capital de Bogotá,Prestación de servicios,Contratación directa,False,2023-02-02,2023-02-02,2023-12-15,42178500.0,Cerrado,2023,individual_professional_ai,0.91,False,True,False,False,False,False,False,
CO1.PCCNTR.5963130,CO1.BDOS.5619392,{'url': 'https://community.secop.gov.co/Public/Tendering/OpportunityDetail/Index?noticeUID=CO1.NTC.5675367&isFromPublicArea=True&isModal=true&asPopupView=true'},891580016,GOBERNACIÓN DEL CAUCA,Territorial,Servicio Público,Cauca,Prestación de servicios,Contratación directa,False,2024-02-17,2024-02-20,2024-06-20,11200000.0,Cerrado,2024,individual_professional_ai,0.68,False,True,False,False,False,False,False,
CO1.PCCNTR.8186172,CO1.BDOS.8564312,{'url': 'https://community.secop.gov.co/Public/Tendering/OpportunityDetail/Index?noticeUID=CO1.NTC.8586900&isFromPublicArea=True&isModal=true&asPopupView=true'},899999296,MINCIENCIAS,Nacional,Ciencia Tecnología,Distrito Capital de Bogotá,Prestación de servicios,Contratación directa,False,2025-08-11,2025-08-27,2025-12-31,21450000.0,En ejecución,2025,individual_professional_ai,0.91,False,True,False,False,False,False,False,
CO1.PCCNTR.6558933,CO1.BDOS.6426556,{'url': 'https://community.secop.gov.co/Public/Tendering/OpportunityDetail/Index?noticeUID=CO1.NTC.6438103&isFromPublicArea=True&isModal=true&asPopupView=true'},8999990619,SECRETARIA DE EDUCACION DEL DISTRITO,Territorial,Educación Nacional,Distrito Capital de Bogotá,Otro,Contratación directa,True,2024-07-24,2024-07-29,2024-12-15,1214331113.0,Cerrado,2024,unclear,0.91,False,True,False,False,True,True,False,unclear_label
CO1.PCCNTR.6693574,CO1.BDOS.6278638,{'url': 'https://community.secop.gov.co/Public/Tendering/OpportunityDetail/Index?noticeUID=CO1.NTC.6617836&isFromPublicArea=True&isModal=true&asPopupView=true'},891580016,GOBERNACIÓN DEL CAUCA,Territorial,Servicio Público,Cauca,Prestación de servicios,Contratación directa,True,2024-09-17,2024-09-18,2024-12-27,279787000.0,Cerrado,2024,ai_development_service,0.88,False,True,True,True,True,True,True,
CO1.PCCNTR.7616107,CO1.BDOS.7768707,{'url': 'https://community.secop.gov.co/Public/Tendering/OpportunityDetail/Index?noticeUID=CO1.NTC.7786836&isFromPublicArea=True&isModal=true&asPopupView=true'},899999294,SERVICIO GEOLOGICO COLOMBIANO**,Nacional,Minas y Energía,Distrito Capital de Bogotá,Prestación de servicios,Contratación directa,False,2025-03-06,2025-03-06,2025-12-31,110843712.0,Modificado,2025,individual_professional_ai,0.98,False,True,False,False,False,False,False,
CO1.PCCNTR.6477941,CO1.BDOS.6317734,{'url': 'https://community.secop.gov.co/Public/Tendering/OpportunityDetail/Index?noticeUID=CO1.NTC.6327703&isFromPublicArea=True&isModal=true&asPopupView=true'},800082665,FEDERACION COLOMBIANA DE MUNICIPIOS,Corporación Autónoma,No aplica/No pertenece,Distrito Capital de Bogotá,Prestación de servicios,Contratación directa,False,2024-07-02,2024-07-11,2024-12-27,27480000.0,En ejecución,2024,individual_professional_ai,0.98,False,True,False,False,False,False,False,
CO1.PCCNTR.7526641,CO1.BDOS.7659753,{'url': 'https://community.secop.gov.co/Public/Tendering/OpportunityDetail/Index?noticeUID=CO1.NTC.7674831&isFromPublicArea=True&isModal=true&asPopupView=true'},899999034,SENA REGIONAL CALDAS CENTRO DE AUTOMATIZACION INDUSTRIAL,Nacional,Salud y Protección Social,Caldas,Prestación de servicios,Contratación directa,False,2025-02-19,2025-02-21,2025-12-31,57866667.0,Cerrado,2025,individual_professional_ai,0.9,False,True,False,False,False,False,False,
CO1.PCCNTR.9508692,CO1.BDOS.10256654,{'url': 'https://community.secop.gov.co/Public/Tendering/OpportunityDetail/Index?noticeUID=CO1.NTC.10289592&isFromPublicArea=True&isModal=true&asPopupView=true'},890205516,ESE HOSPITAL INTEGRADO LANDÁZURI,Territorial,Salud y Protección Social,No Definido,Decreto 092 de 2017,Contratación régimen especial,False,2026-05-13,2026-05-13,2026-05-29,4500000.0,Cerrado,2026,ai_product_or_platform,0.88,False,True,False,False,False,False,True,core_natural_person_supplier
CO1.PCCNTR.8764380,CO1.BDOS.9360265,{'url': 'https://community.secop.gov.co/Public/Tendering/OpportunityDetail/Index?noticeUID=CO1.NTC.9380413&isFromPublicArea=True&isModal=true&asPopupView=true'},901140004,JEP,Nacional,No aplica/No pertenece,Distrito Capital de Bogotá,Prestación de servicios,Contratación régimen especial,False,2026-01-08,2026-01-13,2026-12-19,124051264.0,En ejecución,2026,individual_professional_ai,0.81,False,True,False,False,False,False,False,
CO1.PCCNTR.8713120,CO1.BDOS.9276510,{'url': 'https://community.secop.gov.co/Public/Tendering/OpportunityDetail/Index?noticeUID=CO1.NTC.9303030&isFromPublicArea=True&isModal=true&asPopupView=true'},890500890,IDS,Territorial,Salud y Protección Social,Norte de Santander,Prestación de servicios,Contratación directa,True,2025-12-19,2025-12-23,2026-05-21,187800000.0,Modificado,2025,ai_development_service,0.88,False,True,True,True,True,True,True,
CO1.PCCNTR.8214512,CO1.BDOS.8585364,{'url': 'https://community.secop.gov.co/Public/Tendering/OpportunityDetail/Index?noticeUID=CO1.NTC.8625492&isFromPublicArea=True&isModal=true&asPopupView=true'},8999990619,SECRETARIA DE EDUCACION DEL DISTRITO,Territorial,Educación Nacional,Distrito Capital de Bogotá,Prestación de servicios,Contratación directa,False,2025-08-21,2025-09-01,2026-08-31,185280000.0,En ejecución,2025,individual_professional_ai,0.93,False,True,False,False,False,False,False,
CO1.PCCNTR.6515668,CO1.BDOS.6368256,{'url': 'https://community.secop.gov.co/Public/Tendering/OpportunityDetail/Index?noticeUID=CO1.NTC.6380161&isFromPublicArea=True&isModal=true&asPopupView=true'},8001316486,FONDO UNICO DE TECNOLOGÍAS DE LA INFORMACIÓN Y LAS COMUNICACIONES,Nacional,Tecnologías de la Información y las Comunicaciones,Distrito Capital de Bogotá,Prestación de servicios,Contratación directa,False,2024-07-11,2024-07-12,2024-12-31,67053800.0,En ejecución,2024,individual_professional_ai,0.87,False,True,False,False,False,False,False,
CO1.PCCNTR.7488693,CO1.BDOS.7607130,{'url': 'https://community.secop.gov.co/Public/Tendering/OpportunityDetail/Index?noticeUID=CO1.NTC.7628086&isFromPublicArea=True&isModal=true&asPopupView=true'},8999990341,SERVICIO NACIONAL DE APRENDIZAJE - SENA MAGDALENA,Nacional,Trabajo,Magdalena,Prestación de servicios,Contratación directa,False,2025-02-14,2025-02-17,2025-12-31,58800000.0,Cerrado,2025,individual_professional_ai,0.93,False,True,False,False,False,False,False,
CO1.PCCNTR.4550622,CO1.BDOS.3894933,{'url': 'https://community.secop.gov.co/Public/Tendering/OpportunityDetail/Index?noticeUID=CO1.NTC.3897492&isFromPublicArea=True&isModal=true&asPopupView=true'},899999034,SENA DISTRITO CAPITAL GRUPO DE APOYO ADMINISTRATIVO - CGI,Nacional,Trabajo,Distrito Capital de Bogotá,Prestación de servicios,Contratación directa,False,2023-02-03,2023-02-03,2023-12-15,42178500.0,Cerrado,2023,individual_professional_ai,0.96,False,True,False,False,False,False,False,
CO1.PCCNTR.7931901,CO1.BDOS.8193601,{'url': 'https://community.secop.gov.co/Public/Tendering/OpportunityDetail/Index?noticeUID=CO1.NTC.8215349&isFromPublicArea=True&isModal=true&asPopupView=true'},899999034,SENA DISTRITO CAPITAL GRUPO DE APOYO ADMINISTRATIVO - CGI,Nacional,Trabajo,Distrito Capital de Bogotá,Prestación de servicios,Contratación directa,False,2025-05-30,2025-06-03,2025-12-26,15862000.0,Cerrado,2025,incidental,0.87,False,True,False,False,False,False,False,
CO1.PCCNTR.7554716,CO1.BDOS.7694415,{'url': 'https://community.secop.gov.co/Public/Tendering/OpportunityDetail/Index?noticeUID=CO1.NTC.7709075&isFromPublicArea=True&isModal=true&asPopupView=true'},899999034,SENA REGIONAL NARIÑO CENTRO SUR COLOMBIANO DE LOGISTICA INTERNACIONAL,Nacional,Trabajo,Nariño,Prestación de servicios,Contratación directa,False,2025-02-25,2025-02-25,2025-12-31,57120000.0,En ejecución,2025,individual_professional_ai,0.89,False,True,False,False,False,False,False,
CO1.PCCNTR.9960002,CO1.BDOS.10872365,{'url': 'https://community.secop.gov.co/Public/Tendering/OpportunityDetail/Index?noticeUID=CO1.NTC.10915173&isFromPublicArea=True&isModal=true&asPopupView=true'},901508361,"AGENCIA DISTRITAL PARA LA EDUCACIÓN SUPERIOR, LA CIENCIA Y LA TECNOLOGÍA, ATENEA",Territorial,Educación Nacional,Distrito Capital de Bogotá,Prestación de servicios,Contratación directa,False,2026-09-17,2026-09-18,2027-01-17,34000000.0,En ejecución,2026,individual_professional_ai,0.96,False,True,False,False,False,False,False,
CO1.PCCNTR.7459403,CO1.BDOS.7570560,{'url': 'https://community.secop.gov.co/Public/Tendering/OpportunityDetail/Index?noticeUID=CO1.NTC.7590909&isFromPublicArea=True&isModal=true&asPopupView=true'},891800498,GOBERNACIÓN DE BOYACÁ,Territorial,Servicio Público,Boyacá,Prestación de servicios,Contratación directa,False,2025-02-14,2025-02-17,2025-12-31,40859065.0,terminado,2025,individual_professional_ai,0.97,False,True,False,False,False,False,False,
CO1.PCCNTR.7932277,CO1.BDOS.8196304,{'url': 'https://community.secop.gov.co/Public/Tendering/OpportunityDetail/Index?noticeUID=CO1.NTC.8216384&isFromPublicArea=True&isModal=true&asPopupView=true'},800214750,INSTITUCIÓN UNIVERSITARIA ITM,Nacional,Educación Nacional,Antioquia,Prestación de servicios,Contratación directa,False,2025-05-29,2025-05-29,2025-12-31,19530000.0,En ejecución,2025,incidental,0.98,False,True,False,False,False,False,False,
CO1.PCCNTR.8734083,CO1.BDOS.9272410,{'url': 'https://community.secop.gov.co/Public/Tendering/OpportunityDetail/Index?noticeUID=CO1.NTC.9303418&isFromPublicArea=True&isModal=true&asPopupView=true'},899999061,FONDO DE DESARROLLO LOCAL DE LA CANDELARIA,Territorial,Servicio Público,Distrito Capital de Bogotá,Prestación de servicios,Mínima cuantía,True,2025-12-29,2026-02-16,2026-06-15,36231020.0,En ejecución,2025,ai_product_or_platform,0.97,True,True,True,True,True,True,True,
CO1.PCCNTR.7348692,CO1.BDOS.7456566,{'url': 'https://community.secop.gov.co/Public/Tendering/OpportunityDetail/Index?noticeUID=CO1.NTC.7470700&isFromPublicArea=True&isModal=true&asPopupView=true'},891480033,MUNICIPIO DE SANTA ROSA DE CABAL,Territorial,Servicio Público,Risaralda,Prestación de servicios,Contratación directa,False,2025-01-29,2025-01-31,2025-09-30,36000000.0,terminado,2025,individual_professional_ai,0.97,False,True,False,False,False,False,False,
CO1.PCCNTR.8343298,CO1.BDOS.8763528,{'url': 'https://community.secop.gov.co/Public/Tendering/OpportunityDetail/Index?noticeUID=CO1.NTC.8786689&isFromPublicArea=True&isModal=true&asPopupView=true'},901436775,FABRICA DE LICORES Y ALCOHOLES DE ANTIOQUIA,Corporación Autónoma,Industria,Antioquia,Otro,Contratación régimen especial,True,2025-09-23,2025-09-23,2025-10-31,39860338.0,terminado,2025,incidental,0.99,False,True,False,False,False,False,False,
CO1.PCCNTR.6745867,CO1.BDOS.6679644,{'url': 'https://community.secop.gov.co/Public/Tendering/OpportunityDetail/Index?noticeUID=CO1.NTC.6688947&isFromPublicArea=True&isModal=true&asPopupView=true'},900498879,UNIDAD ADMINISTRATIVA ESPECIAL DE GESTION DE RESTITUCION DE TIERRAS DESPOJADAS**,Nacional,Inclusión Social y Reconciliación,Distrito Capital de Bogotá,Prestación de servicios,Contratación directa,False,2024-09-10,2024-09-12,2024-12-31,16670000.0,Cerrado,2024,individual_professional_ai,0.99,False,True,False,False,False,False,False,
CO1.PCCNTR.8366682,CO1.BDOS.8810574,{'url': 'https://community.secop.gov.co/Public/Tendering/OpportunityDetail/Index?noticeUID=CO1.NTC.8835813&isFromPublicArea=True&isModal=true&asPopupView=true'},891800231,EMPRESA SOCIAL DEL ESTADO HOSPITAL SAN RAFAEL DE TUNJA,Territorial,Salud y Protección Social,Boyacá,Prestación de servicios,Contratación régimen especial,False,2025-09-24,2025-09-24,2025-12-31,22147270.0,terminado,2025,individual_professional_ai,0.97,False,True,False,False,False,False,False,
CO1.PCCNTR.8183147,CO1.BDOS.8558943,{'url': 'https://community.secop.gov.co/Public/Tendering/OpportunityDetail/Index?noticeUID=CO1.NTC.8582327&isFromPublicArea=True&isModal=true&asPopupView=true'},899999119,PROCURADURIA GENERAL DE LA NACION,Nacional,No aplica/No pertenece,Distrito Capital de Bogotá,Prestación de servicios,Contratación directa,True,2025-08-12,2025-08-20,2025-12-15,490000000.0,En ejecución,2025,ai_development_service,0.78,False,True,True,True,True,True,True,core_low_conf
CO1.PCCNTR.7467699,CO1.BDOS.7588646,{'url': 'https://community.secop.gov.co/Public/Tendering/OpportunityDetail/Index?noticeUID=CO1.NTC.7602273&isFromPublicArea=True&isModal=true&asPopupView=true'},899999034,SENA REGIONAL CALDAS CENTRO DE AUTOMATIZACION INDUSTRIAL,Nacional,Salud y Protección Social,Caldas,Prestación de servicios,Contratación directa,False,2025-02-12,2025-02-13,2025-12-27,58800000.0,Cerrado,2025,individual_professional_ai,0.98,False,True,False,False,False,False,False,
CO1.PCCNTR.8655107,CO1.BDOS.9132723,{'url': 'https://community.secop.gov.co/Public/Tendering/OpportunityDetail/Index?noticeUID=CO1.NTC.9158702&isFromPublicArea=True&isModal=true&asPopupView=true'},900594384,UNIDAD ADMINISTRATIVA ESPECIAL DE PENSIONES DE CUNDINAMARCA,Territorial,Salud y Protección Social,Distrito Capital de Bogotá,Prestación de servicios,Mínima cuantía,True,2025-12-01,2025-12-01,2025-12-30,38500000.0,En ejecución,2025,unclear,0.96,False,True,False,False,True,True,False,unclear_label
CO1.PCCNTR.6399924,CO1.BDOS.6210561,{'url': 'https://community.secop.gov.co/Public/Tendering/OpportunityDetail/Index?noticeUID=CO1.NTC.6220237&isFromPublicArea=True&isModal=true&asPopupView=true'},899999114,DEPARTAMENTO DE CUNDINAMARCA-SECRETARIA DE TECNOLOGIAS DE LA INFORMACION Y LAS COMUNICACIONES,Territorial,Tecnologías de la Información y las Comunicaciones,Distrito Capital de Bogotá,Otro,Contratación directa,True,2024-06-04,2025-09-02,2027-09-01,0.0,Modificado,2024,ai_development_service,0.76,False,True,False,False,False,False,False,core_low_conf;core_zero_value
CO1.PCCNTR.8440692,CO1.BDOS.8900082,{'url': 'https://community.secop.gov.co/Public/Tendering/OpportunityDetail/Index?noticeUID=CO1.NTC.8930226&isFromPublicArea=True&isModal=true&asPopupView=true'},900475780,UNP,Nacional,defensa,Distrito Capital de Bogotá,Prestación de servicios,Contratación directa,False,2025-10-10,2025-10-14,2025-12-31,18416666.0,En ejecución,2025,individual_professional_ai,0.98,False,True,False,False,False,False,False,
CO1.PCCNTR.9937889,CO1.BDOS.10752696,{'url': 'https://community.secop.gov.co/Public/Tendering/OpportunityDetail/Index?noticeUID=CO1.NTC.10790862&isFromPublicArea=True&isModal=true&asPopupView=true'},900294898,IDACO,Territorial,No aplica/No pertenece,Distrito Capital de Bogotá,Decreto 092 de 2017,Contratación régimen especial (con ofertas),True,2026-09-24,,2026-12-31,278448000.0,Aprobado,2026,unclear,0.94,False,True,False,False,True,True,False,unclear_label
CO1.PCCNTR.7968241,CO1.BDOS.8246537,{'url': 'https://community.secop.gov.co/Public/Tendering/OpportunityDetail/Index?noticeUID=CO1.NTC.8268518&isFromPublicArea=True&isModal=true&asPopupView=true'},899999034,CENTRO DE COMERCIO Y SERVICIOS - SENA REGIONAL CAUCA,Nacional,Trabajo,Cauca,Prestación de servicios,Contratación directa,False,2025-06-13,2025-06-16,2025-12-11,19800000.0,En ejecución,2025,individual_professional_ai,0.82,False,True,False,False,False,False,False,
CO1.PCCNTR.5986816,CO1.BDOS.5699397,{'url': 'https://community.secop.gov.co/Public/Tendering/OpportunityDetail/Index?noticeUID=CO1.NTC.5707823&isFromPublicArea=True&isModal=true&asPopupView=true'},800103923,GOBERNACION DE NARIÑO,Territorial,No aplica/No pertenece,Nariño,Prestación de servicios,Contratación directa,False,2024-02-21,2024-02-23,2024-12-31,123456667.0,Modificado,2024,individual_professional_ai,0.78,False,True,False,False,False,False,False,
CO1.PCCNTR.8289739,CO1.BDOS.8708180,{'url': 'https://community.secop.gov.co/Public/Tendering/OpportunityDetail/Index?noticeUID=CO1.NTC.8732533&isFromPublicArea=True&isModal=true&asPopupView=true'},8001316486,FONDO UNICO DE TECNOLOGÍAS DE LA INFORMACIÓN Y LAS COMUNICACIONES,Nacional,Tecnologías de la Información y las Comunicaciones,Distrito Capital de Bogotá,Otro,Contratación directa,True,2025-09-05,2025-09-23,2025-12-19,11000000000.0,Modificado,2025,ai_development_service,0.78,False,True,True,True,True,True,True,core_low_conf
CO1.PCCNTR.7189312,CO1.BDOS.7243649,{'url': 'https://community.secop.gov.co/Public/Tendering/OpportunityDetail/Index?noticeUID=CO1.NTC.7263569&isFromPublicArea=True&isModal=true&asPopupView=true'},901508361,"AGENCIA DISTRITAL PARA LA EDUCACIÓN SUPERIOR, LA CIENCIA Y LA TECNOLOGÍA, ATENEA",Territorial,Educación Nacional,Distrito Capital de Bogotá,Prestación de servicios,Contratación directa,True,2024-12-31,2024-12-31,2031-12-31,17829462987.17,En ejecución,2024,unclear,0.76,False,True,False,False,True,True,False,unclear_label
CO1.PCCNTR.9304752,CO1.BDOS.9913206,{'url': 'https://community.secop.gov.co/Public/Tendering/OpportunityDetail/Index?noticeUID=CO1.NTC.9935696&isFromPublicArea=True&isModal=true&asPopupView=true'},900475780,UNP,Nacional,defensa,Distrito Capital de Bogotá,Prestación de servicios,Contratación directa,False,2026-01-30,2026-01-31,2026-12-31,62533333.0,Modificado,2026,individual_professional_ai,0.98,False,True,False,False,False,False,False,
CO1.PCCNTR.9128966,CO1.BDOS.9736477,{'url': 'https://community.secop.gov.co/Public/Tendering/OpportunityDetail/Index?noticeUID=CO1.NTC.9759975&isFromPublicArea=True&isModal=true&asPopupView=true'},900475780,UNP,Nacional,defensa,Distrito Capital de Bogotá,Prestación de servicios,Contratación directa,False,2026-01-25,2026-01-27,2026-12-31,65748800.0,En ejecución,2026,individual_professional_ai,0.96,False,True,False,False,False,False,False,
CO1.PCCNTR.8156553,CO1.BDOS.8519988,{'url': 'https://community.secop.gov.co/Public/Tendering/OpportunityDetail/Index?noticeUID=CO1.NTC.8542677&isFromPublicArea=True&isModal=true&asPopupView=true'},830079479,COMPUTADORES PARA EDUCAR,Nacional,Tecnologías de la Información y las Comunicaciones,Distrito Capital de Bogotá,Decreto 092 de 2017,Contratación régimen especial,False,2025-08-05,2025-08-06,2025-12-31,72500000.0,Modificado,2025,individual_professional_ai,0.93,False,True,False,False,False,False,False,
CO1.PCCNTR.7931786,CO1.BDOS.8193417,{'url': 'https://community.secop.gov.co/Public/Tendering/OpportunityDetail/Index?noticeUID=CO1.NTC.8215426&isFromPublicArea=True&isModal=true&asPopupView=true'},899999034,SENA DISTRITO CAPITAL GRUPO DE APOYO ADMINISTRATIVO - CGI,Nacional,Trabajo,Distrito Capital de Bogotá,Prestación de servicios,Contratación directa,False,2025-05-30,2025-06-03,2025-12-26,17031600.0,Cerrado,2025,individual_professional_ai,0.98,False,True,False,False,False,False,False,
CO1.PCCNTR.9258613,CO1.BDOS.9871461,{'url': 'https://community.secop.gov.co/Public/Tendering/OpportunityDetail/Index?noticeUID=CO1.NTC.9890986&isFromPublicArea=True&isModal=true&asPopupView=true'},899999034,SENA SECRETARIA GENERAL,Nacional,Trabajo,Distrito Capital de Bogotá,Prestación de servicios,Contratación directa,False,2026-01-30,2026-02-04,2026-12-31,156200000.0,En ejecución,2026,individual_professional_ai,0.99,False,True,False,False,False,False,False,
CO1.PCCNTR.9132279,CO1.BDOS.9748402,{'url': 'https://community.secop.gov.co/Public/Tendering/OpportunityDetail/Index?noticeUID=CO1.NTC.9767318&isFromPublicArea=True&isModal=true&asPopupView=true'},899999119,PROCURADURIA GENERAL DE LA NACION,Nacional,No aplica/No pertenece,Distrito Capital de Bogotá,Prestación de servicios,Contratación directa,False,2026-01-28,2026-02-02,2026-06-30,41650000.0,terminado,2026,individual_professional_ai,0.98,False,True,False,False,False,False,False,
CO1.PCCNTR.8352012,CO1.BDOS.8789430,{'url': 'https://community.secop.gov.co/Public/Tendering/OpportunityDetail/Index?noticeUID=CO1.NTC.8814610&isFromPublicArea=True&isModal=true&asPopupView=true'},901140004,JEP,Nacional,No aplica/No pertenece,Distrito Capital de Bogotá,Prestación de servicios,Contratación régimen especial,False,2025-09-25,2025-09-26,2025-12-31,38004143.0,En ejecución,2025,individual_professional_ai,0.97,False,True,False,False,False,False,False,
CO1.PCCNTR.6927267,CO1.BDOS.6910889,{'url': 'https://community.secop.gov.co/Public/Tendering/OpportunityDetail/Index?noticeUID=CO1.NTC.6921782&isFromPublicArea=True&isModal=true&asPopupView=true'},830127607,AGENCIA NACIONAL DE HIDROCARBUROS**,Nacional,Minas y Energía,Distrito Capital de Bogotá,Otro,Contratación directa,True,2024-10-22,2024-10-23,2026-11-30,20488500000.0,Modificado,2024,ai_development_service,0.88,False,True,True,True,True,True,True,
CO1.PCCNTR.5315429,CO1.BDOS.4850390,{'url': 'https://community.secop.gov.co/Public/Tendering/OpportunityDetail/Index?noticeUID=CO1.NTC.4866304&isFromPublicArea=True&isModal=true&asPopupView=true'},899999239,ICBF SEDE NACIONAL,Nacional,Inclusión Social y Reconciliación,Distrito Capital de Bogotá,Prestación de servicios,Contratación directa,False,2023-08-24,2023-08-28,2023-12-31,43800750.0,Cerrado,2023,individual_professional_ai,0.98,False,True,False,False,False,False,False,
CO1.PCCNTR.8691409,CO1.BDOS.9237448,{'url': 'https://community.secop.gov.co/Public/Tendering/OpportunityDetail/Index?noticeUID=CO1.NTC.9270343&isFromPublicArea=True&isModal=true&asPopupView=true'},899999294,SERVICIO GEOLOGICO COLOMBIANO**,Nacional,Minas y Energía,Distrito Capital de Bogotá,Prestación de servicios,Contratación directa,False,2025-12-10,2025-12-11,2026-12-09,121200000.0,Modificado,2025,individual_professional_ai,0.91,False,True,False,False,False,False,False,
CO1.PCCNTR.9145846,CO1.BDOS.9269650,{'url': 'https://community.secop.gov.co/Public/Tendering/OpportunityDetail/Index?noticeUID=CO1.NTC.9777788&isFromPublicArea=True&isModal=true&asPopupView=true'},830063506,TRANSMILENIO S.A.,Territorial,Transporte,Distrito Capital de Bogotá,Prestación de servicios,Contratación directa,False,2026-01-26,2026-02-02,2027-01-16,73542500.0,Modificado,2026,individual_professional_ai,0.98,False,True,False,False,False,False,False,
CO1.PCCNTR.8685308,CO1.BDOS.9227456,{'url': 'https://community.secop.gov.co/Public/Tendering/OpportunityDetail/Index?noticeUID=CO1.NTC.9259070&isFromPublicArea=True&isModal=true&asPopupView=true'},899999296,MINCIENCIAS,Nacional,Ciencia Tecnología,Distrito Capital de Bogotá,Otro,Contratación Directa (con ofertas),True,2025-12-10,2025-12-22,2028-12-11,3262730000.0,En ejecución,2025,ai_development_service,0.88,False,True,True,True,True,True,True,
CO1.PCCNTR.5996607,CO1.BDOS.5711710,{'url': 'https://community.secop.gov.co/Public/Tendering/OpportunityDetail/Index?noticeUID=CO1.NTC.5720043&isFromPublicArea=True&isModal=true&asPopupView=true'},899999294,SERVICIO GEOLOGICO COLOMBIANO**,Nacional,Minas y Energía,Distrito Capital de Bogotá,Prestación de servicios,Contratación directa,False,2024-02-23,2024-02-23,2024-06-22,48082204.0,En ejecución,2024,individual_professional_ai,0.98,False,True,False,False,False,False,False,
CO1.PCCNTR.5870297,CO1.BDOS.5550720,{'url': 'https://community.secop.gov.co/Public/Tendering/OpportunityDetail/Index?noticeUID=CO1.NTC.5558874&isFromPublicArea=True&isModal=true&asPopupView=true'},822002459,EMPRESA SOCIAL DEL ESTADO DEL MUNICIPIO DE VILLAVICENCIO,Territorial,Salud y Protección Social,Meta,Decreto 092 de 2017,Contratación régimen especial,True,2024-02-01,2024-02-01,2024-12-31,101860000.0,Cerrado,2024,ai_product_or_platform,0.76,False,True,True,True,True,True,True,core_low_conf
CO1.PCCNTR.7944439,CO1.BDOS.8212349,{'url': 'https://community.secop.gov.co/Public/Tendering/OpportunityDetail/Index?noticeUID=CO1.NTC.8232979&isFromPublicArea=True&isModal=true&asPopupView=true'},800214750,INSTITUCIÓN UNIVERSITARIA ITM,Nacional,Educación Nacional,Antioquia,Prestación de servicios,Contratación directa,False,2025-06-04,2025-06-04,2025-06-30,4772737.0,terminado,2025,individual_professional_ai,0.79,False,True,False,False,False,False,False,
CO1.PCCNTR.8773945,CO1.BDOS.9379472,{'url': 'https://community.secop.gov.co/Public/Tendering/OpportunityDetail/Index?noticeUID=CO1.NTC.9393843&isFromPublicArea=True&isModal=true&asPopupView=true'},890700666,HOSPITAL SAN JUAN DE DIOS DE HONDA ESE,Territorial,Salud y Protección Social,Tolima,Suministros,Contratación régimen especial,True,2026-01-06,2026-01-06,2026-12-31,16841781.0,En ejecución,2026,cloud_or_software_nonAI,0.96,True,True,False,True,False,True,False,cloud_label_but_AI_text
CO1.PCCNTR.8570451,CO1.BDOS.9065977,{'url': 'https://community.secop.gov.co/Public/Tendering/OpportunityDetail/Index?noticeUID=CO1.NTC.9098424&isFromPublicArea=True&isModal=true&asPopupView=true'},901508361,"AGENCIA DISTRITAL PARA LA EDUCACIÓN SUPERIOR, LA CIENCIA Y LA TECNOLOGÍA, ATENEA",Territorial,Educación Nacional,Distrito Capital de Bogotá,Prestación de servicios,Contratación directa,True,2025-11-11,2025-11-12,2025-11-28,140172500.0,En ejecución,2025,incidental,0.91,False,True,False,False,False,False,False,
CO1.PCCNTR.8982527,CO1.BDOS.9571630,{'url': 'https://community.secop.gov.co/Public/Tendering/OpportunityDetail/Index?noticeUID=CO1.NTC.9585780&isFromPublicArea=True&isModal=true&asPopupView=true'},899999034,SENA REGIONAL BOLIVAR Centro para la Industria Petroquímica,Nacional,Trabajo,Bolívar,Prestación de servicios,Contratación directa,False,2026-01-19,2026-02-02,2026-12-30,66699996.0,En ejecución,2026,incidental,0.85,False,True,False,False,False,False,False,
CO1.PCCNTR.7942119,CO1.BDOS.8209152,{'url': 'https://community.secop.gov.co/Public/Tendering/OpportunityDetail/Index?noticeUID=CO1.NTC.8230259&isFromPublicArea=True&isModal=true&asPopupView=true'},830025267,FONDO NACIONAL AMBIENTAL - ANLA,Nacional,Ambiente y Desarrollo Sostenible,Distrito Capital de Bogotá,Prestación de servicios,Contratación directa,False,2025-06-03,2025-06-03,2025-12-31,83200000.0,En ejecución,2025,incidental,0.91,False,True,False,False,False,False,False,
CO1.PCCNTR.5166219,CO1.BDOS.4656348,{'url': 'https://community.secop.gov.co/Public/Tendering/OpportunityDetail/Index?noticeUID=CO1.NTC.4663245&isFromPublicArea=True&isModal=true&asPopupView=true'},822002459,EMPRESA SOCIAL DEL ESTADO DEL MUNICIPIO DE VILLAVICENCIO,Territorial,Salud y Protección Social,Meta,Decreto 092 de 2017,Contratación régimen especial,True,2023-07-05,2023-07-05,2024-01-04,43000682.0,Cerrado,2023,ai_product_or_platform,0.79,False,True,True,True,True,True,True,core_low_conf
CO1.PCCNTR.8802496,CO1.BDOS.9320679,{'url': 'https://community.secop.gov.co/Public/Tendering/OpportunityDetail/Index?noticeUID=CO1.NTC.9430688&isFromPublicArea=True&isModal=true&asPopupView=true'},899999027,DEPARTAMENTO ADMINISTRATIVO NACIONAL DE ESTADISTICA (DANE),Nacional,Información Estadística,Distrito Capital de Bogotá,Prestación de servicios,Contratación directa,False,2026-01-09,2026-01-11,2026-10-31,95700000.0,Modificado,2026,individual_professional_ai,0.95,False,True,False,False,False,False,False,
CO1.PCCNTR.8453571,CO1.BDOS.8910535,{'url': 'https://community.secop.gov.co/Public/Tendering/OpportunityDetail/Index?noticeUID=CO1.NTC.8946766&isFromPublicArea=True&isModal=true&asPopupView=true'},899999294,SERVICIO GEOLOGICO COLOMBIANO**,Nacional,Minas y Energía,Distrito Capital de Bogotá,Prestación de servicios,Contratación directa,False,2025-10-15,2025-10-15,2026-10-13,60600000.0,Modificado,2025,individual_professional_ai,0.98,False,True,False,False,False,False,False,
CO1.PCCNTR.7076121,CO1.BDOS.7098411,{'url': 'https://community.secop.gov.co/Public/Tendering/OpportunityDetail/Index?noticeUID=CO1.NTC.7115436&isFromPublicArea=True&isModal=true&asPopupView=true'},830115226,MINTRABAJO NIVEL CENTRAL*/,Nacional,Trabajo,Distrito Capital de Bogotá,Otro,Contratación régimen especial,True,2024-11-28,2024-11-28,2024-12-31,599760000.0,Cerrado,2024,ai_development_service,0.93,False,True,True,True,True,True,True,
CO1.PCCNTR.8564637,CO1.BDOS.9061989,{'url': 'https://community.secop.gov.co/Public/Tendering/OpportunityDetail/Index?noticeUID=CO1.NTC.9092026&isFromPublicArea=True&isModal=true&asPopupView=true'},890399011,SANTIAGO DE CALI DISTRITO ESPECIAL - DEPARTAMENTO ADMINISTRATIVO DE TECNOLOGIAS DE LA INFORMACION Y LAS COMUNICACIONES,Territorial,Tecnologías de la Información y las Comunicaciones,Valle del Cauca,Otro,Contratación Directa (con ofertas),True,2025-11-07,2025-11-18,2026-12-31,719747200.0,Modificado,2025,incidental,0.91,False,True,False,False,False,False,False,
CO1.PCCNTR.9020831,CO1.BDOS.9509164,{'url': 'https://community.secop.gov.co/Public/Tendering/OpportunityDetail/Index?noticeUID=CO1.NTC.9654144&isFromPublicArea=True&isModal=true&asPopupView=true'},899999061,"SECRETARÍA DISTRITAL DE CULTURA, RECREACIÓN Y DEPORTE",Territorial,Cultura,Distrito Capital de Bogotá,Prestación de servicios,Contratación directa,False,2026-01-21,2026-01-27,2026-12-26,124575000.0,En ejecución,2026,individual_professional_ai,0.98,False,True,False,False,False,False,False,
CO1.PCCNTR.9128994,CO1.BDOS.9736979,{'url': 'https://community.secop.gov.co/Public/Tendering/OpportunityDetail/Index?noticeUID=CO1.NTC.9760528&isFromPublicArea=True&isModal=true&asPopupView=true'},900475780,UNP,Nacional,defensa,Distrito Capital de Bogotá,Prestación de servicios,Contratación directa,False,2026-01-25,2026-01-26,2026-12-31,53104800.0,En ejecución,2026,individual_professional_ai,0.92,False,True,False,False,False,False,False,
CO1.PCCNTR.6590337,CO1.BDOS.6467048,{'url': 'https://community.secop.gov.co/Public/Tendering/OpportunityDetail/Index?noticeUID=CO1.NTC.6477304&isFromPublicArea=True&isModal=true&asPopupView=true'},899999294,SERVICIO GEOLOGICO COLOMBIANO**,Nacional,Minas y Energía,Distrito Capital de Bogotá,Prestación de servicios,Contratación directa,False,2024-08-01,2024-08-01,2024-12-31,60102755.0,En ejecución,2024,individual_professional_ai,0.98,False,True,False,False,False,False,False,
CO1.PCCNTR.6971675,CO1.BDOS.6892883,{'url': 'https://community.secop.gov.co/Public/Tendering/OpportunityDetail/Index?noticeUID=CO1.NTC.6904942&isFromPublicArea=True&isModal=true&asPopupView=true'},890399011,SECRETARIA DE EDUCACION DE CALI,Territorial,Educación Nacional,Valle del Cauca,Decreto 092 de 2017,Contratación régimen especial (con ofertas),True,2024-11-13,2024-11-21,2024-12-28,237000000.0,terminado,2024,incidental,0.96,False,True,False,False,False,False,False,
CO1.PCCNTR.6699438,CO1.BDOS.6614887,{'url': 'https://community.secop.gov.co/Public/Tendering/OpportunityDetail/Index?noticeUID=CO1.NTC.6625095&isFromPublicArea=True&isModal=true&asPopupView=true'},901037916,ADRES,Nacional,Salud y Protección Social,Distrito Capital de Bogotá,Prestación de servicios,Contratación directa,False,2024-08-30,2024-09-03,2024-12-31,36000000.0,Cerrado,2024,individual_professional_ai,0.91,False,True,False,False,False,False,False,
CO1.PCCNTR.7073008,CO1.BDOS.7057355,{'url': 'https://community.secop.gov.co/Public/Tendering/OpportunityDetail/Index?noticeUID=CO1.NTC.7110776&isFromPublicArea=True&isModal=true&asPopupView=true'},891580016,GOBERNACIÓN DEL CAUCA,Territorial,Servicio Público,Cauca,Prestación de servicios,Contratación directa,False,2024-12-04,2024-12-05,2024-12-26,4200000.0,Cerrado,2024,individual_professional_ai,0.69,False,True,False,False,False,False,False,
CO1.PCCNTR.8051529,CO1.BDOS.8366199,{'url': 'https://community.secop.gov.co/Public/Tendering/OpportunityDetail/Index?noticeUID=CO1.NTC.8387771&isFromPublicArea=True&isModal=true&asPopupView=true'},901066091,REDDI COLOMBIA,Corporación Autónoma,Ciencia Tecnología,Valle del Cauca,Prestación de servicios,Contratación régimen especial,False,2025-07-08,2025-07-08,2025-09-04,7440573.0,Cerrado,2025,incidental,0.96,False,True,False,False,False,False,False,
CO1.PCCNTR.9933820,CO1.BDOS.10711780,{'url': 'https://community.secop.gov.co/Public/Tendering/OpportunityDetail/Index?noticeUID=CO1.NTC.10873583&isFromPublicArea=True&isModal=true&asPopupView=true'},890905211,DISTRITO ESPECIAL DE CIENCIA TECNOLOGIA E INNOVACION DE MEDELLIN,Territorial,Servicio Público,Antioquia,Prestación de servicios,Contratación directa,True,2026-09-18,,2026-12-31,153400000.0,Aprobado,2026,unclear,0.87,False,True,False,False,True,True,False,unclear_label
CO1.PCCNTR.4433021,CO1.BDOS.3760449,{'url': 'https://community.secop.gov.co/Public/Tendering/OpportunityDetail/Index?noticeUID=CO1.NTC.3790496&isFromPublicArea=True&isModal=true&asPopupView=true'},860523694,ESCUELA TECNOLÓGICA INSTITUTO TÉCNICO CENTRAL,Nacional,Educación Nacional,Distrito Capital de Bogotá,Prestación de servicios,Contratación directa,False,2023-01-20,2023-01-21,2023-11-30,21294662.0,Modificado,2023,individual_professional_ai,0.97,False,True,False,False,False,False,False,
CO1.PCCNTR.8729085,CO1.BDOS.9297492,{'url': 'https://community.secop.gov.co/Public/Tendering/OpportunityDetail/Index?noticeUID=CO1.NTC.9322660&isFromPublicArea=True&isModal=true&asPopupView=true'},899999034,SENA REGIONAL VALLE Grupo Administrativo CTA,Nacional,Trabajo,Valle del Cauca,Compraventa,Contratación Directa (con ofertas),True,2025-12-23,2025-12-24,2026-01-31,139996717.0,Modificado,2025,incidental,0.87,False,True,False,False,False,False,False,
CO1.PCCNTR.8670193,CO1.BDOS.9205641,{'url': 'https://community.secop.gov.co/Public/Tendering/OpportunityDetail/Index?noticeUID=CO1.NTC.9239702&isFromPublicArea=True&isModal=true&asPopupView=true'},890907748,CORPORACION PARA EL DESARROLLO SOSTENIBLE DEL URABA,Territorial,Ambiente y Desarrollo Sostenible,Antioquia,Prestación de servicios,Contratación directa,True,2025-12-05,2025-12-05,2026-01-05,14634112.0,Cerrado,2025,unclear,0.88,False,True,False,False,True,True,False,unclear_label
CO1.PCCNTR.7489355,CO1.BDOS.7607130,{'url': 'https://community.secop.gov.co/Public/Tendering/OpportunityDetail/Index?noticeUID=CO1.NTC.7628086&isFromPublicArea=True&isModal=true&asPopupView=true'},8999990341,SERVICIO NACIONAL DE APRENDIZAJE - SENA MAGDALENA,Nacional,Trabajo,Magdalena,Prestación de servicios,Contratación directa,False,2025-02-14,2025-02-17,2025-12-31,58800000.0,Cerrado,2025,individual_professional_ai,0.95,False,True,False,False,False,False,False,
CO1.PCCNTR.5441320,CO1.BDOS.5027677,{'url': 'https://community.secop.gov.co/Public/Tendering/OpportunityDetail/Index?noticeUID=CO1.NTC.5039460&isFromPublicArea=True&isModal=true&asPopupView=true'},901158482,Unidad de Busqueda de Personas Desaparecidas,Nacional,Ley de Justicia,Distrito Capital de Bogotá,Prestación de servicios,Contratación directa,False,2023-10-06,2023-10-09,2023-12-31,37966000.0,Cerrado,2023,individual_professional_ai,0.96,False,True,False,False,False,False,False,
CO1.PCCNTR.4574023,CO1.BDOS.3895517,{'url': 'https://community.secop.gov.co/Public/Tendering/OpportunityDetail/Index?noticeUID=CO1.NTC.3897243&isFromPublicArea=True&isModal=true&asPopupView=true'},899999034,SENA DISTRITO CAPITAL GRUPO DE APOYO ADMINISTRATIVO - CGI,Nacional,Trabajo,Distrito Capital de Bogotá,Prestación de servicios,Contratación directa,False,2023-02-07,2023-02-07,2023-10-31,36153000.0,Cerrado,2023,individual_professional_ai,0.97,False,True,False,False,False,False,False,
CO1.PCCNTR.8025772,CO1.BDOS.8327127,{'url': 'https://community.secop.gov.co/Public/Tendering/OpportunityDetail/Index?noticeUID=CO1.NTC.8348713&isFromPublicArea=True&isModal=true&asPopupView=true'},899999034,CENTRO DE COMERCIO Y SERVICIOS - SENA REGIONAL CAUCA,Nacional,Trabajo,Cauca,Prestación de servicios,Contratación directa,False,2025-06-27,2025-07-01,2025-09-30,6600000.0,En ejecución,2025,individual_professional_ai,0.89,False,True,False,False,False,False,False,
CO1.PCCNTR.8696612,CO1.BDOS.9146913,{'url': 'https://community.secop.gov.co/Public/Tendering/OpportunityDetail/Index?noticeUID=CO1.NTC.9221518&isFromPublicArea=True&isModal=true&asPopupView=true'},800141644,ARMADA NACIONAL BASE NAVAL No. 6 ARC BOGOTA,Nacional,defensa,Distrito Capital de Bogotá,Compraventa,Mínima cuantía,True,2025-12-11,2025-12-15,2025-12-19,71261819.0,En ejecución,2025,ai_product_or_platform,0.76,False,True,True,True,True,True,True,core_low_conf
CO1.PCCNTR.4569536,CO1.BDOS.3895100,{'url': 'https://community.secop.gov.co/Public/Tendering/OpportunityDetail/Index?noticeUID=CO1.NTC.3897468&isFromPublicArea=True&isModal=true&asPopupView=true'},899999034,SENA DISTRITO CAPITAL GRUPO DE APOYO ADMINISTRATIVO - CGI,Nacional,Trabajo,Distrito Capital de Bogotá,Prestación de servicios,Contratación directa,False,2023-02-07,2023-02-07,2023-12-15,42178500.0,Cerrado,2023,individual_professional_ai,0.91,False,True,False,False,False,False,False,
CO1.PCCNTR.5434496,CO1.BDOS.5013300,{'url': 'https://community.secop.gov.co/Public/Tendering/OpportunityDetail/Index?noticeUID=CO1.NTC.5027552&isFromPublicArea=True&isModal=true&asPopupView=true'},899999296,MINCIENCIAS,Nacional,Ciencia Tecnología,Distrito Capital de Bogotá,Prestación de servicios,Contratación directa,False,2023-10-04,2023-10-06,2023-12-31,18416667.0,Modificado,2023,individual_professional_ai,0.98,False,True,False,False,False,False,False,
CO1.PCCNTR.9123923,CO1.BDOS.9696221,{'url': 'https://community.secop.gov.co/Public/Tendering/OpportunityDetail/Index?noticeUID=CO1.NTC.9727241&isFromPublicArea=True&isModal=true&asPopupView=true'},899999034,SENA REGIONAL BOLIVAR Grupo Administrativo CINFP,Nacional,Trabajo,Distrito Capital de Bogotá,Prestación de servicios,Contratación directa,False,2026-01-25,2026-02-02,2026-07-30,28424976.0,En ejecución,2026,individual_professional_ai,0.94,False,True,False,False,False,False,False,
CO1.PCCNTR.8359637,CO1.BDOS.8798298,{'url': 'https://community.secop.gov.co/Public/Tendering/OpportunityDetail/Index?noticeUID=CO1.NTC.8824831&isFromPublicArea=True&isModal=true&asPopupView=true'},800214750,INSTITUCIÓN UNIVERSITARIA ITM,Nacional,Educación Nacional,Antioquia,Prestación de servicios,Contratación directa,False,2025-09-24,2025-09-24,2025-11-05,6155880.0,En ejecución,2025,individual_professional_ai,0.99,False,True,False,False,False,False,False,
CO1.PCCNTR.7580417,CO1.BDOS.7677176,{'url': 'https://community.secop.gov.co/Public/Tendering/OpportunityDetail/Index?noticeUID=CO1.NTC.7741394&isFromPublicArea=True&isModal=true&asPopupView=true'},8999990619,DEPARTAMENTO ADMINISTRATIVO DEL SERVICIO CIVIL DISTRITAL,Territorial,Servicio Público,Distrito Capital de Bogotá,Prestación de servicios,Contratación directa,False,2025-03-06,2025-03-10,2025-12-11,54400000.0,Modificado,2025,individual_professional_ai,0.95,False,True,False,False,False,False,False,
CO1.PCCNTR.7341370,CO1.BDOS.7447403,{'url': 'https://community.secop.gov.co/Public/Tendering/OpportunityDetail/Index?noticeUID=CO1.NTC.7461738&isFromPublicArea=True&isModal=true&asPopupView=true'},891801932,MUNICIPIO DE COMBITA,Territorial,Servicio Público,Boyacá,Prestación de servicios,Contratación directa,False,2025-01-27,2025-01-27,2025-06-26,12250000.0,terminado,2025,individual_professional_ai,0.77,False,True,False,False,False,False,False,
CO1.PCCNTR.7507656,CO1.BDOS.7636499,{'url': 'https://community.secop.gov.co/Public/Tendering/OpportunityDetail/Index?noticeUID=CO1.NTC.7651259&isFromPublicArea=True&isModal=true&asPopupView=true'},899999034,SENA REGIONAL NARIÑO CENTRO SUR COLOMBIANO DE LOGISTICA INTERNACIONAL,Nacional,Trabajo,Nariño,Prestación de servicios,Contratación directa,False,2025-02-17,2025-02-17,2025-12-31,58613333.0,En ejecución,2025,individual_professional_ai,0.94,False,True,False,False,False,False,False,
CO1.PCCNTR.6932081,CO1.BDOS.6911587,{'url': 'https://community.secop.gov.co/Public/Tendering/OpportunityDetail/Index?noticeUID=CO1.NTC.6922863&isFromPublicArea=True&isModal=true&asPopupView=true'},800152783,FISCALÍA GENERAL DE LA NACIÓN NIVEL CENTRAL.,Nacional,Ley de Justicia,Distrito Capital de Bogotá,Prestación de servicios,Contratación directa,False,2024-10-22,2024-10-23,2024-12-31,54000000.0,En ejecución,2024,individual_professional_ai,0.96,False,True,False,False,False,False,False,
CO1.PCCNTR.8983781,CO1.BDOS.9591238,{'url': 'https://community.secop.gov.co/Public/Tendering/OpportunityDetail/Index?noticeUID=CO1.NTC.9614962&isFromPublicArea=True&isModal=true&asPopupView=true'},830025267,FONDO NACIONAL AMBIENTAL - ANLA,Nacional,Ambiente y Desarrollo Sostenible,Distrito Capital de Bogotá,Prestación de servicios,Contratación directa,False,2026-01-19,2026-01-19,2026-12-31,60827197.0,En ejecución,2026,individual_professional_ai,0.72,False,True,False,False,False,False,False,
CO1.PCCNTR.9149193,CO1.BDOS.9763000,{'url': 'https://community.secop.gov.co/Public/Tendering/OpportunityDetail/Index?noticeUID=CO1.NTC.9781840&isFromPublicArea=True&isModal=true&asPopupView=true'},8903990295,Departamento Administrativo de Jurídica,Territorial,Ley de Justicia,Valle del Cauca,Prestación de servicios,Contratación directa,True,2026-01-28,2026-01-30,2026-12-31,18300000.0,En ejecución,2026,ai_product_or_platform,0.94,False,True,True,True,True,True,True,
CO1.PCCNTR.5423868,CO1.BDOS.5001872,{'url': 'https://community.secop.gov.co/Public/Tendering/OpportunityDetail/Index?noticeUID=CO1.NTC.5012618&isFromPublicArea=True&isModal=true&asPopupView=true'},8604017349,CORPORACIÓN UNIFICADA NACIONAL DE EDUCACIÓN SUPERIOR-CUN,Nacional,Educación Nacional,Distrito Capital de Bogotá,Decreto 092 de 2017,Contratación régimen especial,True,2023-09-29,2023-09-29,2025-07-11,350978616.0,Modificado,2023,ai_development_service,0.65,False,True,True,True,True,True,True,core_low_conf
CO1.PCCNTR.9129952,CO1.BDOS.9738692,{'url': 'https://community.secop.gov.co/Public/Tendering/OpportunityDetail/Index?noticeUID=CO1.NTC.9760499&isFromPublicArea=True&isModal=true&asPopupView=true'},900475780,UNP,Nacional,defensa,Distrito Capital de Bogotá,Prestación de servicios,Contratación directa,False,2026-01-25,2026-01-26,2026-12-31,53104800.0,En ejecución,2026,individual_professional_ai,0.91,False,True,False,False,False,False,False,
CO1.PCCNTR.9245415,CO1.BDOS.9855848,{'url': 'https://community.secop.gov.co/Public/Tendering/OpportunityDetail/Index?noticeUID=CO1.NTC.9877447&isFromPublicArea=True&isModal=true&asPopupView=true'},8300157281,IEMP,Nacional,No aplica/No pertenece,Distrito Capital de Bogotá,Prestación de servicios,Contratación directa,False,2026-01-30,2026-02-02,2026-06-30,30000000.0,Cerrado,2026,individual_professional_ai,0.96,False,True,False,False,False,False,False,
CO1.PCCNTR.9184811,CO1.BDOS.9797773,{'url': 'https://community.secop.gov.co/Public/Tendering/OpportunityDetail/Index?noticeUID=CO1.NTC.9816779&isFromPublicArea=True&isModal=true&asPopupView=true'},900507741,AGENCIA NACIONAL DE DEFENSA JURÍDICA DEL ESTADO,Nacional,Ley de Justicia,Distrito Capital de Bogotá,Prestación de servicios,Contratación directa,False,2026-01-28,2026-02-02,2026-08-01,60000000.0,En ejecución,2026,individual_professional_ai,0.96,False,True,False,False,False,False,False,
CO1.PCCNTR.6916180,CO1.BDOS.6846861,{'url': 'https://community.secop.gov.co/Public/Tendering/OpportunityDetail/Index?noticeUID=CO1.NTC.6877907&isFromPublicArea=True&isModal=true&asPopupView=true'},891580016,GOBERNACIÓN DEL CAUCA,Territorial,Servicio Público,Cauca,Consultoría,Mínima cuantía,True,2024-10-18,2024-10-18,2024-12-15,130000000.0,Modificado,2024,incidental,0.97,False,True,False,False,False,False,False,
CO1.PCCNTR.8581036,CO1.BDOS.9078184,{'url': 'https://community.secop.gov.co/Public/Tendering/OpportunityDetail/Index?noticeUID=CO1.NTC.9103880&isFromPublicArea=True&isModal=true&asPopupView=true'},901037916,ADRES,Nacional,Salud y Protección Social,Distrito Capital de Bogotá,Otro,Contratación Directa (con ofertas),True,2025-11-13,2025-11-18,2026-12-17,10535000000.0,Modificado,2025,ai_development_service,0.98,False,True,True,True,True,True,True,
CO1.PCCNTR.7937022,CO1.BDOS.7964929,{'url': 'https://community.secop.gov.co/Public/Tendering/OpportunityDetail/Index?noticeUID=CO1.NTC.8138721&isFromPublicArea=True&isModal=true&asPopupView=true'},900457461,MINISTERIO DE JUSTICIA Y DEL DERECHO.,Nacional,Ley de Justicia,Distrito Capital de Bogotá,Prestación de servicios,Selección Abreviada de Menor Cuantía,True,2025-06-05,2025-06-10,2025-11-30,116982237.0,En ejecución,2025,incidental,0.94,False,True,False,False,False,False,False,
CO1.PCCNTR.6403940,CO1.BDOS.6217309,{'url': 'https://community.secop.gov.co/Public/Tendering/OpportunityDetail/Index?noticeUID=CO1.NTC.6225993&isFromPublicArea=True&isModal=true&asPopupView=true'},8001316486,FONDO UNICO DE TECNOLOGÍAS DE LA INFORMACIÓN Y LAS COMUNICACIONES,Nacional,Tecnologías de la Información y las Comunicaciones,Distrito Capital de Bogotá,Prestación de servicios,Contratación directa,False,2024-06-05,2024-06-05,2024-12-31,91962500.0,terminado,2024,incidental,0.96,False,True,False,False,False,False,False,
CO1.PCCNTR.9771849,CO1.BDOS.10613194,{'url': 'https://community.secop.gov.co/Public/Tendering/OpportunityDetail/Index?noticeUID=CO1.NTC.10656946&isFromPublicArea=True&isModal=true&asPopupView=true'},899999069,INSTITUTO COLOMBIANO AGROPECUARIO - ICA,Nacional,agricultura,Distrito Capital de Bogotá,Prestación de servicios,Contratación directa,False,2026-08-06,2026-09-09,2026-12-31,39466667.0,En ejecución,2026,individual_professional_ai,0.93,False,True,False,False,False,False,False,
CO1.PCCNTR.5765687,CO1.BDOS.5453361,{'url': 'https://community.secop.gov.co/Public/Tendering/OpportunityDetail/Index?noticeUID=CO1.NTC.5463272&isFromPublicArea=True&isModal=true&asPopupView=true'},899999296,MINCIENCIAS,Nacional,Ciencia Tecnología,Distrito Capital de Bogotá,Prestación de servicios,Contratación directa,False,2024-01-18,2024-01-19,2024-07-18,41400000.0,Cerrado,2024,individual_professional_ai,0.88,False,True,False,False,False,False,False,
CO1.PCCNTR.8226219,CO1.BDOS.8612109,{'url': 'https://community.secop.gov.co/Public/Tendering/OpportunityDetail/Index?noticeUID=CO1.NTC.8642461&isFromPublicArea=True&isModal=true&asPopupView=true'},899999119,PROCURADURIA GENERAL DE LA NACION,Nacional,No aplica/No pertenece,Distrito Capital de Bogotá,Prestación de servicios,Contratación directa,False,2025-08-25,2025-08-28,2025-12-30,33066666.0,Cerrado,2025,individual_professional_ai,0.98,False,True,False,False,False,False,False,
CO1.PCCNTR.8284213,CO1.BDOS.8697188,{'url': 'https://community.secop.gov.co/Public/Tendering/OpportunityDetail/Index?noticeUID=CO1.NTC.8723296&isFromPublicArea=True&isModal=true&asPopupView=true'},900505060,EMPRESA INDUSTRIAL Y COMERCIAL DEL ESTADO ADMINISTRADORA DEL MONOPOLIO RENTISTICO DE LOS JUEGOS DE SUERTE Y AZAR,Nacional,Hacienda y Crédito Público,Distrito Capital de Bogotá,Decreto 092 de 2017,Contratación régimen especial,False,2025-09-04,2025-09-04,2025-12-30,11154000.0,Modificado,2025,individual_professional_ai,0.94,False,True,False,False,False,False,False,
CO1.PCCNTR.5570361,CO1.BDOS.5193722,{'url': 'https://community.secop.gov.co/Public/Tendering/OpportunityDetail/Index?noticeUID=CO1.NTC.5204970&isFromPublicArea=True&isModal=true&asPopupView=true'},8001316486,FONDO UNICO DE TECNOLOGÍAS DE LA INFORMACIÓN Y LAS COMUNICACIONES,Nacional,Tecnologías de la Información y las Comunicaciones,Distrito Capital de Bogotá,Prestación de servicios,Contratación directa,True,2023-11-21,2023-11-23,2023-12-31,29675625.0,En ejecución,2023,unclear,0.88,False,True,False,False,True,True,False,unclear_label
CO1.PCCNTR.9725940,CO1.BDOS.10557331,{'url': 'https://community.secop.gov.co/Public/Tendering/OpportunityDetail/Index?noticeUID=CO1.NTC.10594476&isFromPublicArea=True&isModal=true&asPopupView=true'},901140004,JEP,Nacional,No aplica/No pertenece,Distrito Capital de Bogotá,Prestación de servicios,Contratación régimen especial,False,2026-07-30,2026-08-05,2026-12-31,53420913.0,En ejecución,2026,individual_professional_ai,0.88,False,True,False,False,False,False,False,
CO1.PCCNTR.8536420,CO1.BDOS.9031438,{'url': 'https://community.secop.gov.co/Public/Tendering/OpportunityDetail/Index?noticeUID=CO1.NTC.9055926&isFromPublicArea=True&isModal=true&asPopupView=true'},900958564,SUBRED INTEGRADA DE SERVICIOS DE SALUD SUR E.S.E.**,Territorial,Salud y Protección Social,Distrito Capital de Bogotá,Prestación de servicios,Contratación régimen especial,False,2025-11-04,2025-11-04,2025-12-31,11745400.0,En ejecución,2025,individual_professional_ai,0.96,False,True,False,False,False,False,False,
CO1.PCCNTR.9918605,CO1.BDOS.10818385,{'url': 'https://community.secop.gov.co/Public/Tendering/OpportunityDetail/Index?noticeUID=CO1.NTC.10857849&isFromPublicArea=True&isModal=true&asPopupView=true'},900744914,UNIDAD ADMINISTRATIVA ESPECIAL DE CIENCIA TECNOLOGÍA E INNOVACIÓN DE TUNJA,Territorial,Ciencia Tecnología,Boyacá,Otro,Contratación directa,True,2026-09-08,2026-10-15,2026-12-14,49000000.0,En ejecución,2026,incidental,0.99,False,True,False,False,False,False,False,
CO1.PCCNTR.9857417,CO1.BDOS.10734901,{'url': 'https://community.secop.gov.co/Public/Tendering/OpportunityDetail/Index?noticeUID=CO1.NTC.10771990&isFromPublicArea=True&isModal=true&asPopupView=true'},899999034,SENA REGIONAL SANTANDER Grupo de Apoyo Administrativo Mixto,Nacional,Trabajo,Santander,Prestación de servicios,Contratación directa,False,2026-08-26,2026-08-26,2026-12-12,21829068.0,En ejecución,2026,individual_professional_ai,0.83,False,True,False,False,False,False,False,
CO1.PCCNTR.7892042,CO1.BDOS.8136371,{'url': 'https://community.secop.gov.co/Public/Tendering/OpportunityDetail/Index?noticeUID=CO1.NTC.8157458&isFromPublicArea=True&isModal=true&asPopupView=true'},899999034,SENA REGIONAL ATLANTICO Intercentros,Nacional,Transporte,Atlántico,Prestación de servicios,Contratación directa,False,2025-05-19,2025-05-19,2025-12-18,19268683.0,terminado,2025,individual_professional_ai,0.91,False,True,False,False,False,False,False,
CO1.PCCNTR.8581226,CO1.BDOS.9084558,{'url': 'https://community.secop.gov.co/Public/Tendering/OpportunityDetail/Index?noticeUID=CO1.NTC.9110206&isFromPublicArea=True&isModal=true&asPopupView=true'},899999061,SECRETARÍA GENERAL DE LA ALCALDÍA MAYOR DE BOGOTÁ,Territorial,Servicio Público,Distrito Capital de Bogotá,Otro,Contratación Directa (con ofertas),True,2025-11-14,2025-11-20,2026-07-19,320000000.0,En ejecución,2025,ai_product_or_platform,0.94,False,True,True,True,True,True,True,
CO1.PCCNTR.8266732,CO1.BDOS.8648903,{'url': 'https://community.secop.gov.co/Public/Tendering/OpportunityDetail/Index?noticeUID=CO1.NTC.8670975&isFromPublicArea=True&isModal=true&asPopupView=true'},891801280,MUNICIPIO DE RAMIRIQUI,Territorial,Servicio Público,Boyacá,Prestación de servicios,Mínima cuantía,True,2025-09-02,2025-09-08,2025-11-07,1799994.0,En ejecución,2025,incidental,0.99,False,True,False,False,False,False,False,
CO1.PCCNTR.6359105,CO1.BDOS.5747866,{'url': 'https://community.secop.gov.co/Public/Tendering/OpportunityDetail/Index?noticeUID=CO1.NTC.6166864&isFromPublicArea=True&isModal=true&asPopupView=true'},891580016,GOBERNACIÓN DEL CAUCA,Territorial,Servicio Público,Cauca,Prestación de servicios,Contratación directa,False,2024-05-29,2024-06-04,2024-10-04,16800000.0,Cerrado,2024,individual_professional_ai,0.76,False,True,False,False,False,False,False,
CO1.PCCNTR.7903483,CO1.BDOS.8155573,{'url': 'https://community.secop.gov.co/Public/Tendering/OpportunityDetail/Index?noticeUID=CO1.NTC.8175816&isFromPublicArea=True&isModal=true&asPopupView=true'},899999034,SENA REGIONAL ATLANTICO Intercentros,Nacional,Transporte,Atlántico,Prestación de servicios,Contratación directa,False,2025-05-23,2025-05-23,2025-12-27,30240000.0,En ejecución,2025,individual_professional_ai,0.96,False,True,False,False,False,False,False,
CO1.PCCNTR.7423901,CO1.BDOS.7540714,{'url': 'https://community.secop.gov.co/Public/Tendering/OpportunityDetail/Index?noticeUID=CO1.NTC.7554066&isFromPublicArea=True&isModal=true&asPopupView=true'},901037916,ADRES,Nacional,Salud y Protección Social,Distrito Capital de Bogotá,Prestación de servicios,Contratación directa,False,2025-02-06,2025-02-07,2025-12-31,62164800.0,Cerrado,2025,individual_professional_ai,0.72,False,True,False,False,False,False,False,
CO1.PCCNTR.8797043,CO1.BDOS.9409510,{'url': 'https://community.secop.gov.co/Public/Tendering/OpportunityDetail/Index?noticeUID=CO1.NTC.9424090&isFromPublicArea=True&isModal=true&asPopupView=true'},8909801583,Institución Universitaria Pascual Bravo COMPRADOR,Nacional,Educación Nacional,Antioquia,Prestación de servicios,Contratación directa,True,2026-01-09,2026-01-15,2026-09-30,28342710.0,Modificado,2026,ai_product_or_platform,0.87,False,True,True,True,True,True,True,
CO1.PCCNTR.8403175,CO1.BDOS.8853715,{'url': 'https://community.secop.gov.co/Public/Tendering/OpportunityDetail/Index?noticeUID=CO1.NTC.8878853&isFromPublicArea=True&isModal=true&asPopupView=true'},899999114,DEPARTAMENTO DE CUNDINAMARCA -SECRETARIA DE GOBIERNO,Territorial,No aplica/No pertenece,Distrito Capital de Bogotá,Prestación de servicios,Contratación directa,False,2025-10-02,2025-10-10,2025-12-22,27256000.0,Cerrado,2025,individual_professional_ai,0.91,False,True,False,False,False,False,False,
CO1.PCCNTR.9189020,CO1.BDOS.9802085,{'url': 'https://community.secop.gov.co/Public/Tendering/OpportunityDetail/Index?noticeUID=CO1.NTC.9821296&isFromPublicArea=True&isModal=true&asPopupView=true'},819003219,MUNICIPIO DE ALGARROBO,Territorial,Servicio Público,Magdalena,Prestación de servicios,Contratación directa,False,2026-01-28,2026-01-28,2026-07-27,22800000.0,En ejecución,2026,individual_professional_ai,0.94,False,True,False,False,False,False,False,
CO1.PCCNTR.8517066,CO1.BDOS.9007948,{'url': 'https://community.secop.gov.co/Public/Tendering/OpportunityDetail/Index?noticeUID=CO1.NTC.9031281&isFromPublicArea=True&isModal=true&asPopupView=true'},901140004,JEP,Nacional,No aplica/No pertenece,Distrito Capital de Bogotá,Prestación de servicios,Contratación régimen especial,False,2025-11-05,2025-11-06,2026-07-31,95368898.0,En ejecución,2025,individual_professional_ai,0.91,False,True,False,False,False,False,False,
CO1.PCCNTR.9825283,CO1.BDOS.10521025,{'url': 'https://community.secop.gov.co/Public/Tendering/OpportunityDetail/Index?noticeUID=CO1.NTC.10560140&isFromPublicArea=True&isModal=true&asPopupView=true'},800130640,LICEOS DEL  EJERCITO,Nacional,defensa,Distrito Capital de Bogotá,Prestación de servicios,Mínima cuantía,True,2026-08-18,2026-08-25,2026-10-30,156239492.0,En ejecución,2026,incidental,0.93,False,True,False,False,False,False,False,
CO1.PCCNTR.9055529,CO1.BDOS.9675570,{'url': 'https://community.secop.gov.co/Public/Tendering/OpportunityDetail/Index?noticeUID=CO1.NTC.9689943&isFromPublicArea=True&isModal=true&asPopupView=true'},800214750,INSTITUCIÓN UNIVERSITARIA ITM,Nacional,Educación Nacional,Antioquia,Prestación de servicios,Contratación directa,False,2026-01-22,2026-01-22,2026-04-17,7125000.0,Modificado,2026,incidental,0.96,False,True,False,False,False,False,False,
CO1.PCCNTR.9249490,CO1.BDOS.9858008,{'url': 'https://community.secop.gov.co/Public/Tendering/OpportunityDetail/Index?noticeUID=CO1.NTC.9882434&isFromPublicArea=True&isModal=true&asPopupView=true'},890102006,DEPARTAMENTO DEL ATLANTICO**,Territorial,Servicio Público,Atlántico,Prestación de servicios,Contratación directa,True,2026-01-30,2026-02-23,2026-12-31,126000000.0,Modificado,2026,ai_product_or_platform,0.86,True,True,True,True,True,True,True,
CO1.PCCNTR.9069023,CO1.BDOS.9689186,{'url': 'https://community.secop.gov.co/Public/Tendering/OpportunityDetail/Index?noticeUID=CO1.NTC.9703927&isFromPublicArea=True&isModal=true&asPopupView=true'},901140004,JEP,Nacional,No aplica/No pertenece,Distrito Capital de Bogotá,Prestación de servicios,Contratación régimen especial,False,2026-01-28,2026-02-05,2026-12-31,122975700.0,terminado,2026,individual_professional_ai,0.86,False,True,False,False,False,False,False,
CO1.PCCNTR.7280120,CO1.BDOS.7372860,{'url': 'https://community.secop.gov.co/Public/Tendering/OpportunityDetail/Index?noticeUID=CO1.NTC.7388441&isFromPublicArea=True&isModal=true&asPopupView=true'},901140004,JEP,Nacional,No aplica/No pertenece,Distrito Capital de Bogotá,Prestación de servicios,Contratación régimen especial,False,2025-01-22,2025-01-23,2025-12-31,198710866.0,Modificado,2025,individual_professional_ai,0.91,False,True,False,False,False,False,False,
CO1.PCCNTR.8854090,CO1.BDOS.9348843,{'url': 'https://community.secop.gov.co/Public/Tendering/OpportunityDetail/Index?noticeUID=CO1.NTC.9484607&isFromPublicArea=True&isModal=true&asPopupView=true'},899999027,DEPARTAMENTO ADMINISTRATIVO NACIONAL DE ESTADISTICA (DANE),Nacional,Información Estadística,Distrito Capital de Bogotá,Prestación de servicios,Contratación directa,False,2026-01-13,2026-01-15,2026-10-29,104500000.0,Modificado,2026,individual_professional_ai,0.97,False,True,False,False,False,False,False,
CO1.PCCNTR.9893176,CO1.BDOS.10770039,{'url': 'https://community.secop.gov.co/Public/Tendering/OpportunityDetail/Index?noticeUID=CO1.NTC.10809216&isFromPublicArea=True&isModal=true&asPopupView=true'},890102018,DISTRITO ESPECIAL INDUSTRIAL Y PORTUARIO DE BARRANQUILLA,Territorial,Servicio Público,Atlántico,Decreto 092 de 2017,Contratación régimen especial (con ofertas),True,2026-09-03,2026-09-09,2026-12-15,2428571429.0,En ejecución,2026,incidental,0.89,False,True,False,False,False,False,False,
CO1.PCCNTR.8150704,CO1.BDOS.8512955,{'url': 'https://community.secop.gov.co/Public/Tendering/OpportunityDetail/Index?noticeUID=CO1.NTC.8534983&isFromPublicArea=True&isModal=true&asPopupView=true'},899999020,DEPARTAMENTO ADMINISTRATIVO DE LA FUNCIÓN PÚBLICA ENTIDAD,Nacional,Servicio Público,Distrito Capital de Bogotá,Prestación de servicios,Contratación directa,False,2025-08-01,2025-08-04,2025-12-12,45760000.0,Cerrado,2025,individual_professional_ai,0.97,False,True,False,False,False,False,False,
CO1.PCCNTR.5328036,CO1.BDOS.4873609,{'url': 'https://community.secop.gov.co/Public/Tendering/OpportunityDetail/Index?noticeUID=CO1.NTC.4883020&isFromPublicArea=True&isModal=true&asPopupView=true'},899999294,SERVICIO GEOLOGICO COLOMBIANO**,Nacional,Minas y Energía,Distrito Capital de Bogotá,Prestación de servicios,Contratación directa,False,2023-08-25,2023-09-01,2024-01-15,26748000.0,Modificado,2023,individual_professional_ai,0.98,False,True,False,False,False,False,False,
CO1.PCCNTR.8341174,CO1.BDOS.8777506,{'url': 'https://community.secop.gov.co/Public/Tendering/OpportunityDetail/Index?noticeUID=CO1.NTC.8801577&isFromPublicArea=True&isModal=true&asPopupView=true'},800214750,INSTITUCIÓN UNIVERSITARIA ITM,Nacional,Educación Nacional,Antioquia,Prestación de servicios,Contratación directa,False,2025-09-19,2025-09-19,2025-10-31,6155880.0,En ejecución,2025,individual_professional_ai,0.94,False,True,False,False,False,False,False,
CO1.PCCNTR.8121227,CO1.BDOS.8468543,{'url': 'https://community.secop.gov.co/Public/Tendering/OpportunityDetail/Index?noticeUID=CO1.NTC.8489861&isFromPublicArea=True&isModal=true&asPopupView=true'},900323466,RUTA N MEDELLIN,Territorial,Ciencia Tecnología,Antioquia,Prestación de servicios,Contratación régimen especial,True,2025-07-24,2025-07-30,2026-06-30,932148875.0,Modificado,2025,ai_development_service,0.91,False,True,True,True,True,True,True,
CO1.PCCNTR.8188293,CO1.BDOS.8566936,{'url': 'https://community.secop.gov.co/Public/Tendering/OpportunityDetail/Index?noticeUID=CO1.NTC.8589769&isFromPublicArea=True&isModal=true&asPopupView=true'},802024911,DIRECCION DISTRITAL DE LIQUIDACIONES,Territorial,Servicio Público,Atlántico,Prestación de servicios,Contratación directa,True,2025-08-13,2025-08-13,2025-09-15,53550000.0,En ejecución,2025,incidental,0.98,False,True,False,False,False,False,False,
CO1.PCCNTR.6048987,CO1.BDOS.5773825,{'url': 'https://community.secop.gov.co/Public/Tendering/OpportunityDetail/Index?noticeUID=CO1.NTC.5781061&isFromPublicArea=True&isModal=true&asPopupView=true'},892099216,GOBERNACION DEL CASANARE,Territorial,No aplica/No pertenece,Casanare,Prestación de servicios,Contratación directa,False,2024-03-06,2024-03-11,2024-07-10,13119320.0,Cerrado,2024,individual_professional_ai,0.88,False,True,False,False,False,False,False,
CO1.PCCNTR.8043401,CO1.BDOS.8349097,{'url': 'https://community.secop.gov.co/Public/Tendering/OpportunityDetail/Index?noticeUID=CO1.NTC.8371140&isFromPublicArea=True&isModal=true&asPopupView=true'},890980807,ALCALDIA DE GIRARDOTA,Territorial,No aplica/No pertenece,Antioquia,Otro,Contratación Directa (con ofertas),True,2025-07-08,2025-07-09,2025-10-09,29584088.0,En ejecución,2025,unclear,0.95,False,True,False,False,True,True,False,unclear_label
CO1.PCCNTR.6601004,CO1.BDOS.6371609,{'url': 'https://community.secop.gov.co/Public/Tendering/OpportunityDetail/Index?noticeUID=CO1.NTC.6490908&isFromPublicArea=True&isModal=true&asPopupView=true'},891580016,GOBERNACIÓN DEL CAUCA,Territorial,Servicio Público,Cauca,Prestación de servicios,Contratación directa,False,2024-08-12,2024-08-13,2024-12-26,14000000.0,Cerrado,2024,individual_professional_ai,0.72,False,True,False,False,False,False,False,
CO1.PCCNTR.8510222,CO1.BDOS.8933408,{'url': 'https://community.secop.gov.co/Public/Tendering/OpportunityDetail/Index?noticeUID=CO1.NTC.8958994&isFromPublicArea=True&isModal=true&asPopupView=true'},891855138,MUNICIPIO DE DUITAMA,Territorial,Servicio Público,Boyacá,Prestación de servicios,Mínima cuantía,True,2025-10-29,2025-10-31,2025-11-28,49984000.0,En ejecución,2025,ai_development_service,0.68,False,True,True,True,True,True,True,core_low_conf
CO1.PCCNTR.6594110,CO1.BDOS.6465690,{'url': 'https://community.secop.gov.co/Public/Tendering/OpportunityDetail/Index?noticeUID=CO1.NTC.6482253&isFromPublicArea=True&isModal=true&asPopupView=true'},8001316486,FONDO UNICO DE TECNOLOGÍAS DE LA INFORMACIÓN Y LAS COMUNICACIONES,Nacional,Tecnologías de la Información y las Comunicaciones,Distrito Capital de Bogotá,Otro,Contratación directa,True,2024-08-01,2024-08-12,2026-12-31,56491384890.0,Modificado,2024,incidental,0.96,False,True,False,False,False,False,False,
CO1.PCCNTR.9191400,CO1.BDOS.9714399,{'url': 'https://community.secop.gov.co/Public/Tendering/OpportunityDetail/Index?noticeUID=CO1.NTC.9824324&isFromPublicArea=True&isModal=true&asPopupView=true'},800152783,FISCALÍA GENERAL DE LA NACIÓN NIVEL CENTRAL.,Nacional,Ley de Justicia,Distrito Capital de Bogotá,Prestación de servicios,Contratación directa,False,2026-01-27,2026-01-28,2026-12-31,155616935.83,En ejecución,2026,individual_professional_ai,0.98,False,True,False,False,False,False,False,
CO1.PCCNTR.9765888,CO1.BDOS.10607291,{'url': 'https://community.secop.gov.co/Public/Tendering/OpportunityDetail/Index?noticeUID=CO1.NTC.10648741&isFromPublicArea=True&isModal=true&asPopupView=true'},900003409,COMISIÓN NACIONAL DEL SERVICIO CIVIL,Nacional,No aplica/No pertenece,Distrito Capital de Bogotá,Prestación de servicios,Contratación directa,False,2026-08-05,2026-08-06,2026-12-31,23568430.0,En ejecución,2026,individual_professional_ai,0.94,False,True,False,False,False,False,False,
CO1.PCCNTR.6385088,CO1.BDOS.6192552,{'url': 'https://community.secop.gov.co/Public/Tendering/OpportunityDetail/Index?noticeUID=CO1.NTC.6202916&isFromPublicArea=True&isModal=true&asPopupView=true'},899999034,SENA REGIONAL DISTRITO CAPITAL Grupo Administrativo Intercentros CGMLTI,Nacional,Trabajo,Distrito Capital de Bogotá,Prestación de servicios,Contratación directa,False,2024-05-30,2024-05-30,2024-12-30,32754000.0,Cerrado,2024,individual_professional_ai,0.98,False,True,False,False,False,False,False,
CO1.PCCNTR.6455023,CO1.BDOS.6287555,{'url': 'https://community.secop.gov.co/Public/Tendering/OpportunityDetail/Index?noticeUID=CO1.NTC.6297293&isFromPublicArea=True&isModal=true&asPopupView=true'},800117519,ESAP TERRITORIAL ANTIOQUIA,Nacional,Educación Nacional,Antioquia,Prestación de servicios,Contratación directa,False,2024-06-21,2024-06-22,2024-11-30,6000000.0,Cerrado,2024,individual_professional_ai,0.91,False,True,False,False,False,False,False,
CO1.PCCNTR.6720414,CO1.BDOS.6624585,{'url': 'https://community.secop.gov.co/Public/Tendering/OpportunityDetail/Index?noticeUID=CO1.NTC.6652278&isFromPublicArea=True&isModal=true&asPopupView=true'},901508361,"AGENCIA DISTRITAL PARA LA EDUCACIÓN SUPERIOR, LA CIENCIA Y LA TECNOLOGÍA, ATENEA",Territorial,Educación Nacional,Distrito Capital de Bogotá,Prestación de servicios,Contratación directa,True,2024-09-04,2024-09-05,2025-02-04,132268500.0,terminado,2024,unclear,0.79,False,True,False,False,True,True,False,unclear_label
CO1.PCCNTR.8899826,CO1.BDOS.9518656,{'url': 'https://community.secop.gov.co/Public/Tendering/OpportunityDetail/Index?noticeUID=CO1.NTC.9532532&isFromPublicArea=True&isModal=true&asPopupView=true'},830025267,FONDO NACIONAL AMBIENTAL - ANLA,Nacional,Ambiente y Desarrollo Sostenible,Distrito Capital de Bogotá,Prestación de servicios,Contratación directa,False,2026-01-15,2026-01-15,2026-12-31,48915300.0,En ejecución,2026,individual_professional_ai,0.78,False,True,False,False,False,False,False,
CO1.PCCNTR.9162209,CO1.BDOS.9688689,{'url': 'https://community.secop.gov.co/Public/Tendering/OpportunityDetail/Index?noticeUID=CO1.NTC.9786945&isFromPublicArea=True&isModal=true&asPopupView=true'},800152783,FISCALÍA GENERAL DE LA NACIÓN NIVEL CENTRAL.,Nacional,Ley de Justicia,Distrito Capital de Bogotá,Prestación de servicios,Contratación directa,False,2026-01-27,2026-01-27,2026-12-31,155616935.83,cedido,2026,individual_professional_ai,0.91,False,True,False,False,False,False,False,
CO1.PCCNTR.9562287,CO1.BDOS.10333558,{'url': 'https://community.secop.gov.co/Public/Tendering/OpportunityDetail/Index?noticeUID=CO1.NTC.10370365&isFromPublicArea=True&isModal=true&asPopupView=true'},900006037,E.S.E HOSPITAL UNIVERSITARIO DE SANTANDER,Territorial,Salud y Protección Social,Santander,Decreto 092 de 2017,Contratación régimen especial,True,2026-06-12,2026-06-17,2026-12-31,76000000.0,En ejecución,2026,ai_product_or_platform,0.89,False,True,True,True,True,True,True,
CO1.PCCNTR.5119287,CO1.BDOS.4572303,{'url': 'https://community.secop.gov.co/Public/Tendering/OpportunityDetail/Index?noticeUID=CO1.NTC.4583459&isFromPublicArea=True&isModal=true&asPopupView=true'},899999034,SENA REGIONAL DISTRITO CAPITAL Grupo Administrativo Intercentros CEET,Nacional,Trabajo,Distrito Capital de Bogotá,Compraventa,Contratación Directa (con ofertas),True,2023-06-23,2023-07-11,2023-12-15,452605970.0,terminado,2023,incidental,0.91,False,True,False,False,False,False,False,
CO1.PCCNTR.8355862,CO1.BDOS.8784809,{'url': 'https://community.secop.gov.co/Public/Tendering/OpportunityDetail/Index?noticeUID=CO1.NTC.8820249&isFromPublicArea=True&isModal=true&asPopupView=true'},890680008,ALCALDIA MUNICIPAL FUSAGASUGA,Territorial,No aplica/No pertenece,Cundinamarca,Prestación de servicios,Contratación directa,False,2025-09-23,2025-09-25,2025-11-22,6000000.0,Cerrado,2025,individual_professional_ai,0.87,False,True,False,False,False,False,False,
CO1.PCCNTR.6191584,CO1.BDOS.5829297,{'url': 'https://community.secop.gov.co/Public/Tendering/OpportunityDetail/Index?noticeUID=CO1.NTC.5841164&isFromPublicArea=True&isModal=true&asPopupView=true'},800131292,CENTRAL ADMINISTRATIVA Y CONTABLE ESPECIALIZADA INTELIGENCIA,Nacional,defensa,Cundinamarca,Prestación de servicios,Mínima cuantía,True,2024-04-12,2024-04-16,2024-07-15,27140000.0,terminado,2024,incidental,0.98,False,True,False,False,False,False,False,
CO1.PCCNTR.9715062,CO1.BDOS.10337031,{'url': 'https://community.secop.gov.co/Public/Tendering/OpportunityDetail/Index?noticeUID=CO1.NTC.10446085&isFromPublicArea=True&isModal=true&asPopupView=true'},900457461,MINISTERIO DE JUSTICIA Y DEL DERECHO.,Nacional,Ley de Justicia,Distrito Capital de Bogotá,Prestación de servicios,Selección Abreviada de Menor Cuantía,True,2026-07-31,2026-08-06,2026-11-30,117801746.12,En ejecución,2026,incidental,0.92,False,True,False,False,False,False,False,
CO1.PCCNTR.8953186,CO1.BDOS.9492098,{'url': 'https://community.secop.gov.co/Public/Tendering/OpportunityDetail/Index?noticeUID=CO1.NTC.9586366&isFromPublicArea=True&isModal=true&asPopupView=true'},900457461,MINISTERIO DE JUSTICIA Y DEL DERECHO.,Nacional,Ley de Justicia,Distrito Capital de Bogotá,Prestación de servicios,Contratación directa,False,2026-01-17,2026-01-19,2026-12-31,72870168.0,Modificado,2026,individual_professional_ai,0.98,False,True,False,False,False,False,False,
CO1.PCCNTR.8631577,CO1.BDOS.9160158,{'url': 'https://community.secop.gov.co/Public/Tendering/OpportunityDetail/Index?noticeUID=CO1.NTC.9185398&isFromPublicArea=True&isModal=true&asPopupView=true'},8001316486,FONDO UNICO DE TECNOLOGÍAS DE LA INFORMACIÓN Y LAS COMUNICACIONES,Nacional,Tecnologías de la Información y las Comunicaciones,Distrito Capital de Bogotá,Otro,Contratación directa,True,2025-11-26,2025-12-11,2026-10-31,2899046507.82,Modificado,2025,unclear,0.72,False,True,False,False,True,True,False,unclear_label
CO1.PCCNTR.7309825,CO1.BDOS.7409616,{'url': 'https://community.secop.gov.co/Public/Tendering/OpportunityDetail/Index?noticeUID=CO1.NTC.7424326&isFromPublicArea=True&isModal=true&asPopupView=true'},901140004,JEP,Nacional,No aplica/No pertenece,Distrito Capital de Bogotá,Prestación de servicios,Contratación régimen especial,False,2025-01-24,2025-01-28,2025-12-31,119748939.0,Modificado,2025,individual_professional_ai,0.87,False,True,False,False,False,False,False,
CO1.PCCNTR.7209732,CO1.BDOS.7282055,{'url': 'https://community.secop.gov.co/Public/Tendering/OpportunityDetail/Index?noticeUID=CO1.NTC.7299548&isFromPublicArea=True&isModal=true&asPopupView=true'},901140004,JEP,Nacional,No aplica/No pertenece,Distrito Capital de Bogotá,Prestación de servicios,Contratación régimen especial,False,2025-01-09,2025-01-10,2025-11-04,106124791.0,Modificado,2025,individual_professional_ai,0.96,False,True,False,False,False,False,False,
CO1.PCCNTR.9792828,CO1.BDOS.10647561,{'url': 'https://community.secop.gov.co/Public/Tendering/OpportunityDetail/Index?noticeUID=CO1.NTC.10685509&isFromPublicArea=True&isModal=true&asPopupView=true'},900222346,EMPRESAS PÚBLICAS DE CUNDINAMARCA S.A. E.S.P.,Territorial,"Vivienda, Ciudad y Territorio",Distrito Capital de Bogotá,Prestación de servicios,Contratación régimen especial,True,2026-08-11,2026-08-12,2026-12-31,50000000.0,En ejecución,2026,ai_development_service,0.84,False,True,True,True,True,True,True,core_low_conf
CO1.PCCNTR.4391708,CO1.BDOS.3738301,{'url': 'https://community.secop.gov.co/Public/Tendering/OpportunityDetail/Index?noticeUID=CO1.NTC.3742162&isFromPublicArea=True&isModal=true&asPopupView=true'},899999239,ICBF SEDE NACIONAL,Nacional,Inclusión Social y Reconciliación,Distrito Capital de Bogotá,Prestación de servicios,Contratación directa,False,2023-01-12,2023-01-12,2023-12-31,164661000.0,Cerrado,2023,individual_professional_ai,0.99,False,True,False,False,False,False,False,
CO1.PCCNTR.9719175,CO1.BDOS.10548654,{'url': 'https://community.secop.gov.co/Public/Tendering/OpportunityDetail/Index?noticeUID=CO1.NTC.10586698&isFromPublicArea=True&isModal=true&asPopupView=true'},890980782,PERSONERIA MUNICIPAL DE LA ESTRELLA,Territorial,Ley de Justicia,Antioquia,Prestación de servicios,Contratación directa,False,2026-07-27,2026-07-27,2026-12-30,14014000.0,En ejecución,2026,individual_professional_ai,0.91,False,True,False,False,False,False,False,
CO1.PCCNTR.7396688,CO1.BDOS.7500200,{'url': 'https://community.secop.gov.co/Public/Tendering/OpportunityDetail/Index?noticeUID=CO1.NTC.7521968&isFromPublicArea=True&isModal=true&asPopupView=true'},900457461,MINISTERIO DE JUSTICIA Y DEL DERECHO.,Nacional,Ley de Justicia,Distrito Capital de Bogotá,Prestación de servicios,Contratación directa,False,2025-02-03,2025-02-03,2025-12-31,67047333.0,Cerrado,2025,individual_professional_ai,0.98,False,True,False,False,False,False,False,
CO1.PCCNTR.4542745,CO1.BDOS.3902376,{'url': 'https://community.secop.gov.co/Public/Tendering/OpportunityDetail/Index?noticeUID=CO1.NTC.3904499&isFromPublicArea=True&isModal=true&asPopupView=true'},900514813,COLOMBIA COMPRA EFICIENTE,Nacional,Planeación,Distrito Capital de Bogotá,Prestación de servicios,Contratación directa,False,2023-02-02,2023-02-08,2023-12-31,99000000.0,Modificado,2023,individual_professional_ai,0.98,False,True,False,False,False,False,False,
CO1.PCCNTR.8484906,CO1.BDOS.8966552,{'url': 'https://community.secop.gov.co/Public/Tendering/OpportunityDetail/Index?noticeUID=CO1.NTC.8992009&isFromPublicArea=True&isModal=true&asPopupView=true'},891800846,MUNICIPIO DE TUNJA/,Territorial,Servicio Público,Boyacá,Prestación de servicios,Contratación directa,True,2025-10-23,2025-10-29,2026-02-16,27927000.0,Modificado,2025,ai_product_or_platform,0.83,True,True,True,True,True,True,True,core_low_conf
CO1.PCCNTR.9176000,CO1.BDOS.9775457,{'url': 'https://community.secop.gov.co/Public/Tendering/OpportunityDetail/Index?noticeUID=CO1.NTC.9808006&isFromPublicArea=True&isModal=true&asPopupView=true'},899999119,PROCURADURIA GENERAL DE LA NACION,Nacional,No aplica/No pertenece,Distrito Capital de Bogotá,Prestación de servicios,Contratación directa,False,2026-01-27,2026-01-29,2026-06-30,56100000.0,terminado,2026,individual_professional_ai,0.96,False,True,False,False,False,False,False,
CO1.PCCNTR.8899824,CO1.BDOS.9411722,{'url': 'https://community.secop.gov.co/Public/Tendering/OpportunityDetail/Index?noticeUID=CO1.NTC.9532834&isFromPublicArea=True&isModal=true&asPopupView=true'},899999027,DEPARTAMENTO ADMINISTRATIVO NACIONAL DE ESTADISTICA (DANE),Nacional,Información Estadística,Distrito Capital de Bogotá,Prestación de servicios,Contratación directa,False,2026-01-16,2026-01-19,2026-10-31,103400000.0,Modificado,2026,individual_professional_ai,0.98,False,True,False,False,False,False,False,
CO1.PCCNTR.9268560,CO1.BDOS.9877445,{'url': 'https://community.secop.gov.co/Public/Tendering/OpportunityDetail/Index?noticeUID=CO1.NTC.9898481&isFromPublicArea=True&isModal=true&asPopupView=true'},900127054,INSTITUTO DISTRITAL DE LA PARTICIPACIÓN Y ACCIÓN COMUNAL,Territorial,Inclusión Social y Reconciliación,Distrito Capital de Bogotá,Prestación de servicios,Contratación directa,False,2026-01-30,2026-02-02,2026-07-16,24750000.0,En ejecución,2026,individual_professional_ai,0.98,False,True,False,False,False,False,False,
CO1.PCCNTR.5728919,CO1.BDOS.5403101,{'url': 'https://community.secop.gov.co/Public/Tendering/OpportunityDetail/Index?noticeUID=CO1.NTC.5416563&isFromPublicArea=True&isModal=true&asPopupView=true'},900678508,UNIDAD AESPE,Nacional,Trabajo,Distrito Capital de Bogotá,Prestación de servicios,Contratación directa,False,2024-01-11,2024-01-15,2024-12-27,80500000.0,terminado,2024,individual_professional_ai,0.94,False,True,False,False,False,False,False,
CO1.PCCNTR.6404553,CO1.BDOS.6218230,{'url': 'https://community.secop.gov.co/Public/Tendering/OpportunityDetail/Index?noticeUID=CO1.NTC.6227347&isFromPublicArea=True&isModal=true&asPopupView=true'},899999296,MINCIENCIAS,Nacional,Ciencia Tecnología,Distrito Capital de Bogotá,Prestación de servicios,Contratación directa,False,2024-06-05,2024-06-06,2024-12-05,72000000.0,En ejecución,2024,individual_professional_ai,0.94,False,True,False,False,False,False,False,
CO1.PCCNTR.5904319,CO1.BDOS.5599041,{'url': 'https://community.secop.gov.co/Public/Tendering/OpportunityDetail/Index?noticeUID=CO1.NTC.5608025&isFromPublicArea=True&isModal=true&asPopupView=true'},899999011,DEPARTAMENTO NACIONAL DE PLANEACIÓN,Nacional,Planeación,Distrito Capital de Bogotá,Prestación de servicios,Contratación directa,False,2024-02-08,2024-02-09,2024-12-31,90181600.0,Cerrado,2024,individual_professional_ai,0.98,False,True,False,False,False,False,False,
CO1.PCCNTR.9119288,CO1.BDOS.9732558,{'url': 'https://community.secop.gov.co/Public/Tendering/OpportunityDetail/Index?noticeUID=CO1.NTC.9753899&isFromPublicArea=True&isModal=true&asPopupView=true'},900475780,UNP,Nacional,defensa,Distrito Capital de Bogotá,Prestación de servicios,Contratación directa,False,2026-01-24,2026-01-27,2026-12-31,65748800.0,En ejecución,2026,individual_professional_ai,0.94,False,True,False,False,False,False,False,
CO1.PCCNTR.9219175,CO1.BDOS.9571630,{'url': 'https://community.secop.gov.co/Public/Tendering/OpportunityDetail/Index?noticeUID=CO1.NTC.9585780&isFromPublicArea=True&isModal=true&asPopupView=true'},899999034,SENA REGIONAL BOLIVAR Centro para la Industria Petroquímica,Nacional,Trabajo,Bolívar,Prestación de servicios,Contratación directa,False,2026-01-29,2026-02-02,2026-12-30,66699996.0,En ejecución,2026,incidental,0.78,False,True,False,False,False,False,False,
CO1.PCCNTR.7881435,CO1.BDOS.8119915,{'url': 'https://community.secop.gov.co/Public/Tendering/OpportunityDetail/Index?noticeUID=CO1.NTC.8139455&isFromPublicArea=True&isModal=true&asPopupView=true'},899999034,SENA REGIONAL DISTRITO CAPITAL Grupo Administrativo Intercentros CEET,Nacional,Trabajo,Distrito Capital de Bogotá,Prestación de servicios,Contratación directa,False,2025-05-16,2025-05-16,2025-07-30,12500000.0,terminado,2025,individual_professional_ai,0.97,False,True,False,False,False,False,False,
CO1.PCCNTR.8740612,CO1.BDOS.9302952,{'url': 'https://community.secop.gov.co/Public/Tendering/OpportunityDetail/Index?noticeUID=CO1.NTC.9326566&isFromPublicArea=True&isModal=true&asPopupView=true'},800173719,INSTITUTO TOLIMENSE DE FORMACION TECNICA PROFESIONAL,Nacional,Educación Nacional,Tolima,Prestación de servicios,Mínima cuantía,True,2025-12-29,,2025-12-31,38043160.0,Aprobado,2025,incidental,0.98,False,True,False,False,False,False,False,
CO1.PCCNTR.8517315,CO1.BDOS.9008152,{'url': 'https://community.secop.gov.co/Public/Tendering/OpportunityDetail/Index?noticeUID=CO1.NTC.9032236&isFromPublicArea=True&isModal=true&asPopupView=true'},901140004,JEP,Nacional,No aplica/No pertenece,Distrito Capital de Bogotá,Prestación de servicios,Contratación régimen especial,False,2025-11-06,2025-11-11,2026-07-31,95368898.0,En ejecución,2025,individual_professional_ai,0.96,False,True,False,False,False,False,False,
CO1.PCCNTR.6480045,CO1.BDOS.6319887,{'url': 'https://community.secop.gov.co/Public/Tendering/OpportunityDetail/Index?noticeUID=CO1.NTC.6330350&isFromPublicArea=True&isModal=true&asPopupView=true'},890311425,CENTRO DE DIAGNOSTICO AUTOMOTOR DEL VALLE LIMITADA,Territorial,Transporte,Valle del Cauca,Prestación de servicios,Contratación directa,True,2024-06-28,2024-07-03,2025-08-31,533092728.0,Modificado,2024,ai_product_or_platform,0.91,False,True,True,True,True,True,True,
CO1.PCCNTR.9086351,CO1.BDOS.9571630,{'url': 'https://community.secop.gov.co/Public/Tendering/OpportunityDetail/Index?noticeUID=CO1.NTC.9585780&isFromPublicArea=True&isModal=true&asPopupView=true'},899999034,SENA REGIONAL BOLIVAR Centro para la Industria Petroquímica,Nacional,Trabajo,Bolívar,Prestación de servicios,Contratación directa,False,2026-01-23,2026-02-02,2026-12-30,66699996.0,En ejecución,2026,incidental,0.88,False,True,False,False,False,False,False,
CO1.PCCNTR.8806874,CO1.BDOS.9422191,{'url': 'https://community.secop.gov.co/Public/Tendering/OpportunityDetail/Index?noticeUID=CO1.NTC.9436832&isFromPublicArea=True&isModal=true&asPopupView=true'},899999098,CAMARA DE REPRESENTANTES,Nacional,No aplica/No pertenece,Distrito Capital de Bogotá,Prestación de servicios,Contratación directa,False,2026-01-20,2026-01-23,2026-12-22,110000000.0,En ejecución,2026,individual_professional_ai,0.79,False,True,False,False,False,False,False,
CO1.PCCNTR.9304598,CO1.BDOS.9860434,{'url': 'https://community.secop.gov.co/Public/Tendering/OpportunityDetail/Index?noticeUID=CO1.NTC.9902827&isFromPublicArea=True&isModal=true&asPopupView=true'},8909801366,POLITECNICO COLOMBIANO JAIME ISAZA CADAVID,Territorial,No aplica/No pertenece,Antioquia,Prestación de servicios,Contratación directa,False,2026-01-30,2026-03-03,2026-04-01,10000000.0,En ejecución,2026,individual_professional_ai,0.94,False,True,False,False,False,False,False,
CO1.PCCNTR.7062218,CO1.BDOS.6952266,{'url': 'https://community.secop.gov.co/Public/Tendering/OpportunityDetail/Index?noticeUID=CO1.NTC.6969458&isFromPublicArea=True&isModal=true&asPopupView=true'},899999034,SENA REGIONAL CASANARE Grupo Administrativo Mixto,Nacional,Trabajo,Casanare,Compraventa,Mínima cuantía,True,2024-11-27,2024-12-03,2024-12-27,7320728.0,terminado,2024,incidental,0.88,False,True,False,False,False,False,False,
CO1.PCCNTR.8257009,CO1.BDOS.8605617,{'url': 'https://community.secop.gov.co/Public/Tendering/OpportunityDetail/Index?noticeUID=CO1.NTC.8631989&isFromPublicArea=True&isModal=true&asPopupView=true'},800044113,MUNICIPIO DE LOS PATIOS,Territorial,Servicio Público,Norte de Santander,Prestación de servicios,Mínima cuantía,True,2025-08-29,2025-09-02,2025-12-01,39800000.0,Cerrado,2025,ai_development_service,0.76,False,True,True,True,True,True,True,core_low_conf
CO1.PCCNTR.8998946,CO1.BDOS.9617751,{'url': 'https://community.secop.gov.co/Public/Tendering/OpportunityDetail/Index?noticeUID=CO1.NTC.9631459&isFromPublicArea=True&isModal=true&asPopupView=true'},830025267,FONDO NACIONAL AMBIENTAL - ANLA,Nacional,Ambiente y Desarrollo Sostenible,Distrito Capital de Bogotá,Prestación de servicios,Contratación directa,False,2026-01-20,2026-01-20,2026-10-26,39160515.0,cedido,2026,individual_professional_ai,0.91,False,True,False,False,False,False,False,
CO1.PCCNTR.9922808,CO1.BDOS.10824561,{'url': 'https://community.secop.gov.co/Public/Tendering/OpportunityDetail/Index?noticeUID=CO1.NTC.10863981&isFromPublicArea=True&isModal=true&asPopupView=true'},800214750,INSTITUCIÓN UNIVERSITARIA ITM,Nacional,Educación Nacional,Antioquia,Prestación de servicios,Contratación directa,False,2026-09-18,2026-09-18,2026-10-29,14572184.0,En ejecución,2026,individual_professional_ai,0.98,False,True,False,False,False,False,False,
CO1.PCCNTR.9705237,CO1.BDOS.10482196,{'url': 'https://community.secop.gov.co/Public/Tendering/OpportunityDetail/Index?noticeUID=CO1.NTC.10566642&isFromPublicArea=True&isModal=true&asPopupView=true'},890501434,MUNICIPIO DE SAN JOSE DE CUCUTA.,Territorial,Servicio Público,Norte de Santander,Otro,Contratación Directa (con ofertas),True,2026-07-23,2026-07-23,2026-08-22,15000000.0,En ejecución,2026,ai_development_service,0.67,False,True,True,True,True,True,True,core_low_conf
CO1.PCCNTR.7826117,CO1.BDOS.8029463,{'url': 'https://community.secop.gov.co/Public/Tendering/OpportunityDetail/Index?noticeUID=CO1.NTC.8058564&isFromPublicArea=True&isModal=true&asPopupView=true'},901508361,"AGENCIA DISTRITAL PARA LA EDUCACIÓN SUPERIOR, LA CIENCIA Y LA TECNOLOGÍA, ATENEA",Territorial,Educación Nacional,Distrito Capital de Bogotá,Prestación de servicios,Contratación directa,True,2025-05-08,2025-06-24,2026-05-23,100000000.0,Modificado,2025,unclear,0.87,False,True,False,False,True,True,False,unclear_label
CO1.PCCNTR.9085421,CO1.BDOS.9580079,{'url': 'https://community.secop.gov.co/Public/Tendering/OpportunityDetail/Index?noticeUID=CO1.NTC.9720026&isFromPublicArea=True&isModal=true&asPopupView=true'},800250984,SUPERINTENDENCIA DE SERVICIOS PÚBLICOS DOMICILIARIOS,Nacional,Planeación,Distrito Capital de Bogotá,Prestación de servicios,Contratación directa,False,2026-01-27,2026-01-28,2026-10-27,108000000.0,Modificado,2026,individual_professional_ai,0.98,False,True,False,False,False,False,False,
CO1.PCCNTR.5286300,CO1.BDOS.4818446,{'url': 'https://community.secop.gov.co/Public/Tendering/OpportunityDetail/Index?noticeUID=CO1.NTC.4826755&isFromPublicArea=True&isModal=true&asPopupView=true'},900498879,UNIDAD ADMINISTRATIVA ESPECIAL DE GESTION DE RESTITUCION DE TIERRAS DESPOJADAS**,Nacional,Inclusión Social y Reconciliación,Distrito Capital de Bogotá,Prestación de servicios,Contratación directa,False,2023-08-10,2023-08-14,2023-12-31,38224280.0,Cerrado,2023,individual_professional_ai,0.98,False,True,False,False,False,False,False,
CO1.PCCNTR.7896089,CO1.BDOS.8144537,{'url': 'https://community.secop.gov.co/Public/Tendering/OpportunityDetail/Index?noticeUID=CO1.NTC.8164537&isFromPublicArea=True&isModal=true&asPopupView=true'},800103927,Gobernación Norte de Santander*,Territorial,No aplica/No pertenece,Norte de Santander,Prestación de servicios,Contratación directa,False,2025-05-20,2025-05-21,2025-12-30,22000000.0,terminado,2025,individual_professional_ai,0.76,False,True,False,False,False,False,False,
CO1.PCCNTR.8895104,CO1.BDOS.9383705,{'url': 'https://community.secop.gov.co/Public/Tendering/OpportunityDetail/Index?noticeUID=CO1.NTC.9527607&isFromPublicArea=True&isModal=true&asPopupView=true'},900127768,UAECD,Territorial,Hacienda y Crédito Público,Distrito Capital de Bogotá,Prestación de servicios,Contratación directa,False,2026-01-16,2026-02-02,2026-12-16,146086500.0,En ejecución,2026,individual_professional_ai,0.95,False,True,False,False,False,False,False,
CO1.PCCNTR.7977144,CO1.BDOS.8235480,{'url': 'https://community.secop.gov.co/Public/Tendering/OpportunityDetail/Index?noticeUID=CO1.NTC.8281439&isFromPublicArea=True&isModal=true&asPopupView=true'},900594384,UNIDAD ADMINISTRATIVA ESPECIAL DE PENSIONES DE CUNDINAMARCA,Territorial,Salud y Protección Social,Distrito Capital de Bogotá,Prestación de servicios,Contratación directa,False,2025-06-13,2025-06-17,2025-12-16,43200000.0,En ejecución,2025,individual_professional_ai,0.95,False,True,False,False,False,False,False,
CO1.PCCNTR.6617836,CO1.BDOS.6454512,{'url': 'https://community.secop.gov.co/Public/Tendering/OpportunityDetail/Index?noticeUID=CO1.NTC.6515571&isFromPublicArea=True&isModal=true&asPopupView=true'},8999990619,DEPARTAMENTO ADMINISTRATIVO DEL SERVICIO CIVIL DISTRITAL,Territorial,Servicio Público,Distrito Capital de Bogotá,Prestación de servicios,Contratación directa,False,2024-08-20,2024-08-23,2025-01-14,28600000.0,En ejecución,2024,individual_professional_ai,0.91,False,True,False,False,False,False,False,
CO1.PCCNTR.8945198,CO1.BDOS.9533257,{'url': 'https://community.secop.gov.co/Public/Tendering/OpportunityDetail/Index?noticeUID=CO1.NTC.9579110&isFromPublicArea=True&isModal=true&asPopupView=true'},830063506,TRANSMILENIO S.A.,Territorial,Transporte,Distrito Capital de Bogotá,Prestación de servicios,Contratación directa,False,2026-01-19,2026-01-23,2026-07-30,57569280.0,En ejecución,2026,individual_professional_ai,0.91,False,True,False,False,False,False,False,
CO1.PCCNTR.9252058,CO1.BDOS.9864285,{'url': 'https://community.secop.gov.co/Public/Tendering/OpportunityDetail/Index?noticeUID=CO1.NTC.9883899&isFromPublicArea=True&isModal=true&asPopupView=true'},890981554,MUNICIPIO SANTA ROSA DE OSOS,Territorial,Servicio Público,Antioquia,Prestación de servicios,Contratación directa,True,2026-01-29,2026-02-01,2026-06-30,40000000.0,En ejecución,2026,incidental,0.98,False,True,False,False,False,False,False,
CO1.PCCNTR.8193521,CO1.BDOS.8574414,{'url': 'https://community.secop.gov.co/Public/Tendering/OpportunityDetail/Index?noticeUID=CO1.NTC.8597244&isFromPublicArea=True&isModal=true&asPopupView=true'},8920001488,DEPARTAMENTO DEL META,Territorial,Servicio Público,Meta,Prestación de servicios,Contratación directa,False,2025-08-14,2025-08-14,2025-12-13,23010000.0,En ejecución,2025,incidental,0.94,False,True,False,False,False,False,False,
CO1.PCCNTR.8305028,CO1.BDOS.8727739,{'url': 'https://community.secop.gov.co/Public/Tendering/OpportunityDetail/Index?noticeUID=CO1.NTC.8751414&isFromPublicArea=True&isModal=true&asPopupView=true'},890201235,DEPARTAMENTO DE SANTANDER,Territorial,Servicio Público,Santander,Prestación de servicios,Contratación directa,True,2025-09-09,2025-09-10,2025-12-09,834384400.0,Modificado,2025,incidental,0.98,False,True,False,False,False,False,False,
CO1.PCCNTR.8132922,CO1.BDOS.8477831,{'url': 'https://community.secop.gov.co/Public/Tendering/OpportunityDetail/Index?noticeUID=CO1.NTC.8508596&isFromPublicArea=True&isModal=true&asPopupView=true'},899999102,FUERZA AEROESPACIAL COLOMBIANA,Nacional,defensa,Distrito Capital de Bogotá,Prestación de servicios,Contratación directa,True,2025-08-08,2025-08-15,2025-08-29,27820000.0,Cerrado,2025,incidental,0.98,False,True,False,False,False,False,False,
CO1.PCCNTR.6944153,CO1.BDOS.6855144,{'url': 'https://community.secop.gov.co/Public/Tendering/OpportunityDetail/Index?noticeUID=CO1.NTC.6865621&isFromPublicArea=True&isModal=true&asPopupView=true'},890900286,DEPARTAMENTO DE ANTIOQUIA//,Territorial,Servicio Público,Antioquia,Prestación de servicios,Contratación directa,True,2024-10-25,2024-10-30,2024-12-15,62424000.0,En ejecución,2024,incidental,0.83,False,True,False,False,False,False,False,incidental_low_conf_AI_text
CO1.PCCNTR.9261364,CO1.BDOS.9873860,{'url': 'https://community.secop.gov.co/Public/Tendering/OpportunityDetail/Index?noticeUID=CO1.NTC.9894221&isFromPublicArea=True&isModal=true&asPopupView=true'},8908060063,"INSTITUTO DE FINANCIAMIENTO, PROMOCION Y DESARROLLO DE CALDAS",Territorial,No aplica/No pertenece,Caldas,Prestación de servicios,Contratación directa,False,2026-01-30,2026-01-30,2026-07-29,34413600.0,En ejecución,2026,individual_professional_ai,0.98,False,True,False,False,False,False,False,
CO1.PCCNTR.7975035,CO1.BDOS.8250830,{'url': 'https://community.secop.gov.co/Public/Tendering/OpportunityDetail/Index?noticeUID=CO1.NTC.8278082&isFromPublicArea=True&isModal=true&asPopupView=true'},899999294,SERVICIO GEOLOGICO COLOMBIANO**,Nacional,Minas y Energía,Distrito Capital de Bogotá,Prestación de servicios,Contratación directa,False,2025-06-12,2025-06-13,2025-12-31,57418200.0,En ejecución,2025,individual_professional_ai,0.94,False,True,False,False,False,False,False,
CO1.PCCNTR.9139814,CO1.BDOS.9753534,{'url': 'https://community.secop.gov.co/Public/Tendering/OpportunityDetail/Index?noticeUID=CO1.NTC.9772687&isFromPublicArea=True&isModal=true&asPopupView=true'},900475780,UNP,Nacional,defensa,Distrito Capital de Bogotá,Prestación de servicios,Contratación directa,False,2026-01-25,2026-01-26,2026-12-31,91640000.0,En ejecución,2026,individual_professional_ai,0.97,False,True,False,False,False,False,False,
CO1.PCCNTR.9065196,CO1.BDOS.9653581,{'url': 'https://community.secop.gov.co/Public/Tendering/OpportunityDetail/Index?noticeUID=CO1.NTC.9700593&isFromPublicArea=True&isModal=true&asPopupView=true'},800250984,SUPERINTENDENCIA DE SERVICIOS PÚBLICOS DOMICILIARIOS,Nacional,Planeación,Distrito Capital de Bogotá,Prestación de servicios,Contratación directa,False,2026-01-24,2026-01-26,2026-08-25,84000000.0,En ejecución,2026,individual_professional_ai,0.97,False,True,False,False,False,False,False,
CO1.PCCNTR.9059166,CO1.BDOS.9681110,{'url': 'https://community.secop.gov.co/Public/Tendering/OpportunityDetail/Index?noticeUID=CO1.NTC.9693899&isFromPublicArea=True&isModal=true&asPopupView=true'},800214750,INSTITUCIÓN UNIVERSITARIA ITM,Nacional,Educación Nacional,Antioquia,Prestación de servicios,Contratación directa,False,2026-01-22,2026-01-22,2026-04-14,6916667.0,Modificado,2026,incidental,0.95,False,True,False,False,False,False,False,
CO1.PCCNTR.8594018,CO1.BDOS.9108515,{'url': 'https://community.secop.gov.co/Public/Tendering/OpportunityDetail/Index?noticeUID=CO1.NTC.9133404&isFromPublicArea=True&isModal=true&asPopupView=true'},800214750,INSTITUCIÓN UNIVERSITARIA ITM,Nacional,Educación Nacional,Antioquia,Prestación de servicios,Contratación directa,False,2025-11-14,2025-11-14,2025-11-30,3696000.0,En ejecución,2025,individual_professional_ai,0.94,False,True,False,False,False,False,False,
CO1.PCCNTR.5942743,CO1.BDOS.5641720,{'url': 'https://community.secop.gov.co/Public/Tendering/OpportunityDetail/Index?noticeUID=CO1.NTC.5651206&isFromPublicArea=True&isModal=true&asPopupView=true'},891800498,GOBERNACIÓN DE BOYACÁ,Territorial,Servicio Público,Boyacá,Prestación de servicios,Contratación directa,False,2024-02-15,2024-02-20,2024-08-19,25272000.0,Cerrado,2024,individual_professional_ai,0.98,False,True,False,False,False,False,False,
CO1.PCCNTR.9675107,CO1.BDOS.10384744,{'url': 'https://community.secop.gov.co/Public/Tendering/OpportunityDetail/Index?noticeUID=CO1.NTC.10430575&isFromPublicArea=True&isModal=true&asPopupView=true'},890399011,SANTIAGO DE CALI DISTRITO ESPECIAL - SECRETARIA DE GOBIERNO,Territorial,No aplica/No pertenece,Valle del Cauca,Compraventa,Mínima cuantía,True,2026-07-24,2026-08-06,2026-12-31,14657096.0,En ejecución,2026,ai_product_or_platform,0.95,False,True,True,True,True,True,True,
CO1.PCCNTR.7698619,CO1.BDOS.7877521,{'url': 'https://community.secop.gov.co/Public/Tendering/OpportunityDetail/Index?noticeUID=CO1.NTC.7893659&isFromPublicArea=True&isModal=true&asPopupView=true'},800217123,SUPERVIGILANCIA - MD,Nacional,defensa,Distrito Capital de Bogotá,Prestación de servicios,Contratación directa,False,2025-03-27,2025-04-02,2025-08-01,15200000.0,En ejecución,2025,individual_professional_ai,0.91,False,True,False,False,False,False,False,
CO1.PCCNTR.7545543,CO1.BDOS.7681684,{'url': 'https://community.secop.gov.co/Public/Tendering/OpportunityDetail/Index?noticeUID=CO1.NTC.7697420&isFromPublicArea=True&isModal=true&asPopupView=true'},800152783,FISCALÍA GENERAL DE LA NACIÓN NIVEL CENTRAL.,Nacional,Ley de Justicia,Distrito Capital de Bogotá,Prestación de servicios,Contratación directa,False,2025-02-24,2025-02-24,2025-12-31,187200000.0,En ejecución,2025,individual_professional_ai,0.99,False,True,False,False,False,False,False,
CO1.PCCNTR.6776698,CO1.BDOS.6717376,{'url': 'https://community.secop.gov.co/Public/Tendering/OpportunityDetail/Index?noticeUID=CO1.NTC.6729858&isFromPublicArea=True&isModal=true&asPopupView=true'},8999990619,DEPARTAMENTO ADMINISTRATIVO DEL SERVICIO CIVIL DISTRITAL,Territorial,Servicio Público,Distrito Capital de Bogotá,Prestación de servicios,Contratación directa,False,2024-09-18,2024-09-20,2024-12-31,11560000.0,Cerrado,2024,individual_professional_ai,0.96,False,True,False,False,False,False,False,
CO1.PCCNTR.6377449,CO1.BDOS.6176552,{'url': 'https://community.secop.gov.co/Public/Tendering/OpportunityDetail/Index?noticeUID=CO1.NTC.6192075&isFromPublicArea=True&isModal=true&asPopupView=true'},830063506,TRANSMILENIO S.A.,Territorial,Transporte,Distrito Capital de Bogotá,Prestación de servicios,Contratación directa,False,2024-05-29,2024-06-06,2025-03-05,82800000.0,Cerrado,2024,individual_professional_ai,0.96,False,True,False,False,False,False,False,
CO1.PCCNTR.8142578,CO1.BDOS.8462058,{'url': 'https://community.secop.gov.co/Public/Tendering/OpportunityDetail/Index?noticeUID=CO1.NTC.8524139&isFromPublicArea=True&isModal=true&asPopupView=true'},899999119,PROCURADURIA GENERAL DE LA NACION,Nacional,No aplica/No pertenece,Distrito Capital de Bogotá,Prestación de servicios,Contratación directa,False,2025-07-31,2025-08-04,2025-12-30,74000000.0,Cerrado,2025,individual_professional_ai,0.98,False,True,False,False,False,False,False,
CO1.PCCNTR.6953440,CO1.BDOS.6941576,{'url': 'https://community.secop.gov.co/Public/Tendering/OpportunityDetail/Index?noticeUID=CO1.NTC.6952627&isFromPublicArea=True&isModal=true&asPopupView=true'},890480059,GOBERNACIÓN DE BOLÍVAR//,Territorial,Servicio Público,Bolívar,Prestación de servicios,Contratación directa,True,2024-10-25,2024-10-31,2024-12-30,200000000.0,Modificado,2024,ai_development_service,0.96,False,True,True,True,True,True,True,
CO1.PCCNTR.7673078,CO1.BDOS.7844957,{'url': 'https://community.secop.gov.co/Public/Tendering/OpportunityDetail/Index?noticeUID=CO1.NTC.7861104&isFromPublicArea=True&isModal=true&asPopupView=true'},899999034,SENA DISTRITO CAPITAL GRUPO DE APOYO ADMINISTRATIVO - CGI,Nacional,Trabajo,Distrito Capital de Bogotá,Prestación de servicios,Contratación directa,False,2025-03-20,2025-03-20,2025-12-30,52826666.0,Modificado,2025,individual_professional_ai,0.97,False,True,False,False,False,False,False,
CO1.PCCNTR.6594914,CO1.BDOS.6473903,{'url': 'https://community.secop.gov.co/Public/Tendering/OpportunityDetail/Index?noticeUID=CO1.NTC.6483014&isFromPublicArea=True&isModal=true&asPopupView=true'},830011682,ESAP TERRITORIAL CUNDINAMARCA,Nacional,Servicio Público,Cundinamarca,Prestación de servicios,Contratación directa,False,2024-08-01,2024-08-02,2024-12-30,3600000.0,Cerrado,2024,individual_professional_ai,0.94,False,True,False,False,False,False,False,
CO1.PCCNTR.9680441,CO1.BDOS.10482754,{'url': 'https://community.secop.gov.co/Public/Tendering/OpportunityDetail/Index?noticeUID=CO1.NTC.10519517&isFromPublicArea=True&isModal=true&asPopupView=true'},899999034,SENA REGIONAL PUTUMAYO Grupo de Apoyo Administrativo,Nacional,Trabajo,Putumayo,Compraventa,Contratación Directa (con ofertas),True,2026-07-17,2026-07-27,2026-08-27,249999913.0,En ejecución,2026,incidental,0.92,False,True,False,False,False,False,False,
CO1.PCCNTR.6478826,CO1.BDOS.6319338,{'url': 'https://community.secop.gov.co/Public/Tendering/OpportunityDetail/Index?noticeUID=CO1.NTC.6328492&isFromPublicArea=True&isModal=true&asPopupView=true'},800214750,INSTITUCIÓN UNIVERSITARIA ITM,Nacional,Educación Nacional,Antioquia,Prestación de servicios,Contratación directa,False,2024-06-28,2024-07-02,2024-12-31,36172968.0,En ejecución,2024,individual_professional_ai,0.98,False,True,False,False,False,False,False,
CO1.PCCNTR.8309060,CO1.BDOS.8731770,{'url': 'https://community.secop.gov.co/Public/Tendering/OpportunityDetail/Index?noticeUID=CO1.NTC.8756676&isFromPublicArea=True&isModal=true&asPopupView=true'},890480184,ALCALDÍA DEL DISTRITO TURÍSTICO Y CULTURAL DE CARTAGENA DE INDIAS,Territorial,No aplica/No pertenece,Bolívar,Otro,Contratación directa,True,2025-09-22,2025-09-22,2026-12-31,0.0,En ejecución,2025,unclear,0.78,False,True,False,False,False,False,False,unclear_label
CO1.PCCNTR.6475838,CO1.BDOS.6308642,{'url': 'https://community.secop.gov.co/Public/Tendering/OpportunityDetail/Index?noticeUID=CO1.NTC.6320747&isFromPublicArea=True&isModal=true&asPopupView=true'},890399011,SANTIAGO DE CALI DISTRITO ESPECIAL - DEPARTAMENTO ADMINISTRATIVO DE TECNOLOGIAS DE LA INFORMACION Y LAS COMUNICACIONES,Territorial,Tecnologías de la Información y las Comunicaciones,Valle del Cauca,Suministros,Contratación Directa (con ofertas),True,2024-06-28,2024-07-04,2024-12-31,589168000.0,Modificado,2024,ai_product_or_platform,0.9,True,True,True,True,True,True,True,
CO1.PCCNTR.7037705,CO1.BDOS.7038048,{'url': 'https://community.secop.gov.co/Public/Tendering/OpportunityDetail/Index?noticeUID=CO1.NTC.7065736&isFromPublicArea=True&isModal=true&asPopupView=true'},860024301,INSTITUTO COLOMBIANO PARA LA EVALUACIÓN DE LA EDUCACIÓN - ICFES,Nacional,Educación Nacional,Distrito Capital de Bogotá,Prestación de servicios,Contratación régimen especial,True,2024-11-19,2024-11-21,2024-12-31,389102734.0,terminado,2024,ai_product_or_platform,0.88,False,True,True,True,True,True,True,
CO1.PCCNTR.6492276,CO1.BDOS.6291105,{'url': 'https://community.secop.gov.co/Public/Tendering/OpportunityDetail/Index?noticeUID=CO1.NTC.6346074&isFromPublicArea=True&isModal=true&asPopupView=true'},891580016,GOBERNACIÓN DEL CAUCA,Territorial,Servicio Público,Cauca,Prestación de servicios,Contratación directa,False,2024-08-16,2024-08-20,2024-12-25,18900000.0,Cerrado,2024,individual_professional_ai,0.66,False,True,False,False,False,False,False,
CO1.PCCNTR.9770309,CO1.BDOS.10607332,{'url': 'https://community.secop.gov.co/Public/Tendering/OpportunityDetail/Index?noticeUID=CO1.NTC.10655014&isFromPublicArea=True&isModal=true&asPopupView=true'},901876510,AGENCIA REGIONAL DE MOVILIDAD,Territorial,Transporte,Distrito Capital de Bogotá,Prestación de servicios,Contratación directa,False,2026-08-05,2026-08-05,2026-12-31,20435000.0,En ejecución,2026,individual_professional_ai,0.78,False,True,False,False,False,False,False,
CO1.PCCNTR.7234571,CO1.BDOS.7306156,{'url': 'https://community.secop.gov.co/Public/Tendering/OpportunityDetail/Index?noticeUID=CO1.NTC.7324520&isFromPublicArea=True&isModal=true&asPopupView=true'},899999034,SENA SECRETARIA GENERAL,Nacional,Trabajo,Distrito Capital de Bogotá,Prestación de servicios,Contratación directa,False,2025-01-14,2025-01-16,2025-12-31,98077200.0,Cerrado,2025,individual_professional_ai,0.91,False,True,False,False,False,False,False,
CO1.PCCNTR.8606936,CO1.BDOS.8899912,{'url': 'https://community.secop.gov.co/Public/Tendering/OpportunityDetail/Index?noticeUID=CO1.NTC.8928741&isFromPublicArea=True&isModal=true&asPopupView=true'},8002469532,FONDO FINANCIERO DISTRITAL DE SALUD.,Territorial,Salud y Protección Social,Distrito Capital de Bogotá,Prestación de servicios,Mínima cuantía,True,2025-11-21,2025-12-04,2026-03-31,60550000.0,terminado,2025,ai_development_service,0.76,False,True,True,True,True,True,True,core_low_conf
CO1.PCCNTR.7335105,CO1.BDOS.7433712,{'url': 'https://community.secop.gov.co/Public/Tendering/OpportunityDetail/Index?noticeUID=CO1.NTC.7453586&isFromPublicArea=True&isModal=true&asPopupView=true'},901508361,"AGENCIA DISTRITAL PARA LA EDUCACIÓN SUPERIOR, LA CIENCIA Y LA TECNOLOGÍA, ATENEA",Territorial,Educación Nacional,Distrito Capital de Bogotá,Prestación de servicios,Contratación directa,False,2025-01-27,2025-01-29,2025-12-28,122638549.0,En ejecución,2025,individual_professional_ai,0.98,False,True,False,False,False,False,False,
CO1.PCCNTR.8896282,CO1.BDOS.9433629,{'url': 'https://community.secop.gov.co/Public/Tendering/OpportunityDetail/Index?noticeUID=CO1.NTC.9529122&isFromPublicArea=True&isModal=true&asPopupView=true'},830025267,FONDO NACIONAL AMBIENTAL - ANLA,Nacional,Ambiente y Desarrollo Sostenible,Distrito Capital de Bogotá,Prestación de servicios,Contratación directa,False,2026-01-15,2026-01-16,2026-12-31,84818440.0,En ejecución,2026,individual_professional_ai,0.78,False,True,False,False,False,False,False,
CO1.PCCNTR.7205039,CO1.BDOS.7272352,{'url': 'https://community.secop.gov.co/Public/Tendering/OpportunityDetail/Index?noticeUID=CO1.NTC.7289469&isFromPublicArea=True&isModal=true&asPopupView=true'},901140004,JEP,Nacional,No aplica/No pertenece,Distrito Capital de Bogotá,Prestación de servicios,Contratación régimen especial,False,2025-01-10,2025-01-15,2025-12-31,124409816.0,Modificado,2025,individual_professional_ai,0.78,False,True,False,False,False,False,False,
CO1.PCCNTR.7641399,CO1.BDOS.7739481,{'url': 'https://community.secop.gov.co/Public/Tendering/OpportunityDetail/Index?noticeUID=CO1.NTC.7756965&isFromPublicArea=True&isModal=true&asPopupView=true'},899999034,SENA REGIONAL CALDAS CENTRO DE AUTOMATIZACION INDUSTRIAL,Nacional,Salud y Protección Social,Caldas,Compraventa,Contratación Directa (con ofertas),True,2025-03-13,2025-03-18,2025-04-18,129948000.0,En ejecución,2025,incidental,0.96,False,True,False,False,False,False,False,
CO1.PCCNTR.9922584,CO1.BDOS.10824652,{'url': 'https://community.secop.gov.co/Public/Tendering/OpportunityDetail/Index?noticeUID=CO1.NTC.10864051&isFromPublicArea=True&isModal=true&asPopupView=true'},800214750,INSTITUCIÓN UNIVERSITARIA ITM,Nacional,Educación Nacional,Antioquia,Prestación de servicios,Contratación directa,False,2026-09-15,2026-09-15,2026-10-21,14572184.0,En ejecución,2026,individual_professional_ai,0.97,False,True,False,False,False,False,False,
CO1.PCCNTR.6645319,CO1.BDOS.6539284,{'url': 'https://community.secop.gov.co/Public/Tendering/OpportunityDetail/Index?noticeUID=CO1.NTC.6549469&isFromPublicArea=True&isModal=true&asPopupView=true'},899999034,SENA REGIONAL ANTIOQUIA Grupo de Apoyo Administrativo Mixto,Nacional,Trabajo,Antioquia,Prestación de servicios,Contratación directa,False,2024-08-15,2024-08-20,2024-12-29,25913333.0,Cerrado,2024,individual_professional_ai,0.98,False,True,False,False,False,False,False,
CO1.PCCNTR.7293096,CO1.BDOS.7389030,{'url': 'https://community.secop.gov.co/Public/Tendering/OpportunityDetail/Index?noticeUID=CO1.NTC.7404076&isFromPublicArea=True&isModal=true&asPopupView=true'},8001316486,FONDO UNICO DE TECNOLOGÍAS DE LA INFORMACIÓN Y LAS COMUNICACIONES,Nacional,Tecnologías de la Información y las Comunicaciones,Distrito Capital de Bogotá,Prestación de servicios,Contratación directa,False,2025-01-22,2025-01-27,2025-12-31,132951500.0,Cerrado,2025,individual_professional_ai,0.93,False,True,False,False,False,False,False,
CO1.PCCNTR.4545618,CO1.BDOS.3894623,{'url': 'https://community.secop.gov.co/Public/Tendering/OpportunityDetail/Index?noticeUID=CO1.NTC.3897514&isFromPublicArea=True&isModal=true&asPopupView=true'},899999034,SENA DISTRITO CAPITAL GRUPO DE APOYO ADMINISTRATIVO - CGI,Nacional,Trabajo,Distrito Capital de Bogotá,Prestación de servicios,Contratación directa,False,2023-02-02,2023-02-02,2023-12-15,42178500.0,Cerrado,2023,individual_professional_ai,0.94,False,True,False,False,False,False,False,
CO1.PCCNTR.6958690,CO1.BDOS.6843159,{'url': 'https://community.secop.gov.co/Public/Tendering/OpportunityDetail/Index?noticeUID=CO1.NTC.6960078&isFromPublicArea=True&isModal=true&asPopupView=true'},891580016,GOBERNACIÓN DEL CAUCA,Territorial,Servicio Público,Cauca,Prestación de servicios,Contratación directa,False,2024-11-05,2024-11-06,2024-12-26,7600000.0,Cerrado,2024,incidental,0.91,False,True,False,False,False,False,False,
CO1.PCCNTR.8918963,CO1.BDOS.9343544,{'url': 'https://community.secop.gov.co/Public/Tendering/OpportunityDetail/Index?noticeUID=CO1.NTC.9552028&isFromPublicArea=True&isModal=true&asPopupView=true'},830025267,FONDO NACIONAL AMBIENTAL - ANLA,Nacional,Ambiente y Desarrollo Sostenible,Distrito Capital de Bogotá,Prestación de servicios,Contratación directa,False,2026-01-16,2026-01-16,2026-12-31,93569750.0,En ejecución,2026,individual_professional_ai,0.73,False,True,False,False,False,False,False,
CO1.PCCNTR.7489052,CO1.BDOS.7607130,{'url': 'https://community.secop.gov.co/Public/Tendering/OpportunityDetail/Index?noticeUID=CO1.NTC.7628086&isFromPublicArea=True&isModal=true&asPopupView=true'},8999990341,SERVICIO NACIONAL DE APRENDIZAJE - SENA MAGDALENA,Nacional,Trabajo,Magdalena,Prestación de servicios,Contratación directa,False,2025-02-14,2025-02-17,2025-12-31,58800000.0,En ejecución,2025,individual_professional_ai,0.94,False,True,False,False,False,False,False,
CO1.PCCNTR.6084251,CO1.BDOS.5744966,{'url': 'https://community.secop.gov.co/Public/Tendering/OpportunityDetail/Index?noticeUID=CO1.NTC.5823451&isFromPublicArea=True&isModal=true&asPopupView=true'},830053630,Patrimonio Autónomo-Fondo De Seguridad Vial,Nacional,Hacienda y Crédito Público,No Definido,Decreto 092 de 2017,Contratación régimen especial,False,2024-03-14,2024-03-18,2025-03-17,144249600.0,Cerrado,2024,individual_professional_ai,0.95,False,True,False,False,False,False,False,
CO1.PCCNTR.8887005,CO1.BDOS.9498548,{'url': 'https://community.secop.gov.co/Public/Tendering/OpportunityDetail/Index?noticeUID=CO1.NTC.9519622&isFromPublicArea=True&isModal=true&asPopupView=true'},900474727,MINISTERIO DE SALUD Y PROTECCIÓN SOCIAL,Nacional,Salud y Protección Social,Distrito Capital de Bogotá,Prestación de servicios,Contratación directa,False,2026-01-15,2026-01-16,2026-12-30,106894294.0,En ejecución,2026,individual_professional_ai,0.98,False,True,False,False,False,False,False,
CO1.PCCNTR.9156485,CO1.BDOS.9571630,{'url': 'https://community.secop.gov.co/Public/Tendering/OpportunityDetail/Index?noticeUID=CO1.NTC.9585780&isFromPublicArea=True&isModal=true&asPopupView=true'},899999034,SENA REGIONAL BOLIVAR Centro para la Industria Petroquímica,Nacional,Trabajo,Bolívar,Prestación de servicios,Contratación directa,False,2026-01-27,2026-02-02,2026-12-30,66699996.0,En ejecución,2026,individual_professional_ai,0.77,False,True,False,False,False,False,False,
CO1.PCCNTR.9928393,CO1.BDOS.10832428,{'url': 'https://community.secop.gov.co/Public/Tendering/OpportunityDetail/Index?noticeUID=CO1.NTC.10872433&isFromPublicArea=True&isModal=true&asPopupView=true'},802001234,PERSONERIA DISTRITAL DE BARRANQUILLA,Territorial,No aplica/No pertenece,Atlántico,Prestación de servicios,Contratación directa,True,2026-09-11,2026-09-16,2026-10-16,27500000.0,En ejecución,2026,ai_product_or_platform,0.97,False,True,True,True,True,True,True,
CO1.PCCNTR.6401081,CO1.BDOS.6213209,{'url': 'https://community.secop.gov.co/Public/Tendering/OpportunityDetail/Index?noticeUID=CO1.NTC.6221265&isFromPublicArea=True&isModal=true&asPopupView=true'},830000282,UPME,Nacional,Minas y Energía,Distrito Capital de Bogotá,Prestación de servicios,Contratación régimen especial,False,2024-06-07,2024-06-11,2024-12-31,27333333.0,Cerrado,2024,individual_professional_ai,0.98,False,True,False,False,False,False,False,
CO1.PCCNTR.9826380,CO1.BDOS.10691404,{'url': 'https://community.secop.gov.co/Public/Tendering/OpportunityDetail/Index?noticeUID=CO1.NTC.10729461&isFromPublicArea=True&isModal=true&asPopupView=true'},890802678,IUOC,Territorial,Educación Nacional,Caldas,Prestación de servicios,Contratación directa,False,2026-08-19,2026-08-19,2026-12-11,12887673.0,En ejecución,2026,individual_professional_ai,0.96,False,True,False,False,False,False,False,
CO1.PCCNTR.8520398,CO1.BDOS.9011661,{'url': 'https://community.secop.gov.co/Public/Tendering/OpportunityDetail/Index?noticeUID=CO1.NTC.9036685&isFromPublicArea=True&isModal=true&asPopupView=true'},901168222,IU. Digital,Territorial,Educación Nacional,Antioquia,Prestación de servicios,Contratación directa,True,2025-10-31,2025-11-04,2025-12-15,65440000.0,En ejecución,2025,ai_development_service,0.91,False,True,True,True,True,True,True,
CO1.PCCNTR.7313035,CO1.BDOS.7413641,{'url': 'https://community.secop.gov.co/Public/Tendering/OpportunityDetail/Index?noticeUID=CO1.NTC.7428186&isFromPublicArea=True&isModal=true&asPopupView=true'},901140004,JEP,Nacional,No aplica/No pertenece,Distrito Capital de Bogotá,Prestación de servicios,Contratación régimen especial,False,2025-01-25,2025-01-29,2025-12-31,119390410.0,Modificado,2025,incidental,0.88,False,True,False,False,False,False,False,
CO1.PCCNTR.8502314,CO1.BDOS.8989225,{'url': 'https://community.secop.gov.co/Public/Tendering/OpportunityDetail/Index?noticeUID=CO1.NTC.9013551&isFromPublicArea=True&isModal=true&asPopupView=true'},800214750,INSTITUCIÓN UNIVERSITARIA ITM,Nacional,Educación Nacional,Antioquia,Prestación de servicios,Contratación directa,False,2025-10-27,2025-10-27,2025-11-03,2167200.0,En ejecución,2025,individual_professional_ai,0.94,False,True,False,False,False,False,False,
CO1.PCCNTR.9011274,CO1.BDOS.9509174,{'url': 'https://community.secop.gov.co/Public/Tendering/OpportunityDetail/Index?noticeUID=CO1.NTC.9644962&isFromPublicArea=True&isModal=true&asPopupView=true'},899999022,MINISTERIO DE MINAS Y ENERGIA,Nacional,Minas y Energía,Distrito Capital de Bogotá,Prestación de servicios,Contratación directa,False,2026-01-22,2026-01-23,2026-12-31,184000000.0,En ejecución,2026,individual_professional_ai,0.82,False,True,False,False,False,False,False,
CO1.PCCNTR.8143797,CO1.BDOS.8503729,{'url': 'https://community.secop.gov.co/Public/Tendering/OpportunityDetail/Index?noticeUID=CO1.NTC.8526047&isFromPublicArea=True&isModal=true&asPopupView=true'},802011065,INSTITUCION UNIVERSITARIA DE BARRANQUILLA-IUB,Territorial,Educación Nacional,Atlántico,Prestación de servicios,Contratación directa,False,2025-09-24,2025-09-29,2025-09-30,20240000.0,En ejecución,2025,individual_professional_ai,0.94,False,True,False,False,False,False,False,
CO1.PCCNTR.8335794,CO1.BDOS.8765248,{'url': 'https://community.secop.gov.co/Public/Tendering/OpportunityDetail/Index?noticeUID=CO1.NTC.8789433&isFromPublicArea=True&isModal=true&asPopupView=true'},800095728,MUNICIPIO DE FLORENCIA,Territorial,No aplica/No pertenece,Caquetá,Otro,Contratación directa,True,2025-09-26,2025-09-30,2025-12-31,388000000.0,En ejecución,2025,ai_development_service,0.78,False,True,True,True,True,True,True,core_low_conf
CO1.PCCNTR.9780834,CO1.BDOS.10631145,{'url': 'https://community.secop.gov.co/Public/Tendering/OpportunityDetail/Index?noticeUID=CO1.NTC.10668162&isFromPublicArea=True&isModal=true&asPopupView=true'},891801932,MUNICIPIO DE COMBITA,Territorial,Servicio Público,Boyacá,Prestación de servicios,Contratación directa,False,2026-08-06,2026-08-06,2026-12-05,10400000.0,En ejecución,2026,individual_professional_ai,0.82,False,True,False,False,False,False,False,
CO1.PCCNTR.7766441,CO1.BDOS.7963208,{'url': 'https://community.secop.gov.co/Public/Tendering/OpportunityDetail/Index?noticeUID=CO1.NTC.7979693&isFromPublicArea=True&isModal=true&asPopupView=true'},901034433,ESTABLECIMIENTO PUBLICO AMBIENTAL BARRANQUILLA VERDE,Territorial,Ambiente y Desarrollo Sostenible,Atlántico,Prestación de servicios,Contratación directa,True,2025-04-09,2025-04-09,2025-12-31,98500000.0,Modificado,2025,ai_development_service,0.65,False,True,True,True,True,True,True,core_low_conf
CO1.PCCNTR.7708646,CO1.BDOS.7890353,{'url': 'https://community.secop.gov.co/Public/Tendering/OpportunityDetail/Index?noticeUID=CO1.NTC.7906259&isFromPublicArea=True&isModal=true&asPopupView=true'},901736641,INSTITUCION UNIVERSITARIA DE SANTA MARTA,Territorial,Educación Nacional,Magdalena,Prestación de servicios,Contratación directa,False,2025-03-27,2025-03-27,2025-07-27,60000000.0,En ejecución,2025,individual_professional_ai,0.88,False,True,False,False,False,False,False,
CO1.PCCNTR.9262188,CO1.BDOS.9822439,{'url': 'https://community.secop.gov.co/Public/Tendering/OpportunityDetail/Index?noticeUID=CO1.NTC.9892940&isFromPublicArea=True&isModal=true&asPopupView=true'},800093816,Rama Judicial  Dirección Ejecutiva de Administración Judicial,Nacional,Ley de Justicia,Distrito Capital de Bogotá,Prestación de servicios,Contratación directa,False,2026-01-30,2026-01-30,2026-12-31,95981580.0,Modificado,2026,individual_professional_ai,0.97,False,True,False,False,False,False,False,
CO1.PCCNTR.6492473,CO1.BDOS.6332543,{'url': 'https://community.secop.gov.co/Public/Tendering/OpportunityDetail/Index?noticeUID=CO1.NTC.6346081&isFromPublicArea=True&isModal=true&asPopupView=true'},899999294,SERVICIO GEOLOGICO COLOMBIANO**,Nacional,Minas y Energía,Distrito Capital de Bogotá,Prestación de servicios,Contratación directa,False,2024-07-03,2024-07-03,2024-09-02,11219181.0,terminado,2024,individual_professional_ai,0.98,False,True,False,False,False,False,False,
CO1.PCCNTR.8836602,CO1.BDOS.9414235,{'url': 'https://community.secop.gov.co/Public/Tendering/OpportunityDetail/Index?noticeUID=CO1.NTC.9466633&isFromPublicArea=True&isModal=true&asPopupView=true'},899999027,DEPARTAMENTO ADMINISTRATIVO NACIONAL DE ESTADISTICA (DANE),Nacional,Información Estadística,Distrito Capital de Bogotá,Prestación de servicios,Contratación directa,False,2026-01-12,2026-01-14,2026-10-28,76475000.0,En ejecución,2026,individual_professional_ai,0.94,False,True,False,False,False,False,False,
CO1.PCCNTR.9291015,CO1.BDOS.9871495,{'url': 'https://community.secop.gov.co/Public/Tendering/OpportunityDetail/Index?noticeUID=CO1.NTC.9922471&isFromPublicArea=True&isModal=true&asPopupView=true'},811031484,CONTRALORIA MUNICIPAL DE ENVIGADO,Territorial,Servicio Público,Antioquia,Prestación de servicios,Contratación directa,True,2026-01-30,2026-02-18,2026-09-14,40000000.0,Modificado,2026,incidental,0.98,False,True,False,False,False,False,False,
CO1.PCCNTR.7531105,CO1.BDOS.7664293,{'url': 'https://community.secop.gov.co/Public/Tendering/OpportunityDetail/Index?noticeUID=CO1.NTC.7680205&isFromPublicArea=True&isModal=true&asPopupView=true'},8999990619,DEPARTAMENTO ADMINISTRATIVO DEL SERVICIO CIVIL DISTRITAL,Territorial,Servicio Público,Distrito Capital de Bogotá,Prestación de servicios,Contratación directa,False,2025-03-03,2025-03-11,2025-12-31,32980000.0,Cerrado,2025,individual_professional_ai,0.91,False,True,False,False,False,False,False,
CO1.PCCNTR.8340573,CO1.BDOS.8770417,{'url': 'https://community.secop.gov.co/Public/Tendering/OpportunityDetail/Index?noticeUID=CO1.NTC.8795578&isFromPublicArea=True&isModal=true&asPopupView=true'},899999022,MINISTERIO DE MINAS Y ENERGIA,Nacional,Minas y Energía,Distrito Capital de Bogotá,Prestación de servicios,Contratación directa,False,2025-09-19,2025-09-22,2025-12-31,42000000.0,cedido,2025,individual_professional_ai,0.96,False,True,False,False,False,False,False,
CO1.PCCNTR.9033829,CO1.BDOS.9654395,{'url': 'https://community.secop.gov.co/Public/Tendering/OpportunityDetail/Index?noticeUID=CO1.NTC.9667993&isFromPublicArea=True&isModal=true&asPopupView=true'},899999034,SENA REGIONAL CALDAS CENTRO DE AUTOMATIZACION INDUSTRIAL,Nacional,Salud y Protección Social,Caldas,Prestación de servicios,Contratación directa,False,2026-01-21,2026-01-22,2026-12-21,66699996.0,Modificado,2026,individual_professional_ai,0.88,False,True,False,False,False,False,False,
CO1.PCCNTR.7873264,CO1.BDOS.8036942,{'url': 'https://community.secop.gov.co/Public/Tendering/OpportunityDetail/Index?noticeUID=CO1.NTC.8059629&isFromPublicArea=True&isModal=true&asPopupView=true'},899999004,IGAC Sede Central *,Nacional,Información Estadística,Distrito Capital de Bogotá,Prestación de servicios,Mínima cuantía,True,2025-05-15,2025-05-22,2025-08-21,7436086.0,terminado,2025,ai_product_or_platform,0.99,True,True,True,True,True,True,True,
CO1.PCCNTR.4578228,CO1.BDOS.3947599,{'url': 'https://community.secop.gov.co/Public/Tendering/OpportunityDetail/Index?noticeUID=CO1.NTC.3949052&isFromPublicArea=True&isModal=true&asPopupView=true'},8909801583,Institución Universitaria Pascual Bravo COMPRADOR,Nacional,Educación Nacional,Antioquia,Prestación de servicios,Contratación directa,False,2023-02-07,2023-02-07,2023-04-06,4326667.0,Cerrado,2023,individual_professional_ai,0.98,False,True,False,False,False,False,False,
CO1.PCCNTR.7155629,CO1.BDOS.7200017,{'url': 'https://community.secop.gov.co/Public/Tendering/OpportunityDetail/Index?noticeUID=CO1.NTC.7221480&isFromPublicArea=True&isModal=true&asPopupView=true'},8999990619,(Secretaría Distrital de Integración Social),Territorial,Inclusión Social y Reconciliación,Distrito Capital de Bogotá,Prestación de servicios,Contratación directa,True,2024-12-19,2024-12-27,2025-04-26,152462800.0,En ejecución,2024,ai_development_service,0.87,False,True,True,True,True,True,True,
CO1.PCCNTR.7437119,CO1.BDOS.7485090,{'url': 'https://community.secop.gov.co/Public/Tendering/OpportunityDetail/Index?noticeUID=CO1.NTC.7500731&isFromPublicArea=True&isModal=true&asPopupView=true'},890900286,DEPARTAMENTO DE ANTIOQUIA//,Territorial,Servicio Público,Antioquia,Prestación de servicios,Contratación directa,True,2025-02-07,2025-02-10,2025-12-31,558623423.0,En ejecución,2025,ai_product_or_platform,0.78,False,True,True,True,True,True,True,core_low_conf
CO1.PCCNTR.4583325,CO1.BDOS.3895525,{'url': 'https://community.secop.gov.co/Public/Tendering/OpportunityDetail/Index?noticeUID=CO1.NTC.3897456&isFromPublicArea=True&isModal=true&asPopupView=true'},899999034,SENA DISTRITO CAPITAL GRUPO DE APOYO ADMINISTRATIVO - CGI,Nacional,Trabajo,Distrito Capital de Bogotá,Prestación de servicios,Contratación directa,False,2023-02-10,2023-02-10,2023-10-31,36153000.0,Cerrado,2023,individual_professional_ai,0.93,False,True,False,False,False,False,False,
CO1.PCCNTR.9089130,CO1.BDOS.9708178,{'url': 'https://community.secop.gov.co/Public/Tendering/OpportunityDetail/Index?noticeUID=CO1.NTC.9724125&isFromPublicArea=True&isModal=true&asPopupView=true'},8001316486,FONDO UNICO DE TECNOLOGÍAS DE LA INFORMACIÓN Y LAS COMUNICACIONES,Nacional,Tecnologías de la Información y las Comunicaciones,Distrito Capital de Bogotá,Prestación de servicios,Contratación directa,False,2026-01-24,2026-01-27,2026-10-26,39727800.0,En ejecución,2026,individual_professional_ai,0.9,False,True,False,False,False,False,False,
CO1.PCCNTR.4551702,CO1.BDOS.3894857,{'url': 'https://community.secop.gov.co/Public/Tendering/OpportunityDetail/Index?noticeUID=CO1.NTC.3897491&isFromPublicArea=True&isModal=true&asPopupView=true'},899999034,SENA DISTRITO CAPITAL GRUPO DE APOYO ADMINISTRATIVO - CGI,Nacional,Trabajo,Distrito Capital de Bogotá,Prestación de servicios,Contratación directa,False,2023-02-03,2023-02-03,2023-12-15,42178500.0,Cerrado,2023,individual_professional_ai,0.98,False,True,False,False,False,False,False,
CO1.PCCNTR.8472553,CO1.BDOS.8946652,{'url': 'https://community.secop.gov.co/Public/Tendering/OpportunityDetail/Index?noticeUID=CO1.NTC.8972119&isFromPublicArea=True&isModal=true&asPopupView=true'},800214750,INSTITUCIÓN UNIVERSITARIA ITM,Nacional,Educación Nacional,Antioquia,Prestación de servicios,Contratación directa,False,2025-10-21,2025-10-21,2025-11-25,2462352.0,En ejecución,2025,individual_professional_ai,0.97,False,True,False,False,False,False,False,
CO1.PCCNTR.4551705,CO1.BDOS.3895072,{'url': 'https://community.secop.gov.co/Public/Tendering/OpportunityDetail/Index?noticeUID=CO1.NTC.3897476&isFromPublicArea=True&isModal=true&asPopupView=true'},899999034,SENA DISTRITO CAPITAL GRUPO DE APOYO ADMINISTRATIVO - CGI,Nacional,Trabajo,Distrito Capital de Bogotá,Prestación de servicios,Contratación directa,False,2023-02-03,2023-02-03,2023-12-15,42178500.0,Cerrado,2023,individual_professional_ai,0.91,False,True,False,False,False,False,False,
CO1.PCCNTR.9186184,CO1.BDOS.9266307,{'url': 'https://community.secop.gov.co/Public/Tendering/OpportunityDetail/Index?noticeUID=CO1.NTC.9819051&isFromPublicArea=True&isModal=true&asPopupView=true'},830063506,TRANSMILENIO S.A.,Territorial,Transporte,Distrito Capital de Bogotá,Prestación de servicios,Contratación directa,False,2026-01-28,2026-02-02,2027-01-16,61617000.0,Modificado,2026,individual_professional_ai,0.99,False,True,False,False,False,False,False,
CO1.PCCNTR.6178531,CO1.BDOS.5928456,{'url': 'https://community.secop.gov.co/Public/Tendering/OpportunityDetail/Index?noticeUID=CO1.NTC.5938832&isFromPublicArea=True&isModal=true&asPopupView=true'},8903990295,SECRETARIA GENERAL- GOBERNACION DEL VALLE,Territorial,Servicio Público,Valle del Cauca,Prestación de servicios,Contratación directa,True,2024-04-05,2024-04-09,2024-10-31,460000000.0,terminado,2024,ai_development_service,0.91,True,True,True,True,True,True,True,
CO1.PCCNTR.6201801,CO1.BDOS.5911040,{'url': 'https://community.secop.gov.co/Public/Tendering/OpportunityDetail/Index?noticeUID=CO1.NTC.5918355&isFromPublicArea=True&isModal=true&asPopupView=true'},805000889,UNIAJC,Territorial,Educación Nacional,Valle del Cauca,Compraventa,Mínima cuantía,True,2024-04-17,2024-04-18,2024-05-03,30400000.0,En ejecución,2024,ai_product_or_platform,0.91,False,True,True,True,True,True,True,
CO1.PCCNTR.7779264,CO1.BDOS.7978914,{'url': 'https://community.secop.gov.co/Public/Tendering/OpportunityDetail/Index?noticeUID=CO1.NTC.7995753&isFromPublicArea=True&isModal=true&asPopupView=true'},830000282,UPME,Nacional,Minas y Energía,Distrito Capital de Bogotá,Otro,Contratación régimen especial,True,2025-04-12,2025-04-12,2028-04-11,0.0,En ejecución,2025,incidental,0.82,False,True,False,False,False,False,False,incidental_low_conf_AI_text
CO1.PCCNTR.5413860,CO1.BDOS.4991171,{'url': 'https://community.secop.gov.co/Public/Tendering/OpportunityDetail/Index?noticeUID=CO1.NTC.5001998&isFromPublicArea=True&isModal=true&asPopupView=true'},8001316486,FONDO UNICO DE TECNOLOGÍAS DE LA INFORMACIÓN Y LAS COMUNICACIONES,Nacional,Tecnologías de la Información y las Comunicaciones,Distrito Capital de Bogotá,Prestación de servicios,Contratación directa,False,2023-10-02,2023-10-03,2023-12-31,39583333.0,En ejecución,2023,individual_professional_ai,0.97,False,True,False,False,False,False,False,
CO1.PCCNTR.6606598,CO1.BDOS.6490075,{'url': 'https://community.secop.gov.co/Public/Tendering/OpportunityDetail/Index?noticeUID=CO1.NTC.6500042&isFromPublicArea=True&isModal=true&asPopupView=true'},899999061,SECRETARÍA GENERAL DE LA ALCALDÍA MAYOR DE BOGOTÁ,Territorial,Servicio Público,Distrito Capital de Bogotá,Prestación de servicios,Contratación directa,False,2024-08-05,2024-08-08,2024-12-31,70471368.0,Cerrado,2024,individual_professional_ai,0.97,False,True,False,False,False,False,False,
CO1.PCCNTR.9270109,CO1.BDOS.9881422,{'url': 'https://community.secop.gov.co/Public/Tendering/OpportunityDetail/Index?noticeUID=CO1.NTC.9901662&isFromPublicArea=True&isModal=true&asPopupView=true'},901144049,CORPORACION AGENCIA NACIONAL DE GOBIERNO DIGITAL,Nacional,Tecnologías de la Información y las Comunicaciones,Distrito Capital de Bogotá,Decreto 092 de 2017,Contratación régimen especial,False,2026-01-30,2026-02-01,2026-12-31,178133333.0,En ejecución,2026,individual_professional_ai,0.79,False,True,False,False,False,False,False,
CO1.PCCNTR.8039242,CO1.BDOS.8345728,{'url': 'https://community.secop.gov.co/Public/Tendering/OpportunityDetail/Index?noticeUID=CO1.NTC.8369439&isFromPublicArea=True&isModal=true&asPopupView=true'},890980850,ALCALDÍA MUNICIPIO DE SAN ROQUE,Territorial,Servicio Público,Antioquia,Prestación de servicios,Contratación directa,False,2025-07-02,2025-07-02,2025-07-06,25470717.0,terminado,2025,incidental,0.99,False,True,False,False,False,False,False,
CO1.PCCNTR.7593725,CO1.BDOS.7742389,{'url': 'https://community.secop.gov.co/Public/Tendering/OpportunityDetail/Index?noticeUID=CO1.NTC.7756594&isFromPublicArea=True&isModal=true&asPopupView=true'},899999034,SENA REGIONAL ANTIOQUIA Grupo de Apoyo Administrativo Mixto,Nacional,Trabajo,Antioquia,Prestación de servicios,Contratación directa,False,2025-03-03,2025-03-04,2025-12-30,42713333.0,terminado,2025,individual_professional_ai,0.88,False,True,False,False,False,False,False,
CO1.PCCNTR.8840887,CO1.BDOS.9319318,{'url': 'https://community.secop.gov.co/Public/Tendering/OpportunityDetail/Index?noticeUID=CO1.NTC.9470766&isFromPublicArea=True&isModal=true&asPopupView=true'},899999027,DEPARTAMENTO ADMINISTRATIVO NACIONAL DE ESTADISTICA (DANE),Nacional,Información Estadística,Distrito Capital de Bogotá,Prestación de servicios,Contratación directa,False,2026-01-13,2026-01-19,2026-09-18,34256000.0,En ejecución,2026,individual_professional_ai,0.88,False,True,False,False,False,False,False,
CO1.PCCNTR.8268347,CO1.BDOS.8663573,{'url': 'https://community.secop.gov.co/Public/Tendering/OpportunityDetail/Index?noticeUID=CO1.NTC.8701075&isFromPublicArea=True&isModal=true&asPopupView=true'},830115226,MINTRABAJO NIVEL CENTRAL*/,Nacional,Trabajo,Distrito Capital de Bogotá,Otro,Contratación régimen especial,True,2025-09-02,2025-09-03,2026-03-30,875005810.0,Cerrado,2025,ai_development_service,0.96,False,True,True,True,True,True,True,
CO1.PCCNTR.8190564,CO1.BDOS.8570683,{'url': 'https://community.secop.gov.co/Public/Tendering/OpportunityDetail/Index?noticeUID=CO1.NTC.8593559&isFromPublicArea=True&isModal=true&asPopupView=true'},8001316486,FONDO UNICO DE TECNOLOGÍAS DE LA INFORMACIÓN Y LAS COMUNICACIONES,Nacional,Tecnologías de la Información y las Comunicaciones,Distrito Capital de Bogotá,Otro,Contratación directa,True,2025-08-13,2025-08-29,2025-12-19,14043866056.0,Modificado,2025,unclear,0.88,False,True,False,False,True,True,False,unclear_label
CO1.PCCNTR.8461721,CO1.BDOS.8688366,{'url': 'https://community.secop.gov.co/Public/Tendering/OpportunityDetail/Index?noticeUID=CO1.NTC.8804407&isFromPublicArea=True&isModal=true&asPopupView=true'},899999061,SECRETARÍA GENERAL DE LA ALCALDÍA MAYOR DE BOGOTÁ,Territorial,Servicio Público,Distrito Capital de Bogotá,Consultoría,Concurso de méritos abierto,True,2025-10-24,2025-10-29,2026-01-28,280155174.0,terminado,2025,unclear,0.87,False,True,False,False,True,True,False,unclear_label
CO1.PCCNTR.8985530,CO1.BDOS.9589804,{'url': 'https://community.secop.gov.co/Public/Tendering/OpportunityDetail/Index?noticeUID=CO1.NTC.9616856&isFromPublicArea=True&isModal=true&asPopupView=true'},899999296,MINCIENCIAS,Nacional,Ciencia Tecnología,Distrito Capital de Bogotá,Prestación de servicios,Contratación directa,False,2026-01-22,2026-01-23,2026-07-22,72000000.0,En ejecución,2026,individual_professional_ai,0.94,False,True,False,False,False,False,False,
CO1.PCCNTR.9063484,CO1.BDOS.9685037,{'url': 'https://community.secop.gov.co/Public/Tendering/OpportunityDetail/Index?noticeUID=CO1.NTC.9698019&isFromPublicArea=True&isModal=true&asPopupView=true'},901140004,JEP,Nacional,No aplica/No pertenece,Distrito Capital de Bogotá,Prestación de servicios,Contratación régimen especial,False,2026-01-27,2026-01-28,2026-12-31,201055534.0,En ejecución,2026,individual_professional_ai,0.96,False,True,False,False,False,False,False,
CO1.PCCNTR.9259151,CO1.BDOS.9872122,{'url': 'https://community.secop.gov.co/Public/Tendering/OpportunityDetail/Index?noticeUID=CO1.NTC.9891672&isFromPublicArea=True&isModal=true&asPopupView=true'},800214750,INSTITUCIÓN UNIVERSITARIA ITM,Nacional,Educación Nacional,Antioquia,Prestación de servicios,Contratación directa,False,2026-01-30,2026-02-17,2026-05-14,13728000.0,En ejecución,2026,individual_professional_ai,0.94,False,True,False,False,False,False,False,
CO1.PCCNTR.6446111,CO1.BDOS.6276479,{'url': 'https://community.secop.gov.co/Public/Tendering/OpportunityDetail/Index?noticeUID=CO1.NTC.6286183&isFromPublicArea=True&isModal=true&asPopupView=true'},899999034,SENA REGIONAL ANTIOQUIA Grupo de Apoyo Administrativo Mixto,Nacional,Trabajo,Antioquia,Prestación de servicios,Contratación directa,False,2024-06-19,2024-06-21,2024-12-13,25751310.0,terminado,2024,individual_professional_ai,0.88,False,True,False,False,False,False,False,
CO1.PCCNTR.8350103,CO1.BDOS.8787301,{'url': 'https://community.secop.gov.co/Public/Tendering/OpportunityDetail/Index?noticeUID=CO1.NTC.8812202&isFromPublicArea=True&isModal=true&asPopupView=true'},800117519,ESAP TERRITORIAL ANTIOQUIA,Nacional,Educación Nacional,Antioquia,Prestación de servicios,Contratación directa,False,2025-09-20,2025-10-01,2025-12-10,9600000.0,En ejecución,2025,individual_professional_ai,0.9,False,True,False,False,False,False,False,
CO1.PCCNTR.8337744,CO1.BDOS.8771942,{'url': 'https://community.secop.gov.co/Public/Tendering/OpportunityDetail/Index?noticeUID=CO1.NTC.8795692&isFromPublicArea=True&isModal=true&asPopupView=true'},800214750,INSTITUCIÓN UNIVERSITARIA ITM,Nacional,Educación Nacional,Antioquia,Prestación de servicios,Contratación directa,False,2025-09-17,2025-09-17,2025-12-31,3566667.0,En ejecución,2025,incidental,0.99,False,True,False,False,False,False,False,
CO1.PCCNTR.7310850,CO1.BDOS.7409621,{'url': 'https://community.secop.gov.co/Public/Tendering/OpportunityDetail/Index?noticeUID=CO1.NTC.7425814&isFromPublicArea=True&isModal=true&asPopupView=true'},901140004,JEP,Nacional,No aplica/No pertenece,Distrito Capital de Bogotá,Prestación de servicios,Contratación régimen especial,False,2025-01-25,2025-01-28,2025-12-31,119748939.0,Modificado,2025,individual_professional_ai,0.76,False,True,False,False,False,False,False,
CO1.PCCNTR.7457680,CO1.BDOS.7576950,{'url': 'https://community.secop.gov.co/Public/Tendering/OpportunityDetail/Index?noticeUID=CO1.NTC.7590141&isFromPublicArea=True&isModal=true&asPopupView=true'},899999004,IGAC Sede Central *,Nacional,Información Estadística,Distrito Capital de Bogotá,Prestación de servicios,Contratación directa,False,2025-02-12,2025-02-13,2025-12-31,121900000.0,Cerrado,2025,individual_professional_ai,0.91,False,True,False,False,False,False,False,
CO1.PCCNTR.8168565,CO1.BDOS.8536250,{'url': 'https://community.secop.gov.co/Public/Tendering/OpportunityDetail/Index?noticeUID=CO1.NTC.8560029&isFromPublicArea=True&isModal=true&asPopupView=true'},899999020,DEPARTAMENTO ADMINISTRATIVO DE LA FUNCIÓN PÚBLICA ENTIDAD,Nacional,Servicio Público,Distrito Capital de Bogotá,Prestación de servicios,Contratación directa,False,2025-08-06,2025-08-06,2025-12-12,37500000.0,Cerrado,2025,individual_professional_ai,0.97,False,True,False,False,False,False,False,
CO1.PCCNTR.7601277,CO1.BDOS.7666163,{'url': 'https://community.secop.gov.co/Public/Tendering/OpportunityDetail/Index?noticeUID=CO1.NTC.7753763&isFromPublicArea=True&isModal=true&asPopupView=true'},8909801366,POLITECNICO COLOMBIANO JAIME ISAZA CADAVID,Territorial,No aplica/No pertenece,Antioquia,Prestación de servicios,Contratación directa,False,2025-03-10,2025-03-10,2025-05-09,9000000.0,En ejecución,2025,individual_professional_ai,0.97,False,True,False,False,False,False,False,
CO1.PCCNTR.9719922,CO1.BDOS.10536011,{'url': 'https://community.secop.gov.co/Public/Tendering/OpportunityDetail/Index?noticeUID=CO1.NTC.10587480&isFromPublicArea=True&isModal=true&asPopupView=true'},890907106,MUNICIPIO DE ENVIGADO*,Nacional,Cultura,Antioquia,Prestación de servicios,Contratación directa,True,2026-07-28,2026-08-06,2026-12-15,100000000.0,En ejecución,2026,unclear,0.94,False,True,False,False,True,True,False,unclear_label
CO1.PCCNTR.9605741,CO1.BDOS.10390161,{'url': 'https://community.secop.gov.co/Public/Tendering/OpportunityDetail/Index?noticeUID=CO1.NTC.10431740&isFromPublicArea=True&isModal=true&asPopupView=true'},800141397,DILOF,Nacional,defensa,Distrito Capital de Bogotá,Prestación de servicios,Contratación directa,True,2026-07-03,2026-07-03,2026-12-31,51620000.0,En ejecución,2026,incidental,0.97,False,True,False,False,False,False,False,
CO1.PCCNTR.8204113,CO1.BDOS.8564720,{'url': 'https://community.secop.gov.co/Public/Tendering/OpportunityDetail/Index?noticeUID=CO1.NTC.8590936&isFromPublicArea=True&isModal=true&asPopupView=true'},899999034,SENA REGIONAL PUTUMAYO Grupo de Apoyo Administrativo,Nacional,Trabajo,Putumayo,Compraventa,Contratación Directa (con ofertas),True,2025-08-15,,2025-09-20,280000000.0,Aprobado,2025,unclear,0.78,False,True,False,False,True,True,False,unclear_label
CO1.PCCNTR.8361074,CO1.BDOS.8801385,{'url': 'https://community.secop.gov.co/Public/Tendering/OpportunityDetail/Index?noticeUID=CO1.NTC.8826836&isFromPublicArea=True&isModal=true&asPopupView=true'},899999034,SENA REGIONAL RISARALDA Grupo de Apoyo Administrativo Mixto//,Nacional,Educación Nacional,Risaralda,Prestación de servicios,Contratación directa,False,2025-09-24,2025-09-26,2025-12-31,25333333.0,Cerrado,2025,individual_professional_ai,0.95,False,True,False,False,False,False,False,
CO1.PCCNTR.7047594,CO1.BDOS.7064939,{'url': 'https://community.secop.gov.co/Public/Tendering/OpportunityDetail/Index?noticeUID=CO1.NTC.7078799&isFromPublicArea=True&isModal=true&asPopupView=true'},890801130,MUNICIPIO LA DORADA,Territorial,Servicio Público,Caldas,Prestación de servicios,Contratación directa,True,2024-11-20,2024-11-26,2024-12-30,225019260.0,terminado,2024,ai_product_or_platform,0.88,False,True,True,True,True,True,True,
CO1.PCCNTR.8910507,CO1.BDOS.9530552,{'url': 'https://community.secop.gov.co/Public/Tendering/OpportunityDetail/Index?noticeUID=CO1.NTC.9543463&isFromPublicArea=True&isModal=true&asPopupView=true'},901140004,JEP,Nacional,No aplica/No pertenece,Distrito Capital de Bogotá,Prestación de servicios,Contratación régimen especial,False,2026-01-19,2026-01-21,2026-12-27,124051264.0,En ejecución,2026,individual_professional_ai,0.91,False,True,False,False,False,False,False,
CO1.PCCNTR.9124654,CO1.BDOS.9742224,{'url': 'https://community.secop.gov.co/Public/Tendering/OpportunityDetail/Index?noticeUID=CO1.NTC.9760367&isFromPublicArea=True&isModal=true&asPopupView=true'},800214750,INSTITUCIÓN UNIVERSITARIA ITM,Nacional,Educación Nacional,Antioquia,Prestación de servicios,Contratación directa,False,2026-01-25,2026-01-26,2026-04-11,14250000.0,Modificado,2026,individual_professional_ai,0.94,False,True,False,False,False,False,False,
CO1.PCCNTR.9074888,CO1.BDOS.9669359,{'url': 'https://community.secop.gov.co/Public/Tendering/OpportunityDetail/Index?noticeUID=CO1.NTC.9709781&isFromPublicArea=True&isModal=true&asPopupView=true'},899999011,DEPARTAMENTO NACIONAL DE PLANEACIÓN,Nacional,Planeación,Distrito Capital de Bogotá,Prestación de servicios,Contratación directa,False,2026-01-23,2026-01-27,2026-12-31,69010000.0,Modificado,2026,individual_professional_ai,0.98,False,True,False,False,False,False,False,
CO1.PCCNTR.9081214,CO1.BDOS.9701350,{'url': 'https://community.secop.gov.co/Public/Tendering/OpportunityDetail/Index?noticeUID=CO1.NTC.9715583&isFromPublicArea=True&isModal=true&asPopupView=true'},899999011,DEPARTAMENTO NACIONAL DE PLANEACIÓN,Nacional,Planeación,Distrito Capital de Bogotá,Prestación de servicios,Contratación directa,False,2026-01-23,2026-01-26,2026-12-31,56000002.0,Modificado,2026,individual_professional_ai,0.99,False,True,False,False,False,False,False,
CO1.PCCNTR.9981535,CO1.BDOS.10903705,{'url': 'https://community.secop.gov.co/Public/Tendering/OpportunityDetail/Index?noticeUID=CO1.NTC.10945422&isFromPublicArea=True&isModal=true&asPopupView=true'},830007738,IDEP,Territorial,Educación Nacional,Distrito Capital de Bogotá,Prestación de servicios,Contratación directa,False,2026-09-23,,2026-12-22,36000000.0,Aprobado,2026,individual_professional_ai,0.84,False,True,False,False,False,False,False,
CO1.PCCNTR.5744775,CO1.BDOS.5427014,{'url': 'https://community.secop.gov.co/Public/Tendering/OpportunityDetail/Index?noticeUID=CO1.NTC.5438004&isFromPublicArea=True&isModal=true&asPopupView=true'},899999004,IGAC Sede Central *,Nacional,Información Estadística,Distrito Capital de Bogotá,Prestación de servicios,Contratación directa,False,2024-01-17,2024-01-19,2024-12-30,144900000.0,Cerrado,2024,individual_professional_ai,0.97,False,True,False,False,False,False,False,
CO1.PCCNTR.7597292,CO1.BDOS.7741793,{'url': 'https://community.secop.gov.co/Public/Tendering/OpportunityDetail/Index?noticeUID=CO1.NTC.7761792&isFromPublicArea=True&isModal=true&asPopupView=true'},899999027,DEPARTAMENTO ADMINISTRATIVO NACIONAL DE ESTADISTICA (DANE),Nacional,Información Estadística,Distrito Capital de Bogotá,Prestación de servicios,Contratación directa,False,2025-03-05,2025-03-07,2025-12-31,93430064.0,Cerrado,2025,individual_professional_ai,0.97,False,True,False,False,False,False,False,
CO1.PCCNTR.7497493,CO1.BDOS.7622818,{'url': 'https://community.secop.gov.co/Public/Tendering/OpportunityDetail/Index?noticeUID=CO1.NTC.7639042&isFromPublicArea=True&isModal=true&asPopupView=true'},8001316486,FONDO UNICO DE TECNOLOGÍAS DE LA INFORMACIÓN Y LAS COMUNICACIONES,Nacional,Tecnologías de la Información y las Comunicaciones,Distrito Capital de Bogotá,Prestación de servicios,Contratación directa,False,2025-02-17,2025-02-18,2025-12-31,88284000.0,Cerrado,2025,individual_professional_ai,0.96,False,True,False,False,False,False,False,
CO1.PCCNTR.7525821,CO1.BDOS.7658763,{'url': 'https://community.secop.gov.co/Public/Tendering/OpportunityDetail/Index?noticeUID=CO1.NTC.7673844&isFromPublicArea=True&isModal=true&asPopupView=true'},899999004,IGAC Sede Central *,Nacional,Información Estadística,Distrito Capital de Bogotá,Prestación de servicios,Contratación directa,False,2025-02-20,2025-02-24,2025-12-28,43782750.0,Cerrado,2025,individual_professional_ai,0.98,False,True,False,False,False,False,False,
CO1.PCCNTR.9720626,CO1.BDOS.10551645,{'url': 'https://community.secop.gov.co/Public/Tendering/OpportunityDetail/Index?noticeUID=CO1.NTC.10588847&isFromPublicArea=True&isModal=true&asPopupView=true'},806010305,ESE HOSPITAL LOCAL CARTAGENA DE INDIAS.*,Territorial,Salud y Protección Social,Bolívar,Otro,Contratación régimen especial,True,2026-07-28,2026-08-01,2026-12-30,260000000.0,En ejecución,2026,ai_product_or_platform,0.87,False,True,True,True,True,True,True,
CO1.PCCNTR.7699371,CO1.BDOS.7878114,{'url': 'https://community.secop.gov.co/Public/Tendering/OpportunityDetail/Index?noticeUID=CO1.NTC.7894453&isFromPublicArea=True&isModal=true&asPopupView=true'},901066091,REDDI COLOMBIA,Corporación Autónoma,Ciencia Tecnología,Valle del Cauca,Prestación de servicios,Contratación régimen especial,False,2025-03-31,2025-03-31,2025-11-30,10000000.0,Cerrado,2025,individual_professional_ai,0.99,False,True,False,False,False,False,False,
CO1.PCCNTR.9011608,CO1.BDOS.9596465,{'url': 'https://community.secop.gov.co/Public/Tendering/OpportunityDetail/Index?noticeUID=CO1.NTC.9645252&isFromPublicArea=True&isModal=true&asPopupView=true'},899999034,SENA REGIONAL ANTIOQUIA Grupo de Apoyo Administrativo Mixto,Nacional,Trabajo,Antioquia,Prestación de servicios,Contratación directa,False,2026-01-25,2026-02-01,2026-12-30,71500000.0,En ejecución,2026,individual_professional_ai,0.99,False,True,False,False,False,False,False,
CO1.PCCNTR.8472566,CO1.BDOS.8946663,{'url': 'https://community.secop.gov.co/Public/Tendering/OpportunityDetail/Index?noticeUID=CO1.NTC.8972259&isFromPublicArea=True&isModal=true&asPopupView=true'},800214750,INSTITUCIÓN UNIVERSITARIA ITM,Nacional,Educación Nacional,Antioquia,Prestación de servicios,Contratación directa,False,2025-10-21,2025-10-21,2025-11-25,4309116.0,En ejecución,2025,individual_professional_ai,0.95,False,True,False,False,False,False,False,
CO1.PCCNTR.6187756,CO1.BDOS.5942330,{'url': 'https://community.secop.gov.co/Public/Tendering/OpportunityDetail/Index?noticeUID=CO1.NTC.5949715&isFromPublicArea=True&isModal=true&asPopupView=true'},901158482,Unidad de Busqueda de Personas Desaparecidas,Nacional,Ley de Justicia,Distrito Capital de Bogotá,Prestación de servicios,Contratación directa,False,2024-04-09,2024-04-11,2024-12-31,54054000.0,Cerrado,2024,individual_professional_ai,0.98,False,True,False,False,False,False,False,
CO1.PCCNTR.4908442,CO1.BDOS.4345939,{'url': 'https://community.secop.gov.co/Public/Tendering/OpportunityDetail/Index?noticeUID=CO1.NTC.4349983&isFromPublicArea=True&isModal=true&asPopupView=true'},899999034,Sena Regional Boyaca Grupo de Apoyo Administrativo Mixto,Nacional,Trabajo,Boyacá,Prestación de servicios,Contratación directa,False,2023-04-28,2023-05-02,2023-12-16,30750000.0,Cerrado,2023,individual_professional_ai,0.96,False,True,False,False,False,False,False,
CO1.PCCNTR.8195276,CO1.BDOS.8576745,{'url': 'https://community.secop.gov.co/Public/Tendering/OpportunityDetail/Index?noticeUID=CO1.NTC.8599749&isFromPublicArea=True&isModal=true&asPopupView=true'},899999004,IGAC Sede Central *,Nacional,Información Estadística,Distrito Capital de Bogotá,Prestación de servicios,Contratación directa,False,2025-08-14,2025-08-15,2025-12-31,70266667.0,Cerrado,2025,individual_professional_ai,0.96,False,True,False,False,False,False,False,
CO1.PCCNTR.9899701,CO1.BDOS.10628093,{'url': 'https://community.secop.gov.co/Public/Tendering/OpportunityDetail/Index?noticeUID=CO1.NTC.10831348&isFromPublicArea=True&isModal=true&asPopupView=true'},800090735,CONTRALORIA DEPARTAMENTAL DEL VALLE DEL CAUCA,Territorial,No aplica/No pertenece,Valle del Cauca,Prestación de servicios,Contratación directa,True,2026-09-04,2026-09-07,2026-10-30,61592000.0,En ejecución,2026,incidental,0.99,False,True,False,False,False,False,False,
CO1.PCCNTR.8155835,CO1.BDOS.8516920,{'url': 'https://community.secop.gov.co/Public/Tendering/OpportunityDetail/Index?noticeUID=CO1.NTC.8541763&isFromPublicArea=True&isModal=true&asPopupView=true'},899999020,DEPARTAMENTO ADMINISTRATIVO DE LA FUNCIÓN PÚBLICA ENTIDAD,Nacional,Servicio Público,Distrito Capital de Bogotá,Prestación de servicios,Contratación directa,False,2025-08-04,2025-08-08,2025-12-12,37500000.0,Cerrado,2025,incidental,0.97,False,True,False,False,False,False,False,
CO1.PCCNTR.8678234,CO1.BDOS.9224015,{'url': 'https://community.secop.gov.co/Public/Tendering/OpportunityDetail/Index?noticeUID=CO1.NTC.9251441&isFromPublicArea=True&isModal=true&asPopupView=true'},899999737,FONDO ROTATORIO DE LA REGISTRADURIA,Nacional,No aplica/No pertenece,Distrito Capital de Bogotá,Prestación de servicios,Contratación directa,True,2025-12-05,2025-12-11,2025-12-31,79525000.0,terminado,2025,unclear,0.88,False,True,False,False,True,True,False,unclear_label
CO1.PCCNTR.8255967,CO1.BDOS.8661434,{'url': 'https://community.secop.gov.co/Public/Tendering/OpportunityDetail/Index?noticeUID=CO1.NTC.8684070&isFromPublicArea=True&isModal=true&asPopupView=true'},830063506,TRANSMILENIO S.A.,Territorial,Transporte,Distrito Capital de Bogotá,Prestación de servicios,Contratación directa,False,2025-08-29,2025-09-03,2026-01-22,42392000.0,Cerrado,2025,individual_professional_ai,0.91,False,True,False,False,False,False,False,
CO1.PCCNTR.9932439,CO1.BDOS.10809421,{'url': 'https://community.secop.gov.co/Public/Tendering/OpportunityDetail/Index?noticeUID=CO1.NTC.10877633&isFromPublicArea=True&isModal=true&asPopupView=true'},8999990619,SECRETARIA DE EDUCACION DEL DISTRITO,Territorial,Educación Nacional,Distrito Capital de Bogotá,Prestación de servicios,Contratación directa,False,2026-09-15,2026-09-24,2026-12-31,40000000.0,En ejecución,2026,individual_professional_ai,0.97,False,True,False,False,False,False,False,
CO1.PCCNTR.7478637,CO1.BDOS.7601807,{'url': 'https://community.secop.gov.co/Public/Tendering/OpportunityDetail/Index?noticeUID=CO1.NTC.7615591&isFromPublicArea=True&isModal=true&asPopupView=true'},800214750,INSTITUCIÓN UNIVERSITARIA ITM,Nacional,Educación Nacional,Antioquia,Prestación de servicios,Contratación directa,False,2025-02-13,2025-02-13,2025-09-27,26568178.0,En ejecución,2025,individual_professional_ai,0.96,False,True,False,False,False,False,False,
CO1.PCCNTR.9781673,CO1.BDOS.10628652,{'url': 'https://community.secop.gov.co/Public/Tendering/OpportunityDetail/Index?noticeUID=CO1.NTC.10667686&isFromPublicArea=True&isModal=true&asPopupView=true'},830002593,COMISIÓN DE REGULACIÓN DE COMUNICACIONES,Nacional,Tecnologías de la Información y las Comunicaciones,Distrito Capital de Bogotá,Prestación de servicios,Contratación directa,False,2026-08-11,2026-08-12,2026-11-12,30000000.0,En ejecución,2026,incidental,0.99,False,True,False,False,False,False,False,
CO1.PCCNTR.7340231,CO1.BDOS.7445411,{'url': 'https://community.secop.gov.co/Public/Tendering/OpportunityDetail/Index?noticeUID=CO1.NTC.7460412&isFromPublicArea=True&isModal=true&asPopupView=true'},901158482,Unidad de Busqueda de Personas Desaparecidas,Nacional,Ley de Justicia,Distrito Capital de Bogotá,Prestación de servicios,Contratación directa,False,2025-01-28,2025-01-29,2025-12-15,55337633.0,Cerrado,2025,individual_professional_ai,0.99,False,True,False,False,False,False,False,
CO1.PCCNTR.8339783,CO1.BDOS.8399836,{'url': 'https://community.secop.gov.co/Public/Tendering/OpportunityDetail/Index?noticeUID=CO1.NTC.8583662&isFromPublicArea=True&isModal=true&asPopupView=true'},8999990619,SECRETARIA DISTRITAL DE DESARROLLO ECONOMICO - ALCALDIA BOGOTÁ,Territorial,Industria,Distrito Capital de Bogotá,Prestación de servicios,Licitación pública,True,2025-09-25,2025-10-01,2026-12-31,2844029092.0,En ejecución,2025,unclear,0.82,False,True,False,False,True,True,False,unclear_label
CO1.PCCNTR.4886919,CO1.BDOS.4254774,{'url': 'https://community.secop.gov.co/Public/Tendering/OpportunityDetail/Index?noticeUID=CO1.NTC.4258378&isFromPublicArea=True&isModal=true&asPopupView=true'},860024301,INSTITUTO COLOMBIANO PARA LA EVALUACIÓN DE LA EDUCACIÓN - ICFES,Nacional,Educación Nacional,Distrito Capital de Bogotá,Prestación de servicios,Contratación régimen especial (con ofertas),True,2023-04-25,2023-04-28,2023-12-15,510837089.0,terminado,2023,ai_product_or_platform,0.84,False,True,True,True,True,True,True,core_low_conf
CO1.PCCNTR.7556113,CO1.BDOS.7683513,{'url': 'https://community.secop.gov.co/Public/Tendering/OpportunityDetail/Index?noticeUID=CO1.NTC.7711055&isFromPublicArea=True&isModal=true&asPopupView=true'},8001316486,FONDO UNICO DE TECNOLOGÍAS DE LA INFORMACIÓN Y LAS COMUNICACIONES,Nacional,Tecnologías de la Información y las Comunicaciones,Distrito Capital de Bogotá,Prestación de servicios,Contratación directa,False,2025-02-26,2025-02-27,2025-08-26,78825000.0,Cerrado,2025,individual_professional_ai,0.98,False,True,False,False,False,False,False,
CO1.PCCNTR.9259688,CO1.BDOS.9861287,{'url': 'https://community.secop.gov.co/Public/Tendering/OpportunityDetail/Index?noticeUID=CO1.NTC.9882077&isFromPublicArea=True&isModal=true&asPopupView=true'},899999034,SENA REGIONAL BOLIVAR Grupo Administrativo CINFP,Nacional,Trabajo,Distrito Capital de Bogotá,Prestación de servicios,Contratación directa,False,2026-01-30,2026-02-02,2026-07-30,28424976.0,En ejecución,2026,individual_professional_ai,0.96,False,True,False,False,False,False,False,
CO1.PCCNTR.9106460,CO1.BDOS.9724220,{'url': 'https://community.secop.gov.co/Public/Tendering/OpportunityDetail/Index?noticeUID=CO1.NTC.9742605&isFromPublicArea=True&isModal=true&asPopupView=true'},900475780,UNP,Nacional,defensa,Distrito Capital de Bogotá,Prestación de servicios,Contratación directa,False,2026-01-24,2026-01-26,2026-12-31,70606666.0,terminado,2026,individual_professional_ai,0.98,False,True,False,False,False,False,False,
CO1.PCCNTR.7424524,CO1.BDOS.7502909,{'url': 'https://community.secop.gov.co/Public/Tendering/OpportunityDetail/Index?noticeUID=CO1.NTC.7527889&isFromPublicArea=True&isModal=true&asPopupView=true'},830063506,TRANSMILENIO S.A.,Territorial,Transporte,Distrito Capital de Bogotá,Prestación de servicios,Contratación directa,False,2025-02-07,2025-02-17,2026-01-16,209396000.0,En ejecución,2025,individual_professional_ai,0.72,False,True,False,False,False,False,False,
CO1.PCCNTR.8573192,CO1.BDOS.9078131,{'url': 'https://community.secop.gov.co/Public/Tendering/OpportunityDetail/Index?noticeUID=CO1.NTC.9102633&isFromPublicArea=True&isModal=true&asPopupView=true'},900679194,CORPORACIÓN GILBERTO ECHEVERRI MEJÍA,Territorial,Educación Nacional,Antioquia,Decreto 092 de 2017,Contratación régimen especial,True,2025-11-19,2025-11-20,2026-11-20,5362318841.0,En ejecución,2025,incidental,0.91,False,True,False,False,False,False,False,
CO1.PCCNTR.6500247,CO1.BDOS.6346445,{'url': 'https://community.secop.gov.co/Public/Tendering/OpportunityDetail/Index?noticeUID=CO1.NTC.6357405&isFromPublicArea=True&isModal=true&asPopupView=true'},899999296,MINCIENCIAS,Nacional,Ciencia Tecnología,Distrito Capital de Bogotá,Prestación de servicios,Contratación directa,False,2024-07-04,2024-07-09,2024-10-08,36000000.0,Cerrado,2024,individual_professional_ai,0.96,False,True,False,False,False,False,False,
CO1.PCCNTR.7879313,CO1.BDOS.8100918,{'url': 'https://community.secop.gov.co/Public/Tendering/OpportunityDetail/Index?noticeUID=CO1.NTC.8139717&isFromPublicArea=True&isModal=true&asPopupView=true'},900894833,DIVRI,Nacional,defensa,Distrito Capital de Bogotá,Prestación de servicios,Contratación directa,True,2025-06-03,2025-06-04,2025-07-30,40000000.0,terminado,2025,incidental,0.99,False,True,False,False,False,False,False,
CO1.PCCNTR.4396521,CO1.BDOS.3745558,{'url': 'https://community.secop.gov.co/Public/Tendering/OpportunityDetail/Index?noticeUID=CO1.NTC.3749809&isFromPublicArea=True&isModal=true&asPopupView=true'},899999239,ICBF SEDE NACIONAL,Nacional,Inclusión Social y Reconciliación,Distrito Capital de Bogotá,Prestación de servicios,Contratación directa,False,2023-01-17,2023-01-17,2023-12-31,130591125.0,Cerrado,2023,individual_professional_ai,0.97,False,True,False,False,False,False,False,
CO1.PCCNTR.7966543,CO1.BDOS.8243012,{'url': 'https://community.secop.gov.co/Public/Tendering/OpportunityDetail/Index?noticeUID=CO1.NTC.8265179&isFromPublicArea=True&isModal=true&asPopupView=true'},899999737,FONDO ROTATORIO DE LA REGISTRADURIA,Nacional,No aplica/No pertenece,Distrito Capital de Bogotá,Prestación de servicios,Contratación directa,True,2025-06-11,2025-06-18,2025-12-31,6035744636.0,terminado,2025,ai_development_service,0.91,False,True,True,True,True,True,True,
CO1.PCCNTR.7775631,CO1.BDOS.7922072,{'url': 'https://community.secop.gov.co/Public/Tendering/OpportunityDetail/Index?noticeUID=CO1.NTC.7956408&isFromPublicArea=True&isModal=true&asPopupView=true'},899999034,Sena - Centro Agropecuario de Buga,Nacional,Educación Nacional,Valle del Cauca,Compraventa,Contratación Directa (con ofertas),True,2025-04-14,2025-04-16,2025-05-16,129948000.0,En ejecución,2025,incidental,0.88,False,True,False,False,False,False,False,
CO1.PCCNTR.7785678,CO1.BDOS.7987365,{'url': 'https://community.secop.gov.co/Public/Tendering/OpportunityDetail/Index?noticeUID=CO1.NTC.8004070&isFromPublicArea=True&isModal=true&asPopupView=true'},901508361,"AGENCIA DISTRITAL PARA LA EDUCACIÓN SUPERIOR, LA CIENCIA Y LA TECNOLOGÍA, ATENEA",Territorial,Educación Nacional,Distrito Capital de Bogotá,Prestación de servicios,Contratación directa,True,2025-04-15,2025-05-08,2025-12-15,370205000.0,Modificado,2025,unclear,0.84,False,True,False,False,True,True,False,unclear_label
CO1.PCCNTR.8466080,CO1.BDOS.8848429,{'url': 'https://community.secop.gov.co/Public/Tendering/OpportunityDetail/Index?noticeUID=CO1.NTC.8899419&isFromPublicArea=True&isModal=true&asPopupView=true'},899999034,SENA REGIONAL RISARALDA Grupo de Apoyo Administrativo Mixto//,Nacional,Educación Nacional,Risaralda,Compraventa,Mínima cuantía,True,2025-10-21,2025-10-21,2025-12-05,36509800.0,En ejecución,2025,incidental,0.91,False,True,False,False,False,False,False,
CO1.PCCNTR.5079688,CO1.BDOS.4563394,{'url': 'https://community.secop.gov.co/Public/Tendering/OpportunityDetail/Index?noticeUID=CO1.NTC.4571033&isFromPublicArea=True&isModal=true&asPopupView=true'},899999294,SERVICIO GEOLOGICO COLOMBIANO**,Nacional,Minas y Energía,Distrito Capital de Bogotá,Prestación de servicios,Contratación directa,False,2023-06-14,2023-06-29,2023-12-28,62412000.0,Modificado,2023,individual_professional_ai,0.98,False,True,False,False,False,False,False,
CO1.PCCNTR.9657640,CO1.BDOS.10391573,{'url': 'https://community.secop.gov.co/Public/Tendering/OpportunityDetail/Index?noticeUID=CO1.NTC.10432009&isFromPublicArea=True&isModal=true&asPopupView=true'},901387801,EMPRESA DE VIVIENDA Y DESARROLLO URBANO Y RURAL DEL MUNICIPIO DE ENVIGADO,Territorial,"Vivienda, Ciudad y Territorio",Antioquia,Prestación de servicios,Contratación régimen especial,True,2026-07-14,2026-07-14,2026-11-10,14036000.0,En ejecución,2026,incidental,0.98,False,True,False,False,False,False,False,
CO1.PCCNTR.8336187,CO1.BDOS.8755671,{'url': 'https://community.secop.gov.co/Public/Tendering/OpportunityDetail/Index?noticeUID=CO1.NTC.8793887&isFromPublicArea=True&isModal=true&asPopupView=true'},899999022,MINISTERIO DE MINAS Y ENERGIA,Nacional,Minas y Energía,Distrito Capital de Bogotá,Prestación de servicios,Contratación directa,False,2025-09-18,2025-09-19,2025-12-31,28000000.0,En ejecución,2025,individual_professional_ai,0.98,False,True,False,False,False,False,False,
CO1.PCCNTR.8919993,CO1.BDOS.9539379,{'url': 'https://community.secop.gov.co/Public/Tendering/OpportunityDetail/Index?noticeUID=CO1.NTC.9552849&isFromPublicArea=True&isModal=true&asPopupView=true'},901140004,JEP,Nacional,No aplica/No pertenece,Distrito Capital de Bogotá,Prestación de servicios,Contratación régimen especial,False,2026-01-21,2026-01-23,2026-12-27,124051264.0,En ejecución,2026,individual_professional_ai,0.79,False,True,False,False,False,False,False,
CO1.PCCNTR.7655924,CO1.BDOS.7822838,{'url': 'https://community.secop.gov.co/Public/Tendering/OpportunityDetail/Index?noticeUID=CO1.NTC.7839365&isFromPublicArea=True&isModal=true&asPopupView=true'},901037916,ADRES,Nacional,Salud y Protección Social,Distrito Capital de Bogotá,Prestación de servicios,Contratación directa,False,2025-03-17,2025-03-26,2025-12-31,97166667.0,Cerrado,2025,individual_professional_ai,0.98,False,True,False,False,False,False,False,
CO1.PCCNTR.8977457,CO1.BDOS.9306216,{'url': 'https://community.secop.gov.co/Public/Tendering/OpportunityDetail/Index?noticeUID=CO1.NTC.9602900&isFromPublicArea=True&isModal=true&asPopupView=true'},899999027,DEPARTAMENTO ADMINISTRATIVO NACIONAL DE ESTADISTICA (DANE),Nacional,Información Estadística,Distrito Capital de Bogotá,Prestación de servicios,Contratación directa,False,2026-01-20,2026-01-22,2026-09-21,34256000.0,En ejecución,2026,individual_professional_ai,0.84,False,True,False,False,False,False,False,
CO1.PCCNTR.9591024,CO1.BDOS.10374799,{'url': 'https://community.secop.gov.co/Public/Tendering/OpportunityDetail/Index?noticeUID=CO1.NTC.10411493&isFromPublicArea=True&isModal=true&asPopupView=true'},901168222,INSTITUCIÓN UNIVERSITARIA DIGITAL DE ANTIOQUIA,Territorial,Educación Nacional,Antioquia,Prestación de servicios,Contratación directa,True,2026-06-25,2026-06-26,2027-06-25,29280000.0,En ejecución,2026,ai_product_or_platform,0.94,False,True,True,True,True,True,True,
CO1.PCCNTR.7131695,CO1.BDOS.7171151,{'url': 'https://community.secop.gov.co/Public/Tendering/OpportunityDetail/Index?noticeUID=CO1.NTC.7191159&isFromPublicArea=True&isModal=true&asPopupView=true'},830000282,UPME,Nacional,Minas y Energía,Distrito Capital de Bogotá,Prestación de servicios,Contratación régimen especial,True,2024-12-11,2024-12-16,2024-12-31,117941527.0,En ejecución,2024,incidental,0.99,False,True,False,False,False,False,False,
CO1.PCCNTR.9870296,CO1.BDOS.10750405,{'url': 'https://community.secop.gov.co/Public/Tendering/OpportunityDetail/Index?noticeUID=CO1.NTC.10789771&isFromPublicArea=True&isModal=true&asPopupView=true'},800091594,GOBERNACION DEL CAQUETA**,Territorial,No aplica/No pertenece,Caquetá,Prestación de servicios,Contratación directa,False,2026-08-28,2026-09-01,2026-10-31,30000000.0,En ejecución,2026,individual_professional_ai,0.83,False,True,False,False,False,False,False,
CO1.PCCNTR.8889678,CO1.BDOS.9317523,{'url': 'https://community.secop.gov.co/Public/Tendering/OpportunityDetail/Index?noticeUID=CO1.NTC.9522344&isFromPublicArea=True&isModal=true&asPopupView=true'},830025267,FONDO NACIONAL AMBIENTAL - ANLA,Nacional,Ambiente y Desarrollo Sostenible,Distrito Capital de Bogotá,Prestación de servicios,Contratación directa,False,2026-01-15,2026-01-15,2026-12-31,86785242.0,En ejecución,2026,individual_professional_ai,0.72,False,True,False,False,False,False,False,
CO1.PCCNTR.6110477,CO1.BDOS.5848523,{'url': 'https://community.secop.gov.co/Public/Tendering/OpportunityDetail/Index?noticeUID=CO1.NTC.5856115&isFromPublicArea=True&isModal=true&asPopupView=true'},860024301,INSTITUTO COLOMBIANO PARA LA EVALUACIÓN DE LA EDUCACIÓN - ICFES,Nacional,Educación Nacional,Distrito Capital de Bogotá,Otro,Contratación régimen especial,True,2024-03-19,2024-03-21,2024-09-30,2800000000.0,terminado,2024,ai_development_service,0.84,False,True,True,True,True,True,True,core_low_conf
CO1.PCCNTR.9077123,CO1.BDOS.9482676,{'url': 'https://community.secop.gov.co/Public/Tendering/OpportunityDetail/Index?noticeUID=CO1.NTC.9711168&isFromPublicArea=True&isModal=true&asPopupView=true'},899999034,SENA SECRETARIA GENERAL,Nacional,Trabajo,Distrito Capital de Bogotá,Prestación de servicios,Contratación directa,False,2026-01-23,2026-01-26,2026-12-31,105167380.0,En ejecución,2026,individual_professional_ai,0.88,False,True,False,False,False,False,False,
CO1.PCCNTR.7878542,CO1.BDOS.8110075,{'url': 'https://community.secop.gov.co/Public/Tendering/OpportunityDetail/Index?noticeUID=CO1.NTC.8139222&isFromPublicArea=True&isModal=true&asPopupView=true'},830079479,COMPUTADORES PARA EDUCAR,Nacional,Tecnologías de la Información y las Comunicaciones,Distrito Capital de Bogotá,Prestación de servicios,Contratación directa,False,2025-05-15,2025-05-19,2025-12-31,59200000.0,Modificado,2025,individual_professional_ai,0.97,False,True,False,False,False,False,False,
CO1.PCCNTR.9972452,CO1.BDOS.10881123,{'url': 'https://community.secop.gov.co/Public/Tendering/OpportunityDetail/Index?noticeUID=CO1.NTC.10929350&isFromPublicArea=True&isModal=true&asPopupView=true'},901508361,"AGENCIA DISTRITAL PARA LA EDUCACIÓN SUPERIOR, LA CIENCIA Y LA TECNOLOGÍA, ATENEA",Territorial,Educación Nacional,Distrito Capital de Bogotá,Otro,Contratación Directa (con ofertas),True,2026-09-25,,2027-02-23,300000000.0,Aprobado,2026,ai_development_service,0.69,False,True,True,True,True,True,True,core_low_conf
CO1.PCCNTR.7263824,CO1.BDOS.7354904,{'url': 'https://community.secop.gov.co/Public/Tendering/OpportunityDetail/Index?noticeUID=CO1.NTC.7370156&isFromPublicArea=True&isModal=true&asPopupView=true'},901140004,JEP,Nacional,No aplica/No pertenece,Distrito Capital de Bogotá,Prestación de servicios,Contratación régimen especial,False,2025-01-21,2025-01-22,2025-12-31,121900113.0,Modificado,2025,incidental,0.91,False,True,False,False,False,False,False,
CO1.PCCNTR.8765131,CO1.BDOS.9358089,{'url': 'https://community.secop.gov.co/Public/Tendering/OpportunityDetail/Index?noticeUID=CO1.NTC.9380778&isFromPublicArea=True&isModal=true&asPopupView=true'},899999004,IGAC Sede Central *,Nacional,Información Estadística,Distrito Capital de Bogotá,Prestación de servicios,Contratación directa,False,2026-01-05,2026-01-07,2026-10-06,90000000.0,terminado,2026,individual_professional_ai,0.98,False,True,False,False,False,False,False,
CO1.PCCNTR.8575984,CO1.BDOS.9078006,{'url': 'https://community.secop.gov.co/Public/Tendering/OpportunityDetail/Index?noticeUID=CO1.NTC.9106486&isFromPublicArea=True&isModal=true&asPopupView=true'},901508361,"AGENCIA DISTRITAL PARA LA EDUCACIÓN SUPERIOR, LA CIENCIA Y LA TECNOLOGÍA, ATENEA",Territorial,Educación Nacional,Distrito Capital de Bogotá,Prestación de servicios,Contratación directa,False,2025-11-12,2025-11-14,2026-01-13,16366672.0,Modificado,2025,individual_professional_ai,0.96,False,True,False,False,False,False,False,
CO1.PCCNTR.7673105,CO1.BDOS.7845122,{'url': 'https://community.secop.gov.co/Public/Tendering/OpportunityDetail/Index?noticeUID=CO1.NTC.7861109&isFromPublicArea=True&isModal=true&asPopupView=true'},899999034,SENA DISTRITO CAPITAL GRUPO DE APOYO ADMINISTRATIVO - CGI,Nacional,Trabajo,Distrito Capital de Bogotá,Prestación de servicios,Contratación directa,False,2025-03-20,2025-03-20,2025-12-30,13626666.0,terminado,2025,individual_professional_ai,0.94,False,True,False,False,False,False,False,
CO1.PCCNTR.8536408,CO1.BDOS.9031565,{'url': 'https://community.secop.gov.co/Public/Tendering/OpportunityDetail/Index?noticeUID=CO1.NTC.9055792&isFromPublicArea=True&isModal=true&asPopupView=true'},800214750,INSTITUCIÓN UNIVERSITARIA ITM,Nacional,Educación Nacional,Antioquia,Prestación de servicios,Contratación directa,True,2025-11-04,2025-11-04,2025-12-31,150000000.0,En ejecución,2025,ai_development_service,0.91,False,True,True,True,True,True,True,
CO1.PCCNTR.9067687,CO1.BDOS.9689133,{'url': 'https://community.secop.gov.co/Public/Tendering/OpportunityDetail/Index?noticeUID=CO1.NTC.9702902&isFromPublicArea=True&isModal=true&asPopupView=true'},800082665,FEDERACION COLOMBIANA DE MUNICIPIOS,Corporación Autónoma,No aplica/No pertenece,Distrito Capital de Bogotá,Prestación de servicios,Contratación directa,False,2026-01-22,2026-01-26,2026-12-29,108778500.0,En ejecución,2026,individual_professional_ai,0.92,False,True,False,False,False,False,False,
CO1.PCCNTR.6480641,CO1.BDOS.6314156,{'url': 'https://community.secop.gov.co/Public/Tendering/OpportunityDetail/Index?noticeUID=CO1.NTC.6331410&isFromPublicArea=True&isModal=true&asPopupView=true'},899999296,MINCIENCIAS,Nacional,Ciencia Tecnología,Distrito Capital de Bogotá,Otro,Contratación Directa (con ofertas),True,2024-07-02,2024-07-05,2024-12-31,99487398.0,En ejecución,2024,unclear,0.94,False,True,False,False,True,True,False,unclear_label
CO1.PCCNTR.7677769,CO1.BDOS.7852337,{'url': 'https://community.secop.gov.co/Public/Tendering/OpportunityDetail/Index?noticeUID=CO1.NTC.7868321&isFromPublicArea=True&isModal=true&asPopupView=true'},899999061,VEEDURIA DISTRITAL,Territorial,Servicio Público,Distrito Capital de Bogotá,Prestación de servicios,Contratación directa,False,2025-03-25,2025-03-26,2025-12-31,65000000.0,cedido,2025,individual_professional_ai,0.97,False,True,False,False,False,False,False,
CO1.PCCNTR.6379410,CO1.BDOS.6185974,{'url': 'https://community.secop.gov.co/Public/Tendering/OpportunityDetail/Index?noticeUID=CO1.NTC.6194731&isFromPublicArea=True&isModal=true&asPopupView=true'},900127768,UAECD,Territorial,Hacienda y Crédito Público,Distrito Capital de Bogotá,Prestación de servicios,Contratación directa,False,2024-05-29,2024-06-06,2024-12-31,98432040.0,Cerrado,2024,individual_professional_ai,0.96,False,True,False,False,False,False,False,
CO1.PCCNTR.9070705,CO1.BDOS.9669357,{'url': 'https://community.secop.gov.co/Public/Tendering/OpportunityDetail/Index?noticeUID=CO1.NTC.9705421&isFromPublicArea=True&isModal=true&asPopupView=true'},899999011,DEPARTAMENTO NACIONAL DE PLANEACIÓN,Nacional,Planeación,Distrito Capital de Bogotá,Prestación de servicios,Contratación directa,False,2026-01-23,2026-01-24,2026-12-31,69628000.0,Modificado,2026,individual_professional_ai,0.97,False,True,False,False,False,False,False,
CO1.PCCNTR.7377642,CO1.BDOS.7486408,{'url': 'https://community.secop.gov.co/Public/Tendering/OpportunityDetail/Index?noticeUID=CO1.NTC.7501841&isFromPublicArea=True&isModal=true&asPopupView=true'},899999004,IGAC Sede Central *,Nacional,Información Estadística,Distrito Capital de Bogotá,Prestación de servicios,Contratación directa,False,2025-02-01,2025-02-04,2025-08-03,77160000.0,Cerrado,2025,individual_professional_ai,0.78,True,True,False,False,False,False,False,
CO1.PCCNTR.8302359,CO1.BDOS.8723938,{'url': 'https://community.secop.gov.co/Public/Tendering/OpportunityDetail/Index?noticeUID=CO1.NTC.8748125&isFromPublicArea=True&isModal=true&asPopupView=true'},802001234,PERSONERIA DISTRITAL DE BARRANQUILLA,Territorial,No aplica/No pertenece,Atlántico,Prestación de servicios,Contratación directa,True,2025-09-10,2025-09-19,2025-10-19,11835647.0,terminado,2025,ai_product_or_platform,0.99,False,True,True,True,True,True,True,
CO1.PCCNTR.6091786,CO1.BDOS.5825261,{'url': 'https://community.secop.gov.co/Public/Tendering/OpportunityDetail/Index?noticeUID=CO1.NTC.5834203&isFromPublicArea=True&isModal=true&asPopupView=true'},901158482,Unidad de Busqueda de Personas Desaparecidas,Nacional,Ley de Justicia,Distrito Capital de Bogotá,Prestación de servicios,Contratación directa,False,2024-03-13,2024-03-15,2024-12-31,115832898.0,Cerrado,2024,individual_professional_ai,0.98,False,True,False,False,False,False,False,
CO1.PCCNTR.9811710,CO1.BDOS.10672487,{'url': 'https://community.secop.gov.co/Public/Tendering/OpportunityDetail/Index?noticeUID=CO1.NTC.10710816&isFromPublicArea=True&isModal=true&asPopupView=true'},890980095,ALCALDIA MUNICIPIO DE APARTADO,Territorial,Servicio Público,Antioquia,Prestación de servicios,Contratación directa,False,2026-08-14,2026-08-14,2026-12-13,28000000.0,En ejecución,2026,incidental,0.84,False,True,False,False,False,False,False,
CO1.PCCNTR.7694459,CO1.BDOS.7846929,{'url': 'https://community.secop.gov.co/Public/Tendering/OpportunityDetail/Index?noticeUID=CO1.NTC.7888705&isFromPublicArea=True&isModal=true&asPopupView=true'},8999990619,SECRETARIA DE EDUCACION DEL DISTRITO,Territorial,Educación Nacional,Distrito Capital de Bogotá,Prestación de servicios,Contratación directa,False,2025-03-31,2025-04-02,2025-10-31,70350000.0,Cerrado,2025,individual_professional_ai,0.97,True,True,False,False,False,False,False,
CO1.PCCNTR.7528545,CO1.BDOS.7659505,{'url': 'https://community.secop.gov.co/Public/Tendering/OpportunityDetail/Index?noticeUID=CO1.NTC.7677082&isFromPublicArea=True&isModal=true&asPopupView=true'},899999294,SERVICIO GEOLOGICO COLOMBIANO**,Nacional,Minas y Energía,Distrito Capital de Bogotá,Prestación de servicios,Contratación directa,False,2025-02-19,2025-02-20,2025-12-21,51030000.0,Cerrado,2025,individual_professional_ai,0.81,False,True,False,False,False,False,False,
CO1.PCCNTR.8965020,CO1.BDOS.9511768,{'url': 'https://community.secop.gov.co/Public/Tendering/OpportunityDetail/Index?noticeUID=CO1.NTC.9596393&isFromPublicArea=True&isModal=true&asPopupView=true'},899999022,MINISTERIO DE MINAS Y ENERGIA,Nacional,Minas y Energía,Distrito Capital de Bogotá,Prestación de servicios,Contratación directa,False,2026-01-19,2026-01-21,2026-12-31,138000000.0,En ejecución,2026,individual_professional_ai,0.95,False,True,False,False,False,False,False,
CO1.PCCNTR.9626849,CO1.BDOS.10425911,{'url': 'https://community.secop.gov.co/Public/Tendering/OpportunityDetail/Index?noticeUID=CO1.NTC.10465044&isFromPublicArea=True&isModal=true&asPopupView=true'},901168222,INSTITUCIÓN UNIVERSITARIA DIGITAL DE ANTIOQUIA,Territorial,Educación Nacional,Antioquia,Prestación de servicios,Contratación directa,True,2026-07-07,2026-07-08,2026-12-15,268838000.0,En ejecución,2026,ai_development_service,0.88,False,True,True,True,True,True,True,
CO1.PCCNTR.6407901,CO1.BDOS.6187379,{'url': 'https://community.secop.gov.co/Public/Tendering/OpportunityDetail/Index?noticeUID=CO1.NTC.6231731&isFromPublicArea=True&isModal=true&asPopupView=true'},899999239,ICBF SEDE NACIONAL,Nacional,Inclusión Social y Reconciliación,Distrito Capital de Bogotá,Prestación de servicios,Contratación directa,False,2024-06-07,2024-06-15,2024-12-31,70000000.0,Cerrado,2024,individual_professional_ai,0.97,False,True,False,False,False,False,False,
CO1.PCCNTR.7481045,CO1.BDOS.7603736,{'url': 'https://community.secop.gov.co/Public/Tendering/OpportunityDetail/Index?noticeUID=CO1.NTC.7618032&isFromPublicArea=True&isModal=true&asPopupView=true'},800214750,INSTITUCIÓN UNIVERSITARIA ITM,Nacional,Educación Nacional,Antioquia,Prestación de servicios,Contratación directa,False,2025-02-13,2025-02-13,2025-12-31,54833333.0,En ejecución,2025,individual_professional_ai,0.67,False,True,False,False,False,False,False,
CO1.PCCNTR.6646895,CO1.BDOS.6536358,{'url': 'https://community.secop.gov.co/Public/Tendering/OpportunityDetail/Index?noticeUID=CO1.NTC.6556398&isFromPublicArea=True&isModal=true&asPopupView=true'},890102006,DEPARTAMENTO DEL ATLANTICO**,Territorial,Servicio Público,Atlántico,Otro,Contratación directa,True,2024-08-30,2024-08-30,2024-12-31,330000000.0,terminado,2024,unclear,0.93,False,True,False,False,True,True,False,unclear_label
CO1.PCCNTR.8616017,CO1.BDOS.9138311,{'url': 'https://community.secop.gov.co/Public/Tendering/OpportunityDetail/Index?noticeUID=CO1.NTC.9162788&isFromPublicArea=True&isModal=true&asPopupView=true'},899999172,ALCALDIA MUNICIPAL DE CHIA,Territorial,Servicio Público,Cundinamarca,Otro,Contratación Directa (con ofertas),True,2025-11-21,2025-11-22,2025-12-20,31100000.0,Cerrado,2025,incidental,0.98,False,True,False,False,False,False,False,
CO1.PCCNTR.6562067,CO1.BDOS.6428809,{'url': 'https://community.secop.gov.co/Public/Tendering/OpportunityDetail/Index?noticeUID=CO1.NTC.6442906&isFromPublicArea=True&isModal=true&asPopupView=true'},8999990619,SECRETARIA DISTRITAL DE DESARROLLO ECONOMICO - ALCALDIA BOGOTÁ,Territorial,Industria,Distrito Capital de Bogotá,Prestación de servicios,Contratación directa,False,2024-07-25,2024-07-29,2024-12-31,42133333.0,Cerrado,2024,individual_professional_ai,0.97,False,True,False,False,False,False,False,
CO1.PCCNTR.9582352,CO1.BDOS.10295560,{'url': 'https://community.secop.gov.co/Public/Tendering/OpportunityDetail/Index?noticeUID=CO1.NTC.10345402&isFromPublicArea=True&isModal=true&asPopupView=true'},899999034,SENA REGIONAL HUILA Grupo Administrativo CGDSS,Nacional,Trabajo,Huila,Compraventa,Mínima cuantía,True,2026-06-24,2026-06-25,2026-09-23,28400000.0,Modificado,2026,incidental,0.94,False,True,False,False,False,False,False,
CO1.PCCNTR.9185704,CO1.BDOS.9791340,{'url': 'https://community.secop.gov.co/Public/Tendering/OpportunityDetail/Index?noticeUID=CO1.NTC.9817482&isFromPublicArea=True&isModal=true&asPopupView=true'},890399011,SANTIAGO DE CALI DISTRITO ESPECIAL - SECRETARIA DE GOBIERNO,Territorial,No aplica/No pertenece,Valle del Cauca,Prestación de servicios,Contratación directa,True,2026-01-27,2026-02-05,2026-04-30,267750000.0,En ejecución,2026,incidental,0.92,False,True,False,False,False,False,False,
CO1.PCCNTR.7943612,CO1.BDOS.8198547,{'url': 'https://community.secop.gov.co/Public/Tendering/OpportunityDetail/Index?noticeUID=CO1.NTC.8219385&isFromPublicArea=True&isModal=true&asPopupView=true'},899999034,SENA REGIONAL ANTIOQUIA Grupo de Apoyo Administrativo Mixto,Nacional,Trabajo,Antioquia,Prestación de servicios,Contratación directa,False,2025-06-04,2025-06-05,2025-12-30,41886667.0,En ejecución,2025,individual_professional_ai,0.94,False,True,False,False,False,False,False,
CO1.PCCNTR.7998442,CO1.BDOS.8290310,{'url': 'https://community.secop.gov.co/Public/Tendering/OpportunityDetail/Index?noticeUID=CO1.NTC.8313002&isFromPublicArea=True&isModal=true&asPopupView=true'},800157830,CONTRALORIA DEPARTAMENTAL DE NARIÑO,Territorial,No aplica/No pertenece,Nariño,Prestación de servicios,Contratación directa,True,2025-06-19,2025-06-19,2025-07-11,13500000.0,En ejecución,2025,incidental,0.98,False,True,False,False,False,False,False,
CO1.PCCNTR.9310251,CO1.BDOS.9918419,{'url': 'https://community.secop.gov.co/Public/Tendering/OpportunityDetail/Index?noticeUID=CO1.NTC.9941633&isFromPublicArea=True&isModal=true&asPopupView=true'},899999034,SENA REGIONAL NARIÑO CENTRO SUR COLOMBIANO DE LOGISTICA INTERNACIONAL,Nacional,Trabajo,Nariño,Prestación de servicios,Contratación directa,False,2026-07-07,2026-07-07,2026-12-31,35169088.0,En ejecución,2026,individual_professional_ai,0.96,False,True,False,False,False,False,False,
CO1.PCCNTR.8160537,CO1.BDOS.8438034,{'url': 'https://community.secop.gov.co/Public/Tendering/OpportunityDetail/Index?noticeUID=CO1.NTC.8463140&isFromPublicArea=True&isModal=true&asPopupView=true'},899999034,SENA REGIONAL ATLANTICO Intercentros,Nacional,Transporte,Atlántico,Compraventa,Mínima cuantía,True,2025-08-05,2025-09-10,2025-10-10,4153576.0,En ejecución,2025,incidental,0.98,False,True,False,False,False,False,False,
CO1.PCCNTR.7892153,CO1.BDOS.8135968,{'url': 'https://community.secop.gov.co/Public/Tendering/ContractNoticeManagement/Index?currentLanguage=es-CO&Page=login&Country=CO&SkinName=CCE'},899999034,SENA REGIONAL ATLANTICO Intercentros,Nacional,Transporte,Atlántico,Prestación de servicios,Contratación directa,False,2025-05-19,,2025-12-24,30240000.0,Aprobado,2025,individual_professional_ai,0.98,False,True,False,False,False,False,False,
CO1.PCCNTR.7513791,CO1.BDOS.7644915,{'url': 'https://community.secop.gov.co/Public/Tendering/OpportunityDetail/Index?noticeUID=CO1.NTC.7660072&isFromPublicArea=True&isModal=true&asPopupView=true'},8001316486,FONDO UNICO DE TECNOLOGÍAS DE LA INFORMACIÓN Y LAS COMUNICACIONES,Nacional,Tecnologías de la Información y las Comunicaciones,Distrito Capital de Bogotá,Prestación de servicios,Contratación directa,False,2025-02-19,2025-02-20,2025-10-19,105100000.0,terminado,2025,individual_professional_ai,0.96,False,True,False,False,False,False,False,
CO1.PCCNTR.4567019,CO1.BDOS.3933127,{'url': 'https://community.secop.gov.co/Public/Tendering/OpportunityDetail/Index?noticeUID=CO1.NTC.3935119&isFromPublicArea=True&isModal=true&asPopupView=true'},899999004,IGAC Sede Central *,Nacional,Información Estadística,Distrito Capital de Bogotá,Prestación de servicios,Contratación directa,False,2023-02-06,2023-02-08,2023-08-07,36650652.0,Cerrado,2023,individual_professional_ai,0.99,False,True,False,False,False,False,False,
CO1.PCCNTR.5621629,CO1.BDOS.5256630,{'url': 'https://community.secop.gov.co/Public/Tendering/OpportunityDetail/Index?noticeUID=CO1.NTC.5269803&isFromPublicArea=True&isModal=true&asPopupView=true'},8001316486,FONDO UNICO DE TECNOLOGÍAS DE LA INFORMACIÓN Y LAS COMUNICACIONES,Nacional,Tecnologías de la Información y las Comunicaciones,Distrito Capital de Bogotá,Otro,Contratación directa,True,2023-12-01,2023-12-14,2023-12-31,331765913.0,En ejecución,2023,incidental,0.94,False,True,False,False,False,False,False,
CO1.PCCNTR.6795741,CO1.BDOS.5976810,{'url': 'https://community.secop.gov.co/Public/Tendering/OpportunityDetail/Index?noticeUID=CO1.NTC.5986995&isFromPublicArea=True&isModal=true&asPopupView=true'},900507741,AGENCIA NACIONAL DE DEFENSA JURÍDICA DEL ESTADO,Nacional,Ley de Justicia,Distrito Capital de Bogotá,Otro,Contratación régimen especial,True,2024-09-23,2024-10-03,2025-12-01,1540124603.93,Modificado,2024,ai_development_service,0.88,False,True,True,True,True,True,True,
CO1.PCCNTR.9013679,CO1.BDOS.9550078,{'url': 'https://community.secop.gov.co/Public/Tendering/OpportunityDetail/Index?noticeUID=CO1.NTC.9647549&isFromPublicArea=True&isModal=true&asPopupView=true'},890900286,DEPARTAMENTO DE ANTIOQUIA//,Territorial,Servicio Público,Antioquia,Prestación de servicios,Contratación directa,True,2026-01-21,2026-01-26,2026-12-31,508264141.0,En ejecución,2026,ai_product_or_platform,0.78,False,True,True,True,True,True,True,core_low_conf
CO1.PCCNTR.9087497,CO1.BDOS.9667918,{'url': 'https://community.secop.gov.co/Public/Tendering/OpportunityDetail/Index?noticeUID=CO1.NTC.9722529&isFromPublicArea=True&isModal=true&asPopupView=true'},899999061,"SECRETARÍA DISTRITAL DE CULTURA, RECREACIÓN Y DEPORTE",Territorial,Cultura,Distrito Capital de Bogotá,Prestación de servicios,Contratación directa,False,2026-01-23,2026-02-03,2026-12-30,62898000.0,En ejecución,2026,individual_professional_ai,0.93,False,True,False,False,False,False,False,
CO1.PCCNTR.9045688,CO1.BDOS.9648304,{'url': 'https://community.secop.gov.co/Public/Tendering/OpportunityDetail/Index?noticeUID=CO1.NTC.9681650&isFromPublicArea=True&isModal=true&asPopupView=true'},899999011,DEPARTAMENTO NACIONAL DE PLANEACIÓN,Nacional,Planeación,Distrito Capital de Bogotá,Prestación de servicios,Contratación directa,False,2026-01-22,2026-01-24,2026-12-31,128418466.0,Modificado,2026,individual_professional_ai,0.98,False,True,False,False,False,False,False,
CO1.PCCNTR.6478198,CO1.BDOS.6318578,{'url': 'https://community.secop.gov.co/Public/Tendering/OpportunityDetail/Index?noticeUID=CO1.NTC.6328435&isFromPublicArea=True&isModal=true&asPopupView=true'},800214750,INSTITUCIÓN UNIVERSITARIA ITM,Nacional,Educación Nacional,Antioquia,Prestación de servicios,Contratación directa,False,2024-06-28,2024-07-02,2024-12-31,36172968.0,En ejecución,2024,individual_professional_ai,0.97,False,True,False,False,False,False,False,
CO1.PCCNTR.8921250,CO1.BDOS.9541027,{'url': 'https://community.secop.gov.co/Public/Tendering/OpportunityDetail/Index?noticeUID=CO1.NTC.9554169&isFromPublicArea=True&isModal=true&asPopupView=true'},901140004,JEP,Nacional,No aplica/No pertenece,Distrito Capital de Bogotá,Prestación de servicios,Contratación régimen especial,False,2026-01-21,2026-01-26,2026-12-27,124051264.0,En ejecución,2026,individual_professional_ai,0.78,False,True,False,False,False,False,False,
CO1.PCCNTR.8523659,CO1.BDOS.9016405,{'url': 'https://community.secop.gov.co/Public/Tendering/OpportunityDetail/Index?noticeUID=CO1.NTC.9040827&isFromPublicArea=True&isModal=true&asPopupView=true'},900140515,INSTITUTO DISTRITAL DE TURISMO,Territorial,Industria,Distrito Capital de Bogotá,Prestación de servicios,Contratación directa,False,2025-10-31,2025-11-04,2025-12-30,21470000.0,Cerrado,2025,individual_professional_ai,0.96,False,True,False,False,False,False,False,
CO1.PCCNTR.5748886,CO1.BDOS.5432638,{'url': 'https://community.secop.gov.co/Public/Tendering/OpportunityDetail/Index?noticeUID=CO1.NTC.5443901&isFromPublicArea=True&isModal=true&asPopupView=true'},899999004,IGAC Sede Central *,Nacional,Información Estadística,Distrito Capital de Bogotá,Prestación de servicios,Contratación directa,False,2024-01-17,2024-01-18,2024-12-29,114000000.0,Cerrado,2024,individual_professional_ai,0.96,False,True,False,False,False,False,False,
CO1.PCCNTR.6020821,CO1.BDOS.5741042,{'url': 'https://community.secop.gov.co/Public/Tendering/OpportunityDetail/Index?noticeUID=CO1.NTC.5749611&isFromPublicArea=True&isModal=true&asPopupView=true'},900006037,E.S.E HOSPITAL UNIVERSITARIO DE SANTANDER,Territorial,Salud y Protección Social,Santander,Decreto 092 de 2017,Contratación régimen especial,True,2024-02-28,2024-03-01,2024-05-31,20007000.0,terminado,2024,ai_product_or_platform,0.82,False,True,True,True,True,True,True,core_low_conf
CO1.PCCNTR.8334190,CO1.BDOS.8737494,{'url': 'https://community.secop.gov.co/Public/Tendering/OpportunityDetail/Index?noticeUID=CO1.NTC.8762048&isFromPublicArea=True&isModal=true&asPopupView=true'},899999034,SENA REGIONAL GUAVIARE,Nacional,Educación Nacional,Guaviare,Compraventa,Contratación Directa (con ofertas),True,2025-09-18,2025-09-22,2025-10-21,279996900.0,terminado,2025,incidental,0.95,False,True,False,False,False,False,False,
CO1.PCCNTR.5060954,CO1.BDOS.4540060,{'url': 'https://community.secop.gov.co/Public/Tendering/OpportunityDetail/Index?noticeUID=CO1.NTC.4548362&isFromPublicArea=True&isModal=true&asPopupView=true'},899999034,SENA REGIONAL ATLANTICO Intercentros,Nacional,Transporte,Atlántico,Prestación de servicios,Contratación directa,False,2023-06-09,2023-06-09,2023-12-31,27743333.0,En ejecución,2023,individual_professional_ai,0.91,False,True,False,False,False,False,False,
CO1.PCCNTR.8654965,CO1.BDOS.9188068,{'url': 'https://community.secop.gov.co/Public/Tendering/OpportunityDetail/Index?noticeUID=CO1.NTC.9215768&isFromPublicArea=True&isModal=true&asPopupView=true'},890399011,SANTIAGO DE CALI DISTRITO ESPECIAL -DEPARTAMENTO ADMINISTRATIVO DE DESARROLLO E INNOVACION INSTITUCIONAL,Territorial,No aplica/No pertenece,Valle del Cauca,Prestación de servicios,Contratación directa,True,2025-11-28,2025-12-05,2025-12-31,151312140.0,En ejecución,2025,incidental,0.94,False,True,False,False,False,False,False,
CO1.PCCNTR.8963281,CO1.BDOS.9581393,{'url': 'https://community.secop.gov.co/Public/Tendering/OpportunityDetail/Index?noticeUID=CO1.NTC.9595174&isFromPublicArea=True&isModal=true&asPopupView=true'},891480033,MUNICIPIO DE SANTA ROSA DE CABAL,Territorial,Servicio Público,Risaralda,Prestación de servicios,Contratación directa,False,2026-01-19,2026-01-26,2026-05-25,18000000.0,En ejecución,2026,individual_professional_ai,0.98,False,True,False,False,False,False,False,
CO1.PCCNTR.5961954,CO1.BDOS.5654165,{'url': 'https://community.secop.gov.co/Public/Tendering/OpportunityDetail/Index?noticeUID=CO1.NTC.5674082&isFromPublicArea=True&isModal=true&asPopupView=true'},891580016,GOBERNACIÓN DEL CAUCA,Territorial,Servicio Público,Cauca,Prestación de servicios,Contratación directa,False,2024-04-22,2024-04-23,2024-08-23,16800000.0,Cerrado,2024,incidental,0.91,False,True,False,False,False,False,False,
CO1.PCCNTR.5983270,CO1.BDOS.5693316,{'url': 'https://community.secop.gov.co/Public/Tendering/OpportunityDetail/Index?noticeUID=CO1.NTC.5703366&isFromPublicArea=True&isModal=true&asPopupView=true'},830000602,"INSTITUTO DE HIDROLOGIA, METEOROLOGÍA Y ESTUDIOS AMBIENTALES",Nacional,Ambiente y Desarrollo Sostenible,Distrito Capital de Bogotá,Prestación de servicios,Contratación directa,False,2024-02-21,2024-02-22,2024-12-21,92700000.0,Cerrado,2024,individual_professional_ai,0.98,False,True,False,False,False,False,False,
CO1.PCCNTR.9867345,CO1.BDOS.10749596,{'url': 'https://community.secop.gov.co/Public/Tendering/OpportunityDetail/Index?noticeUID=CO1.NTC.10787372&isFromPublicArea=True&isModal=true&asPopupView=true'},832000283,CORPORACIÓN AUTÓNOMA REGIONAL DE LA ORINOQUIA,Nacional,Ambiente y Desarrollo Sostenible,Casanare,Prestación de servicios,Contratación directa,False,2026-08-27,2026-09-01,2026-12-31,17996000.0,En ejecución,2026,individual_professional_ai,0.98,False,True,False,False,False,False,False,
CO1.PCCNTR.8548962,CO1.BDOS.9041322,{'url': 'https://community.secop.gov.co/Public/Tendering/OpportunityDetail/Index?noticeUID=CO1.NTC.9074062&isFromPublicArea=True&isModal=true&asPopupView=true'},890983674,MUNICIPIO EL RETIRO,Territorial,Servicio Público,Antioquia,Prestación de servicios,Contratación directa,True,2025-11-06,2025-11-14,2025-12-31,4230000.0,terminado,2025,incidental,0.94,False,True,False,False,False,False,False,
CO1.PCCNTR.8909753,CO1.BDOS.9529229,{'url': 'https://community.secop.gov.co/Public/Tendering/OpportunityDetail/Index?noticeUID=CO1.NTC.9543407&isFromPublicArea=True&isModal=true&asPopupView=true'},899999119,PROCURADURIA GENERAL DE LA NACION,Nacional,No aplica/No pertenece,Distrito Capital de Bogotá,Prestación de servicios,Contratación directa,True,2026-01-16,2026-01-28,2026-12-15,1200000000.0,En ejecución,2026,ai_development_service,0.87,False,True,True,True,True,True,True,
CO1.PCCNTR.8166488,CO1.BDOS.8533783,{'url': 'https://community.secop.gov.co/Public/Tendering/OpportunityDetail/Index?noticeUID=CO1.NTC.8556867&isFromPublicArea=True&isModal=true&asPopupView=true'},899999296,MINCIENCIAS,Nacional,Ciencia Tecnología,Distrito Capital de Bogotá,Prestación de servicios,Contratación directa,False,2025-08-05,2025-08-27,2025-12-31,60000000.0,En ejecución,2025,individual_professional_ai,0.96,False,True,False,False,False,False,False,
CO1.PCCNTR.5700619,CO1.BDOS.5348417,{'url': 'https://community.secop.gov.co/Public/Tendering/OpportunityDetail/Index?noticeUID=CO1.NTC.5361983&isFromPublicArea=True&isModal=true&asPopupView=true'},800093816,Rama Judicial  Dirección Ejecutiva de Administración Judicial,Nacional,Ley de Justicia,Distrito Capital de Bogotá,Prestación de servicios,Contratación directa,True,2023-12-28,2024-01-09,2024-05-31,1190000000.0,Modificado,2023,incidental,0.98,False,True,False,False,False,False,False,
CO1.PCCNTR.7148836,CO1.BDOS.7192872,{'url': 'https://community.secop.gov.co/Public/Tendering/OpportunityDetail/Index?noticeUID=CO1.NTC.7213295&isFromPublicArea=True&isModal=true&asPopupView=true'},8604017349,CORPORACIÓN UNIFICADA NACIONAL DE EDUCACIÓN SUPERIOR-CUN,Nacional,Educación Nacional,Distrito Capital de Bogotá,Decreto 092 de 2017,Contratación régimen especial,True,2024-12-19,2024-12-19,2025-08-31,311447618.0,En ejecución,2024,incidental,0.91,False,True,False,False,False,False,False,
CO1.PCCNTR.4869972,CO1.BDOS.4295047,{'url': 'https://community.secop.gov.co/Public/Tendering/OpportunityDetail/Index?noticeUID=CO1.NTC.4299434&isFromPublicArea=True&isModal=true&asPopupView=true'},899999294,SERVICIO GEOLOGICO COLOMBIANO**,Nacional,Minas y Energía,Distrito Capital de Bogotá,Prestación de servicios,Contratación directa,False,2023-04-17,2023-04-19,2023-08-18,23776000.0,En ejecución,2023,individual_professional_ai,0.98,False,True,False,False,False,False,False,
CO1.PCCNTR.5526127,CO1.BDOS.4992254,{'url': 'https://community.secop.gov.co/Public/Tendering/OpportunityDetail/Index?noticeUID=CO1.NTC.5077616&isFromPublicArea=True&isModal=true&asPopupView=true'},830063506,TRANSMILENIO S.A.,Territorial,Transporte,Distrito Capital de Bogotá,Prestación de servicios,Selección Abreviada de Menor Cuantía,True,2023-11-17,2023-11-29,2024-01-28,399500000.0,En ejecución,2023,ai_product_or_platform,0.96,False,True,True,True,True,True,True,
CO1.PCCNTR.8365352,CO1.BDOS.8802011,{'url': 'https://community.secop.gov.co/Public/Tendering/OpportunityDetail/Index?noticeUID=CO1.NTC.8826977&isFromPublicArea=True&isModal=true&asPopupView=true'},899999034,SENA REGIONAL DISTRITO CAPITAL Grupo Administrativo Intercentros CEET,Nacional,Trabajo,Distrito Capital de Bogotá,Prestación de servicios,Contratación directa,False,2025-09-25,2025-09-26,2025-12-31,17783333.0,En ejecución,2025,individual_professional_ai,0.97,False,True,False,False,False,False,False,
CO1.PCCNTR.7879071,CO1.BDOS.8109400,{'url': 'https://community.secop.gov.co/Public/Tendering/OpportunityDetail/Index?noticeUID=CO1.NTC.8139444&isFromPublicArea=True&isModal=true&asPopupView=true'},891480085,GOBERNACIÓN DE RISARALDA**,Territorial,No aplica/No pertenece,Risaralda,Prestación de servicios,Contratación directa,True,2025-05-29,2025-06-10,2025-12-31,4140156.0,En ejecución,2025,ai_product_or_platform,0.78,False,True,True,True,True,True,True,core_low_conf
CO1.PCCNTR.9975048,CO1.BDOS.10888384,{'url': 'https://community.secop.gov.co/Public/Tendering/OpportunityDetail/Index?noticeUID=CO1.NTC.10935612&isFromPublicArea=True&isModal=true&asPopupView=true'},800214750,INSTITUCIÓN UNIVERSITARIA ITM,Nacional,Educación Nacional,Antioquia,Prestación de servicios,Contratación directa,True,2026-09-23,2026-09-23,2026-12-31,715646960.0,En ejecución,2026,ai_development_service,0.72,False,True,True,True,True,True,True,core_low_conf
CO1.PCCNTR.7819723,CO1.BDOS.8031656,{'url': 'https://community.secop.gov.co/Public/Tendering/OpportunityDetail/Index?noticeUID=CO1.NTC.8048841&isFromPublicArea=True&isModal=true&asPopupView=true'},901140004,JEP,Nacional,No aplica/No pertenece,Distrito Capital de Bogotá,Prestación de servicios,Contratación régimen especial,False,2025-04-30,2025-05-05,2025-09-30,61069569.0,Modificado,2025,individual_professional_ai,0.99,False,True,False,False,False,False,False,
CO1.PCCNTR.9919018,CO1.BDOS.10809228,{'url': 'https://community.secop.gov.co/Public/Tendering/OpportunityDetail/Index?noticeUID=CO1.NTC.10858831&isFromPublicArea=True&isModal=true&asPopupView=true'},8999990619,SECRETARIA DE EDUCACION DEL DISTRITO,Territorial,Educación Nacional,Distrito Capital de Bogotá,Prestación de servicios,Contratación directa,False,2026-09-15,2026-09-21,2026-12-31,44000000.0,En ejecución,2026,individual_professional_ai,0.98,False,True,False,False,False,False,False,
CO1.PCCNTR.9886818,CO1.BDOS.10771219,{'url': 'https://community.secop.gov.co/Public/Tendering/OpportunityDetail/Index?noticeUID=CO1.NTC.10812731&isFromPublicArea=True&isModal=true&asPopupView=true'},899999737,FONDO ROTATORIO DE LA REGISTRADURIA,Nacional,No aplica/No pertenece,Distrito Capital de Bogotá,Prestación de servicios,Contratación directa,True,2026-09-02,2026-09-16,2026-12-15,120000000.0,En ejecución,2026,incidental,0.97,False,True,False,False,False,False,False,
CO1.PCCNTR.5440899,CO1.BDOS.5028130,{'url': 'https://community.secop.gov.co/Public/Tendering/OpportunityDetail/Index?noticeUID=CO1.NTC.5039907&isFromPublicArea=True&isModal=true&asPopupView=true'},899999296,MINCIENCIAS,Nacional,Ciencia Tecnología,Distrito Capital de Bogotá,Prestación de servicios,Contratación directa,False,2023-10-09,2023-10-11,2023-12-31,17333333.0,Cerrado,2023,individual_professional_ai,0.97,False,True,False,False,False,False,False,
CO1.PCCNTR.8913858,CO1.BDOS.9508533,{'url': 'https://community.secop.gov.co/Public/Tendering/OpportunityDetail/Index?noticeUID=CO1.NTC.9536040&isFromPublicArea=True&isModal=true&asPopupView=true'},899999022,MINISTERIO DE MINAS Y ENERGIA,Nacional,Minas y Energía,Distrito Capital de Bogotá,Prestación de servicios,Contratación directa,False,2026-01-19,2026-01-21,2026-12-31,138000000.0,En ejecución,2026,individual_professional_ai,0.95,False,True,False,False,False,False,False,
CO1.PCCNTR.4543093,CO1.BDOS.3893663,{'url': 'https://community.secop.gov.co/Public/Tendering/OpportunityDetail/Index?noticeUID=CO1.NTC.3897615&isFromPublicArea=True&isModal=true&asPopupView=true'},899999034,SENA DISTRITO CAPITAL GRUPO DE APOYO ADMINISTRATIVO - CGI,Nacional,Trabajo,Distrito Capital de Bogotá,Prestación de servicios,Contratación directa,False,2023-02-02,2023-02-02,2023-12-15,42178500.0,Cerrado,2023,individual_professional_ai,0.86,False,True,False,False,False,False,False,
CO1.PCCNTR.9824046,CO1.BDOS.10683675,{'url': 'https://community.secop.gov.co/Public/Tendering/OpportunityDetail/Index?noticeUID=CO1.NTC.10722932&isFromPublicArea=True&isModal=true&asPopupView=true'},891900853,UNIDAD CENTRAL DEL VALLE DEL CAUCA,Territorial,Educación Nacional,Valle del Cauca,Prestación de servicios,Contratación directa,False,2026-08-19,2026-08-19,2026-09-04,9378000.0,Suspendido,2026,incidental,0.99,False,True,False,False,False,False,False,
CO1.PCCNTR.8528771,CO1.BDOS.9022982,{'url': 'https://community.secop.gov.co/Public/Tendering/OpportunityDetail/Index?noticeUID=CO1.NTC.9047955&isFromPublicArea=True&isModal=true&asPopupView=true'},901806943,DIRECCIÓN DE INCORPORACIÓN-DINCO,Nacional,defensa,Distrito Capital de Bogotá,Prestación de servicios,Contratación directa,True,2025-11-13,2025-11-13,2025-12-30,35743300.0,terminado,2025,incidental,0.96,False,True,False,False,False,False,False,
CO1.PCCNTR.4444613,CO1.BDOS.3790844,{'url': 'https://community.secop.gov.co/Public/Tendering/OpportunityDetail/Index?noticeUID=CO1.NTC.3803809&isFromPublicArea=True&isModal=true&asPopupView=true'},900006037,E.S.E HOSPITAL UNIVERSITARIO DE SANTANDER,Territorial,Salud y Protección Social,Santander,Decreto 092 de 2017,Contratación régimen especial,True,2023-01-19,2023-01-25,2024-02-29,85836855.0,terminado,2023,ai_development_service,0.89,False,True,True,True,True,True,True,
CO1.PCCNTR.9616603,CO1.BDOS.10411687,{'url': 'https://community.secop.gov.co/Public/Tendering/OpportunityDetail/Index?noticeUID=CO1.NTC.10448413&isFromPublicArea=True&isModal=true&asPopupView=true'},800118712,PERSONERIA PASTO,Territorial,Servicio Público,Nariño,Prestación de servicios,Contratación directa,True,2026-07-03,2026-07-03,2026-10-30,13000000.0,En ejecución,2026,unclear,0.89,False,True,False,False,True,True,False,unclear_label
CO1.PCCNTR.7779062,CO1.BDOS.7978781,{'url': 'https://community.secop.gov.co/Public/Tendering/OpportunityDetail/Index?noticeUID=CO1.NTC.7995709&isFromPublicArea=True&isModal=true&asPopupView=true'},901132407,INSTITUTO DISTRITAL DE SANTA MARTA PARA LA RECREACIÓN Y EL DEPORTE,Territorial,deportes,Magdalena,Prestación de servicios,Contratación directa,False,2025-04-11,2025-04-11,2025-05-30,10000000.0,En ejecución,2025,individual_professional_ai,0.94,False,True,False,False,False,False,False,
CO1.PCCNTR.5445647,CO1.BDOS.5033445,{'url': 'https://community.secop.gov.co/Public/Tendering/OpportunityDetail/Index?noticeUID=CO1.NTC.5046016&isFromPublicArea=True&isModal=true&asPopupView=true'},899999296,MINCIENCIAS,Nacional,Ciencia Tecnología,Distrito Capital de Bogotá,Prestación de servicios,Contratación directa,False,2023-10-09,2023-10-11,2023-12-31,17333333.0,Cerrado,2023,individual_professional_ai,0.89,False,True,False,False,False,False,False,
CO1.PCCNTR.7371440,CO1.BDOS.7479423,{'url': 'https://community.secop.gov.co/Public/Tendering/OpportunityDetail/Index?noticeUID=CO1.NTC.7494978&isFromPublicArea=True&isModal=true&asPopupView=true'},830000602,"INSTITUTO DE HIDROLOGIA, METEOROLOGÍA Y ESTUDIOS AMBIENTALES",Nacional,Ambiente y Desarrollo Sostenible,Distrito Capital de Bogotá,Prestación de servicios,Contratación directa,False,2025-01-31,2025-02-01,2026-01-15,73774800.0,Cerrado,2025,individual_professional_ai,0.99,False,True,False,False,False,False,False,
CO1.PCCNTR.9898301,CO1.BDOS.10449116,{'url': 'https://community.secop.gov.co/Public/Tendering/OpportunityDetail/Index?noticeUID=CO1.NTC.10591098&isFromPublicArea=True&isModal=true&asPopupView=true'},900413030,IDARTES,Nacional,Cultura,Distrito Capital de Bogotá,Prestación de servicios,Selección abreviada subasta inversa,True,2026-09-04,2026-09-09,2027-10-03,154649249.0,En ejecución,2026,incidental,0.85,False,True,False,False,False,False,False,
CO1.PCCNTR.7327156,CO1.BDOS.7426228,{'url': 'https://community.secop.gov.co/Public/Tendering/OpportunityDetail/Index?noticeUID=CO1.NTC.7445451&isFromPublicArea=True&isModal=true&asPopupView=true'},899999011,DEPARTAMENTO NACIONAL DE PLANEACIÓN,Nacional,Planeación,Distrito Capital de Bogotá,Prestación de servicios,Contratación directa,False,2025-01-24,2025-01-27,2025-12-31,111666665.0,Modificado,2025,individual_professional_ai,0.96,False,True,False,False,False,False,False,
CO1.PCCNTR.6835794,CO1.BDOS.6600959,{'url': 'https://community.secop.gov.co/Public/Tendering/OpportunityDetail/Index?noticeUID=CO1.NTC.6807231&isFromPublicArea=True&isModal=true&asPopupView=true'},891580016,GOBERNACIÓN DEL CAUCA,Territorial,Servicio Público,Cauca,Prestación de servicios,Contratación directa,False,2024-10-08,2024-10-09,2024-12-26,10386666.0,Cerrado,2024,incidental,0.94,False,True,False,False,False,False,False,
CO1.PCCNTR.8975592,CO1.BDOS.9547880,{'url': 'https://community.secop.gov.co/Public/Tendering/OpportunityDetail/Index?noticeUID=CO1.NTC.9606557&isFromPublicArea=True&isModal=true&asPopupView=true'},860523694,ESCUELA TECNOLÓGICA INSTITUTO TÉCNICO CENTRAL,Nacional,Educación Nacional,Distrito Capital de Bogotá,Prestación de servicios,Contratación directa,False,2026-01-19,2026-01-21,2026-11-30,42569370.0,En ejecución,2026,individual_professional_ai,0.98,False,True,False,False,False,False,False,
CO1.PCCNTR.9946617,CO1.BDOS.10857257,{'url': 'https://community.secop.gov.co/Public/Tendering/OpportunityDetail/Index?noticeUID=CO1.NTC.10897026&isFromPublicArea=True&isModal=true&asPopupView=true'},890980807,ALCALDIA DE GIRARDOTA,Territorial,No aplica/No pertenece,Antioquia,Prestación de servicios,Contratación directa,True,2026-09-17,2026-09-17,2026-12-15,20000000.0,En ejecución,2026,incidental,0.98,False,True,False,False,False,False,False,
CO1.PCCNTR.6610632,CO1.BDOS.6493617,{'url': 'https://community.secop.gov.co/Public/Tendering/OpportunityDetail/Index?noticeUID=CO1.NTC.6504543&isFromPublicArea=True&isModal=true&asPopupView=true'},816000558,INSTITUTO DE MOVILIDAD DE PEREIRA,Territorial,Transporte,Risaralda,Prestación de servicios,Contratación directa,False,2024-08-06,2024-08-09,2024-12-28,15261246.0,En ejecución,2024,individual_professional_ai,0.93,False,True,False,False,False,False,False,
CO1.PCCNTR.8835059,CO1.BDOS.9449092,{'url': 'https://community.secop.gov.co/Public/Tendering/OpportunityDetail/Index?noticeUID=CO1.NTC.9465726&isFromPublicArea=True&isModal=true&asPopupView=true'},901508361,"AGENCIA DISTRITAL PARA LA EDUCACIÓN SUPERIOR, LA CIENCIA Y LA TECNOLOGÍA, ATENEA",Territorial,Educación Nacional,Distrito Capital de Bogotá,Prestación de servicios,Contratación directa,False,2026-01-11,2026-01-14,2026-11-28,116550000.0,cedido,2026,individual_professional_ai,0.97,False,True,False,False,False,False,False,
CO1.PCCNTR.9806147,CO1.BDOS.10661925,{'url': 'https://community.secop.gov.co/Public/Tendering/OpportunityDetail/Index?noticeUID=CO1.NTC.10703481&isFromPublicArea=True&isModal=true&asPopupView=true'},901440630,CENTRAL ADMINISTRATIVA Y CONTABLE ESPECIALIZADA CENAC EDUCACIÓN//,Nacional,defensa,Distrito Capital de Bogotá,Prestación de servicios,Contratación directa,False,2026-08-14,2026-08-18,2026-08-31,6230000.0,En ejecución,2026,incidental,0.99,False,True,False,False,False,False,False,
CO1.PCCNTR.4547351,CO1.BDOS.3895215,{'url': 'https://community.secop.gov.co/Public/Tendering/OpportunityDetail/Index?noticeUID=CO1.NTC.3897083&isFromPublicArea=True&isModal=true&asPopupView=true'},899999034,SENA DISTRITO CAPITAL GRUPO DE APOYO ADMINISTRATIVO - CGI,Nacional,Trabajo,Distrito Capital de Bogotá,Prestación de servicios,Contratación directa,False,2023-02-02,2023-02-02,2023-12-15,42178500.0,Cerrado,2023,individual_professional_ai,0.96,False,True,False,False,False,False,False,
CO1.PCCNTR.4575628,CO1.BDOS.3830392,{'url': 'https://community.secop.gov.co/Public/Tendering/OpportunityDetail/Index?noticeUID=CO1.NTC.3938194&isFromPublicArea=True&isModal=true&asPopupView=true'},901508361,"AGENCIA DISTRITAL PARA LA EDUCACIÓN SUPERIOR, LA CIENCIA Y LA TECNOLOGÍA, ATENEA",Territorial,Educación Nacional,Distrito Capital de Bogotá,Otro,Contratación Directa (con ofertas),True,2023-02-07,2023-05-23,2026-05-22,661389000.0,Modificado,2023,ai_development_service,0.87,False,True,True,True,True,True,True,
CO1.PCCNTR.9082667,CO1.BDOS.9702091,{'url': 'https://community.secop.gov.co/Public/Tendering/OpportunityDetail/Index?noticeUID=CO1.NTC.9717153&isFromPublicArea=True&isModal=true&asPopupView=true'},899999011,DEPARTAMENTO NACIONAL DE PLANEACIÓN,Nacional,Planeación,Distrito Capital de Bogotá,Prestación de servicios,Contratación directa,False,2026-01-23,2026-01-26,2026-12-31,138432000.0,Modificado,2026,individual_professional_ai,0.98,False,True,False,False,False,False,False,
CO1.PCCNTR.6921826,CO1.BDOS.6905695,{'url': 'https://community.secop.gov.co/Public/Tendering/OpportunityDetail/Index?noticeUID=CO1.NTC.6916174&isFromPublicArea=True&isModal=true&asPopupView=true'},8001316486,FONDO UNICO DE TECNOLOGÍAS DE LA INFORMACIÓN Y LAS COMUNICACIONES,Nacional,Tecnologías de la Información y las Comunicaciones,Distrito Capital de Bogotá,Otro,Contratación directa,True,2024-10-23,2024-10-30,2024-12-20,5400000000.0,En ejecución,2024,ai_development_service,0.96,False,True,True,True,True,True,True,
CO1.PCCNTR.6602162,CO1.BDOS.6482818,{'url': 'https://community.secop.gov.co/Public/Tendering/OpportunityDetail/Index?noticeUID=CO1.NTC.6492965&isFromPublicArea=True&isModal=true&asPopupView=true'},899999296,MINCIENCIAS,Nacional,Ciencia Tecnología,Distrito Capital de Bogotá,Prestación de servicios,Contratación directa,False,2024-08-02,2024-08-05,2024-12-31,58400000.0,Modificado,2024,individual_professional_ai,0.96,False,True,False,False,False,False,False,
CO1.PCCNTR.6880448,CO1.BDOS.6619739,{'url': 'https://community.secop.gov.co/Public/Tendering/OpportunityDetail/Index?noticeUID=CO1.NTC.6777230&isFromPublicArea=True&isModal=true&asPopupView=true'},8999990619,SECRETARIA DISTRITAL DE DESARROLLO ECONOMICO - ALCALDIA BOGOTÁ,Territorial,Industria,Distrito Capital de Bogotá,Prestación de servicios,Selección Abreviada de Menor Cuantía,True,2024-10-11,2024-10-15,2025-03-31,407300644.0,terminado,2024,ai_development_service,0.84,False,True,True,True,True,True,True,core_low_conf
CO1.PCCNTR.8391484,CO1.BDOS.8748788,{'url': 'https://community.secop.gov.co/Public/Tendering/OpportunityDetail/Index?noticeUID=CO1.NTC.8776714&isFromPublicArea=True&isModal=true&asPopupView=true'},899999034,SENA REGIONAL RISARALDA Grupo de Apoyo Administrativo Mixto//,Nacional,Educación Nacional,Risaralda,Prestación de servicios,Mínima cuantía,True,2025-10-03,2025-10-10,2025-12-18,43500000.0,Modificado,2025,ai_product_or_platform,0.78,False,True,True,True,True,True,True,core_low_conf
CO1.PCCNTR.5556914,CO1.BDOS.5066980,{'url': 'https://community.secop.gov.co/Public/Tendering/OpportunityDetail/Index?noticeUID=CO1.NTC.5123111&isFromPublicArea=True&isModal=true&asPopupView=true'},830000212,COMISIÓN DE REGULACIÓN DE AGUA POTABLE Y SANEAMIENTO BÁSICO.,Nacional,"Vivienda, Ciudad y Territorio",Distrito Capital de Bogotá,Prestación de servicios,Selección abreviada subasta inversa,True,2023-11-22,2023-11-22,2023-12-29,149900000.0,Modificado,2023,ai_product_or_platform,0.92,False,True,True,True,True,True,True,
CO1.PCCNTR.8914506,CO1.BDOS.9438878,{'url': 'https://community.secop.gov.co/Public/Tendering/OpportunityDetail/Index?noticeUID=CO1.NTC.9547637&isFromPublicArea=True&isModal=true&asPopupView=true'},830025267,FONDO NACIONAL AMBIENTAL - ANLA,Nacional,Ambiente y Desarrollo Sostenible,Distrito Capital de Bogotá,Prestación de servicios,Contratación directa,False,2026-01-16,2026-01-16,2026-12-31,86534418.0,En ejecución,2026,individual_professional_ai,0.78,False,True,False,False,False,False,False,
CO1.PCCNTR.7015963,CO1.BDOS.7022151,{'url': 'https://community.secop.gov.co/Public/Tendering/OpportunityDetail/Index?noticeUID=CO1.NTC.7035225&isFromPublicArea=True&isModal=true&asPopupView=true'},800214750,INSTITUCIÓN UNIVERSITARIA ITM,Nacional,Educación Nacional,Antioquia,Prestación de servicios,Contratación directa,False,2024-11-12,2024-11-12,2024-12-31,7400000.0,En ejecución,2024,individual_professional_ai,0.68,False,True,False,False,False,False,False,
CO1.PCCNTR.8960580,CO1.BDOS.9576599,{'url': 'https://community.secop.gov.co/Public/Tendering/OpportunityDetail/Index?noticeUID=CO1.NTC.9592819&isFromPublicArea=True&isModal=true&asPopupView=true'},899999034,SENA REGIONAL RISARALDA Grupo de Apoyo Administrativo Mixto//,Nacional,Educación Nacional,Risaralda,Prestación de servicios,Contratación directa,False,2026-01-19,2026-01-23,2026-12-21,66699996.0,En ejecución,2026,individual_professional_ai,0.89,False,True,False,False,False,False,False,
CO1.PCCNTR.8338346,CO1.BDOS.8767961,{'url': 'https://community.secop.gov.co/Public/Tendering/OpportunityDetail/Index?noticeUID=CO1.NTC.8796518&isFromPublicArea=True&isModal=true&asPopupView=true'},892115314,CORPORACION AUTONOMA REGIONAL DE LA GUAJIRA,Corporación Autónoma,Ambiente y Desarrollo Sostenible,La Guajira,Prestación de servicios,Contratación directa,False,2025-09-18,2025-09-23,2025-12-31,8655000.0,Modificado,2025,individual_professional_ai,0.91,False,True,False,False,False,False,False,
CO1.PCCNTR.5209818,CO1.BDOS.4713724,{'url': 'https://community.secop.gov.co/Public/Tendering/OpportunityDetail/Index?noticeUID=CO1.NTC.4721665&isFromPublicArea=True&isModal=true&asPopupView=true'},899999294,SERVICIO GEOLOGICO COLOMBIANO**,Nacional,Minas y Energía,Distrito Capital de Bogotá,Prestación de servicios,Contratación directa,False,2023-07-11,2023-07-12,2023-12-31,42785167.0,Modificado,2023,individual_professional_ai,0.98,False,True,False,False,False,False,False,
CO1.PCCNTR.9055783,CO1.BDOS.9677919,{'url': 'https://community.secop.gov.co/Public/Tendering/OpportunityDetail/Index?noticeUID=CO1.NTC.9690714&isFromPublicArea=True&isModal=true&asPopupView=true'},901140004,JEP,Nacional,No aplica/No pertenece,Distrito Capital de Bogotá,Prestación de servicios,Contratación régimen especial,False,2026-01-27,2026-02-02,2026-12-31,122975700.0,En ejecución,2026,individual_professional_ai,0.84,False,True,False,False,False,False,False,
CO1.PCCNTR.5632926,CO1.BDOS.5268710,{'url': 'https://community.secop.gov.co/Public/Tendering/OpportunityDetail/Index?noticeUID=CO1.NTC.5283638&isFromPublicArea=True&isModal=true&asPopupView=true'},8600223823,Corporación Universidad Piloto de Colombia,Corporación Autónoma,Educación Nacional,Distrito Capital de Bogotá,Prestación de servicios,Contratación régimen especial,False,2023-12-06,2023-12-06,2024-02-29,4200000.0,Modificado,2023,individual_professional_ai,0.98,False,True,False,False,False,False,False,
CO1.PCCNTR.8695707,CO1.BDOS.9250230,{'url': 'https://community.secop.gov.co/Public/Tendering/OpportunityDetail/Index?noticeUID=CO1.NTC.9278016&isFromPublicArea=True&isModal=true&asPopupView=true'},890981493,PERSONERÍA MUNICIPAL DE ANGELÓPOLIS - ANTIOQUIA,Territorial,Ley de Justicia,Antioquia,Prestación de servicios,Contratación directa,False,2025-12-13,2025-12-13,2025-12-25,7000000.0,Cerrado,2025,incidental,0.97,False,True,False,False,False,False,False,
CO1.PCCNTR.8940570,CO1.BDOS.9533643,{'url': 'https://community.secop.gov.co/Public/Tendering/OpportunityDetail/Index?noticeUID=CO1.NTC.9549806&isFromPublicArea=True&isModal=true&asPopupView=true'},800250984,SUPERINTENDENCIA DE SERVICIOS PÚBLICOS DOMICILIARIOS,Nacional,Planeación,Distrito Capital de Bogotá,Prestación de servicios,Contratación directa,False,2026-01-17,2026-01-20,2026-10-19,108000000.0,Modificado,2026,individual_professional_ai,0.98,False,True,False,False,False,False,False,
CO1.PCCNTR.6589967,CO1.BDOS.6463951,{'url': 'https://community.secop.gov.co/Public/Tendering/OpportunityDetail/Index?noticeUID=CO1.NTC.6473898&isFromPublicArea=True&isModal=true&asPopupView=true'},900602106,AGENCIA DE EDUCACIÓN POSTSECUNDARIA DE MEDELLÍN -SAPIENCIA-,Territorial,Educación Nacional,Antioquia,Otro,Contratación Directa (con ofertas),True,2024-08-01,2024-08-01,2025-03-31,686200000.0,Modificado,2024,incidental,0.84,False,True,False,False,False,False,False,incidental_low_conf_AI_text
CO1.PCCNTR.5076496,CO1.BDOS.4559778,{'url': 'https://community.secop.gov.co/Public/Tendering/OpportunityDetail/Index?noticeUID=CO1.NTC.4565797&isFromPublicArea=True&isModal=true&asPopupView=true'},899999011,DEPARTAMENTO NACIONAL DE PLANEACIÓN,Nacional,Planeación,Distrito Capital de Bogotá,Prestación de servicios,Contratación directa,False,2023-06-14,2023-06-16,2023-12-31,52266672.0,En ejecución,2023,individual_professional_ai,0.97,False,True,False,False,False,False,False,
CO1.PCCNTR.8902346,CO1.BDOS.9521900,{'url': 'https://community.secop.gov.co/Public/Tendering/OpportunityDetail/Index?noticeUID=CO1.NTC.9535352&isFromPublicArea=True&isModal=true&asPopupView=true'},830025267,FONDO NACIONAL AMBIENTAL - ANLA,Nacional,Ambiente y Desarrollo Sostenible,Distrito Capital de Bogotá,Prestación de servicios,Contratación directa,False,2026-01-15,2026-01-16,2026-12-31,48915300.0,En ejecución,2026,individual_professional_ai,0.78,False,True,False,False,False,False,False,
CO1.PCCNTR.4549551,CO1.BDOS.3894690,{'url': 'https://community.secop.gov.co/Public/Tendering/OpportunityDetail/Index?noticeUID=CO1.NTC.3897280&isFromPublicArea=True&isModal=true&asPopupView=true'},899999034,SENA DISTRITO CAPITAL GRUPO DE APOYO ADMINISTRATIVO - CGI,Nacional,Trabajo,Distrito Capital de Bogotá,Prestación de servicios,Contratación directa,False,2023-02-03,2023-02-03,2023-12-15,42178500.0,Cerrado,2023,individual_professional_ai,0.95,False,True,False,False,False,False,False,
CO1.PCCNTR.5580079,CO1.BDOS.5203042,{'url': 'https://community.secop.gov.co/Public/Tendering/OpportunityDetail/Index?noticeUID=CO1.NTC.5217440&isFromPublicArea=True&isModal=true&asPopupView=true'},8001316486,FONDO UNICO DE TECNOLOGÍAS DE LA INFORMACIÓN Y LAS COMUNICACIONES,Nacional,Tecnologías de la Información y las Comunicaciones,Distrito Capital de Bogotá,Prestación de servicios,Contratación directa,True,2023-11-22,2023-11-27,2023-12-31,190400000.0,En ejecución,2023,unclear,0.88,False,True,False,False,True,True,False,unclear_label
CO1.PCCNTR.9230916,CO1.BDOS.9836419,{'url': 'https://community.secop.gov.co/Public/Tendering/OpportunityDetail/Index?noticeUID=CO1.NTC.9863037&isFromPublicArea=True&isModal=true&asPopupView=true'},901508361,"AGENCIA DISTRITAL PARA LA EDUCACIÓN SUPERIOR, LA CIENCIA Y LA TECNOLOGÍA, ATENEA",Territorial,Educación Nacional,Distrito Capital de Bogotá,Prestación de servicios,Contratación directa,False,2026-01-29,2026-02-09,2026-11-08,81000000.0,En ejecución,2026,individual_professional_ai,0.96,False,True,False,False,False,False,False,
CO1.PCCNTR.8267193,CO1.BDOS.8677206,{'url': 'https://community.secop.gov.co/Public/Tendering/OpportunityDetail/Index?noticeUID=CO1.NTC.8700322&isFromPublicArea=True&isModal=true&asPopupView=true'},890001339,ALCALDIA DE FILANDIA,Territorial,Servicio Público,Quindío,Prestación de servicios,Contratación directa,False,2025-09-01,2025-09-02,2025-12-31,51554220.0,En ejecución,2025,ai_product_or_platform,0.91,False,True,False,False,False,False,True,core_natural_person_supplier
CO1.PCCNTR.9756196,CO1.BDOS.10585002,{'url': 'https://community.secop.gov.co/Public/Tendering/OpportunityDetail/Index?noticeUID=CO1.NTC.10623659&isFromPublicArea=True&isModal=true&asPopupView=true'},900602106,AGENCIA DE EDUCACIÓN POSTSECUNDARIA DE MEDELLÍN -SAPIENCIA-,Territorial,Educación Nacional,Antioquia,Otro,Contratación Directa (con ofertas),True,2026-08-06,2026-08-11,2026-12-16,256300463.0,En ejecución,2026,ai_development_service,0.88,False,True,True,True,True,True,True,
CO1.PCCNTR.7712763,CO1.BDOS.7893685,{'url': 'https://community.secop.gov.co/Public/Tendering/OpportunityDetail/Index?noticeUID=CO1.NTC.7911730&isFromPublicArea=True&isModal=true&asPopupView=true'},899999294,SERVICIO GEOLOGICO COLOMBIANO**,Nacional,Minas y Energía,Distrito Capital de Bogotá,Prestación de servicios,Contratación directa,False,2025-03-28,2025-03-28,2025-12-31,89751924.0,Modificado,2025,individual_professional_ai,0.96,False,True,False,False,False,False,False,
CO1.PCCNTR.8124279,CO1.BDOS.8455673,{'url': 'https://community.secop.gov.co/Public/Tendering/OpportunityDetail/Index?noticeUID=CO1.NTC.8495280&isFromPublicArea=True&isModal=true&asPopupView=true'},899999119,PROCURADURIA GENERAL DE LA NACION,Nacional,No aplica/No pertenece,Distrito Capital de Bogotá,Prestación de servicios,Contratación directa,False,2025-07-25,2025-08-04,2025-12-30,39466666.0,Cerrado,2025,individual_professional_ai,0.98,False,True,False,False,False,False,False,
CO1.PCCNTR.8717292,CO1.BDOS.9017475,{'url': 'https://community.secop.gov.co/Public/Tendering/OpportunityDetail/Index?noticeUID=CO1.NTC.9190925&isFromPublicArea=True&isModal=true&asPopupView=true'},830063506,TRANSMILENIO S.A.,Territorial,Transporte,Distrito Capital de Bogotá,Prestación de servicios,Selección Abreviada de Menor Cuantía,True,2025-12-24,2026-01-20,2026-03-19,443489200.0,En ejecución,2025,ai_product_or_platform,0.94,False,True,True,True,True,True,True,
CO1.PCCNTR.8693345,CO1.BDOS.9247024,{'url': 'https://community.secop.gov.co/Public/Tendering/OpportunityDetail/Index?noticeUID=CO1.NTC.9274336&isFromPublicArea=True&isModal=true&asPopupView=true'},800255498,PERSONERIA DISTRITAL DE SANTA MARTA,Territorial,Servicio Público,Magdalena,Prestación de servicios,Contratación directa,True,2025-12-11,2025-12-11,2025-12-31,240000000.0,En ejecución,2025,ai_development_service,0.88,False,True,True,True,True,True,True,
CO1.PCCNTR.8925307,CO1.BDOS.9545702,{'url': 'https://community.secop.gov.co/Public/Tendering/OpportunityDetail/Index?noticeUID=CO1.NTC.9558497&isFromPublicArea=True&isModal=true&asPopupView=true'},830025267,FONDO NACIONAL AMBIENTAL - ANLA,Nacional,Ambiente y Desarrollo Sostenible,Distrito Capital de Bogotá,Prestación de servicios,Contratación directa,False,2026-01-16,2026-01-16,2026-12-31,84573300.0,En ejecución,2026,individual_professional_ai,0.68,False,True,False,False,False,False,False,
CO1.PCCNTR.8528698,CO1.BDOS.8991561,{'url': 'https://community.secop.gov.co/Public/Tendering/OpportunityDetail/Index?noticeUID=CO1.NTC.9017193&isFromPublicArea=True&isModal=true&asPopupView=true'},890900286,DEPARTAMENTO DE ANTIOQUIA//,Territorial,Servicio Público,Antioquia,Otro,Contratación directa,True,2025-10-31,2025-11-07,2026-12-15,3853623189.0,En ejecución,2025,incidental,0.95,False,True,False,False,False,False,False,
CO1.PCCNTR.8943018,CO1.BDOS.9562190,{'url': 'https://community.secop.gov.co/Public/Tendering/OpportunityDetail/Index?noticeUID=CO1.NTC.9576091&isFromPublicArea=True&isModal=true&asPopupView=true'},899999011,DEPARTAMENTO NACIONAL DE PLANEACIÓN,Nacional,Planeación,Distrito Capital de Bogotá,Prestación de servicios,Contratación directa,False,2026-01-17,2026-01-19,2026-12-31,148633329.0,cedido,2026,individual_professional_ai,0.98,False,True,False,False,False,False,False,
CO1.PCCNTR.7608890,CO1.BDOS.7717529,{'url': 'https://community.secop.gov.co/Public/Tendering/OpportunityDetail/Index?noticeUID=CO1.NTC.7736743&isFromPublicArea=True&isModal=true&asPopupView=true'},899999034,SENA REGIONAL CALDAS GRUPO ADMINISTRATIVO CPA,Nacional,Trabajo,Caldas,Compraventa,Contratación Directa (con ofertas),True,2025-03-05,2025-03-07,2025-05-05,129176000.0,En ejecución,2025,incidental,0.91,False,True,False,False,False,False,False,
CO1.PCCNTR.9170335,CO1.BDOS.9783286,{'url': 'https://community.secop.gov.co/Public/Tendering/OpportunityDetail/Index?noticeUID=CO1.NTC.9802332&isFromPublicArea=True&isModal=true&asPopupView=true'},830011682,ESAP TERRITORIAL CUNDINAMARCA,Nacional,Servicio Público,Cundinamarca,Prestación de servicios,Contratación directa,False,2026-01-27,2026-03-02,2026-12-30,9600000.0,Modificado,2026,individual_professional_ai,0.98,False,True,False,False,False,False,False,
CO1.PCCNTR.9895928,CO1.BDOS.10787767,{'url': 'https://community.secop.gov.co/Public/Tendering/OpportunityDetail/Index?noticeUID=CO1.NTC.10825699&isFromPublicArea=True&isModal=true&asPopupView=true'},800252843,CORPOBOYACA,Nacional,Ambiente y Desarrollo Sostenible,Boyacá,Prestación de servicios,Contratación directa,False,2026-09-03,,2026-12-17,45000000.0,Aprobado,2026,incidental,0.94,False,True,False,False,False,False,False,
CO1.PCCNTR.9868703,CO1.BDOS.10750168,{'url': 'https://community.secop.gov.co/Public/Tendering/OpportunityDetail/Index?noticeUID=CO1.NTC.10788791&isFromPublicArea=True&isModal=true&asPopupView=true'},890680008,ALCALDIA MUNICIPAL FUSAGASUGA,Territorial,No aplica/No pertenece,Cundinamarca,Otro,Contratación directa,True,2026-08-28,2026-09-01,2026-12-30,149945359.76,En ejecución,2026,ai_development_service,0.94,False,True,True,True,True,True,True,
CO1.PCCNTR.9144786,CO1.BDOS.9758668,{'url': 'https://community.secop.gov.co/Public/Tendering/OpportunityDetail/Index?noticeUID=CO1.NTC.9777365&isFromPublicArea=True&isModal=true&asPopupView=true'},899999466,MUNICIPIO DE COGUA,Territorial,Servicio Público,Cundinamarca,Prestación de servicios,Contratación directa,False,2026-01-26,2026-01-26,2026-11-25,45900000.0,En ejecución,2026,individual_professional_ai,0.94,True,True,False,False,False,False,False,
CO1.PCCNTR.7263731,CO1.BDOS.7350668,{'url': 'https://community.secop.gov.co/Public/Tendering/OpportunityDetail/Index?noticeUID=CO1.NTC.7369691&isFromPublicArea=True&isModal=true&asPopupView=true'},8001316486,FONDO UNICO DE TECNOLOGÍAS DE LA INFORMACIÓN Y LAS COMUNICACIONES,Nacional,Tecnologías de la Información y las Comunicaciones,Distrito Capital de Bogotá,Prestación de servicios,Contratación directa,False,2025-01-17,2025-01-21,2025-12-31,240000000.0,En ejecución,2025,individual_professional_ai,0.72,False,True,False,False,False,False,False,
CO1.PCCNTR.7932214,CO1.BDOS.8193132,{'url': 'https://community.secop.gov.co/Public/Tendering/OpportunityDetail/Index?noticeUID=CO1.NTC.8215354&isFromPublicArea=True&isModal=true&asPopupView=true'},899999034,SENA DISTRITO CAPITAL GRUPO DE APOYO ADMINISTRATIVO - CGI,Nacional,Trabajo,Distrito Capital de Bogotá,Prestación de servicios,Contratación directa,False,2025-05-30,2025-06-03,2025-12-26,36468400.0,Cerrado,2025,individual_professional_ai,0.97,False,True,False,False,False,False,False,
CO1.PCCNTR.6343131,CO1.BDOS.6136242,{'url': 'https://community.secop.gov.co/Public/Tendering/OpportunityDetail/Index?noticeUID=CO1.NTC.6145120&isFromPublicArea=True&isModal=true&asPopupView=true'},899999296,MINCIENCIAS,Nacional,Ciencia Tecnología,Distrito Capital de Bogotá,Prestación de servicios,Contratación directa,False,2024-05-20,2024-05-22,2024-11-21,72000000.0,En ejecución,2024,individual_professional_ai,0.94,False,True,False,False,False,False,False,
CO1.PCCNTR.9808212,CO1.BDOS.10668178,{'url': 'https://community.secop.gov.co/Public/Tendering/OpportunityDetail/Index?noticeUID=CO1.NTC.10706023&isFromPublicArea=True&isModal=true&asPopupView=true'},830000212,COMISIÓN DE REGULACIÓN DE AGUA POTABLE Y SANEAMIENTO BÁSICO.,Nacional,"Vivienda, Ciudad y Territorio",Distrito Capital de Bogotá,Prestación de servicios,Contratación directa,False,2026-08-13,2026-08-19,2026-12-19,28000000.0,En ejecución,2026,individual_professional_ai,0.97,False,True,False,False,False,False,False,
CO1.PCCNTR.7516591,CO1.BDOS.7631050,{'url': 'https://community.secop.gov.co/Public/Tendering/OpportunityDetail/Index?noticeUID=CO1.NTC.7651929&isFromPublicArea=True&isModal=true&asPopupView=true'},830063506,TRANSMILENIO S.A.,Territorial,Transporte,Distrito Capital de Bogotá,Prestación de servicios,Contratación directa,False,2025-02-18,2025-03-03,2025-09-02,54504000.0,Cerrado,2025,individual_professional_ai,0.84,False,True,False,False,False,False,False,
CO1.PCCNTR.7686770,CO1.BDOS.7863735,{'url': 'https://community.secop.gov.co/Public/Tendering/OpportunityDetail/Index?noticeUID=CO1.NTC.7879781&isFromPublicArea=True&isModal=true&asPopupView=true'},899999296,MINCIENCIAS,Nacional,Ciencia Tecnología,Distrito Capital de Bogotá,Prestación de servicios,Contratación directa,False,2025-03-21,2025-03-25,2025-07-24,16480000.0,En ejecución,2025,individual_professional_ai,0.96,False,True,False,False,False,False,False,
CO1.PCCNTR.7661936,CO1.BDOS.7817552,{'url': 'https://community.secop.gov.co/Public/Tendering/OpportunityDetail/Index?noticeUID=CO1.NTC.7843420&isFromPublicArea=True&isModal=true&asPopupView=true'},899999102,FUERZA AEROESPACIAL COLOMBIANA,Nacional,defensa,Distrito Capital de Bogotá,Prestación de servicios,Contratación directa,True,2025-03-21,2025-03-27,2025-06-30,50000000.0,Cerrado,2025,incidental,0.99,False,True,False,False,False,False,False,
CO1.PCCNTR.9278321,CO1.BDOS.9884163,{'url': 'https://community.secop.gov.co/Public/Tendering/OpportunityDetail/Index?noticeUID=CO1.NTC.9910100&isFromPublicArea=True&isModal=true&asPopupView=true'},901508361,"AGENCIA DISTRITAL PARA LA EDUCACIÓN SUPERIOR, LA CIENCIA Y LA TECNOLOGÍA, ATENEA",Territorial,Educación Nacional,Distrito Capital de Bogotá,Prestación de servicios,Contratación directa,True,2026-01-30,2026-07-27,2030-07-26,15672004287.0,En ejecución,2026,unclear,0.86,False,True,False,False,True,True,False,unclear_label
CO1.PCCNTR.8934986,CO1.BDOS.9554794,{'url': 'https://community.secop.gov.co/Public/Tendering/OpportunityDetail/Index?noticeUID=CO1.NTC.9568855&isFromPublicArea=True&isModal=true&asPopupView=true'},901034433,ESTABLECIMIENTO PUBLICO AMBIENTAL BARRANQUILLA VERDE,Territorial,Ambiente y Desarrollo Sostenible,Atlántico,Prestación de servicios,Contratación directa,True,2026-01-16,2026-01-16,2026-12-31,142800000.0,En ejecución,2026,ai_development_service,0.72,False,True,True,True,True,True,True,core_low_conf
CO1.PCCNTR.8241159,CO1.BDOS.8639703,{'url': 'https://community.secop.gov.co/Public/Tendering/OpportunityDetail/Index?noticeUID=CO1.NTC.8664330&isFromPublicArea=True&isModal=true&asPopupView=true'},800214750,INSTITUCIÓN UNIVERSITARIA ITM,Nacional,Educación Nacional,Antioquia,Prestación de servicios,Contratación directa,False,2025-08-26,2025-08-26,2025-08-30,3000000.0,En ejecución,2025,individual_professional_ai,0.94,False,True,False,False,False,False,False,
CO1.PCCNTR.6847567,CO1.BDOS.6759818,{'url': 'https://community.secop.gov.co/Public/Tendering/OpportunityDetail/Index?noticeUID=CO1.NTC.6770730&isFromPublicArea=True&isModal=true&asPopupView=true'},899999445,MUNICIPIO DE VILLAPINZON,Territorial,No aplica/No pertenece,Cundinamarca,Prestación de servicios,Mínima cuantía,True,2024-10-03,2024-10-10,2024-12-31,35000000.0,terminado,2024,ai_development_service,0.79,False,True,True,True,True,True,True,core_low_conf
CO1.PCCNTR.5402078,CO1.BDOS.4975793,{'url': 'https://community.secop.gov.co/Public/Tendering/OpportunityDetail/Index?noticeUID=CO1.NTC.4986431&isFromPublicArea=True&isModal=true&asPopupView=true'},830002593,COMISIÓN DE REGULACIÓN DE COMUNICACIONES,Nacional,Tecnologías de la Información y las Comunicaciones,Distrito Capital de Bogotá,Prestación de servicios,Contratación directa,True,2023-09-22,2023-09-28,2023-12-15,54000000.0,terminado,2023,ai_development_service,0.82,False,True,True,True,True,True,True,core_low_conf
CO1.PCCNTR.8554684,CO1.BDOS.9056491,{'url': 'https://community.secop.gov.co/Public/Tendering/OpportunityDetail/Index?noticeUID=CO1.NTC.9081295&isFromPublicArea=True&isModal=true&asPopupView=true'},8001316486,FONDO UNICO DE TECNOLOGÍAS DE LA INFORMACIÓN Y LAS COMUNICACIONES,Nacional,Tecnologías de la Información y las Comunicaciones,Distrito Capital de Bogotá,Otro,Contratación directa,True,2025-11-07,2025-11-25,2027-12-10,120000000000.0,En ejecución,2025,incidental,0.89,False,True,False,False,False,False,False,
CO1.PCCNTR.7414525,CO1.BDOS.7506175,{'url': 'https://community.secop.gov.co/Public/Tendering/OpportunityDetail/Index?noticeUID=CO1.NTC.7542738&isFromPublicArea=True&isModal=true&asPopupView=true'},860523694,ESCUELA TECNOLÓGICA INSTITUTO TÉCNICO CENTRAL,Nacional,Educación Nacional,Distrito Capital de Bogotá,Prestación de servicios,Contratación directa,False,2025-02-06,2025-02-06,2025-06-30,11912435.0,En ejecución,2025,individual_professional_ai,0.94,False,True,False,False,False,False,False,
CO1.PCCNTR.7550370,CO1.BDOS.7689114,{'url': 'https://community.secop.gov.co/Public/Tendering/OpportunityDetail/Index?noticeUID=CO1.NTC.7703469&isFromPublicArea=True&isModal=true&asPopupView=true'},800214750,INSTITUCIÓN UNIVERSITARIA ITM,Nacional,Educación Nacional,Antioquia,Prestación de servicios,Contratación directa,False,2025-02-24,2025-02-24,2025-12-31,38356666.0,En ejecución,2025,individual_professional_ai,0.85,False,True,False,False,False,False,False,
CO1.PCCNTR.5215218,CO1.BDOS.4722425,{'url': 'https://community.secop.gov.co/Public/Tendering/OpportunityDetail/Index?noticeUID=CO1.NTC.4730111&isFromPublicArea=True&isModal=true&asPopupView=true'},899999294,SERVICIO GEOLOGICO COLOMBIANO**,Nacional,Minas y Energía,Distrito Capital de Bogotá,Prestación de servicios,Contratación directa,False,2023-07-13,2023-07-14,2023-12-31,57904467.0,Modificado,2023,individual_professional_ai,0.98,False,True,False,False,False,False,False,
CO1.PCCNTR.9208637,CO1.BDOS.9821209,{'url': 'https://community.secop.gov.co/Public/Tendering/OpportunityDetail/Index?noticeUID=CO1.NTC.9840239&isFromPublicArea=True&isModal=true&asPopupView=true'},8001316486,FONDO UNICO DE TECNOLOGÍAS DE LA INFORMACIÓN Y LAS COMUNICACIONES,Nacional,Tecnologías de la Información y las Comunicaciones,Distrito Capital de Bogotá,Prestación de servicios,Contratación directa,False,2026-01-29,2026-01-30,2026-10-29,99319500.0,En ejecución,2026,individual_professional_ai,0.96,False,True,False,False,False,False,False,
CO1.PCCNTR.9866407,CO1.BDOS.10747957,{'url': 'https://community.secop.gov.co/Public/Tendering/OpportunityDetail/Index?noticeUID=CO1.NTC.10785951&isFromPublicArea=True&isModal=true&asPopupView=true'},8999990619,SECRETARIA DE EDUCACION DEL DISTRITO,Territorial,Educación Nacional,Distrito Capital de Bogotá,Prestación de servicios,Contratación directa,False,2026-08-27,2026-09-01,2026-12-31,63060000.0,En ejecución,2026,individual_professional_ai,0.96,False,True,False,False,False,False,False,
CO1.PCCNTR.8467915,CO1.BDOS.8941518,{'url': 'https://community.secop.gov.co/Public/Tendering/OpportunityDetail/Index?noticeUID=CO1.NTC.8966653&isFromPublicArea=True&isModal=true&asPopupView=true'},890980950,MUNICIPIO DE MUTATA,Territorial,Servicio Público,Antioquia,Otro,Contratación directa,True,2025-10-22,2025-10-22,2025-12-31,204000000.0,Modificado,2025,incidental,0.97,False,True,False,False,False,False,False,
CO1.PCCNTR.6021088,CO1.BDOS.5740361,{'url': 'https://community.secop.gov.co/Public/Tendering/OpportunityDetail/Index?noticeUID=CO1.NTC.5750150&isFromPublicArea=True&isModal=true&asPopupView=true'},899999294,SERVICIO GEOLOGICO COLOMBIANO**,Nacional,Minas y Energía,Distrito Capital de Bogotá,Prestación de servicios,Contratación directa,False,2024-02-29,2024-03-01,2024-08-30,72123306.0,terminado,2024,individual_professional_ai,0.96,False,True,False,False,False,False,False,
CO1.PCCNTR.9246301,CO1.BDOS.9833040,{'url': 'https://community.secop.gov.co/Public/Tendering/OpportunityDetail/Index?noticeUID=CO1.NTC.9878607&isFromPublicArea=True&isModal=true&asPopupView=true'},800250984,SUPERINTENDENCIA DE SERVICIOS PÚBLICOS DOMICILIARIOS,Nacional,Planeación,Distrito Capital de Bogotá,Prestación de servicios,Contratación directa,False,2026-01-29,2026-02-02,2026-09-01,101500000.0,En ejecución,2026,individual_professional_ai,0.98,False,True,False,False,False,False,False,
CO1.PCCNTR.7530468,CO1.BDOS.7659514,{'url': 'https://community.secop.gov.co/Public/Tendering/OpportunityDetail/Index?noticeUID=CO1.NTC.7679811&isFromPublicArea=True&isModal=true&asPopupView=true'},899999294,SERVICIO GEOLOGICO COLOMBIANO**,Nacional,Minas y Energía,Distrito Capital de Bogotá,Prestación de servicios,Contratación directa,False,2025-02-20,2025-02-20,2025-11-21,94229181.0,Cerrado,2025,individual_professional_ai,0.96,False,True,False,False,False,False,False,
CO1.PCCNTR.7758695,CO1.BDOS.7952462,{'url': 'https://community.secop.gov.co/Public/Tendering/OpportunityDetail/Index?noticeUID=CO1.NTC.7969449&isFromPublicArea=True&isModal=true&asPopupView=true'},901066091,REDDI COLOMBIA,Corporación Autónoma,Ciencia Tecnología,Valle del Cauca,Suministros,Contratación régimen especial,True,2025-04-29,2025-04-29,2025-05-07,14252922.0,Cerrado,2025,incidental,0.98,False,True,False,False,False,False,False,
CO1.PCCNTR.8983101,CO1.BDOS.9587052,{'url': 'https://community.secop.gov.co/Public/Tendering/OpportunityDetail/Index?noticeUID=CO1.NTC.9614008&isFromPublicArea=True&isModal=true&asPopupView=true'},899999296,MINCIENCIAS,Nacional,Ciencia Tecnología,Distrito Capital de Bogotá,Prestación de servicios,Contratación directa,False,2026-01-19,2026-01-23,2026-07-22,51000000.0,En ejecución,2026,individual_professional_ai,0.98,False,True,False,False,False,False,False,
CO1.PCCNTR.8435025,CO1.BDOS.8764070,{'url': 'https://community.secop.gov.co/Public/Tendering/OpportunityDetail/Index?noticeUID=CO1.NTC.8810877&isFromPublicArea=True&isModal=true&asPopupView=true'},900479658,UPRA,Nacional,agricultura,Distrito Capital de Bogotá,Prestación de servicios,Mínima cuantía,True,2025-10-16,2025-10-20,2025-12-31,16046000.0,En ejecución,2025,ai_product_or_platform,0.92,True,True,True,True,True,True,True,
CO1.PCCNTR.7847343,CO1.BDOS.8069052,{'url': 'https://community.secop.gov.co/Public/Tendering/OpportunityDetail/Index?noticeUID=CO1.NTC.8087636&isFromPublicArea=True&isModal=true&asPopupView=true'},899999294,SERVICIO GEOLOGICO COLOMBIANO**,Nacional,Minas y Energía,Distrito Capital de Bogotá,Prestación de servicios,Contratación directa,False,2025-05-05,2025-05-06,2025-12-04,64287818.0,Modificado,2025,individual_professional_ai,0.87,False,True,False,False,False,False,False,
CO1.PCCNTR.7855147,CO1.BDOS.8076972,{'url': 'https://community.secop.gov.co/Public/Tendering/OpportunityDetail/Index?noticeUID=CO1.NTC.8100397&isFromPublicArea=True&isModal=true&asPopupView=true'},899999372,MUNICIPIO DE SIBATE,Territorial,No aplica/No pertenece,Cundinamarca,Prestación de servicios,Contratación directa,False,2025-05-08,2025-05-09,2025-12-08,13391000.0,En ejecución,2025,individual_professional_ai,0.96,False,True,False,False,False,False,False,
CO1.PCCNTR.7828307,CO1.BDOS.8043556,{'url': 'https://community.secop.gov.co/Public/Tendering/OpportunityDetail/Index?noticeUID=CO1.NTC.8061583&isFromPublicArea=True&isModal=true&asPopupView=true'},800103927,Gobernación Norte de Santander*,Territorial,No aplica/No pertenece,Norte de Santander,Prestación de servicios,Contratación directa,False,2025-04-29,2025-04-30,2025-12-29,26400000.0,terminado,2025,individual_professional_ai,0.78,False,True,False,False,False,False,False,
CO1.PCCNTR.8183600,CO1.BDOS.8504366,{'url': 'https://community.secop.gov.co/Public/Tendering/OpportunityDetail/Index?noticeUID=CO1.NTC.8550237&isFromPublicArea=True&isModal=true&asPopupView=true'},891680010,GOBERNACION DEL CHOCÓ.,Territorial,No aplica/No pertenece,No Definido,Prestación de servicios,Mínima cuantía,True,2025-08-12,2025-08-16,2025-12-30,92000000.0,En ejecución,2025,incidental,0.91,False,True,False,False,False,False,False,
CO1.PCCNTR.7413804,CO1.BDOS.7528184,{'url': 'https://community.secop.gov.co/Public/Tendering/OpportunityDetail/Index?noticeUID=CO1.NTC.7541675&isFromPublicArea=True&isModal=true&asPopupView=true'},900127768,UAECD,Territorial,Hacienda y Crédito Público,Distrito Capital de Bogotá,Prestación de servicios,Contratación directa,False,2025-02-06,2025-02-12,2025-12-11,134879360.0,En ejecución,2025,individual_professional_ai,0.97,False,True,False,False,False,False,False,
CO1.PCCNTR.6581231,CO1.BDOS.6371469,{'url': 'https://community.secop.gov.co/Public/Tendering/OpportunityDetail/Index?noticeUID=CO1.NTC.6466777&isFromPublicArea=True&isModal=true&asPopupView=true'},891580016,GOBERNACIÓN DEL CAUCA,Territorial,Servicio Público,Cauca,Prestación de servicios,Contratación directa,False,2024-08-02,2024-08-05,2024-12-26,17860000.0,Cerrado,2024,incidental,0.9,False,True,False,False,False,False,False,
CO1.PCCNTR.6213741,CO1.BDOS.5967699,{'url': 'https://community.secop.gov.co/Public/Tendering/OpportunityDetail/Index?noticeUID=CO1.NTC.5982732&isFromPublicArea=True&isModal=true&asPopupView=true'},899999034,SENA REGIONAL CASANARE Grupo Administrativo Mixto,Nacional,Trabajo,Casanare,Prestación de servicios,Contratación directa,False,2024-04-16,2024-04-16,2024-12-31,23951266.0,terminado,2024,individual_professional_ai,0.96,False,True,False,False,False,False,False,
CO1.PCCNTR.8664613,CO1.BDOS.9201603,{'url': 'https://community.secop.gov.co/Public/Tendering/OpportunityDetail/Index?noticeUID=CO1.NTC.9230031&isFromPublicArea=True&isModal=true&asPopupView=true'},899999034,SENA REGIONAL NARIÑO Grupo de Apoyo Administrativo Mixto,Nacional,Trabajo,Nariño,Compraventa,Contratación directa,True,2025-12-05,2025-12-05,2025-12-24,279996899.98,Modificado,2025,ai_product_or_platform,0.68,False,True,True,True,True,True,True,core_low_conf
CO1.PCCNTR.9128558,CO1.BDOS.9735905,{'url': 'https://community.secop.gov.co/Public/Tendering/OpportunityDetail/Index?noticeUID=CO1.NTC.9759705&isFromPublicArea=True&isModal=true&asPopupView=true'},900475780,UNP,Nacional,defensa,Distrito Capital de Bogotá,Prestación de servicios,Contratación directa,False,2026-01-25,2026-01-31,2026-12-31,71920000.0,En ejecución,2026,individual_professional_ai,0.91,False,True,False,False,False,False,False,
CO1.PCCNTR.6705271,CO1.BDOS.6623636,{'url': 'https://community.secop.gov.co/Public/Tendering/OpportunityDetail/Index?noticeUID=CO1.NTC.6633144&isFromPublicArea=True&isModal=true&asPopupView=true'},811006833,INSTITUTO DE DEPORTES Y RECREACION DE BARBOSA ANTIOQUIA,Territorial,No aplica/No pertenece,Antioquia,Prestación de servicios,Contratación directa,False,2024-08-30,2024-08-30,2024-12-30,18000000.0,Cerrado,2024,individual_professional_ai,0.91,False,True,False,False,False,False,False,
CO1.PCCNTR.5448620,CO1.BDOS.5036359,{'url': 'https://community.secop.gov.co/Public/Tendering/OpportunityDetail/Index?noticeUID=CO1.NTC.5049944&isFromPublicArea=True&isModal=true&asPopupView=true'},899999034,SENA DISTRITO CAPITAL GRUPO DE APOYO ADMINISTRATIVO - CGI,Nacional,Trabajo,Distrito Capital de Bogotá,Prestación de servicios,Contratación directa,False,2023-10-11,2023-10-11,2023-12-16,8971300.0,Cerrado,2023,individual_professional_ai,0.97,False,True,False,False,False,False,False,
CO1.PCCNTR.9801545,CO1.BDOS.10650381,{'url': 'https://community.secop.gov.co/Public/Tendering/OpportunityDetail/Index?noticeUID=CO1.NTC.10698003&isFromPublicArea=True&isModal=true&asPopupView=true'},830063506,TRANSMILENIO S.A.,Territorial,Transporte,Distrito Capital de Bogotá,Prestación de servicios,Contratación directa,False,2026-08-14,2026-08-19,2027-03-08,27397240.0,En ejecución,2026,individual_professional_ai,0.98,False,True,False,False,False,False,False,
CO1.PCCNTR.6751873,CO1.BDOS.6681957,{'url': 'https://community.secop.gov.co/Public/Tendering/OpportunityDetail/Index?noticeUID=CO1.NTC.6696910&isFromPublicArea=True&isModal=true&asPopupView=true'},899999239,ICBF SEDE NACIONAL,Nacional,Inclusión Social y Reconciliación,Distrito Capital de Bogotá,Prestación de servicios,Contratación directa,False,2024-09-13,2024-09-24,2024-12-31,37500000.0,En ejecución,2024,individual_professional_ai,0.96,False,True,False,False,False,False,False,
CO1.PCCNTR.5394626,CO1.BDOS.4965131,{'url': 'https://community.secop.gov.co/Public/Tendering/OpportunityDetail/Index?noticeUID=CO1.NTC.4975340&isFromPublicArea=True&isModal=true&asPopupView=true'},899999034,Sena Regional Boyaca Grupo de Apoyo Administrativo Mixto,Nacional,Trabajo,Boyacá,Prestación de servicios,Contratación directa,False,2023-09-20,2023-09-21,2023-11-20,4100000.0,En ejecución,2023,incidental,0.94,False,True,False,False,False,False,False,
CO1.PCCNTR.4371332,CO1.BDOS.3693931,{'url': 'https://community.secop.gov.co/Public/Tendering/OpportunityDetail/Index?noticeUID=CO1.NTC.3710089&isFromPublicArea=True&isModal=true&asPopupView=true'},822002459,EMPRESA SOCIAL DEL ESTADO DEL MUNICIPIO DE VILLAVICENCIO,Territorial,Salud y Protección Social,Meta,Decreto 092 de 2017,Contratación régimen especial,True,2023-01-05,2023-01-05,2023-06-30,40781519.0,terminado,2023,ai_product_or_platform,0.82,False,True,True,True,True,True,True,core_low_conf
CO1.PCCNTR.8517746,CO1.BDOS.8990559,{'url': 'https://community.secop.gov.co/Public/Tendering/OpportunityDetail/Index?noticeUID=CO1.NTC.9033236&isFromPublicArea=True&isModal=true&asPopupView=true'},899999027,DEPARTAMENTO ADMINISTRATIVO NACIONAL DE ESTADISTICA (DANE),Nacional,Información Estadística,Distrito Capital de Bogotá,Prestación de servicios,Contratación directa,False,2025-11-04,2025-11-06,2025-12-31,10266667.0,Cerrado,2025,individual_professional_ai,0.94,False,True,False,False,False,False,False,
CO1.PCCNTR.8610100,CO1.BDOS.9126925,{'url': 'https://community.secop.gov.co/Public/Tendering/OpportunityDetail/Index?noticeUID=CO1.NTC.9155620&isFromPublicArea=True&isModal=true&asPopupView=true'},890399011,SANTIAGO DE CALI DISTRITO ESPECIAL - SECRETARIA DE GOBIERNO,Territorial,No aplica/No pertenece,Valle del Cauca,Prestación de servicios,Contratación directa,True,2025-11-20,2025-11-24,2025-12-31,146000000.0,En ejecución,2025,incidental,0.91,False,True,False,False,False,False,False,
CO1.PCCNTR.8249109,CO1.BDOS.8652304,{'url': 'https://community.secop.gov.co/Public/Tendering/OpportunityDetail/Index?noticeUID=CO1.NTC.8675698&isFromPublicArea=True&isModal=true&asPopupView=true'},899999296,MINCIENCIAS,Nacional,Ciencia Tecnología,Distrito Capital de Bogotá,Prestación de servicios,Contratación directa,False,2025-08-28,2025-09-01,2025-12-31,35133333.0,En ejecución,2025,individual_professional_ai,0.84,False,True,False,False,False,False,False,
CO1.PCCNTR.9113487,CO1.BDOS.9731646,{'url': 'https://community.secop.gov.co/Public/Tendering/OpportunityDetail/Index?noticeUID=CO1.NTC.9749359&isFromPublicArea=True&isModal=true&asPopupView=true'},890102018,DISTRITO ESPECIAL INDUSTRIAL Y PORTUARIO DE BARRANQUILLA,Territorial,Servicio Público,Atlántico,Prestación de servicios,Contratación directa,True,2026-01-24,2026-02-04,2026-06-30,2000000000.0,En ejecución,2026,incidental,0.94,False,True,False,False,False,False,False,
CO1.PCCNTR.9588250,CO1.BDOS.10345531,{'url': 'https://community.secop.gov.co/Public/Tendering/OpportunityDetail/Index?noticeUID=CO1.NTC.10384423&isFromPublicArea=True&isModal=true&asPopupView=true'},891200461,MUNICIPIO DE PÚERTO ASIS PUTUMAYO,Territorial,Servicio Público,Putumayo,Prestación de servicios,Mínima cuantía,True,2026-06-23,2026-07-02,2026-08-01,15609000.0,Modificado,2026,incidental,0.94,False,True,False,False,False,False,False,
CO1.PCCNTR.8474374,CO1.BDOS.8949511,{'url': 'https://community.secop.gov.co/Public/Tendering/OpportunityDetail/Index?noticeUID=CO1.NTC.8975502&isFromPublicArea=True&isModal=true&asPopupView=true'},899999011,DEPARTAMENTO NACIONAL DE PLANEACIÓN,Nacional,Planeación,Distrito Capital de Bogotá,Prestación de servicios,Contratación directa,False,2025-10-20,2025-10-22,2025-12-31,22500000.0,En ejecución,2025,individual_professional_ai,0.98,False,True,False,False,False,False,False,
CO1.PCCNTR.7980033,CO1.BDOS.8078404,{'url': 'https://community.secop.gov.co/Public/Tendering/OpportunityDetail/Index?noticeUID=CO1.NTC.8285535&isFromPublicArea=True&isModal=true&asPopupView=true'},890102257,UNIATLANTICO,Territorial,Educación Nacional,Atlántico,Suministros,Contratación régimen especial,True,2025-06-17,2025-06-27,2025-07-30,540000000.0,En ejecución,2025,incidental,0.88,False,True,False,False,False,False,False,
CO1.PCCNTR.6940765,CO1.BDOS.6836613,{'url': 'https://community.secop.gov.co/Public/Tendering/OpportunityDetail/Index?noticeUID=CO1.NTC.6860455&isFromPublicArea=True&isModal=true&asPopupView=true'},899999034,SENA DIRECCION GENERAL,Nacional,Trabajo,Distrito Capital de Bogotá,Compraventa,Mínima cuantía,True,2024-10-25,2024-11-15,2024-12-31,76979305.0,terminado,2024,unclear,0.72,False,True,False,False,True,True,False,unclear_label
CO1.PCCNTR.7147301,CO1.BDOS.7153419,{'url': 'https://community.secop.gov.co/Public/Tendering/OpportunityDetail/Index?noticeUID=CO1.NTC.7173650&isFromPublicArea=True&isModal=true&asPopupView=true'},800141644,ARMADA NACIONAL BASE NAVAL No. 6 ARC BOGOTA,Nacional,defensa,Distrito Capital de Bogotá,Compraventa,Mínima cuantía,True,2024-12-19,2024-12-26,2024-12-26,70180000.0,Cerrado,2024,ai_product_or_platform,0.88,False,True,True,True,True,True,True,
CO1.PCCNTR.9051322,CO1.BDOS.9557944,{'url': 'https://community.secop.gov.co/Public/Tendering/OpportunityDetail/Index?noticeUID=CO1.NTC.9575196&isFromPublicArea=True&isModal=true&asPopupView=true'},900475780,UNP,Nacional,defensa,Distrito Capital de Bogotá,Prestación de servicios,Contratación directa,False,2026-01-22,2026-01-23,2026-12-31,64960000.0,En ejecución,2026,individual_professional_ai,0.94,False,True,False,False,False,False,False,
CO1.PCCNTR.7903251,CO1.BDOS.8155416,{'url': 'https://community.secop.gov.co/Public/Tendering/OpportunityDetail/Index?noticeUID=CO1.NTC.8175703&isFromPublicArea=True&isModal=true&asPopupView=true'},8050210222,UNIDAD ADMINISTRATIVA ESPECIAL ESTUDIO DE GRABACION TAKESHIMA,Territorial,Cultura,Valle del Cauca,Prestación de servicios,Contratación directa,True,2025-05-22,2025-05-22,2025-08-15,53795000.0,Modificado,2025,unclear,0.93,False,True,False,False,True,True,False,unclear_label
CO1.PCCNTR.6855709,CO1.BDOS.6820736,{'url': 'https://community.secop.gov.co/Public/Tendering/OpportunityDetail/Index?noticeUID=CO1.NTC.6830689&isFromPublicArea=True&isModal=true&asPopupView=true'},899999003,MINISTERIO DE DEFENSA NACIONAL,Nacional,defensa,Distrito Capital de Bogotá,Prestación de servicios,Contratación directa,False,2024-10-03,2024-10-07,2024-12-31,18900000.0,Cerrado,2024,individual_professional_ai,0.98,False,True,False,False,False,False,False,
CO1.PCCNTR.9050141,CO1.BDOS.9672198,{'url': 'https://community.secop.gov.co/Public/Tendering/OpportunityDetail/Index?noticeUID=CO1.NTC.9685156&isFromPublicArea=True&isModal=true&asPopupView=true'},901140004,JEP,Nacional,No aplica/No pertenece,Distrito Capital de Bogotá,Prestación de servicios,Contratación régimen especial,False,2026-01-27,2026-01-28,2026-12-31,122975700.0,En ejecución,2026,individual_professional_ai,0.79,False,True,False,False,False,False,False,
CO1.PCCNTR.9153457,CO1.BDOS.9766961,{'url': 'https://community.secop.gov.co/Public/Tendering/OpportunityDetail/Index?noticeUID=CO1.NTC.9785711&isFromPublicArea=True&isModal=true&asPopupView=true'},800170433,Superintendencia de Transporte**,Nacional,Transporte,Distrito Capital de Bogotá,Prestación de servicios,Contratación directa,False,2026-01-26,2026-01-28,2026-08-27,51511124.0,En ejecución,2026,individual_professional_ai,0.98,False,True,False,False,False,False,False,
CO1.PCCNTR.4849465,CO1.BDOS.4263486,{'url': 'https://community.secop.gov.co/Public/Tendering/OpportunityDetail/Index?noticeUID=CO1.NTC.4273980&isFromPublicArea=True&isModal=true&asPopupView=true'},899999034,SENA DISTRITO CAPITAL GRUPO DE APOYO ADMINISTRATIVO - CGI,Nacional,Trabajo,Distrito Capital de Bogotá,Prestación de servicios,Contratación directa,False,2023-04-10,2023-04-10,2023-09-16,21022300.0,Cerrado,2023,individual_professional_ai,0.96,False,True,False,False,False,False,False,
CO1.PCCNTR.8240386,CO1.BDOS.8638598,{'url': 'https://community.secop.gov.co/Public/Tendering/OpportunityDetail/Index?noticeUID=CO1.NTC.8663320&isFromPublicArea=True&isModal=true&asPopupView=true'},899999034,SENA REGIONAL VALLE Grupo de Apoyo Administrativo Mixto,Nacional,Educación Nacional,Valle del Cauca,Prestación de servicios,Contratación directa,True,2025-08-28,2025-09-01,2025-12-31,717991000.0,Modificado,2025,ai_development_service,0.79,False,True,True,True,True,True,True,core_low_conf
CO1.PCCNTR.8764262,CO1.BDOS.9360278,{'url': 'https://community.secop.gov.co/Public/Tendering/OpportunityDetail/Index?noticeUID=CO1.NTC.9379738&isFromPublicArea=True&isModal=true&asPopupView=true'},901140004,JEP,Nacional,No aplica/No pertenece,Distrito Capital de Bogotá,Prestación de servicios,Contratación régimen especial,False,2026-01-08,2026-01-13,2026-12-19,124051264.0,En ejecución,2026,individual_professional_ai,0.97,False,True,False,False,False,False,False,
CO1.PCCNTR.9203788,CO1.BDOS.9807140,{'url': 'https://community.secop.gov.co/Public/Tendering/OpportunityDetail/Index?noticeUID=CO1.NTC.9826757&isFromPublicArea=True&isModal=true&asPopupView=true'},901037916,ADRES,Nacional,Salud y Protección Social,Distrito Capital de Bogotá,Prestación de servicios,Contratación directa,False,2026-01-28,2026-01-29,2026-09-28,89040000.0,terminado,2026,individual_professional_ai,0.96,False,True,False,False,False,False,False,
CO1.PCCNTR.7512974,CO1.BDOS.7643624,{'url': 'https://community.secop.gov.co/Public/Tendering/OpportunityDetail/Index?noticeUID=CO1.NTC.7658374&isFromPublicArea=True&isModal=true&asPopupView=true'},901736641,INSTITUCION UNIVERSITARIA DE SANTA MARTA,Territorial,Educación Nacional,Magdalena,Prestación de servicios,Contratación directa,False,2025-02-19,2025-02-19,2025-04-30,19500000.0,En ejecución,2025,individual_professional_ai,0.92,False,True,False,False,False,False,False,
CO1.PCCNTR.7033250,CO1.BDOS.7045273,{'url': 'https://community.secop.gov.co/Public/Tendering/OpportunityDetail/Index?noticeUID=CO1.NTC.7059635&isFromPublicArea=True&isModal=true&asPopupView=true'},901508361,"AGENCIA DISTRITAL PARA LA EDUCACIÓN SUPERIOR, LA CIENCIA Y LA TECNOLOGÍA, ATENEA",Territorial,Educación Nacional,Distrito Capital de Bogotá,Otro,Contratación directa,True,2024-11-15,2024-11-18,2025-10-31,630509532.0,terminado,2024,ai_development_service,0.96,False,True,True,True,True,True,True,
CO1.PCCNTR.7042114,CO1.BDOS.7058016,{'url': 'https://community.secop.gov.co/Public/Tendering/OpportunityDetail/Index?noticeUID=CO1.NTC.7071438&isFromPublicArea=True&isModal=true&asPopupView=true'},800214750,INSTITUCIÓN UNIVERSITARIA ITM,Nacional,Educación Nacional,Antioquia,Prestación de servicios,Contratación directa,False,2024-11-19,2024-11-19,2024-12-18,6000000.0,En ejecución,2024,incidental,0.99,False,True,False,False,False,False,False,
CO1.PCCNTR.6514478,CO1.BDOS.6368349,{'url': 'https://community.secop.gov.co/Public/Tendering/OpportunityDetail/Index?noticeUID=CO1.NTC.6378616&isFromPublicArea=True&isModal=true&asPopupView=true'},901034433,ESTABLECIMIENTO PUBLICO AMBIENTAL BARRANQUILLA VERDE,Territorial,Ambiente y Desarrollo Sostenible,Atlántico,Prestación de servicios,Contratación directa,True,2024-07-12,2024-07-18,2024-12-31,39270000.0,Modificado,2024,ai_development_service,0.84,False,True,True,True,True,True,True,core_low_conf
CO1.PCCNTR.9257279,CO1.BDOS.9866850,{'url': 'https://community.secop.gov.co/Public/Tendering/OpportunityDetail/Index?noticeUID=CO1.NTC.9889561&isFromPublicArea=True&isModal=true&asPopupView=true'},900475780,UNP,Nacional,defensa,Distrito Capital de Bogotá,Prestación de servicios,Contratación directa,False,2026-01-30,2026-01-31,2026-12-31,62533333.0,cedido,2026,individual_professional_ai,0.98,False,True,False,False,False,False,False,
CO1.PCCNTR.7671084,CO1.BDOS.7840531,{'url': 'https://community.secop.gov.co/Public/Tendering/OpportunityDetail/Index?noticeUID=CO1.NTC.7859518&isFromPublicArea=True&isModal=true&asPopupView=true'},901508361,"AGENCIA DISTRITAL PARA LA EDUCACIÓN SUPERIOR, LA CIENCIA Y LA TECNOLOGÍA, ATENEA",Territorial,Educación Nacional,Distrito Capital de Bogotá,Prestación de servicios,Contratación directa,False,2025-03-21,2025-03-27,2026-01-26,81833360.0,terminado,2025,individual_professional_ai,0.96,False,True,False,False,False,False,False,
CO1.PCCNTR.4648075,CO1.BDOS.4025381,{'url': 'https://community.secop.gov.co/Public/Tendering/OpportunityDetail/Index?noticeUID=CO1.NTC.4026336&isFromPublicArea=True&isModal=true&asPopupView=true'},900498879,UNIDAD ADMINISTRATIVA ESPECIAL DE GESTION DE RESTITUCION DE TIERRAS DESPOJADAS**,Nacional,Inclusión Social y Reconciliación,Distrito Capital de Bogotá,Prestación de servicios,Contratación directa,False,2023-02-21,2023-02-22,2023-07-31,45869136.0,Cerrado,2023,individual_professional_ai,0.99,False,True,False,False,False,False,False,
CO1.PCCNTR.6060488,CO1.BDOS.5787177,{'url': 'https://community.secop.gov.co/Public/Tendering/OpportunityDetail/Index?noticeUID=CO1.NTC.5794471&isFromPublicArea=True&isModal=true&asPopupView=true'},8001316486,FONDO UNICO DE TECNOLOGÍAS DE LA INFORMACIÓN Y LAS COMUNICACIONES,Nacional,Tecnologías de la Información y las Comunicaciones,Distrito Capital de Bogotá,Prestación de servicios,Contratación directa,False,2024-03-11,2024-03-13,2024-09-12,44142000.0,En ejecución,2024,incidental,0.91,False,True,False,False,False,False,False,
CO1.PCCNTR.7878502,CO1.BDOS.8118926,{'url': 'https://community.secop.gov.co/Public/Tendering/OpportunityDetail/Index?noticeUID=CO1.NTC.8138731&isFromPublicArea=True&isModal=true&asPopupView=true'},800103927,Gobernación Norte de Santander*,Territorial,No aplica/No pertenece,Norte de Santander,Prestación de servicios,Contratación directa,False,2025-05-15,2025-05-19,2025-12-30,16280000.0,terminado,2025,individual_professional_ai,0.67,False,True,False,False,False,False,False,
CO1.PCCNTR.6738853,CO1.BDOS.6601230,{'url': 'https://community.secop.gov.co/Public/Tendering/OpportunityDetail/Index?noticeUID=CO1.NTC.6678001&isFromPublicArea=True&isModal=true&asPopupView=true'},891580016,GOBERNACIÓN DEL CAUCA,Territorial,Servicio Público,Cauca,Prestación de servicios,Contratación directa,False,2024-09-11,2024-09-16,2024-12-26,14700000.0,Cerrado,2024,incidental,0.82,False,True,False,False,False,False,False,
CO1.PCCNTR.9097846,CO1.BDOS.9715172,{'url': 'https://community.secop.gov.co/Public/Tendering/OpportunityDetail/Index?noticeUID=CO1.NTC.9733827&isFromPublicArea=True&isModal=true&asPopupView=true'},890980782,PERSONERIA MUNICIPAL DE LA ESTRELLA,Territorial,Ley de Justicia,Antioquia,Prestación de servicios,Contratación directa,False,2026-01-23,2026-01-27,2026-07-26,16380000.0,Modificado,2026,individual_professional_ai,0.91,False,True,False,False,False,False,False,
CO1.PCCNTR.8488540,CO1.BDOS.8972160,{'url': 'https://community.secop.gov.co/Public/Tendering/OpportunityDetail/Index?noticeUID=CO1.NTC.8996872&isFromPublicArea=True&isModal=true&asPopupView=true'},890980344,ALCALDIA MUNICIPAL DE SANTA BARBARA,Nacional,Servicio Público,Antioquia,Prestación de servicios,Contratación directa,True,2025-10-23,2025-10-23,2025-10-26,12808000.0,Cerrado,2025,incidental,0.99,False,True,False,False,False,False,False,
CO1.PCCNTR.7301208,CO1.BDOS.7338427,{'url': 'https://community.secop.gov.co/Public/Tendering/OpportunityDetail/Index?noticeUID=CO1.NTC.7382246&isFromPublicArea=True&isModal=true&asPopupView=true'},822002459,EMPRESA SOCIAL DEL ESTADO DEL MUNICIPIO DE VILLAVICENCIO,Territorial,Salud y Protección Social,Meta,Decreto 092 de 2017,Contratación régimen especial,True,2025-01-24,2025-01-24,2026-01-13,143922240.0,Cerrado,2025,ai_product_or_platform,0.78,False,True,True,True,True,True,True,core_low_conf
CO1.PCCNTR.7687666,CO1.BDOS.7858159,{'url': 'https://community.secop.gov.co/Public/Tendering/OpportunityDetail/Index?noticeUID=CO1.NTC.7879915&isFromPublicArea=True&isModal=true&asPopupView=true'},901037916,ADRES,Nacional,Salud y Protección Social,Distrito Capital de Bogotá,Prestación de servicios,Contratación directa,False,2025-03-26,2025-03-26,2025-12-31,97166667.0,Cerrado,2025,individual_professional_ai,0.97,False,True,False,False,False,False,False,
CO1.PCCNTR.8967716,CO1.BDOS.9585640,{'url': 'https://community.secop.gov.co/Public/Tendering/OpportunityDetail/Index?noticeUID=CO1.NTC.9599030&isFromPublicArea=True&isModal=true&asPopupView=true'},830025267,FONDO NACIONAL AMBIENTAL - ANLA,Nacional,Ambiente y Desarrollo Sostenible,Distrito Capital de Bogotá,Prestación de servicios,Contratación directa,False,2026-01-19,2026-01-19,2026-12-31,92756100.0,cedido,2026,individual_professional_ai,0.76,False,True,False,False,False,False,False,
CO1.PCCNTR.7891789,CO1.BDOS.8136243,{'url': 'https://community.secop.gov.co/Public/Tendering/OpportunityDetail/Index?noticeUID=CO1.NTC.8157459&isFromPublicArea=True&isModal=true&asPopupView=true'},899999034,SENA REGIONAL ATLANTICO Intercentros,Nacional,Transporte,Atlántico,Prestación de servicios,Contratación directa,False,2025-05-19,2025-05-19,2025-11-29,16486076.0,terminado,2025,individual_professional_ai,0.97,False,True,False,False,False,False,False,
CO1.PCCNTR.5352348,CO1.BDOS.4904630,{'url': 'https://community.secop.gov.co/Public/Tendering/OpportunityDetail/Index?noticeUID=CO1.NTC.4913404&isFromPublicArea=True&isModal=true&asPopupView=true'},899999296,MINCIENCIAS,Nacional,Ciencia Tecnología,Distrito Capital de Bogotá,Otro,Contratación Directa (con ofertas),True,2023-09-05,2023-09-06,2027-11-06,4529113449.0,Modificado,2023,incidental,0.91,False,True,False,False,False,False,False,
CO1.PCCNTR.7713746,CO1.BDOS.7896553,{'url': 'https://community.secop.gov.co/Public/Tendering/OpportunityDetail/Index?noticeUID=CO1.NTC.7912916&isFromPublicArea=True&isModal=true&asPopupView=true'},890325989,INSTITUTO DEPARTAMENTAL DE BELLAS ARTES,Territorial,Cultura,Valle del Cauca,Prestación de servicios,Contratación directa,False,2025-03-31,2025-04-01,2025-05-17,3400000.0,Cerrado,2025,individual_professional_ai,0.94,False,True,False,False,False,False,False,
CO1.PCCNTR.8440683,CO1.BDOS.8899894,{'url': 'https://community.secop.gov.co/Public/Tendering/OpportunityDetail/Index?noticeUID=CO1.NTC.8930056&isFromPublicArea=True&isModal=true&asPopupView=true'},900475780,UNP,Nacional,defensa,Distrito Capital de Bogotá,Prestación de servicios,Contratación directa,False,2025-10-14,2025-10-15,2025-12-31,16059333.0,En ejecución,2025,individual_professional_ai,0.96,False,True,False,False,False,False,False,
CO1.PCCNTR.7155753,CO1.BDOS.7117335,{'url': 'https://community.secop.gov.co/Public/Tendering/OpportunityDetail/Index?noticeUID=CO1.NTC.7135140&isFromPublicArea=True&isModal=true&asPopupView=true'},890801053,MUNICIPIO DE MANIZALES,Territorial,Servicio Público,Caldas,Prestación de servicios,Mínima cuantía,True,2024-12-18,2024-12-19,2024-12-31,67000000.0,En ejecución,2024,ai_development_service,0.91,False,True,True,True,True,True,True,
CO1.PCCNTR.7365267,CO1.BDOS.7465275,{'url': 'https://community.secop.gov.co/Public/Tendering/OpportunityDetail/Index?noticeUID=CO1.NTC.7488691&isFromPublicArea=True&isModal=true&asPopupView=true'},800152783,FISCALÍA GENERAL DE LA NACIÓN NIVEL CENTRAL.,Nacional,Ley de Justicia,Distrito Capital de Bogotá,Prestación de servicios,Contratación directa,False,2025-01-30,2025-02-04,2025-12-04,171000000.0,En ejecución,2025,individual_professional_ai,0.98,False,True,False,False,False,False,False,
CO1.PCCNTR.9020845,CO1.BDOS.9596903,{'url': 'https://community.secop.gov.co/Public/Tendering/OpportunityDetail/Index?noticeUID=CO1.NTC.9654200&isFromPublicArea=True&isModal=true&asPopupView=true'},899999294,SERVICIO GEOLOGICO COLOMBIANO**,Nacional,Minas y Energía,Distrito Capital de Bogotá,Prestación de servicios,Contratación directa,False,2026-01-22,2026-01-22,2026-12-20,127282100.0,En ejecución,2026,individual_professional_ai,0.98,False,True,False,False,False,False,False,
CO1.PCCNTR.5317426,CO1.BDOS.4860289,{'url': 'https://community.secop.gov.co/Public/Tendering/OpportunityDetail/Index?noticeUID=CO1.NTC.4868572&isFromPublicArea=True&isModal=true&asPopupView=true'},802013023,HMI,Territorial,Salud y Protección Social,Atlántico,Decreto 092 de 2017,Contratación régimen especial,False,2023-08-22,2023-08-23,2023-09-22,80000000.0,En ejecución,2023,incidental,0.91,False,True,False,False,False,False,False,
CO1.PCCNTR.4396925,CO1.BDOS.3745841,{'url': 'https://community.secop.gov.co/Public/Tendering/OpportunityDetail/Index?noticeUID=CO1.NTC.3750446&isFromPublicArea=True&isModal=true&asPopupView=true'},899999061,SECRETARÍA GENERAL DE LA ALCALDÍA MAYOR DE BOGOTÁ,Territorial,Servicio Público,Distrito Capital de Bogotá,Prestación de servicios,Contratación directa,False,2023-01-13,2023-01-17,2023-12-30,129854175.0,Modificado,2023,incidental,0.94,False,True,False,False,False,False,False,
CO1.PCCNTR.6435732,CO1.BDOS.6262107,{'url': 'https://community.secop.gov.co/Public/Tendering/OpportunityDetail/Index?noticeUID=CO1.NTC.6271771&isFromPublicArea=True&isModal=true&asPopupView=true'},800072977,FONDANE - DIRECCION TERRITORIAL CENTRO,Nacional,Información Estadística,Distrito Capital de Bogotá,Prestación de servicios,Contratación directa,False,2024-06-17,2024-06-18,2024-12-30,15724000.0,Cerrado,2024,incidental,0.93,False,True,False,False,False,False,False,
CO1.PCCNTR.8929670,CO1.BDOS.9548605,{'url': 'https://community.secop.gov.co/Public/Tendering/OpportunityDetail/Index?noticeUID=CO1.NTC.9563406&isFromPublicArea=True&isModal=true&asPopupView=true'},899999011,DEPARTAMENTO NACIONAL DE PLANEACIÓN,Nacional,Planeación,Distrito Capital de Bogotá,Prestación de servicios,Contratación directa,False,2026-01-17,2026-01-19,2026-12-31,115474015.0,En ejecución,2026,individual_professional_ai,0.83,False,True,False,False,False,False,False,
CO1.PCCNTR.8638878,CO1.BDOS.9098820,{'url': 'https://community.secop.gov.co/Public/Tendering/OpportunityDetail/Index?noticeUID=CO1.NTC.9126762&isFromPublicArea=True&isModal=true&asPopupView=true'},891480014,AEROPUERTO INTERNACIONAL MATECAÑA,Territorial,Servicio Público,Risaralda,Suministros,Mínima cuantía,True,2025-11-27,2025-11-28,2025-12-27,31139000.0,Modificado,2025,ai_product_or_platform,0.68,False,True,True,True,True,True,True,core_low_conf
CO1.PCCNTR.6634081,CO1.BDOS.6529521,{'url': 'https://community.secop.gov.co/Public/Tendering/OpportunityDetail/Index?noticeUID=CO1.NTC.6539317&isFromPublicArea=True&isModal=true&asPopupView=true'},899999061,SECRETARÍA GENERAL DE LA ALCALDÍA MAYOR DE BOGOTÁ,Territorial,Servicio Público,Distrito Capital de Bogotá,Prestación de servicios,Contratación directa,False,2024-08-13,2024-08-14,2024-12-30,48492036.0,Cerrado,2024,individual_professional_ai,0.78,False,True,False,False,False,False,False,
CO1.PCCNTR.6435534,CO1.BDOS.6244328,{'url': 'https://community.secop.gov.co/Public/Tendering/OpportunityDetail/Index?noticeUID=CO1.NTC.6271665&isFromPublicArea=True&isModal=true&asPopupView=true'},800072977,FONDANE - DIRECCION TERRITORIAL CENTRO,Nacional,Información Estadística,Distrito Capital de Bogotá,Prestación de servicios,Contratación directa,False,2024-06-17,2024-06-18,2024-12-30,15724000.0,Cerrado,2024,incidental,0.89,False,True,False,False,False,False,False,
CO1.PCCNTR.5141515,CO1.BDOS.4632478,{'url': 'https://community.secop.gov.co/Public/Tendering/OpportunityDetail/Index?noticeUID=CO1.NTC.4639482&isFromPublicArea=True&isModal=true&asPopupView=true'},899999081,INSTITUTO DE DESARROLLO URBANO,Territorial,No aplica/No pertenece,Distrito Capital de Bogotá,Prestación de servicios,Contratación directa,True,2023-06-27,2023-07-07,2024-07-06,196028669.0,terminado,2023,ai_product_or_platform,0.91,False,True,True,True,True,True,True,
CO1.PCCNTR.8467126,CO1.BDOS.8929430,{'url': 'https://community.secop.gov.co/Public/Tendering/OpportunityDetail/Index?noticeUID=CO1.NTC.8954167&isFromPublicArea=True&isModal=true&asPopupView=true'},830114475,MINISTERIO DEL INTERIOR,Nacional,interior,Distrito Capital de Bogotá,Otro,Contratación Directa (con ofertas),True,2025-10-20,2025-10-27,2025-12-31,50133800.0,En ejecución,2025,ai_product_or_platform,0.86,False,True,True,True,True,True,True,
CO1.PCCNTR.7662917,CO1.BDOS.7831223,{'url': 'https://community.secop.gov.co/Public/Tendering/OpportunityDetail/Index?noticeUID=CO1.NTC.7848165&isFromPublicArea=True&isModal=true&asPopupView=true'},899999011,DEPARTAMENTO NACIONAL DE PLANEACIÓN,Nacional,Planeación,Distrito Capital de Bogotá,Prestación de servicios,Contratación directa,False,2025-03-19,2025-03-19,2025-12-31,92499489.0,Cerrado,2025,incidental,0.91,False,True,False,False,False,False,False,
CO1.PCCNTR.6303133,CO1.BDOS.5866398,{'url': 'https://community.secop.gov.co/Public/Tendering/OpportunityDetail/Index?noticeUID=CO1.NTC.6088593&isFromPublicArea=True&isModal=true&asPopupView=true'},800072977,FONDANE - DIR TER NOROCCIDENTE,Nacional,Información Estadística,Antioquia,Prestación de servicios,Contratación directa,False,2024-05-09,2024-06-18,2024-12-31,15826400.0,Cerrado,2024,incidental,0.87,False,True,False,False,False,False,False,
CO1.PCCNTR.6414329,CO1.BDOS.6233369,{'url': 'https://community.secop.gov.co/Public/Tendering/OpportunityDetail/Index?noticeUID=CO1.NTC.6243038&isFromPublicArea=True&isModal=true&asPopupView=true'},800072977,FONDO ROTATORIO DEL DANE FONDANE-SUROCCIDENTE,Nacional,Información Estadística,Valle del Cauca,Prestación de servicios,Contratación directa,False,2024-06-07,2024-06-11,2024-12-31,16397600.0,Cerrado,2024,incidental,0.94,False,True,False,False,False,False,False,
CO1.PCCNTR.6407164,CO1.BDOS.6219758,{'url': 'https://community.secop.gov.co/Public/Tendering/OpportunityDetail/Index?noticeUID=CO1.NTC.6231173&isFromPublicArea=True&isModal=true&asPopupView=true'},800072977,FONDO ROTATORIO DEL DANE (FONDANE),Nacional,Información Estadística,Distrito Capital de Bogotá,Prestación de servicios,Contratación directa,False,2024-06-06,2024-06-12,2024-12-11,14684000.0,Cerrado,2024,incidental,0.91,False,True,False,False,False,False,False,
CO1.PCCNTR.6435728,CO1.BDOS.6258595,{'url': 'https://community.secop.gov.co/Public/Tendering/OpportunityDetail/Index?noticeUID=CO1.NTC.6271840&isFromPublicArea=True&isModal=true&asPopupView=true'},800072977,FONDANE - DIRECCION TERRITORIAL CENTRO,Nacional,Información Estadística,Distrito Capital de Bogotá,Prestación de servicios,Contratación directa,False,2024-06-17,2024-06-18,2024-12-30,15724000.0,Cerrado,2024,incidental,0.91,False,True,False,False,False,False,False,
CO1.PCCNTR.6420507,CO1.BDOS.6240975,{'url': 'https://community.secop.gov.co/Public/Tendering/OpportunityDetail/Index?noticeUID=CO1.NTC.6250885&isFromPublicArea=True&isModal=true&asPopupView=true'},800072977,FONDO ROTATORIO DEL DANE - FONDANE - DIRECCIÓN TERRITORIAL CENTRO OCCIDENTE,Nacional,Información Estadística,Caldas,Prestación de servicios,Contratación directa,False,2024-06-12,2024-06-18,2024-12-30,15744800.0,Cerrado,2024,incidental,0.94,False,True,False,False,False,False,False,
CO1.PCCNTR.6419262,CO1.BDOS.6239262,{'url': 'https://community.secop.gov.co/Public/Tendering/OpportunityDetail/Index?noticeUID=CO1.NTC.6248948&isFromPublicArea=True&isModal=true&asPopupView=true'},800072977,FONDO ROTATORIO DEL DANE - FONDANE - DIRECCIÓN TERRITORIAL CENTRO OCCIDENTE,Nacional,Información Estadística,Caldas,Prestación de servicios,Contratación directa,False,2024-06-12,2024-06-18,2024-12-30,15744800.0,Cerrado,2024,incidental,0.91,False,True,False,False,False,False,False,
CO1.PCCNTR.6304340,CO1.BDOS.6086816,{'url': 'https://community.secop.gov.co/Public/Tendering/OpportunityDetail/Index?noticeUID=CO1.NTC.6095804&isFromPublicArea=True&isModal=true&asPopupView=true'},830000602,"INSTITUTO DE HIDROLOGIA, METEOROLOGÍA Y ESTUDIOS AMBIENTALES",Nacional,Ambiente y Desarrollo Sostenible,Distrito Capital de Bogotá,Prestación de servicios,Contratación directa,True,2024-05-08,2024-05-09,2024-11-30,21880009.24,En ejecución,2024,ai_product_or_platform,0.78,False,True,True,True,True,True,True,core_low_conf
CO1.PCCNTR.6347388,CO1.BDOS.5866422,{'url': 'https://community.secop.gov.co/Public/Tendering/OpportunityDetail/Index?noticeUID=CO1.NTC.6150436&isFromPublicArea=True&isModal=true&asPopupView=true'},800072977,FONDANE - DIR TER NOROCCIDENTE,Nacional,Información Estadística,Antioquia,Prestación de servicios,Contratación directa,False,2024-05-22,2024-06-18,2024-12-31,15826400.0,Cerrado,2024,incidental,0.91,False,True,False,False,False,False,False,
CO1.PCCNTR.8870152,CO1.BDOS.9487766,{'url': 'https://community.secop.gov.co/Public/Tendering/OpportunityDetail/Index?noticeUID=CO1.NTC.9500361&isFromPublicArea=True&isModal=true&asPopupView=true'},899999034,SENA SECRETARIA GENERAL,Nacional,Trabajo,Distrito Capital de Bogotá,Prestación de servicios,Contratación directa,False,2026-01-15,2026-01-20,2026-12-31,69000000.0,En ejecución,2026,individual_professional_ai,0.91,False,True,False,False,False,False,False,
CO1.PCCNTR.4558538,CO1.BDOS.3924970,{'url': 'https://community.secop.gov.co/Public/Tendering/OpportunityDetail/Index?noticeUID=CO1.NTC.3926666&isFromPublicArea=True&isModal=true&asPopupView=true'},830000602,"INSTITUTO DE HIDROLOGIA, METEOROLOGÍA Y ESTUDIOS AMBIENTALES",Nacional,Ambiente y Desarrollo Sostenible,Distrito Capital de Bogotá,Prestación de servicios,Contratación directa,False,2023-02-06,2023-02-06,2023-08-05,13706000.0,Cerrado,2023,incidental,0.91,False,True,False,False,False,False,False,
CO1.PCCNTR.6479807,CO1.BDOS.6320536,{'url': 'https://community.secop.gov.co/Public/Tendering/OpportunityDetail/Index?noticeUID=CO1.NTC.6330115&isFromPublicArea=True&isModal=true&asPopupView=true'},899999011,DEPARTAMENTO NACIONAL DE PLANEACIÓN,Nacional,Planeación,Distrito Capital de Bogotá,Prestación de servicios,Contratación directa,False,2024-07-02,2024-07-04,2024-12-31,57120000.0,Cerrado,2024,individual_professional_ai,0.75,False,True,False,False,False,False,False,
CO1.PCCNTR.6512579,CO1.BDOS.6361374,{'url': 'https://community.secop.gov.co/Public/Tendering/OpportunityDetail/Index?noticeUID=CO1.NTC.6375731&isFromPublicArea=True&isModal=true&asPopupView=true'},800072977,FONDANE - DIRECCION TERRITORIAL CENTRO,Nacional,Información Estadística,Distrito Capital de Bogotá,Prestación de servicios,Contratación directa,False,2024-07-15,2024-07-19,2024-12-31,14684000.0,Cerrado,2024,incidental,0.95,False,True,False,False,False,False,False,
CO1.PCCNTR.7204372,CO1.BDOS.7271299,{'url': 'https://community.secop.gov.co/Public/Tendering/OpportunityDetail/Index?noticeUID=CO1.NTC.7288330&isFromPublicArea=True&isModal=true&asPopupView=true'},829001846,EMPRESA SOCIAL DEL ESTADO BARRANCABERMEJA,Territorial,Salud y Protección Social,No Definido,Decreto 092 de 2017,Contratación régimen especial,True,2025-01-07,2025-01-07,2025-09-15,367690545.0,terminado,2025,ai_product_or_platform,0.75,False,True,True,True,True,True,True,core_low_conf
CO1.PCCNTR.6420328,CO1.BDOS.6240956,{'url': 'https://community.secop.gov.co/Public/Tendering/OpportunityDetail/Index?noticeUID=CO1.NTC.6251101&isFromPublicArea=True&isModal=true&asPopupView=true'},800072977,FONDO ROTATORIO DEL DANE (FONDANE),Nacional,Información Estadística,Distrito Capital de Bogotá,Prestación de servicios,Contratación directa,False,2024-06-11,2024-06-11,2024-12-31,16416000.0,Cerrado,2024,incidental,0.94,False,True,False,False,False,False,False,
CO1.PCCNTR.6428415,CO1.BDOS.6252029,{'url': 'https://community.secop.gov.co/Public/Tendering/OpportunityDetail/Index?noticeUID=CO1.NTC.6261746&isFromPublicArea=True&isModal=true&asPopupView=true'},800072977,FONDO ROTATORIO DEL DANE - FONDANE - DIRECCIÓN TERRITORIAL CENTRO OCCIDENTE,Nacional,Información Estadística,Caldas,Prestación de servicios,Contratación directa,False,2024-06-13,2024-06-18,2024-12-30,15744800.0,Cerrado,2024,incidental,0.91,False,True,False,False,False,False,False,
CO1.PCCNTR.6838928,CO1.BDOS.6799177,{'url': 'https://community.secop.gov.co/Public/Tendering/OpportunityDetail/Index?noticeUID=CO1.NTC.6809558&isFromPublicArea=True&isModal=true&asPopupView=true'},899999054,ESAP SEDE CENTRAL (Cuenta Oficial),Nacional,Servicio Público,Distrito Capital de Bogotá,Prestación de servicios,Contratación directa,True,2024-10-01,2024-10-04,2024-12-31,87802825.0,terminado,2024,ai_product_or_platform,0.84,False,True,True,True,True,True,True,core_low_conf
CO1.PCCNTR.8117117,CO1.BDOS.8436322,{'url': 'https://community.secop.gov.co/Public/Tendering/OpportunityDetail/Index?noticeUID=CO1.NTC.8482994&isFromPublicArea=True&isModal=true&asPopupView=true'},899999027,DEPARTAMENTO ADMINISTRATIVO NACIONAL DE ESTADISTICA (DANE),Nacional,Información Estadística,Distrito Capital de Bogotá,Prestación de servicios,Contratación directa,True,2025-07-24,2025-07-30,2025-08-29,41138000.0,terminado,2025,ai_product_or_platform,0.76,False,True,True,True,True,True,True,core_low_conf
CO1.PCCNTR.8961182,CO1.BDOS.9576394,{'url': 'https://community.secop.gov.co/Public/Tendering/OpportunityDetail/Index?noticeUID=CO1.NTC.9593622&isFromPublicArea=True&isModal=true&asPopupView=true'},900474727,MINISTERIO DE SALUD Y PROTECCIÓN SOCIAL,Nacional,Salud y Protección Social,Distrito Capital de Bogotá,Prestación de servicios,Contratación directa,False,2026-01-18,2026-01-20,2026-06-19,37500000.0,En ejecución,2026,individual_professional_ai,0.9,False,True,False,False,False,False,False,
CO1.PCCNTR.4523674,CO1.BDOS.3886385,{'url': 'https://community.secop.gov.co/Public/Tendering/OpportunityDetail/Index?noticeUID=CO1.NTC.3887656&isFromPublicArea=True&isModal=true&asPopupView=true'},899999011,DEPARTAMENTO NACIONAL DE PLANEACIÓN,Nacional,Planeación,Distrito Capital de Bogotá,Prestación de servicios,Contratación directa,False,2023-01-31,2023-02-02,2023-06-01,35280000.0,Cerrado,2023,individual_professional_ai,0.78,False,True,False,False,False,False,False,
CO1.PCCNTR.8056283,CO1.BDOS.8284239,{'url': 'https://community.secop.gov.co/Public/Tendering/OpportunityDetail/Index?noticeUID=CO1.NTC.8310718&isFromPublicArea=True&isModal=true&asPopupView=true'},900474727,MINISTERIO DE SALUD Y PROTECCIÓN SOCIAL,Nacional,Salud y Protección Social,Distrito Capital de Bogotá,Prestación de servicios,Mínima cuantía,True,2025-07-08,2025-07-14,2025-12-13,32200000.0,Modificado,2025,ai_product_or_platform,0.86,False,True,True,True,True,True,True,
CO1.PCCNTR.6420250,CO1.BDOS.6240876,{'url': 'https://community.secop.gov.co/Public/Tendering/OpportunityDetail/Index?noticeUID=CO1.NTC.6250814&isFromPublicArea=True&isModal=true&asPopupView=true'},800072977,FONDO ROTATORIO DEL DANE (FONDANE),Nacional,Información Estadística,Distrito Capital de Bogotá,Prestación de servicios,Contratación directa,False,2024-06-11,2024-06-11,2024-12-10,14684000.0,Cerrado,2024,incidental,0.91,False,True,False,False,False,False,False,
CO1.PCCNTR.4398138,CO1.BDOS.3748836,{'url': 'https://community.secop.gov.co/Public/Tendering/OpportunityDetail/Index?noticeUID=CO1.NTC.3752338&isFromPublicArea=True&isModal=true&asPopupView=true'},899999061,SECRETARÍA GENERAL DE LA ALCALDÍA MAYOR DE BOGOTÁ,Territorial,Servicio Público,Distrito Capital de Bogotá,Prestación de servicios,Contratación directa,False,2023-01-13,2023-01-16,2024-01-12,103807841.0,Modificado,2023,incidental,0.93,False,True,False,False,False,False,False,
CO1.PCCNTR.9834548,CO1.BDOS.10702186,{'url': 'https://community.secop.gov.co/Public/Tendering/OpportunityDetail/Index?noticeUID=CO1.NTC.10740871&isFromPublicArea=True&isModal=true&asPopupView=true'},891900272,Departamento Administrativo TIC - Alcaldía de Tuluá,Territorial,Servicio Público,Valle del Cauca,Prestación de servicios,Contratación directa,False,2026-08-20,,2026-12-15,11448000.0,Aprobado,2026,unclear,0.83,False,True,False,False,False,False,False,unclear_label
CO1.PCCNTR.8435919,CO1.BDOS.8897924,{'url': 'https://community.secop.gov.co/Public/Tendering/OpportunityDetail/Index?noticeUID=CO1.NTC.8923313&isFromPublicArea=True&isModal=true&asPopupView=true'},824000543,HOSPITAL JORGE ISAAC RINCON TORRES,Nacional,defensa,Cesar,Decreto 092 de 2017,Contratación régimen especial,True,2025-10-09,2025-10-10,2025-12-28,14301420.0,En ejecución,2025,ai_product_or_platform,0.77,False,True,True,True,True,True,True,core_low_conf
CO1.PCCNTR.6356575,CO1.BDOS.6156108,{'url': 'https://community.secop.gov.co/Public/Tendering/OpportunityDetail/Index?noticeUID=CO1.NTC.6164476&isFromPublicArea=True&isModal=true&asPopupView=true'},800072977,FONDO ROTATORIO DEL DANE (FONDANE),Nacional,Información Estadística,Distrito Capital de Bogotá,Prestación de servicios,Contratación directa,False,2024-05-23,2024-06-12,2024-12-11,14684000.0,Cerrado,2024,incidental,0.84,False,True,False,False,False,False,False,
CO1.PCCNTR.8619164,CO1.BDOS.9134161,{'url': 'https://community.secop.gov.co/Public/Tendering/OpportunityDetail/Index?noticeUID=CO1.NTC.9167866&isFromPublicArea=True&isModal=true&asPopupView=true'},900457461,MINISTERIO DE JUSTICIA Y DEL DERECHO.,Nacional,Ley de Justicia,Distrito Capital de Bogotá,Compraventa,Contratación directa,True,2025-11-25,2025-11-26,2025-12-31,26408097.0,En ejecución,2025,incidental,0.87,False,True,False,False,False,False,False,
CO1.PCCNTR.6654452,CO1.BDOS.6556291,{'url': 'https://community.secop.gov.co/Public/Tendering/OpportunityDetail/Index?noticeUID=CO1.NTC.6566638&isFromPublicArea=True&isModal=true&asPopupView=true'},829001846,EMPRESA SOCIAL DEL ESTADO BARRANCABERMEJA,Territorial,Salud y Protección Social,No Definido,Decreto 092 de 2017,Contratación régimen especial,True,2024-08-16,2024-08-16,2024-12-30,180434903.0,En ejecución,2024,ai_product_or_platform,0.76,False,True,True,True,True,True,True,core_low_conf
CO1.PCCNTR.8251912,CO1.BDOS.8652764,{'url': 'https://community.secop.gov.co/Public/Tendering/OpportunityDetail/Index?noticeUID=CO1.NTC.8677858&isFromPublicArea=True&isModal=true&asPopupView=true'},890480059,GOBERNACIÓN DE BOLÍVAR//,Territorial,Servicio Público,Bolívar,Otro,Contratación directa,True,2025-09-01,,2025-12-31,500000000.0,Aprobado,2025,ai_development_service,0.94,False,True,True,True,True,True,True,
CO1.PCCNTR.6435729,CO1.BDOS.6244327,{'url': 'https://community.secop.gov.co/Public/Tendering/OpportunityDetail/Index?noticeUID=CO1.NTC.6271575&isFromPublicArea=True&isModal=true&asPopupView=true'},800072977,FONDANE - DIRECCION TERRITORIAL CENTRO,Nacional,Información Estadística,Distrito Capital de Bogotá,Prestación de servicios,Contratación directa,False,2024-06-17,2024-06-18,2024-12-30,15724000.0,Cerrado,2024,incidental,0.93,False,True,False,False,False,False,False,
CO1.PCCNTR.4392144,CO1.BDOS.3739088,{'url': 'https://community.secop.gov.co/Public/Tendering/OpportunityDetail/Index?noticeUID=CO1.NTC.3743021&isFromPublicArea=True&isModal=true&asPopupView=true'},899999061,SECRETARÍA GENERAL DE LA ALCALDÍA MAYOR DE BOGOTÁ,Territorial,Servicio Público,Distrito Capital de Bogotá,Prestación de servicios,Contratación directa,False,2023-01-12,2023-01-16,2023-12-30,100318502.0,cedido,2023,incidental,0.95,False,True,False,False,False,False,False,
CO1.PCCNTR.8767299,CO1.BDOS.9368596,{'url': 'https://community.secop.gov.co/Public/Tendering/OpportunityDetail/Index?noticeUID=CO1.NTC.9383582&isFromPublicArea=True&isModal=true&asPopupView=true'},829001846,EMPRESA SOCIAL DEL ESTADO BARRANCABERMEJA,Territorial,Salud y Protección Social,No Definido,Decreto 092 de 2017,Contratación régimen especial,True,2026-01-06,2026-01-08,2026-10-07,566258778.0,Modificado,2026,cloud_or_software_nonAI,0.83,False,True,False,True,False,True,False,cloud_label_but_AI_text
CO1.PCCNTR.8952576,CO1.BDOS.9572730,{'url': 'https://community.secop.gov.co/Public/Tendering/OpportunityDetail/Index?noticeUID=CO1.NTC.9586308&isFromPublicArea=True&isModal=true&asPopupView=true'},899999061,SECRETARÍA GENERAL DE LA ALCALDÍA MAYOR DE BOGOTÁ,Territorial,Servicio Público,Distrito Capital de Bogotá,Prestación de servicios,Contratación directa,False,2026-01-20,2026-01-20,2026-12-30,98862720.0,En ejecución,2026,individual_professional_ai,0.78,False,True,False,False,False,False,False,
CO1.PCCNTR.6336678,CO1.BDOS.6128966,{'url': 'https://community.secop.gov.co/Public/Tendering/OpportunityDetail/Index?noticeUID=CO1.NTC.6137521&isFromPublicArea=True&isModal=true&asPopupView=true'},829001846,EMPRESA SOCIAL DEL ESTADO BARRANCABERMEJA,Territorial,Salud y Protección Social,No Definido,Decreto 092 de 2017,Contratación régimen especial,True,2024-05-16,2024-05-16,2024-08-15,101198509.0,Modificado,2024,ai_product_or_platform,0.84,False,True,True,True,True,True,True,core_low_conf
CO1.PCCNTR.6583693,CO1.BDOS.6447442,{'url': 'https://community.secop.gov.co/Public/Tendering/OpportunityDetail/Index?noticeUID=CO1.NTC.6469305&isFromPublicArea=True&isModal=true&asPopupView=true'},899999061,SECRETARÍA GENERAL DE LA ALCALDÍA MAYOR DE BOGOTÁ,Territorial,Servicio Público,Distrito Capital de Bogotá,Otro,Contratación Directa (con ofertas),True,2024-07-31,2024-07-31,2025-05-31,319974540.0,terminado,2024,cloud_or_software_nonAI,0.84,False,True,False,True,False,True,False,cloud_label_but_AI_text
CO1.PCCNTR.6435927,CO1.BDOS.6256686,{'url': 'https://community.secop.gov.co/Public/Tendering/OpportunityDetail/Index?noticeUID=CO1.NTC.6271768&isFromPublicArea=True&isModal=true&asPopupView=true'},800072977,FONDANE - DIRECCION TERRITORIAL CENTRO,Nacional,Información Estadística,Distrito Capital de Bogotá,Prestación de servicios,Contratación directa,False,2024-06-17,2024-06-18,2024-12-30,15724000.0,Cerrado,2024,incidental,0.89,False,True,False,False,False,False,False,
CO1.PCCNTR.6370846,CO1.BDOS.6019635,{'url': 'https://community.secop.gov.co/Public/Tendering/OpportunityDetail/Index?noticeUID=CO1.NTC.6035205&isFromPublicArea=True&isModal=true&asPopupView=true'},800194096,INSTITUTO DE DEPORTES Y RECREACION DE MEDELLIN,Territorial,deportes,Antioquia,Prestación de servicios,Mínima cuantía,True,2024-05-27,2024-05-27,2024-06-11,10850000.0,En ejecución,2024,ai_product_or_platform,0.78,False,True,True,True,True,True,True,core_low_conf
CO1.PCCNTR.8508729,CO1.BDOS.8991314,{'url': 'https://community.secop.gov.co/Public/Tendering/OpportunityDetail/Index?noticeUID=CO1.NTC.9020666&isFromPublicArea=True&isModal=true&asPopupView=true'},900474727,MINSALUD,Nacional,Salud y Protección Social,Distrito Capital de Bogotá,Prestación de servicios,Contratación directa,False,2025-10-29,2025-10-30,2025-12-30,6930000.0,En ejecución,2025,individual_professional_ai,0.84,False,True,False,False,False,False,False,
CO1.PCCNTR.7015205,CO1.BDOS.6961216,{'url': 'https://community.secop.gov.co/Public/Tendering/OpportunityDetail/Index?noticeUID=CO1.NTC.7001649&isFromPublicArea=True&isModal=true&asPopupView=true'},891900272,Departamento Administrativo TIC - Alcaldía de Tuluá,Territorial,Servicio Público,Valle del Cauca,Prestación de servicios,Mínima cuantía,True,2024-11-20,2024-11-21,2024-12-30,3977500.0,Cerrado,2024,ai_product_or_platform,0.78,False,True,True,True,True,True,True,core_low_conf
CO1.PCCNTR.7776267,CO1.BDOS.7968325,{'url': 'https://community.secop.gov.co/Public/Tendering/OpportunityDetail/Index?noticeUID=CO1.NTC.7985687&isFromPublicArea=True&isModal=true&asPopupView=true'},899999081,INSTITUTO DE DESARROLLO URBANO,Territorial,No aplica/No pertenece,Distrito Capital de Bogotá,Prestación de servicios,Contratación directa,True,2025-04-11,2025-04-23,2026-07-22,89885151.0,Modificado,2025,ai_product_or_platform,0.98,False,True,True,True,True,True,True,
CO1.PCCNTR.8807250,CO1.BDOS.9422427,{'url': 'https://community.secop.gov.co/Public/Tendering/OpportunityDetail/Index?noticeUID=CO1.NTC.9436551&isFromPublicArea=True&isModal=true&asPopupView=true'},899999061,SECRETARÍA GENERAL DE LA ALCALDÍA MAYOR DE BOGOTÁ,Territorial,Servicio Público,Distrito Capital de Bogotá,Prestación de servicios,Contratación directa,False,2026-01-09,2026-01-13,2026-12-27,150033600.0,En ejecución,2026,individual_professional_ai,0.69,False,True,False,False,False,False,False,
CO1.PCCNTR.8236117,CO1.BDOS.8459917,{'url': 'https://community.secop.gov.co/Public/Tendering/OpportunityDetail/Index?noticeUID=CO1.NTC.8542337&isFromPublicArea=True&isModal=true&asPopupView=true'},830000602,"INSTITUTO DE HIDROLOGIA, METEOROLOGÍA Y ESTUDIOS AMBIENTALES",Nacional,Ambiente y Desarrollo Sostenible,Distrito Capital de Bogotá,Prestación de servicios,Selección abreviada subasta inversa,True,2025-08-26,2025-08-29,2025-11-30,53015000.0,En ejecución,2025,ai_product_or_platform,0.82,False,True,True,True,True,True,True,core_low_conf
CO1.PCCNTR.7175342,CO1.BDOS.7154038,{'url': 'https://community.secop.gov.co/Public/Tendering/OpportunityDetail/Index?noticeUID=CO1.NTC.7181508&isFromPublicArea=True&isModal=true&asPopupView=true'},8001136727,GOBIERNO DEPARTAMENTAL,Territorial,Servicio Público,Tolima,Prestación de servicios,Mínima cuantía,True,2024-12-30,2025-01-07,2025-01-16,95000000.0,terminado,2024,ai_development_service,0.88,False,True,True,True,True,True,True,
CO1.PCCNTR.7355304,CO1.BDOS.7463358,{'url': 'https://community.secop.gov.co/Public/Tendering/OpportunityDetail/Index?noticeUID=CO1.NTC.7477785&isFromPublicArea=True&isModal=true&asPopupView=true'},819004070,ALEJANDRO PROSPERO REVEREND E.S.E.,Territorial,Salud y Protección Social,Magdalena,Prestación de servicios,Contratación régimen especial,True,2025-01-29,2025-01-29,2025-03-30,13387500.0,En ejecución,2025,incidental,0.93,False,True,False,False,False,False,False,
CO1.PCCNTR.5874491,CO1.BDOS.5565322,{'url': 'https://community.secop.gov.co/Public/Tendering/OpportunityDetail/Index?noticeUID=CO1.NTC.5573188&isFromPublicArea=True&isModal=true&asPopupView=true'},899999061,SECRETARÍA GENERAL DE LA ALCALDÍA MAYOR DE BOGOTÁ,Territorial,Servicio Público,Distrito Capital de Bogotá,Prestación de servicios,Contratación directa,False,2024-02-02,2024-02-05,2024-04-04,17970096.0,En ejecución,2024,incidental,0.94,False,True,False,False,False,False,False,
CO1.PCCNTR.6674510,CO1.BDOS.6580670,{'url': 'https://community.secop.gov.co/Public/Tendering/OpportunityDetail/Index?noticeUID=CO1.NTC.6592619&isFromPublicArea=True&isModal=true&asPopupView=true'},899999061,SECRETARÍA GENERAL DE LA ALCALDÍA MAYOR DE BOGOTÁ,Territorial,Servicio Público,Distrito Capital de Bogotá,Prestación de servicios,Contratación directa,False,2024-08-23,2024-08-26,2024-12-31,38336205.0,Cerrado,2024,individual_professional_ai,0.84,False,True,False,False,False,False,False,
CO1.PCCNTR.6380956,CO1.BDOS.6182810,{'url': 'https://community.secop.gov.co/Public/Tendering/OpportunityDetail/Index?noticeUID=CO1.NTC.6195627&isFromPublicArea=True&isModal=true&asPopupView=true'},899999061,SECRETARÍA GENERAL DE LA ALCALDÍA MAYOR DE BOGOTÁ,Territorial,Servicio Público,Distrito Capital de Bogotá,Otro,Contratación Directa (con ofertas),True,2024-05-29,2024-05-31,2024-07-29,229551311.0,Modificado,2024,ai_product_or_platform,0.68,False,True,True,True,True,True,True,core_low_conf
CO1.PCCNTR.6891279,CO1.BDOS.6869233,{'url': 'https://community.secop.gov.co/Public/Tendering/OpportunityDetail/Index?noticeUID=CO1.NTC.6878963&isFromPublicArea=True&isModal=true&asPopupView=true'},899999061,SECRETARÍA GENERAL DE LA ALCALDÍA MAYOR DE BOGOTÁ,Territorial,Servicio Público,Distrito Capital de Bogotá,Prestación de servicios,Contratación directa,False,2024-10-11,2024-10-15,2025-01-19,38799074.0,Cerrado,2024,individual_professional_ai,0.82,False,True,False,False,False,False,False,
CO1.PCCNTR.9159410,CO1.BDOS.9771685,{'url': 'https://community.secop.gov.co/Public/Tendering/OpportunityDetail/Index?noticeUID=CO1.NTC.9791340&isFromPublicArea=True&isModal=true&asPopupView=true'},890680053,EMPRESA DE SERVICIOS PÚBLICOS DE FUSAGASUGÁ,Territorial,"Vivienda, Ciudad y Territorio",Cundinamarca,Decreto 092 de 2017,Contratación régimen especial,False,2026-01-27,2026-01-28,2026-12-28,33000000.0,En ejecución,2026,incidental,0.76,False,True,False,False,False,False,False,
CO1.PCCNTR.6332834,CO1.BDOS.5866455,{'url': 'https://community.secop.gov.co/Public/Tendering/OpportunityDetail/Index?noticeUID=CO1.NTC.6130419&isFromPublicArea=True&isModal=true&asPopupView=true'},800072977,FONDANE - DIR TER NOROCCIDENTE,Nacional,Información Estadística,Antioquia,Prestación de servicios,Contratación directa,False,2024-05-22,2024-06-18,2024-12-31,15826400.0,Cerrado,2024,incidental,0.94,False,True,False,False,False,False,False,
CO1.PCCNTR.7654051,CO1.BDOS.7817873,{'url': 'https://community.secop.gov.co/Public/Tendering/OpportunityDetail/Index?noticeUID=CO1.NTC.7836697&isFromPublicArea=True&isModal=true&asPopupView=true'},800006850,empresa social del estado región de salud soacha.,Territorial,Salud y Protección Social,Cundinamarca,Prestación de servicios,Contratación régimen especial,True,2025-03-14,2025-03-17,2025-05-31,45000000.0,En ejecución,2025,ai_product_or_platform,0.73,False,True,True,True,True,True,True,core_low_conf
CO1.PCCNTR.6662679,CO1.BDOS.6568004,{'url': 'https://community.secop.gov.co/Public/Tendering/OpportunityDetail/Index?noticeUID=CO1.NTC.6577145&isFromPublicArea=True&isModal=true&asPopupView=true'},899999061,SECRETARÍA GENERAL DE LA ALCALDÍA MAYOR DE BOGOTÁ,Territorial,Servicio Público,Distrito Capital de Bogotá,Prestación de servicios,Contratación directa,False,2024-08-20,2024-08-21,2024-12-31,53266632.0,Cerrado,2024,individual_professional_ai,0.74,False,True,False,False,False,False,False,
CO1.PCCNTR.8961446,CO1.BDOS.9577075,{'url': 'https://community.secop.gov.co/Public/Tendering/OpportunityDetail/Index?noticeUID=CO1.NTC.9593759&isFromPublicArea=True&isModal=true&asPopupView=true'},900474727,MINISTERIO DE SALUD Y PROTECCIÓN SOCIAL,Nacional,Salud y Protección Social,Distrito Capital de Bogotá,Prestación de servicios,Contratación directa,False,2026-01-18,2026-01-20,2026-06-19,15000000.0,En ejecución,2026,individual_professional_ai,0.76,False,True,False,False,False,False,False,
CO1.PCCNTR.6172528,CO1.BDOS.5920095,{'url': 'https://community.secop.gov.co/Public/Tendering/OpportunityDetail/Index?noticeUID=CO1.NTC.5930080&isFromPublicArea=True&isModal=true&asPopupView=true'},899999061,SECRETARÍA GENERAL DE LA ALCALDÍA MAYOR DE BOGOTÁ,Territorial,Servicio Público,Distrito Capital de Bogotá,Prestación de servicios,Contratación directa,False,2024-04-04,2024-04-05,2024-07-31,34742186.0,Modificado,2024,incidental,0.95,False,True,False,False,False,False,False,
CO1.PCCNTR.6684143,CO1.BDOS.6596604,{'url': 'https://community.secop.gov.co/Public/Tendering/OpportunityDetail/Index?noticeUID=CO1.NTC.6605239&isFromPublicArea=True&isModal=true&asPopupView=true'},899999061,SECRETARÍA GENERAL DE LA ALCALDÍA MAYOR DE BOGOTÁ,Territorial,Servicio Público,Distrito Capital de Bogotá,Prestación de servicios,Contratación directa,False,2024-08-27,2024-08-27,2024-12-31,38336205.0,Cerrado,2024,individual_professional_ai,0.94,False,True,False,False,False,False,False,
CO1.PCCNTR.7809378,CO1.BDOS.8012982,{'url': 'https://community.secop.gov.co/Public/Tendering/OpportunityDetail/Index?noticeUID=CO1.NTC.8034021&isFromPublicArea=True&isModal=true&asPopupView=true'},802000339,CORPORACIÓN AUTÓNOMA REGIONAL DEL ATLÁNTICO,Corporación Autónoma,agricultura,Atlántico,Prestación de servicios,Contratación directa,True,2025-04-25,2025-04-30,2025-07-26,70999949.0,Modificado,2025,ai_development_service,0.98,True,True,True,True,True,True,True,
CO1.PCCNTR.7248934,CO1.BDOS.7335647,{'url': 'https://community.secop.gov.co/Public/Tendering/OpportunityDetail/Index?noticeUID=CO1.NTC.7352644&isFromPublicArea=True&isModal=true&asPopupView=true'},899999034,SERVICIO NACIONAL DE APRENDIZAJE SENA REGIONAL SAN ANDRES,Nacional,Educación Nacional,"San Andrés, Providencia y Santa Catalina",Prestación de servicios,Contratación directa,False,2025-01-20,2025-01-21,2025-12-31,35007633.0,En ejecución,2025,incidental,0.88,False,True,False,False,False,False,False,
CO1.PCCNTR.6435535,CO1.BDOS.6260241,{'url': 'https://community.secop.gov.co/Public/Tendering/OpportunityDetail/Index?noticeUID=CO1.NTC.6271849&isFromPublicArea=True&isModal=true&asPopupView=true'},800072977,FONDANE - DIRECCION TERRITORIAL CENTRO,Nacional,Información Estadística,Distrito Capital de Bogotá,Prestación de servicios,Contratación directa,False,2024-06-17,2024-06-18,2024-12-30,15724000.0,Cerrado,2024,incidental,0.94,False,True,False,False,False,False,False,
CO1.PCCNTR.5527224,CO1.BDOS.5067319,{'url': 'https://community.secop.gov.co/Public/Tendering/OpportunityDetail/Index?noticeUID=CO1.NTC.5085832&isFromPublicArea=True&isModal=true&asPopupView=true'},899999433,MUNICIPIO DE FUNZA - ALCALDÍA DE FUNZA,Territorial,Servicio Público,Cundinamarca,Compraventa,Mínima cuantía,True,2023-11-08,2023-11-16,2023-12-15,34548820.0,Modificado,2023,unclear,0.88,False,True,False,False,True,True,False,unclear_label
CO1.PCCNTR.6415742,CO1.BDOS.6234956,{'url': 'https://community.secop.gov.co/Public/Tendering/OpportunityDetail/Index?noticeUID=CO1.NTC.6244373&isFromPublicArea=True&isModal=true&asPopupView=true'},800072977,FONDO ROTATORIO DEL DANE FONDANE-SUROCCIDENTE,Nacional,Información Estadística,Valle del Cauca,Prestación de servicios,Contratación directa,False,2024-06-12,2024-06-12,2024-12-31,16316000.0,Cerrado,2024,incidental,0.93,False,True,False,False,False,False,False,
CO1.PCCNTR.5035318,CO1.BDOS.4505826,{'url': 'https://community.secop.gov.co/Public/Tendering/OpportunityDetail/Index?noticeUID=CO1.NTC.4512232&isFromPublicArea=True&isModal=true&asPopupView=true'},899999011,DEPARTAMENTO NACIONAL DE PLANEACIÓN,Nacional,Planeación,Distrito Capital de Bogotá,Prestación de servicios,Contratación directa,False,2023-06-02,2023-06-05,2023-12-31,61446000.0,Cerrado,2023,individual_professional_ai,0.72,False,True,False,False,False,False,False,
CO1.PCCNTR.8557152,CO1.BDOS.9059034,{'url': 'https://community.secop.gov.co/Public/Tendering/OpportunityDetail/Index?noticeUID=CO1.NTC.9084351&isFromPublicArea=True&isModal=true&asPopupView=true'},901508361,"AGENCIA DISTRITAL PARA LA EDUCACIÓN SUPERIOR, LA CIENCIA Y LA TECNOLOGÍA, ATENEA",Territorial,Educación Nacional,Distrito Capital de Bogotá,Otro,Contratación directa,True,2025-11-07,2025-11-07,2026-10-06,420219196.37,Modificado,2025,unclear,0.72,False,True,False,False,True,True,False,unclear_label
CO1.PCCNTR.6443612,CO1.BDOS.6272525,{'url': 'https://community.secop.gov.co/Public/Tendering/OpportunityDetail/Index?noticeUID=CO1.NTC.6282153&isFromPublicArea=True&isModal=true&asPopupView=true'},800072977,FONDO ROTATORIO DEL DANE FONDANE-SUROCCIDENTE,Nacional,Información Estadística,Valle del Cauca,Prestación de servicios,Contratación directa,False,2024-06-18,2024-06-18,2024-12-31,15826400.0,Cerrado,2024,incidental,0.94,False,True,False,False,False,False,False,
CO1.PCCNTR.5592951,CO1.BDOS.5219252,{'url': 'https://community.secop.gov.co/Public/Tendering/OpportunityDetail/Index?noticeUID=CO1.NTC.5234517&isFromPublicArea=True&isModal=true&asPopupView=true'},900457461,MINISTERIO DE JUSTICIA Y DEL DERECHO.,Nacional,Ley de Justicia,Distrito Capital de Bogotá,Prestación de servicios,Contratación directa,True,2023-11-28,2023-11-30,2023-12-31,22601529.0,terminado,2023,ai_product_or_platform,0.78,False,True,True,True,True,True,True,core_low_conf
CO1.PCCNTR.4397364,CO1.BDOS.3748142,{'url': 'https://community.secop.gov.co/Public/Tendering/OpportunityDetail/Index?noticeUID=CO1.NTC.3751835&isFromPublicArea=True&isModal=true&asPopupView=true'},899999061,SECRETARÍA GENERAL DE LA ALCALDÍA MAYOR DE BOGOTÁ,Territorial,Servicio Público,Distrito Capital de Bogotá,Prestación de servicios,Contratación directa,False,2023-01-13,2023-01-17,2023-12-30,118214591.0,Modificado,2023,incidental,0.91,False,True,False,False,False,False,False,
CO1.PCCNTR.6420601,CO1.BDOS.6241224,{'url': 'https://community.secop.gov.co/Public/Tendering/OpportunityDetail/Index?noticeUID=CO1.NTC.6251009&isFromPublicArea=True&isModal=true&asPopupView=true'},800072977,FONDO ROTATORIO DEL DANE (FONDANE),Nacional,Información Estadística,Distrito Capital de Bogotá,Prestación de servicios,Contratación directa,False,2024-06-11,2024-06-11,2024-12-31,16416000.0,Cerrado,2024,incidental,0.94,False,True,False,False,False,False,False,
CO1.PCCNTR.4977857,CO1.BDOS.4433979,{'url': 'https://community.secop.gov.co/Public/Tendering/OpportunityDetail/Index?noticeUID=CO1.NTC.4437447&isFromPublicArea=True&isModal=true&asPopupView=true'},890399011,CONCEJO DISTRITAL DE SANTIAGO DE CALI,Territorial,No aplica/No pertenece,Valle del Cauca,Prestación de servicios,Contratación directa,True,2023-05-18,2023-05-18,2023-12-31,59990000.0,terminado,2023,incidental,0.91,False,True,False,False,False,False,False,
CO1.PCCNTR.8524713,CO1.BDOS.9013416,{'url': 'https://community.secop.gov.co/Public/Tendering/OpportunityDetail/Index?noticeUID=CO1.NTC.9041895&isFromPublicArea=True&isModal=true&asPopupView=true'},900474727,MINSALUD,Nacional,Salud y Protección Social,Distrito Capital de Bogotá,Prestación de servicios,Contratación directa,False,2025-10-31,2025-11-10,2025-12-30,8880174.0,En ejecución,2025,individual_professional_ai,0.85,False,True,False,False,False,False,False,
CO1.PCCNTR.8675363,CO1.BDOS.9219875,{'url': 'https://community.secop.gov.co/Public/Tendering/OpportunityDetail/Index?noticeUID=CO1.NTC.9246782&isFromPublicArea=True&isModal=true&asPopupView=true'},8001136727,GOBIERNO DEPARTAMENTAL,Territorial,Servicio Público,Tolima,Otro,Contratación directa,True,2025-12-04,2025-12-18,2026-04-17,30000000.0,Modificado,2025,incidental,0.82,False,True,False,False,False,False,False,incidental_low_conf_AI_text
CO1.PCCNTR.6379777,CO1.BDOS.6161413,{'url': 'https://community.secop.gov.co/Public/Tendering/OpportunityDetail/Index?noticeUID=CO1.NTC.6195797&isFromPublicArea=True&isModal=true&asPopupView=true'},800072977,FONDO ROTATORIO DEL DANE (FONDANE),Nacional,Información Estadística,Distrito Capital de Bogotá,Prestación de servicios,Contratación directa,False,2024-05-30,2024-06-12,2024-12-11,14684000.0,Cerrado,2024,incidental,0.94,False,True,False,False,False,False,False,
CO1.PCCNTR.5806274,CO1.BDOS.5496722,{'url': 'https://community.secop.gov.co/Public/Tendering/OpportunityDetail/Index?noticeUID=CO1.NTC.5505541&isFromPublicArea=True&isModal=true&asPopupView=true'},890399011,CONCEJO DISTRITAL DE SANTIAGO DE CALI,Territorial,No aplica/No pertenece,Valle del Cauca,Prestación de servicios,Contratación directa,True,2024-01-25,2024-01-25,2024-12-31,85348700.0,Cerrado,2024,incidental,0.91,False,True,False,False,False,False,False,
CO1.PCCNTR.4409579,CO1.BDOS.3764568,{'url': 'https://community.secop.gov.co/Public/Tendering/OpportunityDetail/Index?noticeUID=CO1.NTC.3767424&isFromPublicArea=True&isModal=true&asPopupView=true'},899999061,SECRETARÍA GENERAL DE LA ALCALDÍA MAYOR DE BOGOTÁ,Territorial,Servicio Público,Distrito Capital de Bogotá,Prestación de servicios,Contratación directa,False,2023-01-16,2023-01-17,2023-12-30,108211816.0,Modificado,2023,incidental,0.91,False,True,False,False,False,False,False,
CO1.PCCNTR.5286748,CO1.BDOS.4818579,{'url': 'https://community.secop.gov.co/Public/Tendering/OpportunityDetail/Index?noticeUID=CO1.NTC.4826889&isFromPublicArea=True&isModal=true&asPopupView=true'},830000602,"INSTITUTO DE HIDROLOGIA, METEOROLOGÍA Y ESTUDIOS AMBIENTALES",Nacional,Ambiente y Desarrollo Sostenible,Distrito Capital de Bogotá,Prestación de servicios,Contratación directa,False,2023-08-09,2023-08-09,2023-12-30,10857000.0,Cerrado,2023,incidental,0.87,False,True,False,False,False,False,False,
CO1.PCCNTR.4850424,CO1.BDOS.4271544,{'url': 'https://community.secop.gov.co/Public/Tendering/OpportunityDetail/Index?noticeUID=CO1.NTC.4274573&isFromPublicArea=True&isModal=true&asPopupView=true'},890399011,SANTIAGO DE CALI DISTRITO ESPECIAL - DEPARTAMENTO ADMINISTRATIVO DE HACIENDA,Territorial,Hacienda y Crédito Público,Valle del Cauca,Prestación de servicios,Contratación directa,True,2023-04-14,2023-04-14,2023-12-29,1440000000.0,En ejecución,2023,ai_product_or_platform,0.82,False,True,True,True,True,True,True,core_low_conf
CO1.PCCNTR.6392167,CO1.BDOS.6202017,{'url': 'https://community.secop.gov.co/Public/Tendering/OpportunityDetail/Index?noticeUID=CO1.NTC.6210622&isFromPublicArea=True&isModal=true&asPopupView=true'},800072977,FONDO ROTATORIO DEL DANE (FONDANE),Nacional,Información Estadística,Distrito Capital de Bogotá,Prestación de servicios,Contratación directa,False,2024-05-31,2024-06-12,2024-12-11,14684000.0,Cerrado,2024,incidental,0.93,False,True,False,False,False,False,False,
CO1.PCCNTR.7436354,CO1.BDOS.7554494,{'url': 'https://community.secop.gov.co/Public/Tendering/OpportunityDetail/Index?noticeUID=CO1.NTC.7567927&isFromPublicArea=True&isModal=true&asPopupView=true'},890399011,CONCEJO DISTRITAL DE SANTIAGO DE CALI,Territorial,No aplica/No pertenece,Valle del Cauca,Prestación de servicios,Contratación directa,True,2025-02-11,2025-02-13,2025-06-30,44000000.0,terminado,2025,incidental,0.91,False,True,False,False,False,False,False,
CO1.PCCNTR.6580687,CO1.BDOS.6456257,{'url': 'https://community.secop.gov.co/Public/Tendering/OpportunityDetail/Index?noticeUID=CO1.NTC.6466079&isFromPublicArea=True&isModal=true&asPopupView=true'},899999061,SECRETARÍA GENERAL DE LA ALCALDÍA MAYOR DE BOGOTÁ,Territorial,Servicio Público,Distrito Capital de Bogotá,Prestación de servicios,Contratación directa,False,2024-07-31,2024-08-02,2024-09-16,72901415.0,Cerrado,2024,individual_professional_ai,0.77,False,True,False,False,False,False,False,
CO1.PCCNTR.6406966,CO1.BDOS.6222513,{'url': 'https://community.secop.gov.co/Public/Tendering/OpportunityDetail/Index?noticeUID=CO1.NTC.6231511&isFromPublicArea=True&isModal=true&asPopupView=true'},800072977,FONDO ROTATORIO DEL DANE - FONDANE - DIRECCIÓN TERRITORIAL CENTRO OCCIDENTE,Nacional,Información Estadística,Caldas,Prestación de servicios,Contratación directa,False,2024-06-07,2024-06-18,2024-12-30,15744800.0,Cerrado,2024,incidental,0.91,False,True,False,False,False,False,False,
CO1.PCCNTR.5528464,CO1.BDOS.5093934,{'url': 'https://community.secop.gov.co/Public/Tendering/OpportunityDetail/Index?noticeUID=CO1.NTC.5108509&isFromPublicArea=True&isModal=true&asPopupView=true'},899999054,ESAP SEDE CENTRAL (Cuenta Oficial),Nacional,Servicio Público,Distrito Capital de Bogotá,Compraventa,Mínima cuantía,True,2023-11-14,2023-11-15,2023-12-31,28667500.0,terminado,2023,unclear,0.78,False,True,False,False,True,True,False,unclear_label
CO1.PCCNTR.6420602,CO1.BDOS.6240976,{'url': 'https://community.secop.gov.co/Public/Tendering/OpportunityDetail/Index?noticeUID=CO1.NTC.6250785&isFromPublicArea=True&isModal=true&asPopupView=true'},800072977,FONDO ROTATORIO DEL DANE (FONDANE),Nacional,Información Estadística,Distrito Capital de Bogotá,Prestación de servicios,Contratación directa,False,2024-06-11,2024-06-11,2024-12-31,16416000.0,Cerrado,2024,incidental,0.94,False,True,False,False,False,False,False,
CO1.PCCNTR.8512972,CO1.BDOS.8993601,{'url': 'https://community.secop.gov.co/Public/Tendering/OpportunityDetail/Index?noticeUID=CO1.NTC.9026707&isFromPublicArea=True&isModal=true&asPopupView=true'},900474727,MINSALUD,Nacional,Salud y Protección Social,Distrito Capital de Bogotá,Prestación de servicios,Contratación directa,False,2025-10-30,2025-11-04,2025-12-30,19530000.0,En ejecución,2025,individual_professional_ai,0.88,False,True,False,False,False,False,False,
CO1.PCCNTR.7582812,CO1.BDOS.7730437,{'url': 'https://community.secop.gov.co/Public/Tendering/OpportunityDetail/Index?noticeUID=CO1.NTC.7744560&isFromPublicArea=True&isModal=true&asPopupView=true'},899999061,SECRETARÍA GENERAL DE LA ALCALDÍA MAYOR DE BOGOTÁ,Territorial,Servicio Público,Distrito Capital de Bogotá,Prestación de servicios,Contratación directa,False,2025-02-28,2025-03-04,2025-12-31,83474820.0,cedido,2025,individual_professional_ai,0.72,False,True,False,False,False,False,False,
CO1.PCCNTR.6302940,CO1.BDOS.5866181,{'url': 'https://community.secop.gov.co/Public/Tendering/OpportunityDetail/Index?noticeUID=CO1.NTC.6089514&isFromPublicArea=True&isModal=true&asPopupView=true'},800072977,FONDANE - DIR TER NOROCCIDENTE,Nacional,Información Estadística,Antioquia,Prestación de servicios,Contratación directa,False,2024-05-09,2024-06-18,2024-12-31,15826400.0,Cerrado,2024,incidental,0.88,False,True,False,False,False,False,False,
CO1.PCCNTR.9177755,CO1.BDOS.9773761,{'url': 'https://community.secop.gov.co/Public/Tendering/OpportunityDetail/Index?noticeUID=CO1.NTC.9809522&isFromPublicArea=True&isModal=true&asPopupView=true'},890801989,HOSPITAL DEPARTAMENTAL SAN JUAN DE DIOS DE RIOSUCIO - CALDAS E.S.E,Territorial,Salud y Protección Social,Caldas,Decreto 092 de 2017,Contratación régimen especial,True,2026-01-30,2026-01-31,2026-06-30,4179000.0,En ejecución,2026,unclear,0.78,False,True,False,False,True,True,False,unclear_label
CO1.PCCNTR.5263616,CO1.BDOS.4784096,{'url': 'https://community.secop.gov.co/Public/Tendering/OpportunityDetail/Index?noticeUID=CO1.NTC.4792521&isFromPublicArea=True&isModal=true&asPopupView=true'},830000602,"INSTITUTO DE HIDROLOGIA, METEOROLOGÍA Y ESTUDIOS AMBIENTALES",Nacional,Ambiente y Desarrollo Sostenible,Distrito Capital de Bogotá,Prestación de servicios,Contratación directa,True,2023-08-01,2023-08-01,2023-11-30,16234986.48,Cerrado,2023,ai_product_or_platform,0.76,False,True,True,True,True,True,True,core_low_conf
CO1.PCCNTR.6415650,CO1.BDOS.6234574,{'url': 'https://community.secop.gov.co/Public/Tendering/OpportunityDetail/Index?noticeUID=CO1.NTC.6244381&isFromPublicArea=True&isModal=true&asPopupView=true'},800072977,FONDO ROTATORIO DEL DANE FONDANE-SUROCCIDENTE,Nacional,Información Estadística,Valle del Cauca,Prestación de servicios,Contratación directa,False,2024-06-08,2024-06-11,2024-12-31,16397600.0,Cerrado,2024,incidental,0.96,False,True,False,False,False,False,False,
CO1.PCCNTR.6412147,CO1.BDOS.6229597,{'url': 'https://community.secop.gov.co/Public/Tendering/OpportunityDetail/Index?noticeUID=CO1.NTC.6238992&isFromPublicArea=True&isModal=true&asPopupView=true'},800072977,FONDO ROTATORIO DEL DANE FONDANE-SUROCCIDENTE,Nacional,Información Estadística,Valle del Cauca,Prestación de servicios,Contratación directa,False,2024-06-07,2024-06-12,2024-12-10,14684000.0,terminado,2024,incidental,0.94,False,True,False,False,False,False,False,
CO1.PCCNTR.6347182,CO1.BDOS.5866133,{'url': 'https://community.secop.gov.co/Public/Tendering/OpportunityDetail/Index?noticeUID=CO1.NTC.6150198&isFromPublicArea=True&isModal=true&asPopupView=true'},800072977,FONDANE - DIR TER NOROCCIDENTE,Nacional,Información Estadística,Antioquia,Prestación de servicios,Contratación directa,False,2024-05-22,2024-06-18,2024-12-31,15826400.0,Cerrado,2024,incidental,0.91,False,True,False,False,False,False,False,
CO1.PCCNTR.8464467,CO1.BDOS.8936911,{'url': 'https://community.secop.gov.co/Public/Tendering/OpportunityDetail/Index?noticeUID=CO1.NTC.8961945&isFromPublicArea=True&isModal=true&asPopupView=true'},891855138,MUNICIPIO DE DUITAMA,Territorial,Servicio Público,Boyacá,Prestación de servicios,Contratación directa,False,2025-10-17,2025-10-17,2025-12-31,8950000.0,En ejecución,2025,incidental,0.86,False,True,False,False,False,False,False,
CO1.PCCNTR.8746014,CO1.BDOS.9241673,{'url': 'https://community.secop.gov.co/Public/Tendering/OpportunityDetail/Index?noticeUID=CO1.NTC.9308603&isFromPublicArea=True&isModal=true&asPopupView=true'},800173719,INSTITUTO TOLIMENSE DE FORMACION TECNICA PROFESIONAL,Nacional,Educación Nacional,Tolima,Compraventa,Selección abreviada subasta inversa,True,2025-12-30,,2025-12-31,876000000.0,Aprobado,2025,ai_product_or_platform,0.85,False,True,True,True,True,True,True,
CO1.PCCNTR.6420258,CO1.BDOS.6240784,{'url': 'https://community.secop.gov.co/Public/Tendering/OpportunityDetail/Index?noticeUID=CO1.NTC.6250752&isFromPublicArea=True&isModal=true&asPopupView=true'},800072977,FONDO ROTATORIO DEL DANE (FONDANE),Nacional,Información Estadística,Distrito Capital de Bogotá,Prestación de servicios,Contratación directa,False,2024-06-11,2024-06-11,2024-12-31,16416000.0,Cerrado,2024,incidental,0.91,False,True,False,False,False,False,False,
CO1.PCCNTR.6415737,CO1.BDOS.6234845,{'url': 'https://community.secop.gov.co/Public/Tendering/OpportunityDetail/Index?noticeUID=CO1.NTC.6244357&isFromPublicArea=True&isModal=true&asPopupView=true'},800072977,FONDO ROTATORIO DEL DANE FONDANE-SUROCCIDENTE,Nacional,Información Estadística,Valle del Cauca,Prestación de servicios,Contratación directa,False,2024-06-10,2024-06-11,2024-12-31,16397600.0,Cerrado,2024,incidental,0.88,False,True,False,False,False,False,False,
CO1.PCCNTR.6468941,CO1.BDOS.6306130,{'url': 'https://community.secop.gov.co/Public/Tendering/OpportunityDetail/Index?noticeUID=CO1.NTC.6316073&isFromPublicArea=True&isModal=true&asPopupView=true'},824000543,HOSPITAL JORGE ISAAC RINCON TORRES,Nacional,defensa,Cesar,Decreto 092 de 2017,Contratación régimen especial,True,2024-06-27,2024-06-27,2024-07-27,13594500.0,terminado,2024,unclear,0.88,False,True,False,False,True,True,False,unclear_label
CO1.PCCNTR.7377422,CO1.BDOS.7481262,{'url': 'https://community.secop.gov.co/Public/Tendering/OpportunityDetail/Index?noticeUID=CO1.NTC.7501726&isFromPublicArea=True&isModal=true&asPopupView=true'},899999061,SECRETARÍA GENERAL DE LA ALCALDÍA MAYOR DE BOGOTÁ,Territorial,Servicio Público,Distrito Capital de Bogotá,Prestación de servicios,Contratación directa,False,2025-02-03,2025-02-05,2025-12-31,64137892.0,Modificado,2025,individual_professional_ai,0.68,False,True,False,False,False,False,False,
CO1.PCCNTR.6572316,CO1.BDOS.6440727,{'url': 'https://community.secop.gov.co/Public/Tendering/OpportunityDetail/Index?noticeUID=CO1.NTC.6455756&isFromPublicArea=True&isModal=true&asPopupView=true'},899999061,SECRETARÍA GENERAL DE LA ALCALDÍA MAYOR DE BOGOTÁ,Territorial,Servicio Público,Distrito Capital de Bogotá,Prestación de servicios,Contratación directa,False,2024-07-30,2024-08-01,2024-12-31,53461035.0,Cerrado,2024,individual_professional_ai,0.62,False,True,False,False,False,False,False,
CO1.PCCNTR.6993304,CO1.BDOS.6872754,{'url': 'https://community.secop.gov.co/Public/Tendering/OpportunityDetail/Index?noticeUID=CO1.NTC.6906873&isFromPublicArea=True&isModal=true&asPopupView=true'},830114475,MINISTERIO DEL INTERIOR,Nacional,interior,Distrito Capital de Bogotá,Compraventa,Mínima cuantía,True,2024-11-08,2024-11-15,2024-12-31,16399500.0,En ejecución,2024,ai_product_or_platform,0.78,False,True,True,True,True,True,True,core_low_conf
CO1.PCCNTR.9339266,CO1.BDOS.10000742,{'url': 'https://community.secop.gov.co/Public/Tendering/OpportunityDetail/Index?noticeUID=CO1.NTC.10025882&isFromPublicArea=True&isModal=true&asPopupView=true'},9001591060,PEOPLE CONTACT S.A.S. EN REESTRUCTURACIÓN,Territorial,Tecnologías de la Información y las Comunicaciones,Caldas,Prestación de servicios,Contratación régimen especial,True,2026-02-17,2026-02-18,2026-12-31,200000000.0,En ejecución,2026,ai_product_or_platform,0.66,False,True,True,True,True,True,True,core_low_conf
CO1.PCCNTR.8603421,CO1.BDOS.8923064,{'url': 'https://community.secop.gov.co/Public/Tendering/OpportunityDetail/Index?noticeUID=CO1.NTC.9145916&isFromPublicArea=True&isModal=true&asPopupView=true'},890907569,MUNICIPIO DE SANTA FE DE ANTIOQUIA,Territorial,Servicio Público,Antioquia,Prestación de servicios,Contratación directa,True,2025-11-24,2025-11-24,2025-12-17,26000000.0,En ejecución,2025,incidental,0.88,False,True,False,False,False,False,False,
CO1.PCCNTR.6411876,CO1.BDOS.6229667,{'url': 'https://community.secop.gov.co/Public/Tendering/OpportunityDetail/Index?noticeUID=CO1.NTC.6238787&isFromPublicArea=True&isModal=true&asPopupView=true'},800072977,FONDO ROTATORIO DEL DANE FONDANE-SUROCCIDENTE,Nacional,Información Estadística,Valle del Cauca,Prestación de servicios,Contratación directa,False,2024-06-07,2024-06-11,2024-12-10,19484000.0,Cerrado,2024,incidental,0.91,False,True,False,False,False,False,False,
CO1.PCCNTR.6567370,CO1.BDOS.6440376,{'url': 'https://community.secop.gov.co/Public/Tendering/OpportunityDetail/Index?noticeUID=CO1.NTC.6450517&isFromPublicArea=True&isModal=true&asPopupView=true'},899999061,SECRETARÍA GENERAL DE LA ALCALDÍA MAYOR DE BOGOTÁ,Territorial,Servicio Público,Distrito Capital de Bogotá,Prestación de servicios,Contratación directa,False,2024-07-25,2024-07-26,2024-12-30,75331462.0,Cerrado,2024,individual_professional_ai,0.74,False,True,False,False,False,False,False,
CO1.PCCNTR.6682735,CO1.BDOS.6594830,{'url': 'https://community.secop.gov.co/Public/Tendering/OpportunityDetail/Index?noticeUID=CO1.NTC.6603163&isFromPublicArea=True&isModal=true&asPopupView=true'},899999061,SECRETARÍA GENERAL DE LA ALCALDÍA MAYOR DE BOGOTÁ,Territorial,Servicio Público,Distrito Capital de Bogotá,Prestación de servicios,Contratación directa,False,2024-08-29,2024-09-02,2024-12-31,30385803.0,Cerrado,2024,individual_professional_ai,0.65,False,True,False,False,False,False,False,
CO1.PCCNTR.9595033,CO1.BDOS.10375052,{'url': 'https://community.secop.gov.co/Public/Tendering/OpportunityDetail/Index?noticeUID=CO1.NTC.10417118&isFromPublicArea=True&isModal=true&asPopupView=true'},890801989,HOSPITAL DEPARTAMENTAL SAN JUAN DE DIOS DE RIOSUCIO - CALDAS E.S.E,Territorial,Salud y Protección Social,Caldas,Decreto 092 de 2017,Contratación régimen especial,True,2026-06-30,2026-07-01,2026-12-31,4179000.0,En ejecución,2026,ai_product_or_platform,0.63,False,True,True,True,True,True,True,core_low_conf
CO1.PCCNTR.8631274,CO1.BDOS.9160238,{'url': 'https://community.secop.gov.co/Public/Tendering/OpportunityDetail/Index?noticeUID=CO1.NTC.9185311&isFromPublicArea=True&isModal=true&asPopupView=true'},899999054,ESAP SEDE CENTRAL (Cuenta Oficial),Nacional,Servicio Público,Distrito Capital de Bogotá,Prestación de servicios,Contratación directa,True,2025-11-25,2025-11-28,2025-12-31,48696000.0,En ejecución,2025,ai_product_or_platform,0.78,False,True,True,True,True,True,True,core_low_conf
CO1.PCCNTR.4387325,CO1.BDOS.3727487,{'url': 'https://community.secop.gov.co/Public/Tendering/OpportunityDetail/Index?noticeUID=CO1.NTC.3736049&isFromPublicArea=True&isModal=true&asPopupView=true'},899999061,SECRETARÍA GENERAL DE LA ALCALDÍA MAYOR DE BOGOTÁ,Territorial,Servicio Público,Distrito Capital de Bogotá,Prestación de servicios,Contratación directa,False,2023-01-11,2023-01-12,2023-12-26,162789573.0,En ejecución,2023,incidental,0.91,False,True,False,False,False,False,False,
CO1.PCCNTR.7293154,CO1.BDOS.7388980,{'url': 'https://community.secop.gov.co/Public/Tendering/OpportunityDetail/Index?noticeUID=CO1.NTC.7403798&isFromPublicArea=True&isModal=true&asPopupView=true'},899999061,SECRETARÍA GENERAL DE LA ALCALDÍA MAYOR DE BOGOTÁ,Territorial,Servicio Público,Distrito Capital de Bogotá,Prestación de servicios,Contratación directa,False,2025-01-21,2025-01-22,2025-12-31,142919010.0,Modificado,2025,individual_professional_ai,0.84,False,True,False,False,False,False,False,
CO1.PCCNTR.8365521,CO1.BDOS.8571920,{'url': 'https://community.secop.gov.co/Public/Tendering/OpportunityDetail/Index?noticeUID=CO1.NTC.8672149&isFromPublicArea=True&isModal=true&asPopupView=true'},800128835,ARCHIVO GENERAL DE LA NACION,Nacional,Cultura,Distrito Capital de Bogotá,Compraventa,Selección abreviada subasta inversa,True,2025-09-25,2025-09-29,2025-12-31,66900000.0,Modificado,2025,ai_product_or_platform,0.92,False,True,True,True,True,True,True,
CO1.PCCNTR.6578494,CO1.BDOS.6453566,{'url': 'https://community.secop.gov.co/Public/Tendering/OpportunityDetail/Index?noticeUID=CO1.NTC.6464074&isFromPublicArea=True&isModal=true&asPopupView=true'},899999061,SECRETARÍA GENERAL DE LA ALCALDÍA MAYOR DE BOGOTÁ,Territorial,Servicio Público,Distrito Capital de Bogotá,Prestación de servicios,Contratación directa,False,2024-07-31,2024-08-01,2025-01-15,80191557.0,Cerrado,2024,incidental,0.91,False,True,False,False,False,False,False,
CO1.PCCNTR.8581531,CO1.BDOS.9083021,{'url': 'https://community.secop.gov.co/Public/Tendering/OpportunityDetail/Index?noticeUID=CO1.NTC.9114088&isFromPublicArea=True&isModal=true&asPopupView=true'},899999061,SECRETARÍA GENERAL DE LA ALCALDÍA MAYOR DE BOGOTÁ,Territorial,Servicio Público,Distrito Capital de Bogotá,Prestación de servicios,Contratación directa,False,2025-11-12,2025-11-13,2026-12-31,82503456.0,En ejecución,2025,individual_professional_ai,0.83,False,True,False,False,False,False,False,
CO1.PCCNTR.7933818,CO1.BDOS.8193911,{'url': 'https://community.secop.gov.co/Public/Tendering/OpportunityDetail/Index?noticeUID=CO1.NTC.8217116&isFromPublicArea=True&isModal=true&asPopupView=true'},899999061,SECRETARÍA GENERAL DE LA ALCALDÍA MAYOR DE BOGOTÁ,Territorial,Servicio Público,Distrito Capital de Bogotá,Otro,Contratación Directa (con ofertas),True,2025-05-30,2025-06-01,2026-10-31,678787965.0,Modificado,2025,ai_product_or_platform,0.76,False,True,True,True,True,True,True,core_low_conf
CO1.PCCNTR.7088793,CO1.BDOS.7112237,{'url': 'https://community.secop.gov.co/Public/Tendering/OpportunityDetail/Index?noticeUID=CO1.NTC.7132859&isFromPublicArea=True&isModal=true&asPopupView=true'},900457461,MINISTERIO DE JUSTICIA Y DEL DERECHO.,Nacional,Ley de Justicia,Distrito Capital de Bogotá,Prestación de servicios,Contratación directa,True,2024-12-02,2024-12-02,2024-12-31,25085351.0,En ejecución,2024,ai_development_service,0.66,False,True,True,True,True,True,True,core_low_conf
CO1.PCCNTR.6038716,CO1.BDOS.5761254,{'url': 'https://community.secop.gov.co/Public/Tendering/OpportunityDetail/Index?noticeUID=CO1.NTC.5768587&isFromPublicArea=True&isModal=true&asPopupView=true'},899999061,SECRETARÍA GENERAL DE LA ALCALDÍA MAYOR DE BOGOTÁ,Territorial,Servicio Público,Distrito Capital de Bogotá,Prestación de servicios,Contratación directa,False,2024-03-02,2024-03-05,2024-07-30,56765899.0,Modificado,2024,incidental,0.91,False,True,False,False,False,False,False,
CO1.PCCNTR.9691250,CO1.BDOS.10508254,{'url': 'https://community.secop.gov.co/Public/Tendering/OpportunityDetail/Index?noticeUID=CO1.NTC.10546324&isFromPublicArea=True&isModal=true&asPopupView=true'},899999081,INSTITUTO DE DESARROLLO URBANO,Territorial,No aplica/No pertenece,Distrito Capital de Bogotá,Prestación de servicios,Contratación directa,True,2026-07-21,2026-08-10,2027-02-09,40027257.0,En ejecución,2026,ai_product_or_platform,0.83,False,True,True,True,True,True,True,core_low_conf
CO1.PCCNTR.8331679,CO1.BDOS.8762588,{'url': 'https://community.secop.gov.co/Public/Tendering/OpportunityDetail/Index?noticeUID=CO1.NTC.8786036&isFromPublicArea=True&isModal=true&asPopupView=true'},829001846,EMPRESA SOCIAL DEL ESTADO BARRANCABERMEJA,Territorial,Salud y Protección Social,No Definido,Decreto 092 de 2017,Contratación régimen especial,True,2025-09-16,2025-09-16,2025-12-26,153786132.0,Modificado,2025,ai_product_or_platform,0.74,False,True,True,True,True,True,True,core_low_conf
CO1.PCCNTR.6809379,CO1.BDOS.6760901,{'url': 'https://community.secop.gov.co/Public/Tendering/OpportunityDetail/Index?noticeUID=CO1.NTC.6770468&isFromPublicArea=True&isModal=true&asPopupView=true'},901525615,UNIDAD DE PLANEACIÓN DE INFRAESTRUCTURA DE TRANSPORTE,Nacional,Transporte,Distrito Capital de Bogotá,Compraventa,Contratación régimen especial,True,2024-09-30,2024-10-16,2024-11-16,58243422.0,En ejecución,2024,cloud_or_software_nonAI,0.99,True,True,False,True,False,True,False,
CO1.PCCNTR.9381067,CO1.BDOS.10026224,{'url': 'https://community.secop.gov.co/Public/Tendering/OpportunityDetail/Index?noticeUID=CO1.NTC.10053312&isFromPublicArea=True&isModal=true&asPopupView=true'},830002593,COMISIÓN DE REGULACIÓN DE COMUNICACIONES,Nacional,Tecnologías de la Información y las Comunicaciones,Distrito Capital de Bogotá,Prestación de servicios,Mínima cuantía,True,2026-03-06,2026-03-13,2026-03-23,48829827.0,En ejecución,2026,cloud_or_software_nonAI,0.99,True,True,False,True,False,True,False,
CO1.PCCNTR.8378899,CO1.BDOS.8733888,{'url': 'https://community.secop.gov.co/Public/Tendering/OpportunityDetail/Index?noticeUID=CO1.NTC.8759132&isFromPublicArea=True&isModal=true&asPopupView=true'},900039533,PROSPERIDAD SOCIAL,Nacional,Inclusión Social y Reconciliación,Distrito Capital de Bogotá,Compraventa,Contratación régimen especial (con ofertas),True,2025-10-01,2025-10-03,2025-12-31,5295486907.0,En ejecución,2025,cloud_or_software_nonAI,0.99,True,True,False,True,False,True,False,
CO1.PCCNTR.8172401,CO1.BDOS.8542837,{'url': 'https://community.secop.gov.co/Public/Tendering/OpportunityDetail/Index?noticeUID=CO1.NTC.8564967&isFromPublicArea=True&isModal=true&asPopupView=true'},899999035,INSTITUTO COLOMBIANO DE CREDITO EDUCATIVO Y ESTUDIO TÉCNICOS EN EL EXTERIOR MARIANO OSPINA PEREZ.,Nacional,Educación Nacional,Distrito Capital de Bogotá,Prestación de servicios,Contratación régimen especial,False,2025-08-13,2025-08-14,2025-12-31,75000000.0,En ejecución,2025,cloud_or_software_nonAI,0.99,True,True,False,False,False,False,False,
CO1.PCCNTR.7945312,CO1.BDOS.8210801,{'url': 'https://community.secop.gov.co/Public/Tendering/OpportunityDetail/Index?noticeUID=CO1.NTC.8234322&isFromPublicArea=True&isModal=true&asPopupView=true'},8999990619,DEPARTAMENTO ADMINISTRATIVO DEL SERVICIO CIVIL DISTRITAL,Territorial,Servicio Público,Distrito Capital de Bogotá,Prestación de servicios,Contratación directa,False,2025-06-06,2025-06-10,2026-01-24,60000000.0,Cerrado,2025,cloud_or_software_nonAI,0.94,True,True,False,False,False,False,False,
CO1.PCCNTR.4607113,CO1.BDOS.3971489,{'url': 'https://community.secop.gov.co/Public/Tendering/OpportunityDetail/Index?noticeUID=CO1.NTC.3981657&isFromPublicArea=True&isModal=true&asPopupView=true'},900479658,UPRA,Nacional,agricultura,Distrito Capital de Bogotá,Prestación de servicios,Contratación directa,False,2023-02-13,2023-02-14,2023-12-18,105733333.0,Cerrado,2023,cloud_or_software_nonAI,0.98,True,True,False,False,False,False,False,
CO1.PCCNTR.6578792,CO1.BDOS.6454518,{'url': 'https://community.secop.gov.co/Public/Tendering/OpportunityDetail/Index?noticeUID=CO1.NTC.6464507&isFromPublicArea=True&isModal=true&asPopupView=true'},800165804,Rama Judicial  Dirección Seccional de Administración Judicial de Tunja,Nacional,Ley de Justicia,Boyacá,Prestación de servicios,Contratación directa,False,2024-07-30,2024-08-01,2024-12-19,20250000.0,terminado,2024,incidental,0.96,False,True,False,False,False,False,False,
CO1.PCCNTR.7401731,CO1.BDOS.7486213,{'url': 'https://community.secop.gov.co/Public/Tendering/OpportunityDetail/Index?noticeUID=CO1.NTC.7527291&isFromPublicArea=True&isModal=true&asPopupView=true'},860062187,SUPERINTENDENCIA NACIONAL DE SALUD,Nacional,Salud y Protección Social,No Definido,Prestación de servicios,Contratación directa,False,2025-02-07,2025-02-07,2025-12-30,143478841.0,En ejecución,2025,cloud_or_software_nonAI,0.99,True,True,False,False,False,False,False,
CO1.PCCNTR.5029502,CO1.BDOS.4497017,{'url': 'https://community.secop.gov.co/Public/Tendering/OpportunityDetail/Index?noticeUID=CO1.NTC.4504509&isFromPublicArea=True&isModal=true&asPopupView=true'},899999011,DEPARTAMENTO NACIONAL DE PLANEACIÓN,Nacional,Planeación,Distrito Capital de Bogotá,Prestación de servicios,Contratación directa,False,2023-06-01,2023-06-02,2023-12-31,68355000.0,Cerrado,2023,cloud_or_software_nonAI,0.99,True,True,False,False,False,False,False,
CO1.PCCNTR.6585501,CO1.BDOS.6462030,{'url': 'https://community.secop.gov.co/Public/Tendering/OpportunityDetail/Index?noticeUID=CO1.NTC.6471525&isFromPublicArea=True&isModal=true&asPopupView=true'},800165804,Rama Judicial  Dirección Seccional de Administración Judicial de Tunja,Nacional,Ley de Justicia,Boyacá,Prestación de servicios,Contratación directa,False,2024-07-31,2024-08-01,2024-12-19,20250000.0,terminado,2024,cloud_or_software_nonAI,0.95,False,True,False,False,False,False,False,
CO1.PCCNTR.5433290,CO1.BDOS.5009352,{'url': 'https://community.secop.gov.co/Public/Tendering/OpportunityDetail/Index?noticeUID=CO1.NTC.5021537&isFromPublicArea=True&isModal=true&asPopupView=true'},800165804,Rama Judicial  Dirección Seccional de Administración Judicial de Tunja,Nacional,Ley de Justicia,Boyacá,Prestación de servicios,Contratación directa,False,2023-10-04,2023-10-12,2023-12-19,7500000.0,terminado,2023,cloud_or_software_nonAI,0.95,False,True,False,False,False,False,False,
CO1.PCCNTR.5214041,CO1.BDOS.4721515,{'url': 'https://community.secop.gov.co/Public/Tendering/OpportunityDetail/Index?noticeUID=CO1.NTC.4728920&isFromPublicArea=True&isModal=true&asPopupView=true'},890980134,INSTITUCIÓN UNIVERSITARIA COLEGIO MAYOR DE ANTIOQUIA,Territorial,Educación Nacional,Antioquia,Prestación de servicios,Contratación directa,True,2023-07-12,2023-07-19,2023-12-31,1519188000.0,Cerrado,2023,incidental,0.96,False,True,False,False,False,False,False,
CO1.PCCNTR.5615097,CO1.BDOS.5151144,{'url': 'https://community.secop.gov.co/Public/Tendering/OpportunityDetail/Index?noticeUID=CO1.NTC.5172595&isFromPublicArea=True&isModal=true&asPopupView=true'},800165804,Rama Judicial  Dirección Seccional de Administración Judicial de Tunja,Nacional,Ley de Justicia,Boyacá,Prestación de servicios,Contratación directa,False,2023-12-01,2023-12-01,2023-12-31,3000000.0,terminado,2023,incidental,0.95,True,True,False,False,False,False,False,
CO1.PCCNTR.6576720,CO1.BDOS.6442485,{'url': 'https://community.secop.gov.co/Public/Tendering/OpportunityDetail/Index?noticeUID=CO1.NTC.6461330&isFromPublicArea=True&isModal=true&asPopupView=true'},800165804,Rama Judicial  Dirección Seccional de Administración Judicial de Tunja,Nacional,Ley de Justicia,Boyacá,Prestación de servicios,Contratación directa,False,2024-07-29,2024-08-01,2024-12-19,20250000.0,terminado,2024,incidental,0.93,False,True,False,False,False,False,False,
CO1.PCCNTR.7031901,CO1.BDOS.7010932,{'url': 'https://community.secop.gov.co/Public/Tendering/OpportunityDetail/Index?noticeUID=CO1.NTC.7054916&isFromPublicArea=True&isModal=true&asPopupView=true'},800165804,Rama Judicial  Dirección Seccional de Administración Judicial de Tunja,Nacional,Ley de Justicia,Boyacá,Prestación de servicios,Contratación directa,False,2024-11-15,2024-11-19,2024-12-23,4500000.0,terminado,2024,cloud_or_software_nonAI,0.97,False,True,False,False,False,False,False,
CO1.PCCNTR.8554186,CO1.BDOS.8964611,{'url': 'https://community.secop.gov.co/Public/Tendering/OpportunityDetail/Index?noticeUID=CO1.NTC.8998688&isFromPublicArea=True&isModal=true&asPopupView=true'},901038962,METRO DE BOGOTA SA,Territorial,Transporte,Distrito Capital de Bogotá,Compraventa,Mínima cuantía,True,2025-11-07,2025-11-21,2025-12-20,122364415.0,En ejecución,2025,cloud_or_software_nonAI,0.99,True,True,False,True,False,True,False,
CO1.PCCNTR.6015048,CO1.BDOS.5730019,{'url': 'https://community.secop.gov.co/Public/Tendering/OpportunityDetail/Index?noticeUID=CO1.NTC.5741478&isFromPublicArea=True&isModal=true&asPopupView=true'},830115226,MINTRABAJO NIVEL CENTRAL*/,Nacional,Trabajo,Distrito Capital de Bogotá,Otro,Contratación régimen especial,False,2024-02-27,2024-02-29,2024-12-31,149050000.0,Cerrado,2024,cloud_or_software_nonAI,0.99,True,True,False,False,False,False,False,
CO1.PCCNTR.7646546,CO1.BDOS.7808234,{'url': 'https://community.secop.gov.co/Public/Tendering/OpportunityDetail/Index?noticeUID=CO1.NTC.7826985&isFromPublicArea=True&isModal=true&asPopupView=true'},899999468,ALCALDÍA MUNICIPAL DE SOPO,Territorial,No aplica/No pertenece,Cundinamarca,Prestación de servicios,Contratación directa,True,2025-03-14,2025-03-14,2025-12-30,58703301.0,terminado,2025,cloud_or_software_nonAI,0.99,True,True,False,True,False,True,False,
CO1.PCCNTR.6576628,CO1.BDOS.6442891,{'url': 'https://community.secop.gov.co/Public/Tendering/OpportunityDetail/Index?noticeUID=CO1.NTC.6461336&isFromPublicArea=True&isModal=true&asPopupView=true'},800165804,Rama Judicial  Dirección Seccional de Administración Judicial de Tunja,Nacional,Ley de Justicia,Boyacá,Prestación de servicios,Contratación directa,False,2024-07-29,2024-08-01,2024-12-19,20250000.0,terminado,2024,cloud_or_software_nonAI,0.94,False,True,False,False,False,False,False,
CO1.PCCNTR.8805840,CO1.BDOS.9419223,{'url': 'https://community.secop.gov.co/Public/Tendering/OpportunityDetail/Index?noticeUID=CO1.NTC.9434730&isFromPublicArea=True&isModal=true&asPopupView=true'},900500018,ANM,Nacional,Minas y Energía,Distrito Capital de Bogotá,Prestación de servicios,Contratación directa,False,2026-01-09,2026-01-14,2026-12-28,106950000.0,En ejecución,2026,cloud_or_software_nonAI,0.99,True,True,False,False,False,False,False,
CO1.PCCNTR.6579627,CO1.BDOS.6454570,{'url': 'https://community.secop.gov.co/Public/Tendering/OpportunityDetail/Index?noticeUID=CO1.NTC.6464526&isFromPublicArea=True&isModal=true&asPopupView=true'},800165804,Rama Judicial  Dirección Seccional de Administración Judicial de Tunja,Nacional,Ley de Justicia,Boyacá,Prestación de servicios,Contratación directa,False,2024-07-30,2024-08-01,2024-12-19,20250000.0,terminado,2024,cloud_or_software_nonAI,0.94,False,True,False,False,False,False,False,
CO1.PCCNTR.7358406,CO1.BDOS.7466402,{'url': 'https://community.secop.gov.co/Public/Tendering/OpportunityDetail/Index?noticeUID=CO1.NTC.7481047&isFromPublicArea=True&isModal=true&asPopupView=true'},8002469532,FONDO FINANCIERO DISTRITAL DE SALUD.,Territorial,Salud y Protección Social,Distrito Capital de Bogotá,Prestación de servicios,Contratación directa,False,2025-01-30,2025-02-03,2025-10-15,87664500.0,terminado,2025,cloud_or_software_nonAI,0.99,True,True,False,False,False,False,False,
CO1.PCCNTR.9053264,CO1.BDOS.9675110,{'url': 'https://community.secop.gov.co/Public/Tendering/OpportunityDetail/Index?noticeUID=CO1.NTC.9687973&isFromPublicArea=True&isModal=true&asPopupView=true'},901140004,JEP,Nacional,No aplica/No pertenece,Distrito Capital de Bogotá,Prestación de servicios,Contratación régimen especial,False,2026-01-28,2026-01-30,2026-12-31,111263734.0,cedido,2026,incidental,0.97,False,True,False,False,False,False,False,
CO1.PCCNTR.8700221,CO1.BDOS.9018484,{'url': 'https://community.secop.gov.co/Public/Tendering/OpportunityDetail/Index?noticeUID=CO1.NTC.9124717&isFromPublicArea=True&isModal=true&asPopupView=true'},890984423,AREA METROPOLITANA DEL VALLE DE ABURRA,Territorial,Ambiente y Desarrollo Sostenible,Antioquia,Otro,Selección abreviada subasta inversa,True,2025-12-19,2025-12-22,2025-12-31,1114000000.0,terminado,2025,cloud_or_software_nonAI,0.99,True,True,False,True,False,True,False,
CO1.PCCNTR.5896160,CO1.BDOS.5545772,{'url': 'https://community.secop.gov.co/Public/Tendering/OpportunityDetail/Index?noticeUID=CO1.NTC.5597336&isFromPublicArea=True&isModal=true&asPopupView=true'},899999468,ALCALDÍA MUNICIPAL DE SOPO,Territorial,No aplica/No pertenece,Cundinamarca,Prestación de servicios,Contratación directa,True,2024-02-06,2024-02-08,2024-06-07,21500000.0,terminado,2024,cloud_or_software_nonAI,0.98,True,True,False,True,False,True,False,
CO1.PCCNTR.7030865,CO1.BDOS.7010913,{'url': 'https://community.secop.gov.co/Public/Tendering/OpportunityDetail/Index?noticeUID=CO1.NTC.7054589&isFromPublicArea=True&isModal=true&asPopupView=true'},800165804,Rama Judicial  Dirección Seccional de Administración Judicial de Tunja,Nacional,Ley de Justicia,Boyacá,Prestación de servicios,Contratación directa,False,2024-11-15,2024-11-19,2024-12-23,4500000.0,terminado,2024,cloud_or_software_nonAI,0.96,False,True,False,False,False,False,False,
CO1.PCCNTR.5615364,CO1.BDOS.5148006,{'url': 'https://community.secop.gov.co/Public/Tendering/OpportunityDetail/Index?noticeUID=CO1.NTC.5172816&isFromPublicArea=True&isModal=true&asPopupView=true'},800165804,Rama Judicial  Dirección Seccional de Administración Judicial de Tunja,Nacional,Ley de Justicia,Boyacá,Prestación de servicios,Contratación directa,False,2023-12-01,2023-12-01,2023-12-29,3000000.0,terminado,2023,incidental,0.97,False,True,False,False,False,False,False,
CO1.PCCNTR.5487441,CO1.BDOS.5073276,{'url': 'https://community.secop.gov.co/Public/Tendering/OpportunityDetail/Index?noticeUID=CO1.NTC.5086717&isFromPublicArea=True&isModal=true&asPopupView=true'},800165804,Rama Judicial  Dirección Seccional de Administración Judicial de Tunja,Nacional,Ley de Justicia,Boyacá,Prestación de servicios,Contratación directa,False,2023-10-25,2023-10-26,2023-12-25,6000000.0,terminado,2023,incidental,0.98,False,True,False,False,False,False,False,
CO1.PCCNTR.8954217,CO1.BDOS.9573714,{'url': 'https://community.secop.gov.co/Public/Tendering/OpportunityDetail/Index?noticeUID=CO1.NTC.9587096&isFromPublicArea=True&isModal=true&asPopupView=true'},8002469532,FONDO FINANCIERO DISTRITAL DE SALUD.,Territorial,Salud y Protección Social,Distrito Capital de Bogotá,Prestación de servicios,Contratación directa,False,2026-01-19,2026-01-21,2026-12-31,65631447.0,En ejecución,2026,cloud_or_software_nonAI,0.98,True,True,False,False,False,False,False,
CO1.PCCNTR.8746327,CO1.BDOS.9334312,{'url': 'https://community.secop.gov.co/Public/Tendering/OpportunityDetail/Index?noticeUID=CO1.NTC.9354634&isFromPublicArea=True&isModal=true&asPopupView=true'},900959051,SUBRED INTEGRADA DE SERVICIO DE SALUD CENTRO ORIENTE E.S.E 1,Territorial,Salud y Protección Social,Distrito Capital de Bogotá,Compraventa,Contratación régimen especial,True,2025-12-31,2025-12-31,2026-02-28,9256456.0,En ejecución,2025,cloud_or_software_nonAI,0.99,True,True,False,True,False,True,False,
CO1.PCCNTR.8744209,CO1.BDOS.9326287,{'url': 'https://community.secop.gov.co/Public/Tendering/OpportunityDetail/Index?noticeUID=CO1.NTC.9350823&isFromPublicArea=True&isModal=true&asPopupView=true'},830000167,INSTITUTO NACIONAL DE VIGILANCIA DE MEDICAMENTOS Y ALIMENTOS //,Nacional,Salud y Protección Social,Distrito Capital de Bogotá,Otro,Contratación Directa (con ofertas),True,2025-12-30,2025-12-31,2025-12-31,1737859464.0,En ejecución,2025,cloud_or_software_nonAI,0.99,True,True,False,True,False,True,False,
CO1.PCCNTR.8038916,CO1.BDOS.8347249,{'url': 'https://community.secop.gov.co/Public/Tendering/OpportunityDetail/Index?noticeUID=CO1.NTC.8369205&isFromPublicArea=True&isModal=true&asPopupView=true'},8300157281,IEMP,Nacional,No aplica/No pertenece,Distrito Capital de Bogotá,Prestación de servicios,Contratación directa,False,2025-07-03,2025-08-21,2025-10-30,22500000.0,Cerrado,2025,cloud_or_software_nonAI,0.98,True,True,False,False,False,False,False,
CO1.PCCNTR.6576604,CO1.BDOS.6419173,{'url': 'https://community.secop.gov.co/Public/Tendering/OpportunityDetail/Index?noticeUID=CO1.NTC.6461117&isFromPublicArea=True&isModal=true&asPopupView=true'},800165804,Rama Judicial  Dirección Seccional de Administración Judicial de Tunja,Nacional,Ley de Justicia,Boyacá,Prestación de servicios,Contratación directa,False,2024-07-29,2024-08-01,2024-12-19,20250000.0,terminado,2024,cloud_or_software_nonAI,0.96,False,True,False,False,False,False,False,
CO1.PCCNTR.8510928,CO1.BDOS.9000152,{'url': 'https://community.secop.gov.co/Public/Tendering/OpportunityDetail/Index?noticeUID=CO1.NTC.9023484&isFromPublicArea=True&isModal=true&asPopupView=true'},899999004,IGAC Sede Central *,Nacional,Información Estadística,Distrito Capital de Bogotá,Prestación de servicios,Contratación directa,False,2025-10-30,2025-11-04,2025-12-31,19304000.0,Modificado,2025,cloud_or_software_nonAI,0.98,True,True,False,False,False,False,False,
CO1.PCCNTR.8716585,CO1.BDOS.9286181,{'url': 'https://community.secop.gov.co/Public/Tendering/OpportunityDetail/Index?noticeUID=CO1.NTC.9311828&isFromPublicArea=True&isModal=true&asPopupView=true'},830053630,Patrimonio Autónomo-Fondo De Seguridad Vial,Nacional,Hacienda y Crédito Público,No Definido,Decreto 092 de 2017,Contratación régimen especial,True,2025-12-23,2025-12-30,2026-12-22,1336271997.0,En ejecución,2025,cloud_or_software_nonAI,0.99,True,True,False,True,False,True,False,
CO1.PCCNTR.4445693,CO1.BDOS.3802001,{'url': 'https://community.secop.gov.co/Public/Tendering/OpportunityDetail/Index?noticeUID=CO1.NTC.3804172&isFromPublicArea=True&isModal=true&asPopupView=true'},900514813,COLOMBIA COMPRA EFICIENTE,Nacional,Planeación,Distrito Capital de Bogotá,Prestación de servicios,Contratación directa,False,2023-01-23,2023-01-26,2023-12-31,125298968.0,Cerrado,2023,cloud_or_software_nonAI,0.98,True,True,False,False,False,False,False,
CO1.PCCNTR.7031083,CO1.BDOS.7010844,{'url': 'https://community.secop.gov.co/Public/Tendering/OpportunityDetail/Index?noticeUID=CO1.NTC.7054594&isFromPublicArea=True&isModal=true&asPopupView=true'},800165804,Rama Judicial  Dirección Seccional de Administración Judicial de Tunja,Nacional,Ley de Justicia,Boyacá,Prestación de servicios,Contratación directa,False,2024-11-15,2024-11-19,2024-12-23,4500000.0,terminado,2024,cloud_or_software_nonAI,0.93,True,True,False,False,False,False,False,
CO1.PCCNTR.8676336,CO1.BDOS.9106025,{'url': 'https://community.secop.gov.co/Public/Tendering/OpportunityDetail/Index?noticeUID=CO1.NTC.9134243&isFromPublicArea=True&isModal=true&asPopupView=true'},830002593,COMISIÓN DE REGULACIÓN DE COMUNICACIONES,Nacional,Tecnologías de la Información y las Comunicaciones,Distrito Capital de Bogotá,Prestación de servicios,Mínima cuantía,True,2025-12-10,2025-12-25,2026-10-31,42260470.0,Modificado,2025,incidental,0.97,False,True,False,False,False,False,False,
CO1.PCCNTR.5399007,CO1.BDOS.4863976,{'url': 'https://community.secop.gov.co/Public/Tendering/OpportunityDetail/Index?noticeUID=CO1.NTC.4974327&isFromPublicArea=True&isModal=true&asPopupView=true'},800165804,Rama Judicial  Dirección Seccional de Administración Judicial de Tunja,Nacional,Ley de Justicia,Boyacá,Prestación de servicios,Contratación directa,False,2023-09-27,2023-09-27,2023-11-11,4500000.0,terminado,2023,incidental,0.98,False,True,False,False,False,False,False,
CO1.PCCNTR.5575801,CO1.BDOS.5198415,{'url': 'https://community.secop.gov.co/Public/Tendering/OpportunityDetail/Index?noticeUID=CO1.NTC.5211209&isFromPublicArea=True&isModal=true&asPopupView=true'},900639630,UNIDAD ADMINISTRATIVA ESPECIAL DIRECCION NACIONAL DE BOMBEROS,Nacional,Servicio Público,Distrito Capital de Bogotá,Otro,Contratación directa,True,2023-11-24,2023-11-30,2024-01-30,851926948.0,Modificado,2023,cloud_or_software_nonAI,0.99,True,True,False,True,False,True,False,
CO1.PCCNTR.6576722,CO1.BDOS.6442587,{'url': 'https://community.secop.gov.co/Public/Tendering/OpportunityDetail/Index?noticeUID=CO1.NTC.6461332&isFromPublicArea=True&isModal=true&asPopupView=true'},800165804,Rama Judicial  Dirección Seccional de Administración Judicial de Tunja,Nacional,Ley de Justicia,Boyacá,Prestación de servicios,Contratación directa,False,2024-07-29,2024-08-12,2024-12-19,20250000.0,terminado,2024,cloud_or_software_nonAI,0.93,False,True,False,False,False,False,False,
CO1.PCCNTR.5433594,CO1.BDOS.5009834,{'url': 'https://community.secop.gov.co/Public/Tendering/OpportunityDetail/Index?noticeUID=CO1.NTC.5021539&isFromPublicArea=True&isModal=true&asPopupView=true'},800165804,Rama Judicial  Dirección Seccional de Administración Judicial de Tunja,Nacional,Ley de Justicia,Boyacá,Prestación de servicios,Contratación directa,False,2023-10-09,2023-10-10,2023-12-19,7500000.0,terminado,2023,cloud_or_software_nonAI,0.88,False,True,False,False,False,False,False,
CO1.PCCNTR.8124266,CO1.BDOS.8473827,{'url': 'https://community.secop.gov.co/Public/Tendering/OpportunityDetail/Index?noticeUID=CO1.NTC.8494995&isFromPublicArea=True&isModal=true&asPopupView=true'},811000372,CGA,Territorial,Servicio Público,Antioquia,Otro,Contratación directa,True,2025-07-28,2025-07-28,2026-07-25,131486220.0,En ejecución,2025,cloud_or_software_nonAI,0.99,True,True,False,True,False,True,False,
CO1.PCCNTR.7734611,CO1.BDOS.7831977,{'url': 'https://community.secop.gov.co/Public/Tendering/OpportunityDetail/Index?noticeUID=CO1.NTC.7848391&isFromPublicArea=True&isModal=true&asPopupView=true'},830002593,COMISIÓN DE REGULACIÓN DE COMUNICACIONES,Nacional,Tecnologías de la Información y las Comunicaciones,Distrito Capital de Bogotá,Prestación de servicios,Mínima cuantía,True,2025-04-04,2025-04-14,2025-09-21,7100000.0,terminado,2025,cloud_or_software_nonAI,0.99,True,True,False,True,False,True,False,
CO1.PCCNTR.9745425,CO1.BDOS.10584197,{'url': 'https://community.secop.gov.co/Public/Tendering/OpportunityDetail/Index?noticeUID=CO1.NTC.10622096&isFromPublicArea=True&isModal=true&asPopupView=true'},800214750,INSTITUCIÓN UNIVERSITARIA ITM,Nacional,Educación Nacional,Antioquia,Prestación de servicios,Contratación directa,False,2026-08-03,2026-08-03,2026-08-31,10266667.0,En ejecución,2026,cloud_or_software_nonAI,0.95,True,True,False,False,False,False,False,
CO1.PCCNTR.8844489,CO1.BDOS.9461412,{'url': 'https://community.secop.gov.co/Public/Tendering/OpportunityDetail/Index?noticeUID=CO1.NTC.9473981&isFromPublicArea=True&isModal=true&asPopupView=true'},800170433,Superintendencia de Transporte**,Nacional,Transporte,Distrito Capital de Bogotá,Prestación de servicios,Contratación directa,False,2026-01-13,2026-01-14,2026-09-13,41663088.0,En ejecución,2026,cloud_or_software_nonAI,0.98,True,True,False,False,False,False,False,
CO1.PCCNTR.7342164,CO1.BDOS.7445537,{'url': 'https://community.secop.gov.co/Public/Tendering/OpportunityDetail/Index?noticeUID=CO1.NTC.7462725&isFromPublicArea=True&isModal=true&asPopupView=true'},899999403,INSTITUTO NACIONAL DE SALUD,Nacional,Salud y Protección Social,Distrito Capital de Bogotá,Prestación de servicios,Contratación directa,False,2025-01-28,2025-01-28,2025-12-31,87600000.0,Modificado,2025,cloud_or_software_nonAI,0.99,True,True,False,False,False,False,False,
CO1.PCCNTR.6576606,CO1.BDOS.6449140,{'url': 'https://community.secop.gov.co/Public/Tendering/OpportunityDetail/Index?noticeUID=CO1.NTC.6461015&isFromPublicArea=True&isModal=true&asPopupView=true'},800165804,Rama Judicial  Dirección Seccional de Administración Judicial de Tunja,Nacional,Ley de Justicia,Boyacá,Prestación de servicios,Contratación directa,False,2024-07-29,2024-08-01,2024-12-19,20250000.0,terminado,2024,cloud_or_software_nonAI,0.96,False,True,False,False,False,False,False,
CO1.PCCNTR.5991091,CO1.BDOS.5705332,{'url': 'https://community.secop.gov.co/Public/Tendering/OpportunityDetail/Index?noticeUID=CO1.NTC.5713824&isFromPublicArea=True&isModal=true&asPopupView=true'},8999990619,DEPARTAMENTO ADMINISTRATIVO DEL SERVICIO CIVIL DISTRITAL,Territorial,Servicio Público,Distrito Capital de Bogotá,Prestación de servicios,Contratación directa,False,2024-02-27,2024-03-01,2024-06-30,28000000.0,Cerrado,2024,cloud_or_software_nonAI,0.91,True,True,False,False,False,False,False,
CO1.PCCNTR.8731545,CO1.BDOS.9307363,{'url': 'https://community.secop.gov.co/Public/Tendering/OpportunityDetail/Index?noticeUID=CO1.NTC.9331388&isFromPublicArea=True&isModal=true&asPopupView=true'},800128835,ARCHIVO GENERAL DE LA NACION,Nacional,Cultura,Distrito Capital de Bogotá,Otro,Contratación directa,True,2025-12-29,2025-12-29,2025-12-31,283958351.0,En ejecución,2025,cloud_or_software_nonAI,0.99,True,True,False,True,False,True,False,
CO1.PCCNTR.4465581,CO1.BDOS.3825679,{'url': 'https://community.secop.gov.co/Public/Tendering/OpportunityDetail/Index?noticeUID=CO1.NTC.3827136&isFromPublicArea=True&isModal=true&asPopupView=true'},899999011,DEPARTAMENTO NACIONAL DE PLANEACIÓN,Nacional,Planeación,Distrito Capital de Bogotá,Prestación de servicios,Contratación directa,False,2023-01-23,2023-02-01,2023-05-31,39060000.0,Cerrado,2023,cloud_or_software_nonAI,0.98,True,True,False,False,False,False,False,
CO1.PCCNTR.8481684,CO1.BDOS.8916489,{'url': 'https://community.secop.gov.co/Public/Tendering/OpportunityDetail/Index?noticeUID=CO1.NTC.8987089&isFromPublicArea=True&isModal=true&asPopupView=true'},890984423,AREA METROPOLITANA DEL VALLE DE ABURRA,Territorial,Ambiente y Desarrollo Sostenible,Antioquia,Prestación de servicios,Contratación directa,True,2025-10-22,2025-10-27,2025-12-31,24904320.0,terminado,2025,cloud_or_software_nonAI,0.99,True,True,False,True,False,True,False,
CO1.PCCNTR.8596460,CO1.BDOS.8998936,{'url': 'https://community.secop.gov.co/Public/Tendering/OpportunityDetail/Index?noticeUID=CO1.NTC.9023146&isFromPublicArea=True&isModal=true&asPopupView=true'},901377527,Unidad Administrativa Especial de Alimentación Escolar -Alimentos para Aprender-,Nacional,Educación Nacional,Distrito Capital de Bogotá,Compraventa,Mínima cuantía,True,2025-11-19,2025-12-12,2025-12-31,100513770.0,En ejecución,2025,cloud_or_software_nonAI,0.99,True,True,False,True,False,True,False,
CO1.PCCNTR.5487370,CO1.BDOS.5073657,{'url': 'https://community.secop.gov.co/Public/Tendering/OpportunityDetail/Index?noticeUID=CO1.NTC.5086520&isFromPublicArea=True&isModal=true&asPopupView=true'},800165804,Rama Judicial  Dirección Seccional de Administración Judicial de Tunja,Nacional,Ley de Justicia,Boyacá,Prestación de servicios,Contratación directa,False,2023-10-25,2023-10-26,2023-12-23,6000000.0,terminado,2023,incidental,0.98,False,True,False,False,False,False,False,
CO1.PCCNTR.6582433,CO1.BDOS.6459184,{'url': 'https://community.secop.gov.co/Public/Tendering/OpportunityDetail/Index?noticeUID=CO1.NTC.6468683&isFromPublicArea=True&isModal=true&asPopupView=true'},800165804,Rama Judicial  Dirección Seccional de Administración Judicial de Tunja,Nacional,Ley de Justicia,Boyacá,Prestación de servicios,Contratación directa,False,2024-07-30,2024-08-08,2024-12-19,20250000.0,terminado,2024,cloud_or_software_nonAI,0.96,False,True,False,False,False,False,False,
CO1.PCCNTR.6576409,CO1.BDOS.6419284,{'url': 'https://community.secop.gov.co/Public/Tendering/OpportunityDetail/Index?noticeUID=CO1.NTC.6461019&isFromPublicArea=True&isModal=true&asPopupView=true'},800165804,Rama Judicial  Dirección Seccional de Administración Judicial de Tunja,Nacional,Ley de Justicia,Boyacá,Prestación de servicios,Contratación directa,False,2024-07-29,2024-11-01,2024-12-19,6750000.0,terminado,2024,cloud_or_software_nonAI,0.91,False,True,False,False,False,False,False,
CO1.PCCNTR.6585502,CO1.BDOS.6461834,{'url': 'https://community.secop.gov.co/Public/Tendering/OpportunityDetail/Index?noticeUID=CO1.NTC.6471526&isFromPublicArea=True&isModal=true&asPopupView=true'},800165804,Rama Judicial  Dirección Seccional de Administración Judicial de Tunja,Nacional,Ley de Justicia,Boyacá,Prestación de servicios,Contratación directa,False,2024-07-31,2024-08-01,2024-12-19,20250000.0,terminado,2024,cloud_or_software_nonAI,0.97,False,True,False,False,False,False,False,
CO1.PCCNTR.7880624,CO1.BDOS.8115985,{'url': 'https://community.secop.gov.co/Public/Tendering/OpportunityDetail/Index?noticeUID=CO1.NTC.8140229&isFromPublicArea=True&isModal=true&asPopupView=true'},900474727,MINSALUD,Nacional,Salud y Protección Social,Distrito Capital de Bogotá,Otro,Contratación Directa (con ofertas),True,2025-05-19,2025-05-22,2026-06-28,2741606770.0,Modificado,2025,cloud_or_software_nonAI,0.98,True,True,False,True,False,True,False,
CO1.PCCNTR.8871449,CO1.BDOS.9488733,{'url': 'https://community.secop.gov.co/Public/Tendering/OpportunityDetail/Index?noticeUID=CO1.NTC.9501695&isFromPublicArea=True&isModal=true&asPopupView=true'},899999468,ALCALDÍA MUNICIPAL DE SOPO,Territorial,No aplica/No pertenece,Cundinamarca,Prestación de servicios,Contratación directa,True,2026-01-14,2026-01-14,2026-08-01,42738863.0,En ejecución,2026,cloud_or_software_nonAI,0.98,True,True,False,True,False,True,False,
CO1.PCCNTR.6576610,CO1.BDOS.6419596,{'url': 'https://community.secop.gov.co/Public/Tendering/OpportunityDetail/Index?noticeUID=CO1.NTC.6461250&isFromPublicArea=True&isModal=true&asPopupView=true'},800165804,Rama Judicial  Dirección Seccional de Administración Judicial de Tunja,Nacional,Ley de Justicia,Boyacá,Prestación de servicios,Contratación directa,False,2024-07-29,2024-08-01,2024-12-19,20250000.0,terminado,2024,incidental,0.94,False,True,False,False,False,False,False,
CO1.PCCNTR.7367907,CO1.BDOS.7478004,{'url': 'https://community.secop.gov.co/Public/Tendering/OpportunityDetail/Index?noticeUID=CO1.NTC.7491822&isFromPublicArea=True&isModal=true&asPopupView=true'},8002469532,FONDO FINANCIERO DISTRITAL DE SALUD.,Territorial,Salud y Protección Social,Distrito Capital de Bogotá,Prestación de servicios,Contratación directa,False,2025-01-31,2025-02-03,2025-12-31,60242667.0,Cerrado,2025,cloud_or_software_nonAI,0.98,True,True,False,False,False,False,False,
CO1.PCCNTR.6578607,CO1.BDOS.6453088,{'url': 'https://community.secop.gov.co/Public/Tendering/OpportunityDetail/Index?noticeUID=CO1.NTC.6463527&isFromPublicArea=True&isModal=true&asPopupView=true'},800165804,Rama Judicial  Dirección Seccional de Administración Judicial de Tunja,Nacional,Ley de Justicia,Boyacá,Prestación de servicios,Contratación directa,False,2024-07-29,2024-08-01,2024-12-19,20250000.0,terminado,2024,cloud_or_software_nonAI,0.94,False,True,False,False,False,False,False,
CO1.PCCNTR.7059571,CO1.BDOS.7067718,{'url': 'https://community.secop.gov.co/Public/Tendering/OpportunityDetail/Index?noticeUID=CO1.NTC.7090695&isFromPublicArea=True&isModal=true&asPopupView=true'},800165804,Rama Judicial  Dirección Seccional de Administración Judicial de Tunja,Nacional,Ley de Justicia,Boyacá,Prestación de servicios,Contratación directa,False,2024-11-22,2024-11-22,2024-12-31,4500000.0,terminado,2024,cloud_or_software_nonAI,0.97,True,True,False,False,False,False,False,
CO1.PCCNTR.5899964,CO1.BDOS.5595251,{'url': 'https://community.secop.gov.co/Public/Tendering/OpportunityDetail/Index?noticeUID=CO1.NTC.5602701&isFromPublicArea=True&isModal=true&asPopupView=true'},900498879,UNIDAD ADMINISTRATIVA ESPECIAL DE GESTION DE RESTITUCION DE TIERRAS DESPOJADAS**,Nacional,Inclusión Social y Reconciliación,Distrito Capital de Bogotá,Prestación de servicios,Contratación directa,False,2024-02-08,2024-02-09,2024-12-31,106420600.0,Cerrado,2024,cloud_or_software_nonAI,0.99,True,True,False,False,False,False,False,
CO1.PCCNTR.5991105,CO1.BDOS.5700542,{'url': 'https://community.secop.gov.co/Public/Tendering/OpportunityDetail/Index?noticeUID=CO1.NTC.5713410&isFromPublicArea=True&isModal=true&asPopupView=true'},8921150151,GOBERNACIÓN DE LA GUAJIRA,Territorial,Servicio Público,La Guajira,Prestación de servicios,Contratación directa,True,2024-02-22,2024-02-23,2024-12-31,81064845.0,En ejecución,2024,cloud_or_software_nonAI,0.98,True,True,False,True,False,True,False,
CO1.PCCNTR.5797116,CO1.BDOS.5486263,{'url': 'https://community.secop.gov.co/Public/Tendering/OpportunityDetail/Index?noticeUID=CO1.NTC.5495828&isFromPublicArea=True&isModal=true&asPopupView=true'},899999004,IGAC Sede Central *,Nacional,Información Estadística,Distrito Capital de Bogotá,Prestación de servicios,Contratación directa,False,2024-01-24,2024-01-26,2024-12-28,90465000.0,Cerrado,2024,cloud_or_software_nonAI,0.99,True,True,False,False,False,False,False,
CO1.PCCNTR.7359996,CO1.BDOS.7467008,{'url': 'https://community.secop.gov.co/Public/Tendering/OpportunityDetail/Index?noticeUID=CO1.NTC.7483225&isFromPublicArea=True&isModal=true&asPopupView=true'},899999011,DEPARTAMENTO NACIONAL DE PLANEACIÓN,Nacional,Planeación,Distrito Capital de Bogotá,Prestación de servicios,Contratación directa,False,2025-01-29,2025-01-30,2025-12-31,177066666.0,Modificado,2025,cloud_or_software_nonAI,0.99,True,True,False,False,False,False,False,
CO1.PCCNTR.5567647,CO1.BDOS.5190742,{'url': 'https://community.secop.gov.co/Public/Tendering/OpportunityDetail/Index?noticeUID=CO1.NTC.5202409&isFromPublicArea=True&isModal=true&asPopupView=true'},900498879,UNIDAD ADMINISTRATIVA ESPECIAL DE GESTION DE RESTITUCION DE TIERRAS DESPOJADAS**,Nacional,Inclusión Social y Reconciliación,Distrito Capital de Bogotá,Prestación de servicios,Contratación directa,False,2023-11-20,2023-11-21,2023-12-31,6088857.0,En ejecución,2023,cloud_or_software_nonAI,0.99,True,True,False,False,False,False,False,
CO1.PCCNTR.5355548,CO1.BDOS.4864013,{'url': 'https://community.secop.gov.co/Public/Tendering/OpportunityDetail/Index?noticeUID=CO1.NTC.4903496&isFromPublicArea=True&isModal=true&asPopupView=true'},800165804,Rama Judicial  Dirección Seccional de Administración Judicial de Tunja,Nacional,Ley de Justicia,Boyacá,Prestación de servicios,Contratación directa,False,2023-09-06,2023-09-06,2023-10-15,4500000.0,terminado,2023,incidental,0.94,False,True,False,False,False,False,False,
CO1.PCCNTR.8851504,CO1.BDOS.9468845,{'url': 'https://community.secop.gov.co/Public/Tendering/OpportunityDetail/Index?noticeUID=CO1.NTC.9481251&isFromPublicArea=True&isModal=true&asPopupView=true'},899999011,DEPARTAMENTO NACIONAL DE PLANEACIÓN,Nacional,Planeación,Distrito Capital de Bogotá,Prestación de servicios,Contratación directa,False,2026-01-14,2026-01-15,2026-12-31,196170661.0,Modificado,2026,cloud_or_software_nonAI,0.94,True,True,False,False,False,False,False,
CO1.PCCNTR.4442347,CO1.BDOS.3799352,{'url': 'https://community.secop.gov.co/Public/Tendering/OpportunityDetail/Index?noticeUID=CO1.NTC.3800999&isFromPublicArea=True&isModal=true&asPopupView=true'},830002593,COMISIÓN DE REGULACIÓN DE COMUNICACIONES,Nacional,Tecnologías de la Información y las Comunicaciones,Distrito Capital de Bogotá,Prestación de servicios,Contratación directa,False,2023-01-20,2023-01-23,2023-05-20,26167768.0,Cerrado,2023,cloud_or_software_nonAI,0.96,True,True,False,False,False,False,False,
CO1.PCCNTR.7031007,CO1.BDOS.7009763,{'url': 'https://community.secop.gov.co/Public/Tendering/OpportunityDetail/Index?noticeUID=CO1.NTC.7054816&isFromPublicArea=True&isModal=true&asPopupView=true'},800165804,Rama Judicial  Dirección Seccional de Administración Judicial de Tunja,Nacional,Ley de Justicia,Boyacá,Prestación de servicios,Contratación directa,False,2024-11-15,2024-11-19,2024-12-23,4500000.0,terminado,2024,incidental,0.97,False,True,False,False,False,False,False,
CO1.PCCNTR.8695969,CO1.BDOS.9250930,{'url': 'https://community.secop.gov.co/Public/Tendering/OpportunityDetail/Index?noticeUID=CO1.NTC.9279024&isFromPublicArea=True&isModal=true&asPopupView=true'},830127607,AGENCIA NACIONAL DE HIDROCARBUROS**,Nacional,Minas y Energía,Distrito Capital de Bogotá,Otro,Contratación régimen especial,True,2025-12-11,2025-12-16,2025-12-31,5396104.0,terminado,2025,cloud_or_software_nonAI,0.99,True,True,False,True,False,True,False,
CO1.PCCNTR.5615168,CO1.BDOS.5151084,{'url': 'https://community.secop.gov.co/Public/Tendering/OpportunityDetail/Index?noticeUID=CO1.NTC.5172389&isFromPublicArea=True&isModal=true&asPopupView=true'},800165804,Rama Judicial  Dirección Seccional de Administración Judicial de Tunja,Nacional,Ley de Justicia,Boyacá,Prestación de servicios,Contratación directa,False,2023-12-01,2023-12-01,2023-12-31,3000000.0,terminado,2023,incidental,0.87,True,True,False,False,False,False,False,
CO1.PCCNTR.7059677,CO1.BDOS.7067485,{'url': 'https://community.secop.gov.co/Public/Tendering/OpportunityDetail/Index?noticeUID=CO1.NTC.7090698&isFromPublicArea=True&isModal=true&asPopupView=true'},800165804,Rama Judicial  Dirección Seccional de Administración Judicial de Tunja,Nacional,Ley de Justicia,Boyacá,Prestación de servicios,Contratación directa,False,2024-11-25,2024-11-25,2024-12-31,4500000.0,terminado,2024,cloud_or_software_nonAI,0.96,True,True,False,False,False,False,False,
CO1.PCCNTR.7639238,CO1.BDOS.7800282,{'url': 'https://community.secop.gov.co/Public/Tendering/OpportunityDetail/Index?noticeUID=CO1.NTC.7817284&isFromPublicArea=True&isModal=true&asPopupView=true'},8921150151,GOBERNACIÓN DE LA GUAJIRA,Territorial,Servicio Público,La Guajira,Prestación de servicios,Contratación directa,True,2025-03-12,2025-03-26,2025-12-31,92002906.0,En ejecución,2025,cloud_or_software_nonAI,0.98,True,True,False,True,False,True,False,
CO1.PCCNTR.8762205,CO1.BDOS.9276020,{'url': 'https://community.secop.gov.co/Public/Tendering/OpportunityDetail/Index?noticeUID=CO1.NTC.9376104&isFromPublicArea=True&isModal=true&asPopupView=true'},899999061,SECRETARIA DISTRITAL DE GOBIERNO 1,Territorial,Servicio Público,Distrito Capital de Bogotá,Prestación de servicios,Contratación directa,False,2026-01-05,2026-01-06,2026-12-05,95711000.0,En ejecución,2026,cloud_or_software_nonAI,0.96,True,True,False,False,False,False,False,
CO1.PCCNTR.8887691,CO1.BDOS.9507448,{'url': 'https://community.secop.gov.co/Public/Tendering/OpportunityDetail/Index?noticeUID=CO1.NTC.9520662&isFromPublicArea=True&isModal=true&asPopupView=true'},899999034,SENA SECRETARIA GENERAL,Nacional,Trabajo,Distrito Capital de Bogotá,Prestación de servicios,Contratación directa,False,2026-01-15,2026-01-19,2026-12-31,162866666.0,En ejecución,2026,cloud_or_software_nonAI,0.99,True,True,False,False,False,False,False,
CO1.PCCNTR.9192235,CO1.BDOS.9707838,{'url': 'https://community.secop.gov.co/Public/Tendering/OpportunityDetail/Index?noticeUID=CO1.NTC.9824503&isFromPublicArea=True&isModal=true&asPopupView=true'},800152783,FISCALÍA GENERAL DE LA NACIÓN NIVEL CENTRAL.,Nacional,Ley de Justicia,Distrito Capital de Bogotá,Prestación de servicios,Contratación directa,False,2026-01-27,2026-01-28,2026-12-31,105814116.17,En ejecución,2026,cloud_or_software_nonAI,0.99,True,True,False,False,False,False,False,
CO1.PCCNTR.6576608,CO1.BDOS.6419611,{'url': 'https://community.secop.gov.co/Public/Tendering/OpportunityDetail/Index?noticeUID=CO1.NTC.6461125&isFromPublicArea=True&isModal=true&asPopupView=true'},800165804,Rama Judicial  Dirección Seccional de Administración Judicial de Tunja,Nacional,Ley de Justicia,Boyacá,Prestación de servicios,Contratación directa,False,2024-07-29,2024-08-01,2024-12-19,20250000.0,terminado,2024,cloud_or_software_nonAI,0.94,False,True,False,False,False,False,False,
CO1.PCCNTR.6576408,CO1.BDOS.6419289,{'url': 'https://community.secop.gov.co/Public/Tendering/OpportunityDetail/Index?noticeUID=CO1.NTC.6461016&isFromPublicArea=True&isModal=true&asPopupView=true'},800165804,Rama Judicial  Dirección Seccional de Administración Judicial de Tunja,Nacional,Ley de Justicia,Boyacá,Prestación de servicios,Contratación directa,False,2024-07-29,2024-08-01,2024-12-19,20250000.0,terminado,2024,cloud_or_software_nonAI,0.91,False,True,False,False,False,False,False,
CO1.PCCNTR.9280896,CO1.BDOS.9890001,{'url': 'https://community.secop.gov.co/Public/Tendering/OpportunityDetail/Index?noticeUID=CO1.NTC.9912692&isFromPublicArea=True&isModal=true&asPopupView=true'},860062187,SUPERINTENDENCIA NACIONAL DE SALUD,Nacional,Salud y Protección Social,No Definido,Prestación de servicios,Contratación directa,False,2026-01-30,2026-02-04,2026-12-31,150445817.0,En ejecución,2026,cloud_or_software_nonAI,0.99,True,True,False,False,False,False,False,
CO1.PCCNTR.6576611,CO1.BDOS.6419178,{'url': 'https://community.secop.gov.co/Public/Tendering/OpportunityDetail/Index?noticeUID=CO1.NTC.6461253&isFromPublicArea=True&isModal=true&asPopupView=true'},800165804,Rama Judicial  Dirección Seccional de Administración Judicial de Tunja,Nacional,Ley de Justicia,Boyacá,Prestación de servicios,Contratación directa,False,2024-07-29,2024-08-01,2024-12-19,20250000.0,terminado,2024,cloud_or_software_nonAI,0.87,False,True,False,False,False,False,False,
CO1.PCCNTR.6582079,CO1.BDOS.6457798,{'url': 'https://community.secop.gov.co/Public/Tendering/OpportunityDetail/Index?noticeUID=CO1.NTC.6468640&isFromPublicArea=True&isModal=true&asPopupView=true'},800165804,Rama Judicial  Dirección Seccional de Administración Judicial de Tunja,Nacional,Ley de Justicia,Boyacá,Prestación de servicios,Contratación directa,False,2024-07-30,2024-08-01,2024-12-19,20250000.0,terminado,2024,cloud_or_software_nonAI,0.95,False,True,False,False,False,False,False,
CO1.PCCNTR.6249619,CO1.BDOS.5991502,{'url': 'https://community.secop.gov.co/Public/Tendering/OpportunityDetail/Index?noticeUID=CO1.NTC.6025341&isFromPublicArea=True&isModal=true&asPopupView=true'},8918010397,LOTERIA DE BOYCA,Territorial,Industria,Boyacá,Prestación de servicios,Contratación régimen especial,True,2024-04-24,2024-04-26,2024-05-17,44000000.0,terminado,2024,cloud_or_software_nonAI,0.99,True,True,False,True,False,True,False,
CO1.PCCNTR.9901259,CO1.BDOS.10792330,{'url': 'https://community.secop.gov.co/Public/Tendering/OpportunityDetail/Index?noticeUID=CO1.NTC.10834529&isFromPublicArea=True&isModal=true&asPopupView=true'},899999468,ALCALDÍA MUNICIPAL DE SOPO,Territorial,No aplica/No pertenece,Cundinamarca,Prestación de servicios,Contratación directa,True,2026-09-04,2026-09-04,2026-12-31,53000000.0,En ejecución,2026,cloud_or_software_nonAI,0.98,True,True,False,True,False,True,False,
CO1.PCCNTR.5615616,CO1.BDOS.5232185,{'url': 'https://community.secop.gov.co/Public/Tendering/OpportunityDetail/Index?noticeUID=CO1.NTC.5261677&isFromPublicArea=True&isModal=true&asPopupView=true'},800165804,Rama Judicial  Dirección Seccional de Administración Judicial de Tunja,Nacional,Ley de Justicia,Boyacá,Prestación de servicios,Contratación directa,False,2023-12-01,2023-12-01,2023-12-31,3000000.0,terminado,2023,incidental,0.94,False,True,False,False,False,False,False,
CO1.PCCNTR.7942636,CO1.BDOS.8202127,{'url': 'https://community.secop.gov.co/Public/Tendering/OpportunityDetail/Index?noticeUID=CO1.NTC.8223682&isFromPublicArea=True&isModal=true&asPopupView=true'},811000278,INSTITUCION UNIVERSITARIA DE ENVIGADO,Territorial,Educación Nacional,Antioquia,Otro,Contratación Directa (con ofertas),True,2025-06-04,2025-06-16,2027-12-31,3406841100.0,En ejecución,2025,cloud_or_software_nonAI,0.99,True,True,False,True,False,True,False,
CO1.PCCNTR.9919923,CO1.BDOS.10821553,{'url': 'https://community.secop.gov.co/Public/Tendering/OpportunityDetail/Index?noticeUID=CO1.NTC.10860614&isFromPublicArea=True&isModal=true&asPopupView=true'},800214750,INSTITUCIÓN UNIVERSITARIA ITM,Nacional,Educación Nacional,Antioquia,Prestación de servicios,Contratación directa,False,2026-09-09,2026-09-09,2026-12-31,41433333.0,En ejecución,2026,cloud_or_software_nonAI,0.96,True,True,False,False,False,False,False,
CO1.PCCNTR.5548833,CO1.BDOS.5161134,{'url': 'https://community.secop.gov.co/Public/Tendering/OpportunityDetail/Index?noticeUID=CO1.NTC.5178020&isFromPublicArea=True&isModal=true&asPopupView=true'},899999468,ALCALDÍA MUNICIPAL DE SOPO,Territorial,No aplica/No pertenece,Cundinamarca,Prestación de servicios,Contratación directa,True,2023-11-21,2023-11-22,2023-12-31,9868125.0,terminado,2023,cloud_or_software_nonAI,0.99,True,True,False,True,False,True,False,
CO1.PCCNTR.8726127,CO1.BDOS.9159850,{'url': 'https://community.secop.gov.co/Public/Tendering/OpportunityDetail/Index?noticeUID=CO1.NTC.9239138&isFromPublicArea=True&isModal=true&asPopupView=true'},800093816,Rama Judicial  Dirección Ejecutiva de Administración Judicial,Nacional,Ley de Justicia,Distrito Capital de Bogotá,Compraventa,Selección abreviada subasta inversa,True,2025-12-24,2025-12-29,2025-12-31,52327197000.0,En ejecución,2025,cloud_or_software_nonAI,0.99,True,True,False,True,False,True,False,
CO1.PCCNTR.6096931,CO1.BDOS.5829599,{'url': 'https://community.secop.gov.co/Public/Tendering/OpportunityDetail/Index?noticeUID=CO1.NTC.5839501&isFromPublicArea=True&isModal=true&asPopupView=true'},900514813,COLOMBIA COMPRA EFICIENTE,Nacional,Planeación,Distrito Capital de Bogotá,Prestación de servicios,Contratación directa,False,2024-03-19,2024-04-01,2024-10-17,61464000.0,Cerrado,2024,cloud_or_software_nonAI,0.98,True,True,False,False,False,False,False,
CO1.PCCNTR.9067330,CO1.BDOS.9688557,{'url': 'https://community.secop.gov.co/Public/Tendering/OpportunityDetail/Index?noticeUID=CO1.NTC.9701777&isFromPublicArea=True&isModal=true&asPopupView=true'},8921150151,GOBERNACIÓN DE LA GUAJIRA,Territorial,Servicio Público,La Guajira,Prestación de servicios,Contratación directa,True,2026-01-26,2026-02-11,2026-12-31,97983093.0,En ejecución,2026,cloud_or_software_nonAI,0.99,True,True,False,True,False,True,False,
CO1.PCCNTR.8783350,CO1.BDOS.9392035,{'url': 'https://community.secop.gov.co/Public/Tendering/OpportunityDetail/Index?noticeUID=CO1.NTC.9406792&isFromPublicArea=True&isModal=true&asPopupView=true'},899999035,INSTITUTO COLOMBIANO DE CREDITO EDUCATIVO Y ESTUDIO TÉCNICOS EN EL EXTERIOR MARIANO OSPINA PEREZ.,Nacional,Educación Nacional,Distrito Capital de Bogotá,Prestación de servicios,Contratación régimen especial,False,2026-01-08,2026-01-09,2026-12-31,180000000.0,Modificado,2026,cloud_or_software_nonAI,0.99,True,True,False,False,False,False,False,
CO1.PCCNTR.5780339,CO1.BDOS.5466904,{'url': 'https://community.secop.gov.co/Public/Tendering/OpportunityDetail/Index?noticeUID=CO1.NTC.5476519&isFromPublicArea=True&isModal=true&asPopupView=true'},899999239,ICBF SEDE NACIONAL,Nacional,Inclusión Social y Reconciliación,Distrito Capital de Bogotá,Prestación de servicios,Contratación directa,False,2024-01-21,2024-01-22,2024-12-31,138552000.0,Cerrado,2024,cloud_or_software_nonAI,0.94,True,True,False,False,False,False,False,
CO1.PCCNTR.6576507,CO1.BDOS.6441464,{'url': 'https://community.secop.gov.co/Public/Tendering/OpportunityDetail/Index?noticeUID=CO1.NTC.6461222&isFromPublicArea=True&isModal=true&asPopupView=true'},800165804,Rama Judicial  Dirección Seccional de Administración Judicial de Tunja,Nacional,Ley de Justicia,Boyacá,Prestación de servicios,Contratación directa,False,2024-07-29,2024-08-01,2024-12-19,20250000.0,terminado,2024,incidental,0.96,False,True,False,False,False,False,False,
CO1.PCCNTR.5615099,CO1.BDOS.5150997,{'url': 'https://community.secop.gov.co/Public/Tendering/OpportunityDetail/Index?noticeUID=CO1.NTC.5172735&isFromPublicArea=True&isModal=true&asPopupView=true'},800165804,Rama Judicial  Dirección Seccional de Administración Judicial de Tunja,Nacional,Ley de Justicia,Boyacá,Prestación de servicios,Contratación directa,False,2023-12-01,2023-12-30,2023-12-31,3000000.0,terminado,2023,incidental,0.96,False,True,False,False,False,False,False,
CO1.PCCNTR.6454444,CO1.BDOS.6196062,{'url': 'https://community.secop.gov.co/Public/Tendering/OpportunityDetail/Index?noticeUID=CO1.NTC.6206503&isFromPublicArea=True&isModal=true&asPopupView=true'},901525615,UNIDAD DE PLANEACIÓN DE INFRAESTRUCTURA DE TRANSPORTE,Nacional,Transporte,Distrito Capital de Bogotá,Compraventa,Contratación Directa (con ofertas),True,2024-06-25,2024-07-02,2024-08-01,96762100.0,En ejecución,2024,cloud_or_software_nonAI,0.98,True,True,False,True,False,True,False,
CO1.PCCNTR.5354755,CO1.BDOS.4863747,{'url': 'https://community.secop.gov.co/Public/Tendering/OpportunityDetail/Index?noticeUID=CO1.NTC.4903488&isFromPublicArea=True&isModal=true&asPopupView=true'},800165804,Rama Judicial  Dirección Seccional de Administración Judicial de Tunja,Nacional,Ley de Justicia,Boyacá,Prestación de servicios,Contratación directa,False,2023-09-06,2023-09-11,2023-10-15,4500000.0,terminado,2023,cloud_or_software_nonAI,0.87,True,True,False,False,False,False,False,
CO1.PCCNTR.9366801,CO1.BDOS.9959145,{'url': 'https://community.secop.gov.co/Public/Tendering/OpportunityDetail/Index?noticeUID=CO1.NTC.10046135&isFromPublicArea=True&isModal=true&asPopupView=true'},900894833,DIVRI,Nacional,defensa,Distrito Capital de Bogotá,Prestación de servicios,Selección abreviada subasta inversa,True,2026-03-04,2026-03-05,2026-12-31,494669703.0,En ejecución,2026,cloud_or_software_nonAI,0.99,True,True,False,True,False,True,False,
CO1.PCCNTR.6578700,CO1.BDOS.6454156,{'url': 'https://community.secop.gov.co/Public/Tendering/OpportunityDetail/Index?noticeUID=CO1.NTC.6464429&isFromPublicArea=True&isModal=true&asPopupView=true'},800165804,Rama Judicial  Dirección Seccional de Administración Judicial de Tunja,Nacional,Ley de Justicia,Boyacá,Prestación de servicios,Contratación directa,False,2024-07-30,2024-08-01,2024-12-19,20250000.0,terminado,2024,cloud_or_software_nonAI,0.97,False,True,False,False,False,False,False,
CO1.PCCNTR.7031222,CO1.BDOS.7010828,{'url': 'https://community.secop.gov.co/Public/Tendering/OpportunityDetail/Index?noticeUID=CO1.NTC.7054585&isFromPublicArea=True&isModal=true&asPopupView=true'},800165804,Rama Judicial  Dirección Seccional de Administración Judicial de Tunja,Nacional,Ley de Justicia,Boyacá,Prestación de servicios,Contratación directa,False,2024-11-15,2024-11-19,2024-12-23,4500000.0,terminado,2024,cloud_or_software_nonAI,0.92,False,True,False,False,False,False,False,
CO1.PCCNTR.6576410,CO1.BDOS.6419604,{'url': 'https://community.secop.gov.co/Public/Tendering/OpportunityDetail/Index?noticeUID=CO1.NTC.6461021&isFromPublicArea=True&isModal=true&asPopupView=true'},800165804,Rama Judicial  Dirección Seccional de Administración Judicial de Tunja,Nacional,Ley de Justicia,Boyacá,Prestación de servicios,Contratación directa,False,2024-07-29,2024-08-01,2024-12-19,20250000.0,terminado,2024,cloud_or_software_nonAI,0.96,True,True,False,False,False,False,False,
CO1.PCCNTR.5761626,CO1.BDOS.5440671,{'url': 'https://community.secop.gov.co/Public/Tendering/OpportunityDetail/Index?noticeUID=CO1.NTC.5456852&isFromPublicArea=True&isModal=true&asPopupView=true'},860523694,ESCUELA TECNOLÓGICA INSTITUTO TÉCNICO CENTRAL,Nacional,Educación Nacional,Distrito Capital de Bogotá,Prestación de servicios,Contratación directa,False,2024-01-25,2024-01-26,2024-12-30,45491253.0,Cerrado,2024,cloud_or_software_nonAI,0.98,True,True,False,False,False,False,False,
CO1.PCCNTR.6576524,CO1.BDOS.6442989,{'url': 'https://community.secop.gov.co/Public/Tendering/OpportunityDetail/Index?noticeUID=CO1.NTC.6461434&isFromPublicArea=True&isModal=true&asPopupView=true'},800165804,Rama Judicial  Dirección Seccional de Administración Judicial de Tunja,Nacional,Ley de Justicia,Boyacá,Prestación de servicios,Contratación directa,False,2024-07-29,2024-08-01,2024-12-19,20250000.0,terminado,2024,cloud_or_software_nonAI,0.94,False,True,False,False,False,False,False,
CO1.PCCNTR.6576418,CO1.BDOS.6442433,{'url': 'https://community.secop.gov.co/Public/Tendering/OpportunityDetail/Index?noticeUID=CO1.NTC.6461328&isFromPublicArea=True&isModal=true&asPopupView=true'},800165804,Rama Judicial  Dirección Seccional de Administración Judicial de Tunja,Nacional,Ley de Justicia,Boyacá,Prestación de servicios,Contratación directa,False,2024-07-29,2024-08-01,2024-12-19,20250000.0,terminado,2024,cloud_or_software_nonAI,0.9,False,True,False,False,False,False,False,
CO1.PCCNTR.8481200,CO1.BDOS.8947491,{'url': 'https://community.secop.gov.co/Public/Tendering/OpportunityDetail/Index?noticeUID=CO1.NTC.8986880&isFromPublicArea=True&isModal=true&asPopupView=true'},900959051,SUBRED INTEGRADA DE SERVICIO DE SALUD CENTRO ORIENTE E.S.E 1,Territorial,Salud y Protección Social,Distrito Capital de Bogotá,Compraventa,Contratación régimen especial,True,2025-10-27,2025-10-27,2025-11-26,4627700.0,En ejecución,2025,cloud_or_software_nonAI,0.99,True,True,False,True,False,True,False,
CO1.PCCNTR.5848156,CO1.BDOS.5536909,{'url': 'https://community.secop.gov.co/Public/Tendering/OpportunityDetail/Index?noticeUID=CO1.NTC.5545757&isFromPublicArea=True&isModal=true&asPopupView=true'},900474727,MINSALUD,Nacional,Salud y Protección Social,Distrito Capital de Bogotá,Prestación de servicios,Contratación directa,False,2024-02-02,2024-02-07,2024-12-30,88533333.0,En ejecución,2024,cloud_or_software_nonAI,0.97,True,True,False,False,False,False,False,
CO1.PCCNTR.9031061,CO1.BDOS.9381751,{'url': 'https://community.secop.gov.co/Public/Tendering/OpportunityDetail/Index?noticeUID=CO1.NTC.9665404&isFromPublicArea=True&isModal=true&asPopupView=true'},900127768,UAECD,Territorial,Hacienda y Crédito Público,Distrito Capital de Bogotá,Prestación de servicios,Contratación directa,False,2026-01-21,2026-01-28,2026-12-27,110495000.0,Modificado,2026,cloud_or_software_nonAI,0.99,True,True,False,False,False,False,False,
CO1.PCCNTR.7316325,CO1.BDOS.7361151,{'url': 'https://community.secop.gov.co/Public/Tendering/OpportunityDetail/Index?noticeUID=CO1.NTC.7432253&isFromPublicArea=True&isModal=true&asPopupView=true'},804005441,E.S.P .PIEDECUESTANA DE SERVICIOS PUBLICOS,Territorial,No aplica/No pertenece,Santander,Otro,Contratación régimen especial,True,2025-01-23,2025-01-27,2025-12-26,26140500.0,En ejecución,2025,cloud_or_software_nonAI,0.99,True,True,False,True,False,True,False,
CO1.PCCNTR.5682929,CO1.BDOS.5290841,{'url': 'https://community.secop.gov.co/Public/Tendering/OpportunityDetail/Index?noticeUID=CO1.NTC.5305830&isFromPublicArea=True&isModal=true&asPopupView=true'},830115226,MINTRABAJO NIVEL CENTRAL*/,Nacional,Trabajo,Distrito Capital de Bogotá,Otro,Contratación régimen especial,True,2023-12-20,2023-12-21,2023-12-31,2573856000.0,En ejecución,2023,cloud_or_software_nonAI,0.99,True,True,False,True,False,True,False,
CO1.PCCNTR.7816614,CO1.BDOS.7969678,{'url': 'https://community.secop.gov.co/Public/Tendering/OpportunityDetail/Index?noticeUID=CO1.NTC.7994491&isFromPublicArea=True&isModal=true&asPopupView=true'},901525615,UNIDAD DE PLANEACIÓN DE INFRAESTRUCTURA DE TRANSPORTE,Nacional,Transporte,Distrito Capital de Bogotá,Compraventa,Contratación Directa (con ofertas),True,2025-04-28,2025-04-30,2025-06-30,285077008.0,En ejecución,2025,cloud_or_software_nonAI,0.99,True,True,False,True,False,True,False,
CO1.PCCNTR.9385300,CO1.BDOS.9807946,{'url': 'https://community.secop.gov.co/Public/Tendering/OpportunityDetail/Index?noticeUID=CO1.NTC.10015644&isFromPublicArea=True&isModal=true&asPopupView=true'},901038962,METRO DE BOGOTA SA,Territorial,Transporte,Distrito Capital de Bogotá,Compraventa,Selección abreviada subasta inversa,True,2026-03-11,2026-03-26,2026-04-25,407802544.0,En ejecución,2026,cloud_or_software_nonAI,0.99,True,True,False,True,False,True,False,
CO1.PCCNTR.5366029,CO1.BDOS.4864119,{'url': 'https://community.secop.gov.co/Public/Tendering/OpportunityDetail/Index?noticeUID=CO1.NTC.4922119&isFromPublicArea=True&isModal=true&asPopupView=true'},800165804,Rama Judicial  Dirección Seccional de Administración Judicial de Tunja,Nacional,Ley de Justicia,Boyacá,Prestación de servicios,Contratación directa,False,2023-09-11,2023-09-11,2023-10-23,4500000.0,terminado,2023,incidental,0.88,True,True,False,False,False,False,False,
CO1.PCCNTR.8976781,CO1.BDOS.9516764,{'url': 'https://community.secop.gov.co/Public/Tendering/OpportunityDetail/Index?noticeUID=CO1.NTC.9607583&isFromPublicArea=True&isModal=true&asPopupView=true'},890984423,AREA METROPOLITANA DEL VALLE DE ABURRA,Territorial,Ambiente y Desarrollo Sostenible,Antioquia,Prestación de servicios,Contratación directa,True,2026-01-19,2026-01-20,2026-12-30,242557700.0,Modificado,2026,cloud_or_software_nonAI,0.99,True,True,False,True,False,True,False,
CO1.PCCNTR.7093531,CO1.BDOS.7115757,{'url': 'https://community.secop.gov.co/Public/Tendering/OpportunityDetail/Index?noticeUID=CO1.NTC.7139559&isFromPublicArea=True&isModal=true&asPopupView=true'},900514813,COLOMBIA COMPRA EFICIENTE,Nacional,Planeación,Distrito Capital de Bogotá,Prestación de servicios,Contratación directa,False,2024-12-02,2024-12-04,2024-12-31,15000000.0,En ejecución,2024,cloud_or_software_nonAI,0.98,True,True,False,False,False,False,False,
CO1.PCCNTR.8826379,CO1.BDOS.9434985,{'url': 'https://community.secop.gov.co/Public/Tendering/OpportunityDetail/Index?noticeUID=CO1.NTC.9455945&isFromPublicArea=True&isModal=true&asPopupView=true'},899999004,IGAC Sede Central *,Nacional,Información Estadística,Distrito Capital de Bogotá,Prestación de servicios,Contratación directa,False,2026-01-13,2026-01-15,2026-12-30,114371533.0,Modificado,2026,cloud_or_software_nonAI,0.98,True,True,False,False,False,False,False,
CO1.PCCNTR.6585601,CO1.BDOS.6462053,{'url': 'https://community.secop.gov.co/Public/Tendering/OpportunityDetail/Index?noticeUID=CO1.NTC.6471298&isFromPublicArea=True&isModal=true&asPopupView=true'},800165804,Rama Judicial  Dirección Seccional de Administración Judicial de Tunja,Nacional,Ley de Justicia,Boyacá,Prestación de servicios,Contratación directa,False,2024-07-31,2024-08-01,2024-12-19,20250000.0,terminado,2024,cloud_or_software_nonAI,0.96,False,True,False,False,False,False,False,
CO1.PCCNTR.6577853,CO1.BDOS.6450546,{'url': 'https://community.secop.gov.co/Public/Tendering/OpportunityDetail/Index?noticeUID=CO1.NTC.6461060&isFromPublicArea=True&isModal=true&asPopupView=true'},800165804,Rama Judicial  Dirección Seccional de Administración Judicial de Tunja,Nacional,Ley de Justicia,Boyacá,Prestación de servicios,Contratación directa,False,2024-07-29,2024-08-01,2024-12-19,20250000.0,terminado,2024,cloud_or_software_nonAI,0.94,True,True,False,False,False,False,False,
CO1.PCCNTR.6807867,CO1.BDOS.6745056,{'url': 'https://community.secop.gov.co/Public/Tendering/OpportunityDetail/Index?noticeUID=CO1.NTC.6768599&isFromPublicArea=True&isModal=true&asPopupView=true'},899999468,ALCALDÍA MUNICIPAL DE SOPO,Territorial,No aplica/No pertenece,Cundinamarca,Prestación de servicios,Contratación directa,True,2024-09-25,2024-09-25,2024-12-29,17020835.0,terminado,2024,cloud_or_software_nonAI,0.98,True,True,False,True,False,True,False,
CO1.PCCNTR.6653830,CO1.BDOS.6555657,{'url': 'https://community.secop.gov.co/Public/Tendering/OpportunityDetail/Index?noticeUID=CO1.NTC.6565374&isFromPublicArea=True&isModal=true&asPopupView=true'},8002469532,FONDO FINANCIERO DISTRITAL DE SALUD.,Territorial,Salud y Protección Social,Distrito Capital de Bogotá,Prestación de servicios,Contratación directa,False,2024-08-17,2024-08-21,2024-12-31,17116667.0,terminado,2024,cloud_or_software_nonAI,0.99,True,True,False,False,False,False,False,
CO1.PCCNTR.7832217,CO1.BDOS.8000597,{'url': 'https://community.secop.gov.co/Public/Tendering/OpportunityDetail/Index?noticeUID=CO1.NTC.8066683&isFromPublicArea=True&isModal=true&asPopupView=true'},890984423,AREA METROPOLITANA DEL VALLE DE ABURRA,Territorial,Ambiente y Desarrollo Sostenible,Antioquia,Prestación de servicios,Contratación directa,False,2025-05-01,2025-05-05,2025-12-31,63591075.0,terminado,2025,cloud_or_software_nonAI,0.99,True,True,False,False,False,False,False,
CO1.PCCNTR.9278801,CO1.BDOS.9884993,{'url': 'https://community.secop.gov.co/Public/Tendering/OpportunityDetail/Index?noticeUID=CO1.NTC.9910592&isFromPublicArea=True&isModal=true&asPopupView=true'},899999034,SENA SECRETARIA GENERAL,Nacional,Trabajo,Distrito Capital de Bogotá,Prestación de servicios,Contratación directa,False,2026-01-30,2026-02-03,2026-12-31,121000000.0,En ejecución,2026,cloud_or_software_nonAI,0.99,True,True,False,False,False,False,False,
CO1.PCCNTR.9254315,CO1.BDOS.9865749,{'url': 'https://community.secop.gov.co/Public/Tendering/OpportunityDetail/Index?noticeUID=CO1.NTC.9886724&isFromPublicArea=True&isModal=true&asPopupView=true'},860024301,INSTITUTO COLOMBIANO PARA LA EVALUACIÓN DE LA EDUCACIÓN - ICFES,Nacional,Educación Nacional,Distrito Capital de Bogotá,Prestación de servicios,Contratación régimen especial,True,2026-01-29,2026-02-05,2026-03-30,199990210.0,En ejecución,2026,cloud_or_software_nonAI,0.98,True,True,False,True,False,True,False,
CO1.PCCNTR.5911192,CO1.BDOS.5600930,{'url': 'https://community.secop.gov.co/Public/Tendering/OpportunityDetail/Index?noticeUID=CO1.NTC.5616474&isFromPublicArea=True&isModal=true&asPopupView=true'},900479658,UPRA,Nacional,agricultura,Distrito Capital de Bogotá,Prestación de servicios,Contratación directa,False,2024-02-08,2024-02-13,2024-12-27,126672000.0,Cerrado,2024,cloud_or_software_nonAI,0.98,True,True,False,False,False,False,False,
CO1.PCCNTR.6576417,CO1.BDOS.6442041,{'url': 'https://community.secop.gov.co/Public/Tendering/OpportunityDetail/Index?noticeUID=CO1.NTC.6461326&isFromPublicArea=True&isModal=true&asPopupView=true'},800165804,Rama Judicial  Dirección Seccional de Administración Judicial de Tunja,Nacional,Ley de Justicia,Boyacá,Prestación de servicios,Contratación directa,False,2024-07-29,2024-12-19,2024-12-19,20250000.0,terminado,2024,cloud_or_software_nonAI,0.96,False,True,False,False,False,False,False,
CO1.PCCNTR.6578512,CO1.BDOS.6450457,{'url': 'https://community.secop.gov.co/Public/Tendering/OpportunityDetail/Index?noticeUID=CO1.NTC.6463615&isFromPublicArea=True&isModal=true&asPopupView=true'},800165804,Rama Judicial  Dirección Seccional de Administración Judicial de Tunja,Nacional,Ley de Justicia,Boyacá,Prestación de servicios,Contratación directa,False,2024-07-29,2024-08-01,2024-12-19,20250000.0,terminado,2024,incidental,0.94,True,True,False,False,False,False,False,
CO1.PCCNTR.6576630,CO1.BDOS.6442972,{'url': 'https://community.secop.gov.co/Public/Tendering/OpportunityDetail/Index?noticeUID=CO1.NTC.6461338&isFromPublicArea=True&isModal=true&asPopupView=true'},800165804,Rama Judicial  Dirección Seccional de Administración Judicial de Tunja,Nacional,Ley de Justicia,Boyacá,Prestación de servicios,Contratación directa,False,2024-07-29,2024-08-01,2024-12-19,20250000.0,terminado,2024,cloud_or_software_nonAI,0.94,True,True,False,False,False,False,False,
CO1.PCCNTR.6566486,CO1.BDOS.6438660,{'url': 'https://community.secop.gov.co/Public/Tendering/OpportunityDetail/Index?noticeUID=CO1.NTC.6449260&isFromPublicArea=True&isModal=true&asPopupView=true'},8300157281,IEMP,Nacional,No aplica/No pertenece,Distrito Capital de Bogotá,Prestación de servicios,Contratación directa,False,2024-08-01,2024-08-08,2024-10-30,5000000.0,Cerrado,2024,cloud_or_software_nonAI,0.99,True,True,False,False,False,False,False,
CO1.PCCNTR.7243642,CO1.BDOS.7324278,{'url': 'https://community.secop.gov.co/Public/Tendering/OpportunityDetail/Index?noticeUID=CO1.NTC.7345277&isFromPublicArea=True&isModal=true&asPopupView=true'},860523694,ESCUELA TECNOLÓGICA INSTITUTO TÉCNICO CENTRAL,Nacional,Educación Nacional,Distrito Capital de Bogotá,Prestación de servicios,Contratación directa,False,2025-01-15,2025-01-15,2025-12-30,49044841.0,En ejecución,2025,cloud_or_software_nonAI,0.98,True,True,False,False,False,False,False,
CO1.PCCNTR.6576622,CO1.BDOS.6442931,{'url': 'https://community.secop.gov.co/Public/Tendering/OpportunityDetail/Index?noticeUID=CO1.NTC.6461335&isFromPublicArea=True&isModal=true&asPopupView=true'},800165804,Rama Judicial  Dirección Seccional de Administración Judicial de Tunja,Nacional,Ley de Justicia,Boyacá,Prestación de servicios,Contratación directa,False,2024-07-29,2024-08-01,2024-12-19,20250000.0,terminado,2024,incidental,0.95,False,True,False,False,False,False,False,
CO1.PCCNTR.5433278,CO1.BDOS.5008799,{'url': 'https://community.secop.gov.co/Public/Tendering/OpportunityDetail/Index?noticeUID=CO1.NTC.5021533&isFromPublicArea=True&isModal=true&asPopupView=true'},800165804,Rama Judicial  Dirección Seccional de Administración Judicial de Tunja,Nacional,Ley de Justicia,Boyacá,Prestación de servicios,Contratación directa,False,2023-10-04,2023-10-12,2023-12-19,7500000.0,En ejecución,2023,cloud_or_software_nonAI,0.96,False,True,False,False,False,False,False,
CO1.PCCNTR.6578087,CO1.BDOS.6450855,{'url': 'https://community.secop.gov.co/Public/Tendering/OpportunityDetail/Index?noticeUID=CO1.NTC.6463612&isFromPublicArea=True&isModal=true&asPopupView=true'},800165804,Rama Judicial  Dirección Seccional de Administración Judicial de Tunja,Nacional,Ley de Justicia,Boyacá,Prestación de servicios,Contratación directa,False,2024-07-29,2024-08-01,2024-12-19,20250000.0,terminado,2024,incidental,0.97,True,True,False,False,False,False,False,
CO1.PCCNTR.5166751,CO1.BDOS.4657295,{'url': 'https://community.secop.gov.co/Public/Tendering/OpportunityDetail/Index?noticeUID=CO1.NTC.4663803&isFromPublicArea=True&isModal=true&asPopupView=true'},890308051,INSTITUTO FINANCIERO PARA EL DESARROLLO DEL VALLE-INFIVALLE,Territorial,Hacienda y Crédito Público,Valle del Cauca,Otro,Contratación directa,True,2023-06-28,2023-06-28,2023-12-31,0.0,Cerrado,2023,cloud_or_software_nonAI,0.98,True,True,False,False,False,False,False,
CO1.PCCNTR.6238129,CO1.BDOS.5895952,{'url': 'https://community.secop.gov.co/Public/Tendering/OpportunityDetail/Index?noticeUID=CO1.NTC.5902831&isFromPublicArea=True&isModal=true&asPopupView=true'},830002593,COMISIÓN DE REGULACIÓN DE COMUNICACIONES,Nacional,Tecnologías de la Información y las Comunicaciones,Distrito Capital de Bogotá,Prestación de servicios,Mínima cuantía,True,2024-04-30,2024-05-25,2025-02-24,44635770.0,Cerrado,2024,cloud_or_software_nonAI,0.96,False,True,False,True,False,True,False,
CO1.PCCNTR.6429189,CO1.BDOS.6148137,{'url': 'https://community.secop.gov.co/Public/Tendering/OpportunityDetail/Index?noticeUID=CO1.NTC.6156892&isFromPublicArea=True&isModal=true&asPopupView=true'},899999059,AEROCIVIL,Nacional,Transporte,Distrito Capital de Bogotá,Compraventa,Mínima cuantía,True,2024-06-18,,2024-06-25,59992500.0,Aprobado,2024,cloud_or_software_nonAI,0.99,True,True,False,True,False,True,False,
CO1.PCCNTR.6930063,CO1.BDOS.6912874,{'url': 'https://community.secop.gov.co/Public/Tendering/OpportunityDetail/Index?noticeUID=CO1.NTC.6925434&isFromPublicArea=True&isModal=true&asPopupView=true'},8999990619,SECRETARÍA DISTRITAL DE MOVILIDAD,Territorial,Transporte,Distrito Capital de Bogotá,Prestación de servicios,Contratación directa,False,2024-10-21,2024-11-25,2025-05-24,61800000.0,Modificado,2024,cloud_or_software_nonAI,0.98,True,True,False,False,False,False,False,
CO1.PCCNTR.8734732,CO1.BDOS.9311065,{'url': 'https://community.secop.gov.co/Public/Tendering/OpportunityDetail/Index?noticeUID=CO1.NTC.9335872&isFromPublicArea=True&isModal=true&asPopupView=true'},800093816,Rama Judicial  Dirección Ejecutiva de Administración Judicial,Nacional,Ley de Justicia,Distrito Capital de Bogotá,Prestación de servicios,Contratación directa,True,2025-12-30,2025-12-31,2026-12-31,2824418490.0,En ejecución,2025,cloud_or_software_nonAI,0.99,True,True,False,True,False,True,False,
CO1.PCCNTR.6576728,CO1.BDOS.6443452,{'url': 'https://community.secop.gov.co/Public/Tendering/OpportunityDetail/Index?noticeUID=CO1.NTC.6461343&isFromPublicArea=True&isModal=true&asPopupView=true'},800165804,Rama Judicial  Dirección Seccional de Administración Judicial de Tunja,Nacional,Ley de Justicia,Boyacá,Prestación de servicios,Contratación directa,False,2024-07-29,2024-08-01,2024-12-19,20250000.0,terminado,2024,cloud_or_software_nonAI,0.96,False,True,False,False,False,False,False,
CO1.PCCNTR.5305309,CO1.BDOS.4844944,{'url': 'https://community.secop.gov.co/Public/Tendering/OpportunityDetail/Index?noticeUID=CO1.NTC.4853467&isFromPublicArea=True&isModal=true&asPopupView=true'},899999004,IGAC Sede Central *,Nacional,Información Estadística,Distrito Capital de Bogotá,Prestación de servicios,Contratación directa,False,2023-08-16,2023-08-18,2023-12-30,40956020.0,Cerrado,2023,cloud_or_software_nonAI,0.98,True,True,False,False,False,False,False,
CO1.PCCNTR.6805703,CO1.BDOS.6750530,{'url': 'https://community.secop.gov.co/Public/Tendering/OpportunityDetail/Index?noticeUID=CO1.NTC.6766207&isFromPublicArea=True&isModal=true&asPopupView=true'},899999061,SECRETARIA DISTRITAL DE GOBIERNO 1,Territorial,Servicio Público,Distrito Capital de Bogotá,Prestación de servicios,Contratación directa,False,2024-09-24,2024-09-25,2025-02-09,36000000.0,Cerrado,2024,cloud_or_software_nonAI,0.99,True,True,False,False,False,False,False,
CO1.PCCNTR.7322412,CO1.BDOS.7425455,{'url': 'https://community.secop.gov.co/Public/Tendering/OpportunityDetail/Index?noticeUID=CO1.NTC.7439642&isFromPublicArea=True&isModal=true&asPopupView=true'},899999098,CAMARA DE REPRESENTANTES,Nacional,No aplica/No pertenece,Distrito Capital de Bogotá,Prestación de servicios,Contratación directa,False,2025-01-27,2025-01-28,2025-12-27,82500000.0,Cerrado,2025,cloud_or_software_nonAI,0.99,True,True,False,False,False,False,False,
CO1.PCCNTR.6578459,CO1.BDOS.6450456,{'url': 'https://community.secop.gov.co/Public/Tendering/OpportunityDetail/Index?noticeUID=CO1.NTC.6463452&isFromPublicArea=True&isModal=true&asPopupView=true'},800165804,Rama Judicial  Dirección Seccional de Administración Judicial de Tunja,Nacional,Ley de Justicia,Boyacá,Prestación de servicios,Contratación directa,False,2024-07-29,2024-08-01,2024-12-19,20250000.0,terminado,2024,cloud_or_software_nonAI,0.96,False,True,False,False,False,False,False,
CO1.PCCNTR.8689774,CO1.BDOS.9172618,{'url': 'https://community.secop.gov.co/Public/Tendering/OpportunityDetail/Index?noticeUID=CO1.NTC.9197777&isFromPublicArea=True&isModal=true&asPopupView=true'},8909801583,Institución Universitaria Pascual Bravo COMPRADOR,Nacional,Educación Nacional,Antioquia,Compraventa,Mínima cuantía,True,2025-12-15,2025-12-15,2025-12-23,4000000.0,Cerrado,2025,cloud_or_software_nonAI,0.98,True,True,False,True,False,True,False,
CO1.PCCNTR.7424943,CO1.BDOS.7385891,{'url': 'https://community.secop.gov.co/Public/Tendering/OpportunityDetail/Index?noticeUID=CO1.NTC.7406223&isFromPublicArea=True&isModal=true&asPopupView=true'},830002593,COMISIÓN DE REGULACIÓN DE COMUNICACIONES,Nacional,Tecnologías de la Información y las Comunicaciones,Distrito Capital de Bogotá,Prestación de servicios,Mínima cuantía,True,2025-02-11,2025-02-25,2025-06-24,22332311.0,terminado,2025,cloud_or_software_nonAI,0.97,False,True,False,True,False,True,False,
CO1.PCCNTR.5311392,CO1.BDOS.4852743,{'url': 'https://community.secop.gov.co/Public/Tendering/OpportunityDetail/Index?noticeUID=CO1.NTC.4861273&isFromPublicArea=True&isModal=true&asPopupView=true'},830115226,MINTRABAJO NIVEL CENTRAL*/,Nacional,Trabajo,Distrito Capital de Bogotá,Otro,Contratación régimen especial,False,2023-08-18,2023-08-22,2023-12-31,67750000.0,Cerrado,2023,cloud_or_software_nonAI,0.98,True,True,False,False,False,False,False,
CO1.PCCNTR.6576509,CO1.BDOS.6419593,{'url': 'https://community.secop.gov.co/Public/Tendering/OpportunityDetail/Index?noticeUID=CO1.NTC.6461243&isFromPublicArea=True&isModal=true&asPopupView=true'},800165804,Rama Judicial  Dirección Seccional de Administración Judicial de Tunja,Nacional,Ley de Justicia,Boyacá,Prestación de servicios,Contratación directa,False,2024-07-29,2024-08-01,2024-12-19,20250000.0,terminado,2024,cloud_or_software_nonAI,0.91,False,True,False,False,False,False,False,
CO1.PCCNTR.5369118,CO1.BDOS.4864130,{'url': 'https://community.secop.gov.co/Public/Tendering/OpportunityDetail/Index?noticeUID=CO1.NTC.4922130&isFromPublicArea=True&isModal=true&asPopupView=true'},800165804,Rama Judicial  Dirección Seccional de Administración Judicial de Tunja,Nacional,Ley de Justicia,Boyacá,Prestación de servicios,Contratación directa,False,2023-09-11,2023-09-13,2023-10-23,4500000.0,terminado,2023,incidental,0.95,True,True,False,False,False,False,False,
CO1.PCCNTR.7030684,CO1.BDOS.7010815,{'url': 'https://community.secop.gov.co/Public/Tendering/OpportunityDetail/Index?noticeUID=CO1.NTC.7054580&isFromPublicArea=True&isModal=true&asPopupView=true'},800165804,Rama Judicial  Dirección Seccional de Administración Judicial de Tunja,Nacional,Ley de Justicia,Boyacá,Prestación de servicios,Contratación directa,False,2024-11-15,2024-11-19,2024-12-23,4500000.0,terminado,2024,cloud_or_software_nonAI,0.95,True,True,False,False,False,False,False,
CO1.PCCNTR.6578076,CO1.BDOS.6450854,{'url': 'https://community.secop.gov.co/Public/Tendering/OpportunityDetail/Index?noticeUID=CO1.NTC.6463447&isFromPublicArea=True&isModal=true&asPopupView=true'},800165804,Rama Judicial  Dirección Seccional de Administración Judicial de Tunja,Nacional,Ley de Justicia,Boyacá,Prestación de servicios,Contratación directa,False,2024-07-29,2024-08-01,2024-12-19,20250000.0,terminado,2024,cloud_or_software_nonAI,0.94,True,True,False,False,False,False,False,
CO1.PCCNTR.5851474,CO1.BDOS.5517562,{'url': 'https://community.secop.gov.co/Public/Tendering/OpportunityDetail/Index?noticeUID=CO1.NTC.5549558&isFromPublicArea=True&isModal=true&asPopupView=true'},860062187,SUPERINTENDENCIA NACIONAL DE SALUD,Nacional,Salud y Protección Social,No Definido,Prestación de servicios,Contratación directa,False,2024-01-31,2024-02-01,2024-12-30,136052224.0,En ejecución,2024,cloud_or_software_nonAI,0.99,True,True,False,False,False,False,False,
CO1.PCCNTR.6983149,CO1.BDOS.6974752,{'url': 'https://community.secop.gov.co/Public/Tendering/OpportunityDetail/Index?noticeUID=CO1.NTC.6990358&isFromPublicArea=True&isModal=true&asPopupView=true'},830115226,MINTRABAJO NIVEL CENTRAL*/,Nacional,Trabajo,Distrito Capital de Bogotá,Otro,Contratación régimen especial,True,2024-11-01,2024-11-05,2024-11-30,25000000.0,Cerrado,2024,cloud_or_software_nonAI,0.99,True,True,False,True,False,True,False,
CO1.PCCNTR.9389012,CO1.BDOS.9951238,{'url': 'https://community.secop.gov.co/Public/Tendering/OpportunityDetail/Index?noticeUID=CO1.NTC.10046241&isFromPublicArea=True&isModal=true&asPopupView=true'},899999028,MINISTERIO DE AGRICULTURA Y DESARROLLO RURAL,Nacional,agricultura,Distrito Capital de Bogotá,Compraventa,Selección abreviada subasta inversa,True,2026-03-12,2026-03-17,2026-04-16,1597984628.0,En ejecución,2026,cloud_or_software_nonAI,0.99,True,True,False,True,False,True,False,
CO1.PCCNTR.5355541,CO1.BDOS.4863795,{'url': 'https://community.secop.gov.co/Public/Tendering/OpportunityDetail/Index?noticeUID=CO1.NTC.4903293&isFromPublicArea=True&isModal=true&asPopupView=true'},800165804,Rama Judicial  Dirección Seccional de Administración Judicial de Tunja,Nacional,Ley de Justicia,Boyacá,Prestación de servicios,Contratación directa,False,2023-09-06,2023-09-06,2023-10-15,4500000.0,terminado,2023,incidental,0.96,False,True,False,False,False,False,False,
CO1.PCCNTR.8920628,CO1.BDOS.9467211,{'url': 'https://community.secop.gov.co/Public/Tendering/OpportunityDetail/Index?noticeUID=CO1.NTC.9488413&isFromPublicArea=True&isModal=true&asPopupView=true'},804005441,E.S.P .PIEDECUESTANA DE SERVICIOS PUBLICOS,Territorial,No aplica/No pertenece,Santander,Otro,Contratación régimen especial,True,2026-01-16,2026-01-21,2026-12-20,27070000.0,En ejecución,2026,cloud_or_software_nonAI,0.99,True,True,False,True,False,True,False,
CO1.PCCNTR.7006322,CO1.BDOS.7004956,{'url': 'https://community.secop.gov.co/Public/Tendering/OpportunityDetail/Index?noticeUID=CO1.NTC.7017646&isFromPublicArea=True&isModal=true&asPopupView=true'},901037916,ADRES,Nacional,Salud y Protección Social,Distrito Capital de Bogotá,Prestación de servicios,Contratación directa,False,2024-11-08,2024-11-14,2024-12-31,9774000.0,Cerrado,2024,incidental,0.94,True,True,False,False,False,False,False,
CO1.PCCNTR.8637231,CO1.BDOS.8940714,{'url': 'https://community.secop.gov.co/Public/Tendering/OpportunityDetail/Index?noticeUID=CO1.NTC.9068733&isFromPublicArea=True&isModal=true&asPopupView=true'},899999096,INSTITUTO CARO Y CUERVO,Nacional,Cultura,Distrito Capital de Bogotá,Compraventa,Selección abreviada subasta inversa,True,2025-12-04,2025-12-09,2025-12-31,197267054.0,En ejecución,2025,cloud_or_software_nonAI,0.99,True,True,False,True,False,True,False,
CO1.PCCNTR.7925807,CO1.BDOS.8184882,{'url': 'https://community.secop.gov.co/Public/Tendering/OpportunityDetail/Index?noticeUID=CO1.NTC.8206534&isFromPublicArea=True&isModal=true&asPopupView=true'},8918010397,LOTERIA DE BOYCA,Territorial,Industria,Boyacá,Suministros,Contratación régimen especial,True,2025-05-28,2025-05-28,2025-06-20,54000000.0,terminado,2025,cloud_or_software_nonAI,0.99,True,True,False,True,False,True,False,
CO1.PCCNTR.7517386,CO1.BDOS.7649082,{'url': 'https://community.secop.gov.co/Public/Tendering/OpportunityDetail/Index?noticeUID=CO1.NTC.7664215&isFromPublicArea=True&isModal=true&asPopupView=true'},899999098,CAMARA DE REPRESENTANTES,Nacional,No aplica/No pertenece,Distrito Capital de Bogotá,Prestación de servicios,Contratación directa,False,2025-02-18,2025-02-20,2025-12-19,80000000.0,En ejecución,2025,cloud_or_software_nonAI,0.98,True,True,False,False,False,False,False,
CO1.PCCNTR.5381876,CO1.BDOS.4949745,{'url': 'https://community.secop.gov.co/Public/Tendering/OpportunityDetail/Index?noticeUID=CO1.NTC.4959887&isFromPublicArea=True&isModal=true&asPopupView=true'},830002593,COMISIÓN DE REGULACIÓN DE COMUNICACIONES,Nacional,Tecnologías de la Información y las Comunicaciones,Distrito Capital de Bogotá,Prestación de servicios,Contratación directa,False,2023-09-15,2023-09-19,2023-12-31,26279994.0,Cerrado,2023,cloud_or_software_nonAI,0.98,True,True,False,False,False,False,False,
CO1.PCCNTR.9537536,CO1.BDOS.10297890,{'url': 'https://community.secop.gov.co/Public/Tendering/OpportunityDetail/Index?noticeUID=CO1.NTC.10332840&isFromPublicArea=True&isModal=true&asPopupView=true'},832001411,E.S.E HOSPITAL SAN RAFAEL DE CAQUEZA,Territorial,Salud y Protección Social,Cundinamarca,Decreto 092 de 2017,Contratación régimen especial,True,2026-06-02,2026-06-02,2026-12-31,20000000.0,En ejecución,2026,cloud_or_software_nonAI,0.99,True,True,False,True,False,True,False,
CO1.PCCNTR.5615242,CO1.BDOS.5140464,{'url': 'https://community.secop.gov.co/Public/Tendering/OpportunityDetail/Index?noticeUID=CO1.NTC.5172814&isFromPublicArea=True&isModal=true&asPopupView=true'},800165804,Rama Judicial  Dirección Seccional de Administración Judicial de Tunja,Nacional,Ley de Justicia,Boyacá,Prestación de servicios,Contratación directa,False,2023-12-01,2023-12-04,2023-12-31,3000000.0,terminado,2023,cloud_or_software_nonAI,0.96,True,True,False,False,False,False,False,
CO1.PCCNTR.6094752,CO1.BDOS.5829778,{'url': 'https://community.secop.gov.co/Public/Tendering/OpportunityDetail/Index?noticeUID=CO1.NTC.5837235&isFromPublicArea=True&isModal=true&asPopupView=true'},830115226,MINTRABAJO NIVEL CENTRAL*/,Nacional,Trabajo,Distrito Capital de Bogotá,Otro,Contratación régimen especial,False,2024-03-14,2024-03-15,2024-12-31,110000000.0,Cerrado,2024,cloud_or_software_nonAI,0.98,True,True,False,False,False,False,False,
CO1.PCCNTR.6576419,CO1.BDOS.6442464,{'url': 'https://community.secop.gov.co/Public/Tendering/OpportunityDetail/Index?noticeUID=CO1.NTC.6461329&isFromPublicArea=True&isModal=true&asPopupView=true'},800165804,Rama Judicial  Dirección Seccional de Administración Judicial de Tunja,Nacional,Ley de Justicia,Boyacá,Prestación de servicios,Contratación directa,False,2024-07-29,2024-08-01,2024-12-19,20250000.0,terminado,2024,incidental,0.96,False,True,False,False,False,False,False,
CO1.PCCNTR.8671279,CO1.BDOS.9205193,{'url': 'https://community.secop.gov.co/Public/Tendering/OpportunityDetail/Index?noticeUID=CO1.NTC.9240301&isFromPublicArea=True&isModal=true&asPopupView=true'},900959051,SUBRED INTEGRADA DE SERVICIO DE SALUD CENTRO ORIENTE E.S.E 1,Territorial,Salud y Protección Social,Distrito Capital de Bogotá,Compraventa,Contratación régimen especial,True,2025-12-04,2025-12-04,2026-01-04,4627700.0,En ejecución,2025,cloud_or_software_nonAI,0.99,True,True,False,True,False,True,False,
CO1.PCCNTR.6576807,CO1.BDOS.6450769,{'url': 'https://community.secop.gov.co/Public/Tendering/OpportunityDetail/Index?noticeUID=CO1.NTC.6461703&isFromPublicArea=True&isModal=true&asPopupView=true'},800165804,Rama Judicial  Dirección Seccional de Administración Judicial de Tunja,Nacional,Ley de Justicia,Boyacá,Prestación de servicios,Contratación directa,False,2024-07-29,2024-08-01,2024-12-19,20250000.0,terminado,2024,incidental,0.95,False,True,False,False,False,False,False,
CO1.PCCNTR.7551960,CO1.BDOS.7689502,{'url': 'https://community.secop.gov.co/Public/Tendering/OpportunityDetail/Index?noticeUID=CO1.NTC.7706119&isFromPublicArea=True&isModal=true&asPopupView=true'},890984423,AREA METROPOLITANA DEL VALLE DE ABURRA,Territorial,Ambiente y Desarrollo Sostenible,Antioquia,Prestación de servicios,Contratación directa,False,2025-02-24,2025-02-26,2025-12-31,71459220.0,terminado,2025,cloud_or_software_nonAI,0.99,True,True,False,False,False,False,False,
CO1.PCCNTR.8931947,CO1.BDOS.9544683,{'url': 'https://community.secop.gov.co/Public/Tendering/OpportunityDetail/Index?noticeUID=CO1.NTC.9565638&isFromPublicArea=True&isModal=true&asPopupView=true'},899999403,INSTITUTO NACIONAL DE SALUD,Nacional,Salud y Protección Social,Distrito Capital de Bogotá,Prestación de servicios,Contratación directa,False,2026-01-16,2026-01-23,2026-08-31,54750000.0,cedido,2026,cloud_or_software_nonAI,0.98,True,True,False,False,False,False,False,
CO1.PCCNTR.7071883,CO1.BDOS.7092991,{'url': 'https://community.secop.gov.co/Public/Tendering/OpportunityDetail/Index?noticeUID=CO1.NTC.7110061&isFromPublicArea=True&isModal=true&asPopupView=true'},901037916,ADRES,Nacional,Salud y Protección Social,Distrito Capital de Bogotá,Prestación de servicios,Contratación directa,False,2024-11-28,2024-11-28,2024-12-31,6154000.0,Cerrado,2024,incidental,0.94,True,True,False,False,False,False,False,
CO1.PCCNTR.6576701,CO1.BDOS.6419399,{'url': 'https://community.secop.gov.co/Public/Tendering/OpportunityDetail/Index?noticeUID=CO1.NTC.6461413&isFromPublicArea=True&isModal=true&asPopupView=true'},800165804,Rama Judicial  Dirección Seccional de Administración Judicial de Tunja,Nacional,Ley de Justicia,Boyacá,Prestación de servicios,Contratación directa,False,2024-07-29,2024-08-01,2024-12-19,20250000.0,terminado,2024,cloud_or_software_nonAI,0.96,False,True,False,False,False,False,False,
CO1.PCCNTR.5413434,CO1.BDOS.4571860,{'url': 'https://community.secop.gov.co/Public/Tendering/OpportunityDetail/Index?noticeUID=CO1.NTC.4878512&isFromPublicArea=True&isModal=true&asPopupView=true'},890999057,SUPERINTENDENCIA FINANCIERA DE COLOMBIA**,Nacional,Hacienda y Crédito Público,Distrito Capital de Bogotá,Prestación de servicios,Selección abreviada subasta inversa,True,2023-10-12,2023-10-31,2026-12-31,550893478.0,Modificado,2023,cloud_or_software_nonAI,0.99,True,True,False,True,False,True,False,
CO1.PCCNTR.4510829,CO1.BDOS.3872448,{'url': 'https://community.secop.gov.co/Public/Tendering/OpportunityDetail/Index?noticeUID=CO1.NTC.3873833&isFromPublicArea=True&isModal=true&asPopupView=true'},900498879,UNIDAD ADMINISTRATIVA ESPECIAL DE GESTION DE RESTITUCION DE TIERRAS DESPOJADAS**,Nacional,Inclusión Social y Reconciliación,Distrito Capital de Bogotá,Prestación de servicios,Contratación directa,False,2023-01-31,2023-01-31,2023-12-31,101143397.0,Cerrado,2023,cloud_or_software_nonAI,0.98,True,True,False,False,False,False,False,
CO1.PCCNTR.6576727,CO1.BDOS.6442998,{'url': 'https://community.secop.gov.co/Public/Tendering/OpportunityDetail/Index?noticeUID=CO1.NTC.6461437&isFromPublicArea=True&isModal=true&asPopupView=true'},800165804,Rama Judicial  Dirección Seccional de Administración Judicial de Tunja,Nacional,Ley de Justicia,Boyacá,Prestación de servicios,Contratación directa,False,2024-07-29,2024-08-01,2024-12-19,20250000.0,terminado,2024,cloud_or_software_nonAI,0.91,True,True,False,False,False,False,False,
CO1.PCCNTR.5976879,CO1.BDOS.5686802,{'url': 'https://community.secop.gov.co/Public/Tendering/OpportunityDetail/Index?noticeUID=CO1.NTC.5694911&isFromPublicArea=True&isModal=true&asPopupView=true'},800170433,Superintendencia de Transporte**,Nacional,Transporte,Distrito Capital de Bogotá,Prestación de servicios,Contratación directa,False,2024-02-23,2024-02-26,2024-12-31,48495000.0,Modificado,2024,cloud_or_software_nonAI,0.98,True,True,False,False,False,False,False,
CO1.PCCNTR.6579266,CO1.BDOS.6454386,{'url': 'https://community.secop.gov.co/Public/Tendering/OpportunityDetail/Index?noticeUID=CO1.NTC.6464468&isFromPublicArea=True&isModal=true&asPopupView=true'},800165804,Rama Judicial  Dirección Seccional de Administración Judicial de Tunja,Nacional,Ley de Justicia,Boyacá,Prestación de servicios,Contratación directa,False,2024-07-30,2024-08-01,2024-12-19,20250000.0,terminado,2024,incidental,0.9,False,True,False,False,False,False,False,
CO1.PCCNTR.5355188,CO1.BDOS.4863553,{'url': 'https://community.secop.gov.co/Public/Tendering/OpportunityDetail/Index?noticeUID=CO1.NTC.4903377&isFromPublicArea=True&isModal=true&asPopupView=true'},800165804,Rama Judicial  Dirección Seccional de Administración Judicial de Tunja,Nacional,Ley de Justicia,Boyacá,Prestación de servicios,Contratación directa,False,2023-09-06,2023-09-06,2023-10-15,4500000.0,terminado,2023,incidental,0.91,True,True,False,False,False,False,False,
CO1.PCCNTR.6576626,CO1.BDOS.6442939,{'url': 'https://community.secop.gov.co/Public/Tendering/OpportunityDetail/Index?noticeUID=CO1.NTC.6461430&isFromPublicArea=True&isModal=true&asPopupView=true'},800165804,Rama Judicial  Dirección Seccional de Administración Judicial de Tunja,Nacional,Ley de Justicia,Boyacá,Prestación de servicios,Contratación directa,False,2024-07-29,2024-08-01,2024-12-19,20250000.0,terminado,2024,cloud_or_software_nonAI,0.96,False,True,False,False,False,False,False,
CO1.PCCNTR.5433137,CO1.BDOS.5008874,{'url': 'https://community.secop.gov.co/Public/Tendering/OpportunityDetail/Index?noticeUID=CO1.NTC.5021530&isFromPublicArea=True&isModal=true&asPopupView=true'},800165804,Rama Judicial  Dirección Seccional de Administración Judicial de Tunja,Nacional,Ley de Justicia,Boyacá,Prestación de servicios,Contratación directa,False,2023-10-04,2023-10-13,2023-12-19,7500000.0,terminado,2023,cloud_or_software_nonAI,0.96,False,True,False,False,False,False,False,
CO1.PCCNTR.8222166,CO1.BDOS.8615384,{'url': 'https://community.secop.gov.co/Public/Tendering/OpportunityDetail/Index?noticeUID=CO1.NTC.8638417&isFromPublicArea=True&isModal=true&asPopupView=true'},899999098,CAMARA DE REPRESENTANTES,Nacional,No aplica/No pertenece,Distrito Capital de Bogotá,Prestación de servicios,Contratación directa,False,2025-08-25,2025-08-27,2025-12-14,43200000.0,Cerrado,2025,cloud_or_software_nonAI,0.99,True,True,False,False,False,False,False,
CO1.PCCNTR.7161432,CO1.BDOS.7186364,{'url': 'https://community.secop.gov.co/Public/Tendering/OpportunityDetail/Index?noticeUID=CO1.NTC.7229556&isFromPublicArea=True&isModal=true&asPopupView=true'},800093816,Rama Judicial  Dirección Ejecutiva de Administración Judicial,Nacional,Ley de Justicia,Distrito Capital de Bogotá,Prestación de servicios,Contratación directa,True,2024-12-27,2024-12-30,2025-12-31,1206834542.0,En ejecución,2024,cloud_or_software_nonAI,0.99,True,True,False,True,False,True,False,
CO1.PCCNTR.7008205,CO1.BDOS.7011596,{'url': 'https://community.secop.gov.co/Public/Tendering/OpportunityDetail/Index?noticeUID=CO1.NTC.7024873&isFromPublicArea=True&isModal=true&asPopupView=true'},901037916,ADRES,Nacional,Salud y Protección Social,Distrito Capital de Bogotá,Prestación de servicios,Contratación directa,False,2024-11-12,2024-11-13,2024-12-31,10860000.0,Cerrado,2024,cloud_or_software_nonAI,0.91,True,True,False,False,False,False,False,
CO1.PCCNTR.4564908,CO1.BDOS.3931506,{'url': 'https://community.secop.gov.co/Public/Tendering/OpportunityDetail/Index?noticeUID=CO1.NTC.3932913&isFromPublicArea=True&isModal=true&asPopupView=true'},899999004,IGAC Sede Central *,Nacional,Información Estadística,Distrito Capital de Bogotá,Prestación de servicios,Contratación directa,False,2023-02-07,2023-02-08,2023-08-07,55429746.0,Cerrado,2023,cloud_or_software_nonAI,0.99,True,True,False,False,False,False,False,
CO1.PCCNTR.8456805,CO1.BDOS.8925871,{'url': 'https://community.secop.gov.co/Public/Tendering/OpportunityDetail/Index?noticeUID=CO1.NTC.8950913&isFromPublicArea=True&isModal=true&asPopupView=true'},899999098,CAMARA DE REPRESENTANTES,Nacional,No aplica/No pertenece,Distrito Capital de Bogotá,Prestación de servicios,Contratación directa,False,2025-10-16,2025-10-20,2025-12-19,16000000.0,Cerrado,2025,cloud_or_software_nonAI,0.98,True,True,False,False,False,False,False,
CO1.PCCNTR.5355409,CO1.BDOS.4863466,{'url': 'https://community.secop.gov.co/Public/Tendering/OpportunityDetail/Index?noticeUID=CO1.NTC.4903289&isFromPublicArea=True&isModal=true&asPopupView=true'},800165804,Rama Judicial  Dirección Seccional de Administración Judicial de Tunja,Nacional,Ley de Justicia,Boyacá,Prestación de servicios,Contratación directa,False,2023-09-06,2023-09-06,2023-10-15,4500000.0,terminado,2023,cloud_or_software_nonAI,0.91,True,True,False,False,False,False,False,
CO1.PCCNTR.6578755,CO1.BDOS.6454130,{'url': 'https://community.secop.gov.co/Public/Tendering/OpportunityDetail/Index?noticeUID=CO1.NTC.6464436&isFromPublicArea=True&isModal=true&asPopupView=true'},800165804,Rama Judicial  Dirección Seccional de Administración Judicial de Tunja,Nacional,Ley de Justicia,Boyacá,Prestación de servicios,Contratación directa,False,2024-07-30,2024-08-01,2024-12-19,20250000.0,terminado,2024,cloud_or_software_nonAI,0.94,False,True,False,False,False,False,False,
CO1.PCCNTR.8727120,CO1.BDOS.9292066,{'url': 'https://community.secop.gov.co/Public/Tendering/OpportunityDetail/Index?noticeUID=CO1.NTC.9317927&isFromPublicArea=True&isModal=true&asPopupView=true'},8002469532,FONDO FINANCIERO DISTRITAL DE SALUD.,Territorial,Salud y Protección Social,Distrito Capital de Bogotá,Otro,Contratación Directa (con ofertas),True,2025-12-22,2025-12-24,2025-12-31,7974731750.0,terminado,2025,cloud_or_software_nonAI,0.99,True,True,False,True,False,True,False,
CO1.PCCNTR.4381809,CO1.BDOS.3720085,{'url': 'https://community.secop.gov.co/Public/Tendering/OpportunityDetail/Index?noticeUID=CO1.NTC.3728723&isFromPublicArea=True&isModal=true&asPopupView=true'},899999239,ICBF SEDE NACIONAL,Nacional,Inclusión Social y Reconciliación,Distrito Capital de Bogotá,Prestación de servicios,Contratación directa,False,2023-01-10,2023-01-11,2023-12-31,80987400.0,Cerrado,2023,cloud_or_software_nonAI,0.91,True,True,False,False,False,False,False,
CO1.PCCNTR.8190807,CO1.BDOS.8224514,{'url': 'https://community.secop.gov.co/Public/Tendering/OpportunityDetail/Index?noticeUID=CO1.NTC.8380676&isFromPublicArea=True&isModal=true&asPopupView=true'},899999090,MINISTERIO DE HACIENDA Y CREDITO PUBLICO,Nacional,Hacienda y Crédito Público,Distrito Capital de Bogotá,Prestación de servicios,Selección abreviada subasta inversa,True,2025-08-22,2025-10-01,2026-11-30,2898369000.0,Modificado,2025,cloud_or_software_nonAI,0.99,True,True,False,True,False,True,False,
CO1.PCCNTR.6831124,CO1.BDOS.6458241,{'url': 'https://community.secop.gov.co/Public/Tendering/OpportunityDetail/Index?noticeUID=CO1.NTC.6598324&isFromPublicArea=True&isModal=true&asPopupView=true'},8999990619,SECRETARIA DE EDUCACION DEL DISTRITO,Territorial,Educación Nacional,Distrito Capital de Bogotá,Prestación de servicios,Licitación pública,False,2024-10-10,2024-10-16,2025-03-24,1453824309.0,Modificado,2024,cloud_or_software_nonAI,0.99,True,True,False,False,False,False,False,
CO1.PCCNTR.5615085,CO1.BDOS.5150815,{'url': 'https://community.secop.gov.co/Public/Tendering/OpportunityDetail/Index?noticeUID=CO1.NTC.5172649&isFromPublicArea=True&isModal=true&asPopupView=true'},800165804,Rama Judicial  Dirección Seccional de Administración Judicial de Tunja,Nacional,Ley de Justicia,Boyacá,Prestación de servicios,Contratación directa,False,2023-12-01,2023-12-01,2023-12-30,3000000.0,terminado,2023,incidental,0.91,True,True,False,False,False,False,False,
CO1.PCCNTR.8622661,CO1.BDOS.9098539,{'url': 'https://community.secop.gov.co/Public/Tendering/OpportunityDetail/Index?noticeUID=CO1.NTC.9173128&isFromPublicArea=True&isModal=true&asPopupView=true'},830115226,MINTRABAJO NIVEL CENTRAL*/,Nacional,Trabajo,Distrito Capital de Bogotá,Otro,Contratación régimen especial,True,2025-11-21,2025-11-26,2025-12-31,999999409.98,Cerrado,2025,cloud_or_software_nonAI,0.98,True,True,False,True,False,True,False,
CO1.PCCNTR.6576627,CO1.BDOS.6442955,{'url': 'https://community.secop.gov.co/Public/Tendering/OpportunityDetail/Index?noticeUID=CO1.NTC.6461431&isFromPublicArea=True&isModal=true&asPopupView=true'},800165804,Rama Judicial  Dirección Seccional de Administración Judicial de Tunja,Nacional,Ley de Justicia,Boyacá,Prestación de servicios,Contratación directa,False,2024-07-30,2024-08-01,2024-12-19,20250000.0,terminado,2024,cloud_or_software_nonAI,0.92,False,True,False,False,False,False,False,
CO1.PCCNTR.7808019,CO1.BDOS.8016842,{'url': 'https://community.secop.gov.co/Public/Tendering/OpportunityDetail/Index?noticeUID=CO1.NTC.8034104&isFromPublicArea=True&isModal=true&asPopupView=true'},899999098,CAMARA DE REPRESENTANTES,Nacional,No aplica/No pertenece,Distrito Capital de Bogotá,Prestación de servicios,Contratación directa,False,2025-04-24,2025-04-29,2025-12-28,64000000.0,Cerrado,2025,cloud_or_software_nonAI,0.98,True,True,False,False,False,False,False,
CO1.PCCNTR.5814520,CO1.BDOS.5496619,{'url': 'https://community.secop.gov.co/Public/Tendering/OpportunityDetail/Index?noticeUID=CO1.NTC.5513064&isFromPublicArea=True&isModal=true&asPopupView=true'},804005441,E.S.P .PIEDECUESTANA DE SERVICIOS PUBLICOS,Territorial,No aplica/No pertenece,Santander,Otro,Contratación régimen especial,True,2024-01-26,2024-01-30,2024-12-29,22997000.0,En ejecución,2024,cloud_or_software_nonAI,0.98,True,True,False,True,False,True,False,
CO1.PCCNTR.4377474,CO1.BDOS.3714411,{'url': 'https://community.secop.gov.co/Public/Tendering/OpportunityDetail/Index?noticeUID=CO1.NTC.3722396&isFromPublicArea=True&isModal=true&asPopupView=true'},860024301,INSTITUTO COLOMBIANO PARA LA EVALUACIÓN DE LA EDUCACIÓN - ICFES,Nacional,Educación Nacional,Distrito Capital de Bogotá,Prestación de servicios,Contratación régimen especial,False,2023-01-06,2023-01-11,2023-05-10,34000000.0,Cerrado,2023,cloud_or_software_nonAI,0.99,True,True,False,False,False,False,False,
CO1.PCCNTR.5778076,CO1.BDOS.5465511,{'url': 'https://community.secop.gov.co/Public/Tendering/OpportunityDetail/Index?noticeUID=CO1.NTC.5475089&isFromPublicArea=True&isModal=true&asPopupView=true'},899999004,IGAC Sede Central *,Nacional,Información Estadística,Distrito Capital de Bogotá,Prestación de servicios,Contratación directa,False,2024-01-25,2024-01-26,2024-12-30,128416667.0,Cerrado,2024,cloud_or_software_nonAI,0.98,True,True,False,False,False,False,False,
CO1.PCCNTR.5615520,CO1.BDOS.5151051,{'url': 'https://community.secop.gov.co/Public/Tendering/OpportunityDetail/Index?noticeUID=CO1.NTC.5172593&isFromPublicArea=True&isModal=true&asPopupView=true'},800165804,Rama Judicial  Dirección Seccional de Administración Judicial de Tunja,Nacional,Ley de Justicia,Boyacá,Prestación de servicios,Contratación directa,False,2023-12-01,2023-12-04,2023-12-31,3000000.0,terminado,2023,incidental,0.91,False,True,False,False,False,False,False,
CO1.PCCNTR.7450035,CO1.BDOS.7523816,{'url': 'https://community.secop.gov.co/Public/Tendering/OpportunityDetail/Index?noticeUID=CO1.NTC.7582053&isFromPublicArea=True&isModal=true&asPopupView=true'},899999061,SECRETARIA DISTRITAL DE GOBIERNO 1,Territorial,Servicio Público,Distrito Capital de Bogotá,Prestación de servicios,Contratación directa,False,2025-02-10,2025-02-11,2025-12-25,87847200.0,Cerrado,2025,cloud_or_software_nonAI,0.98,True,True,False,False,False,False,False,
CO1.PCCNTR.4404937,CO1.BDOS.3755663,{'url': 'https://community.secop.gov.co/Public/Tendering/OpportunityDetail/Index?noticeUID=CO1.NTC.3761765&isFromPublicArea=True&isModal=true&asPopupView=true'},860523694,ESCUELA TECNOLÓGICA INSTITUTO TÉCNICO CENTRAL,Nacional,Educación Nacional,Distrito Capital de Bogotá,Prestación de servicios,Contratación directa,False,2023-01-17,2023-01-17,2023-12-30,42111771.0,Modificado,2023,incidental,0.98,True,True,False,False,False,False,False,
CO1.PCCNTR.5998251,CO1.BDOS.5701906,{'url': 'https://community.secop.gov.co/Public/Tendering/OpportunityDetail/Index?noticeUID=CO1.NTC.5722169&isFromPublicArea=True&isModal=true&asPopupView=true'},899999062,CORPORACION AUTONOMA REGIONAL DE CUNDINAMARCA - CAR.,Corporación Autónoma,Ambiente y Desarrollo Sostenible,Distrito Capital de Bogotá,Prestación de servicios,Contratación directa,False,2024-02-23,2024-02-26,2024-12-31,45105000.0,En ejecución,2024,cloud_or_software_nonAI,0.98,True,True,False,False,False,False,False,
CO1.PCCNTR.7059251,CO1.BDOS.7067175,{'url': 'https://community.secop.gov.co/Public/Tendering/OpportunityDetail/Index?noticeUID=CO1.NTC.7090694&isFromPublicArea=True&isModal=true&asPopupView=true'},800165804,Rama Judicial  Dirección Seccional de Administración Judicial de Tunja,Nacional,Ley de Justicia,Boyacá,Prestación de servicios,Contratación directa,False,2024-11-22,2024-11-22,2024-12-31,4500000.0,terminado,2024,cloud_or_software_nonAI,0.88,False,True,False,False,False,False,False,
CO1.PCCNTR.7269859,CO1.BDOS.7362506,{'url': 'https://community.secop.gov.co/Public/Tendering/OpportunityDetail/Index?noticeUID=CO1.NTC.7377568&isFromPublicArea=True&isModal=true&asPopupView=true'},899999048,INSTITUTO DE PLANIFICACIÓN Y PROMOCIÓN DE SOLUCIONES ENERGÉTICAS PARA LAS ZONAS NO INTERCONECTADAS IPSE,Nacional,Minas y Energía,Distrito Capital de Bogotá,Prestación de servicios,Contratación directa,False,2025-01-17,2025-01-21,2025-06-30,44000000.0,Cerrado,2025,cloud_or_software_nonAI,0.98,True,True,False,False,False,False,False,
CO1.PCCNTR.8726853,CO1.BDOS.9287987,{'url': 'https://community.secop.gov.co/Public/Tendering/OpportunityDetail/Index?noticeUID=CO1.NTC.9323969&isFromPublicArea=True&isModal=true&asPopupView=true'},899999294,SERVICIO GEOLOGICO COLOMBIANO**,Nacional,Minas y Energía,Distrito Capital de Bogotá,Prestación de servicios,Contratación directa,False,2025-12-23,2025-12-26,2026-12-18,140400000.0,Modificado,2025,cloud_or_software_nonAI,0.96,True,True,False,False,False,False,False,
CO1.PCCNTR.6576609,CO1.BDOS.6419610,{'url': 'https://community.secop.gov.co/Public/Tendering/OpportunityDetail/Index?noticeUID=CO1.NTC.6461247&isFromPublicArea=True&isModal=true&asPopupView=true'},800165804,Rama Judicial  Dirección Seccional de Administración Judicial de Tunja,Nacional,Ley de Justicia,Boyacá,Prestación de servicios,Contratación directa,False,2024-07-29,2024-08-01,2024-12-19,20250000.0,terminado,2024,cloud_or_software_nonAI,0.98,True,True,False,False,False,False,False,
CO1.PCCNTR.6576525,CO1.BDOS.6419286,{'url': 'https://community.secop.gov.co/Public/Tendering/OpportunityDetail/Index?noticeUID=CO1.NTC.6461059&isFromPublicArea=True&isModal=true&asPopupView=true'},800165804,Rama Judicial  Dirección Seccional de Administración Judicial de Tunja,Nacional,Ley de Justicia,Boyacá,Prestación de servicios,Contratación directa,False,2024-07-29,2024-08-01,2024-12-19,20250000.0,terminado,2024,incidental,0.96,False,True,False,False,False,False,False,
CO1.PCCNTR.8489104,CO1.BDOS.8972091,{'url': 'https://community.secop.gov.co/Public/Tendering/OpportunityDetail/Index?noticeUID=CO1.NTC.8997481&isFromPublicArea=True&isModal=true&asPopupView=true'},8002469532,FONDO FINANCIERO DISTRITAL DE SALUD.,Territorial,Salud y Protección Social,Distrito Capital de Bogotá,Prestación de servicios,Contratación directa,False,2025-10-24,2025-10-30,2027-01-31,163163385.0,Modificado,2025,cloud_or_software_nonAI,0.98,True,True,False,False,False,False,False,
CO1.PCCNTR.6094326,CO1.BDOS.5510899,{'url': 'https://community.secop.gov.co/Public/Tendering/OpportunityDetail/Index?noticeUID=CO1.NTC.5650921&isFromPublicArea=True&isModal=true&asPopupView=true'},811000278,INSTITUCION UNIVERSITARIA DE ENVIGADO,Territorial,Educación Nacional,Antioquia,Prestación de servicios,Licitación pública,True,2024-03-21,2024-04-01,2025-04-30,1017163499.0,terminado,2024,cloud_or_software_nonAI,0.99,True,True,False,True,False,True,False,
CO1.PCCNTR.8894847,CO1.BDOS.9500232,{'url': 'https://community.secop.gov.co/Public/Tendering/OpportunityDetail/Index?noticeUID=CO1.NTC.9527309&isFromPublicArea=True&isModal=true&asPopupView=true'},860037234,LOTERIA DE CUNDINAMARCA,Territorial,No aplica/No pertenece,Distrito Capital de Bogotá,Prestación de servicios,Contratación régimen especial,True,2026-01-18,2026-01-21,2026-09-20,45951092.0,Modificado,2026,cloud_or_software_nonAI,0.99,True,True,False,True,False,True,False,
CO1.PCCNTR.6576415,CO1.BDOS.6442012,{'url': 'https://community.secop.gov.co/Public/Tendering/OpportunityDetail/Index?noticeUID=CO1.NTC.6461324&isFromPublicArea=True&isModal=true&asPopupView=true'},800165804,Rama Judicial  Dirección Seccional de Administración Judicial de Tunja,Nacional,Ley de Justicia,Boyacá,Prestación de servicios,Contratación directa,False,2024-07-29,2024-08-01,2024-12-19,20250000.0,terminado,2024,cloud_or_software_nonAI,0.94,False,True,False,False,False,False,False,
CO1.PCCNTR.7783630,CO1.BDOS.7984304,{'url': 'https://community.secop.gov.co/Public/Tendering/OpportunityDetail/Index?noticeUID=CO1.NTC.8000971&isFromPublicArea=True&isModal=true&asPopupView=true'},900500018,ANM,Nacional,Minas y Energía,Distrito Capital de Bogotá,Prestación de servicios,Contratación directa,False,2025-04-14,2025-04-15,2025-12-31,85333334.0,terminado,2025,cloud_or_software_nonAI,0.97,True,True,False,False,False,False,False,
CO1.PCCNTR.5615513,CO1.BDOS.5151117,{'url': 'https://community.secop.gov.co/Public/Tendering/OpportunityDetail/Index?noticeUID=CO1.NTC.5172375&isFromPublicArea=True&isModal=true&asPopupView=true'},800165804,Rama Judicial  Dirección Seccional de Administración Judicial de Tunja,Nacional,Ley de Justicia,Boyacá,Prestación de servicios,Contratación directa,False,2023-12-01,2023-12-04,2023-12-31,3000000.0,terminado,2023,incidental,0.94,False,True,False,False,False,False,False,
CO1.PCCNTR.6576521,CO1.BDOS.6443119,{'url': 'https://community.secop.gov.co/Public/Tendering/OpportunityDetail/Index?noticeUID=CO1.NTC.6461055&isFromPublicArea=True&isModal=true&asPopupView=true'},800165804,Rama Judicial  Dirección Seccional de Administración Judicial de Tunja,Nacional,Ley de Justicia,Boyacá,Prestación de servicios,Contratación directa,False,2024-07-29,2024-08-01,2024-12-19,20250000.0,terminado,2024,incidental,0.96,False,True,False,False,False,False,False,
CO1.PCCNTR.8841872,CO1.BDOS.9458472,{'url': 'https://community.secop.gov.co/Public/Tendering/OpportunityDetail/Index?noticeUID=CO1.NTC.9471628&isFromPublicArea=True&isModal=true&asPopupView=true'},8999990619,(Secretaría Distrital de Integración Social),Territorial,Inclusión Social y Reconciliación,Distrito Capital de Bogotá,Prestación de servicios,Contratación directa,False,2026-01-15,2026-01-20,2027-01-19,114786360.0,Modificado,2026,cloud_or_software_nonAI,0.98,True,True,False,False,False,False,False,
CO1.PCCNTR.4990212,CO1.BDOS.4448496,{'url': 'https://community.secop.gov.co/Public/Tendering/OpportunityDetail/Index?noticeUID=CO1.NTC.4453035&isFromPublicArea=True&isModal=true&asPopupView=true'},860024301,INSTITUTO COLOMBIANO PARA LA EVALUACIÓN DE LA EDUCACIÓN - ICFES,Nacional,Educación Nacional,Distrito Capital de Bogotá,Prestación de servicios,Contratación régimen especial,False,2023-05-23,2023-05-23,2023-12-28,68400000.0,Cerrado,2023,cloud_or_software_nonAI,0.98,True,True,False,False,False,False,False,
CO1.PCCNTR.4397047,CO1.BDOS.3738144,{'url': 'https://community.secop.gov.co/Public/Tendering/OpportunityDetail/Index?noticeUID=CO1.NTC.3750819&isFromPublicArea=True&isModal=true&asPopupView=true'},899999239,ICBF SEDE NACIONAL,Nacional,Inclusión Social y Reconciliación,Distrito Capital de Bogotá,Prestación de servicios,Contratación directa,False,2023-01-15,2023-01-15,2023-12-31,127233333.0,Cerrado,2023,cloud_or_software_nonAI,0.95,True,True,False,False,False,False,False,
CO1.PCCNTR.5615128,CO1.BDOS.5150662,{'url': 'https://community.secop.gov.co/Public/Tendering/OpportunityDetail/Index?noticeUID=CO1.NTC.5172818&isFromPublicArea=True&isModal=true&asPopupView=true'},800165804,Rama Judicial  Dirección Seccional de Administración Judicial de Tunja,Nacional,Ley de Justicia,Boyacá,Prestación de servicios,Contratación directa,False,2023-12-01,2023-12-01,2023-12-30,3000000.0,terminado,2023,incidental,0.98,False,True,False,False,False,False,False,
CO1.PCCNTR.5615266,CO1.BDOS.5150665,{'url': 'https://community.secop.gov.co/Public/Tendering/OpportunityDetail/Index?noticeUID=CO1.NTC.5172820&isFromPublicArea=True&isModal=true&asPopupView=true'},800165804,Rama Judicial  Dirección Seccional de Administración Judicial de Tunja,Nacional,Ley de Justicia,Boyacá,Prestación de servicios,Contratación directa,False,2023-12-01,2023-12-01,2023-12-31,3000000.0,terminado,2023,cloud_or_software_nonAI,0.95,True,True,False,False,False,False,False,
CO1.PCCNTR.6578352,CO1.BDOS.6450455,{'url': 'https://community.secop.gov.co/Public/Tendering/OpportunityDetail/Index?noticeUID=CO1.NTC.6463706&isFromPublicArea=True&isModal=true&asPopupView=true'},800165804,Rama Judicial  Dirección Seccional de Administración Judicial de Tunja,Nacional,Ley de Justicia,Boyacá,Prestación de servicios,Contratación directa,False,2024-07-29,2024-08-01,2024-12-19,20250000.0,terminado,2024,cloud_or_software_nonAI,0.94,False,True,False,False,False,False,False,
CO1.PCCNTR.6576430,CO1.BDOS.6450548,{'url': 'https://community.secop.gov.co/Public/Tendering/OpportunityDetail/Index?noticeUID=CO1.NTC.6461373&isFromPublicArea=True&isModal=true&asPopupView=true'},800165804,Rama Judicial  Dirección Seccional de Administración Judicial de Tunja,Nacional,Ley de Justicia,Boyacá,Prestación de servicios,Contratación directa,False,2024-07-29,2024-08-01,2024-12-19,20250000.0,terminado,2024,incidental,0.93,False,True,False,False,False,False,False,
CO1.PCCNTR.5115372,CO1.BDOS.4600751,{'url': 'https://community.secop.gov.co/Public/Tendering/OpportunityDetail/Index?noticeUID=CO1.NTC.4611688&isFromPublicArea=True&isModal=true&asPopupView=true'},900474727,MINSALUD,Nacional,Salud y Protección Social,Distrito Capital de Bogotá,Prestación de servicios,Contratación directa,False,2023-06-25,2023-06-27,2023-12-29,41358000.0,Modificado,2023,cloud_or_software_nonAI,0.98,True,True,False,False,False,False,False,
CO1.PCCNTR.6576605,CO1.BDOS.6419614,{'url': 'https://community.secop.gov.co/Public/Tendering/OpportunityDetail/Index?noticeUID=CO1.NTC.6461232&isFromPublicArea=True&isModal=true&asPopupView=true'},800165804,Rama Judicial  Dirección Seccional de Administración Judicial de Tunja,Nacional,Ley de Justicia,Boyacá,Prestación de servicios,Contratación directa,False,2024-07-29,2024-08-01,2024-12-19,20250000.0,terminado,2024,cloud_or_software_nonAI,0.96,True,True,False,False,False,False,False,
CO1.PCCNTR.6852707,CO1.BDOS.6492089,{'url': 'https://community.secop.gov.co/Public/Tendering/OpportunityDetail/Index?noticeUID=CO1.NTC.6680195&isFromPublicArea=True&isModal=true&asPopupView=true'},890999057,SUPERINTENDENCIA FINANCIERA DE COLOMBIA**,Nacional,Hacienda y Crédito Público,Distrito Capital de Bogotá,Prestación de servicios,Selección abreviada subasta inversa,True,2024-10-18,2024-10-25,2024-12-15,1722936843.0,terminado,2024,cloud_or_software_nonAI,0.98,True,True,False,True,False,True,False,
CO1.PCCNTR.5219734,CO1.BDOS.4248727,{'url': 'https://community.secop.gov.co/Public/Tendering/OpportunityDetail/Index?noticeUID=CO1.NTC.4587316&isFromPublicArea=True&isModal=true&asPopupView=true'},899999090,MINISTERIO DE HACIENDA Y CREDITO PUBLICO,Nacional,Hacienda y Crédito Público,Distrito Capital de Bogotá,Prestación de servicios,Selección abreviada subasta inversa,False,2023-08-23,2023-08-24,2025-08-31,4258127811.06,Cerrado,2023,cloud_or_software_nonAI,0.99,True,True,False,False,False,False,False,
CO1.PCCNTR.9196101,CO1.BDOS.9538873,{'url': 'https://community.secop.gov.co/Public/Tendering/OpportunityDetail/Index?noticeUID=CO1.NTC.9828517&isFromPublicArea=True&isModal=true&asPopupView=true'},860523694,ESCUELA TECNOLÓGICA INSTITUTO TÉCNICO CENTRAL,Nacional,Educación Nacional,Distrito Capital de Bogotá,Prestación de servicios,Contratación directa,False,2026-01-28,2026-01-28,2026-12-31,60550000.0,En ejecución,2026,cloud_or_software_nonAI,0.98,True,True,False,False,False,False,False,
CO1.PCCNTR.9603456,CO1.BDOS.10385452,{'url': 'https://community.secop.gov.co/Public/Tendering/OpportunityDetail/Index?noticeUID=CO1.NTC.10427292&isFromPublicArea=True&isModal=true&asPopupView=true'},901377527,Unidad Administrativa Especial de Alimentación Escolar -Alimentos para Aprender-,Nacional,Educación Nacional,Distrito Capital de Bogotá,Prestación de servicios,Contratación directa,False,2026-06-30,2026-07-02,2026-12-31,47733333.33,Modificado,2026,cloud_or_software_nonAI,0.94,True,True,False,False,False,False,False,
CO1.PCCNTR.5233312,CO1.BDOS.4281184,{'url': 'https://community.secop.gov.co/Public/Tendering/OpportunityDetail/Index?noticeUID=CO1.NTC.4291580&isFromPublicArea=True&isModal=true&asPopupView=true'},901526664,OPERADORA DISTRITAL DE TRANSPORTE S.A.S.,Territorial,Transporte,Distrito Capital de Bogotá,Prestación de servicios,Contratación directa,True,2024-01-23,2024-01-23,2024-07-30,233035092.0,Modificado,2024,cloud_or_software_nonAI,0.99,True,True,False,True,False,True,False,
CO1.PCCNTR.5615291,CO1.BDOS.5151017,{'url': 'https://community.secop.gov.co/Public/Tendering/OpportunityDetail/Index?noticeUID=CO1.NTC.5172832&isFromPublicArea=True&isModal=true&asPopupView=true'},800165804,Rama Judicial  Dirección Seccional de Administración Judicial de Tunja,Nacional,Ley de Justicia,Boyacá,Prestación de servicios,Contratación directa,False,2023-12-01,2023-12-04,2023-12-31,3000000.0,terminado,2023,cloud_or_software_nonAI,0.93,True,True,False,False,False,False,False,
CO1.PCCNTR.6673519,CO1.BDOS.6582347,{'url': 'https://community.secop.gov.co/Public/Tendering/OpportunityDetail/Index?noticeUID=CO1.NTC.6591169&isFromPublicArea=True&isModal=true&asPopupView=true'},8002469532,FONDO FINANCIERO DISTRITAL DE SALUD.,Territorial,Salud y Protección Social,Distrito Capital de Bogotá,Prestación de servicios,Contratación directa,False,2024-08-23,2024-08-27,2024-12-31,40920000.0,terminado,2024,cloud_or_software_nonAI,0.99,True,True,False,False,False,False,False,
CO1.PCCNTR.7855132,CO1.BDOS.8076264,{'url': 'https://community.secop.gov.co/Public/Tendering/OpportunityDetail/Index?noticeUID=CO1.NTC.8100347&isFromPublicArea=True&isModal=true&asPopupView=true'},830115226,MINTRABAJO NIVEL CENTRAL*/,Nacional,Trabajo,Distrito Capital de Bogotá,Otro,Contratación régimen especial,False,2025-05-07,2025-05-08,2025-12-31,139565000.0,Cerrado,2025,cloud_or_software_nonAI,0.99,True,True,False,False,False,False,False,
CO1.PCCNTR.6581555,CO1.BDOS.6457676,{'url': 'https://community.secop.gov.co/Public/Tendering/OpportunityDetail/Index?noticeUID=CO1.NTC.6467197&isFromPublicArea=True&isModal=true&asPopupView=true'},800165804,Rama Judicial  Dirección Seccional de Administración Judicial de Tunja,Nacional,Ley de Justicia,Boyacá,Prestación de servicios,Contratación directa,False,2024-07-30,2024-08-01,2024-12-19,20250000.0,terminado,2024,cloud_or_software_nonAI,0.97,False,True,False,False,False,False,False,
CO1.PCCNTR.6582347,CO1.BDOS.6458316,{'url': 'https://community.secop.gov.co/Public/Tendering/OpportunityDetail/Index?noticeUID=CO1.NTC.6468650&isFromPublicArea=True&isModal=true&asPopupView=true'},800165804,Rama Judicial  Dirección Seccional de Administración Judicial de Tunja,Nacional,Ley de Justicia,Boyacá,Prestación de servicios,Contratación directa,False,2024-07-30,2024-08-01,2024-12-19,20250000.0,terminado,2024,cloud_or_software_nonAI,0.96,False,True,False,False,False,False,False,
CO1.PCCNTR.8593452,CO1.BDOS.8897082,{'url': 'https://community.secop.gov.co/Public/Tendering/OpportunityDetail/Index?noticeUID=CO1.NTC.8992841&isFromPublicArea=True&isModal=true&asPopupView=true'},900457461,MINISTERIO DE JUSTICIA Y DEL DERECHO.,Nacional,Ley de Justicia,Distrito Capital de Bogotá,Compraventa,Selección abreviada subasta inversa,True,2025-11-24,2025-11-25,2025-12-31,1028787781.0,En ejecución,2025,cloud_or_software_nonAI,0.99,True,True,False,True,False,True,False,
CO1.PCCNTR.4522362,CO1.BDOS.3884576,{'url': 'https://community.secop.gov.co/Public/Tendering/OpportunityDetail/Index?noticeUID=CO1.NTC.3885972&isFromPublicArea=True&isModal=true&asPopupView=true'},899999098,CAMARA DE REPRESENTANTES,Nacional,No aplica/No pertenece,Distrito Capital de Bogotá,Prestación de servicios,Contratación directa,False,2023-01-31,2023-02-01,2023-03-30,10000000.0,Cerrado,2023,cloud_or_software_nonAI,0.98,True,True,False,False,False,False,False,
CO1.PCCNTR.6585503,CO1.BDOS.6462045,{'url': 'https://community.secop.gov.co/Public/Tendering/OpportunityDetail/Index?noticeUID=CO1.NTC.6471297&isFromPublicArea=True&isModal=true&asPopupView=true'},800165804,Rama Judicial  Dirección Seccional de Administración Judicial de Tunja,Nacional,Ley de Justicia,Boyacá,Prestación de servicios,Contratación directa,False,2024-07-31,2024-08-01,2024-12-19,20250000.0,terminado,2024,cloud_or_software_nonAI,0.91,True,True,False,False,False,False,False,
CO1.PCCNTR.6409239,CO1.BDOS.6217946,{'url': 'https://community.secop.gov.co/Public/Tendering/OpportunityDetail/Index?noticeUID=CO1.NTC.6234225&isFromPublicArea=True&isModal=true&asPopupView=true'},899999468,ALCALDÍA MUNICIPAL DE SOPO,Territorial,No aplica/No pertenece,Cundinamarca,Prestación de servicios,Contratación directa,True,2024-06-07,2024-06-11,2024-09-10,16125000.0,terminado,2024,cloud_or_software_nonAI,0.98,True,True,False,True,False,True,False,
CO1.PCCNTR.8696859,CO1.BDOS.9245248,{'url': 'https://community.secop.gov.co/Public/Tendering/OpportunityDetail/Index?noticeUID=CO1.NTC.9273860&isFromPublicArea=True&isModal=true&asPopupView=true'},800197268,DIRECCION DE IMPUESTOS Y ADUANAS NACIONALES*,Nacional,Hacienda y Crédito Público,Distrito Capital de Bogotá,Compraventa,Contratación Directa (con ofertas),True,2025-12-12,2025-12-30,2025-12-31,4418617560.0,En ejecución,2025,cloud_or_software_nonAI,0.99,True,True,False,True,False,True,False,
CO1.PCCNTR.5365613,CO1.BDOS.4864039,{'url': 'https://community.secop.gov.co/Public/Tendering/OpportunityDetail/Index?noticeUID=CO1.NTC.4922210&isFromPublicArea=True&isModal=true&asPopupView=true'},800165804,Rama Judicial  Dirección Seccional de Administración Judicial de Tunja,Nacional,Ley de Justicia,Boyacá,Prestación de servicios,Contratación directa,False,2023-09-08,2023-09-13,2023-10-23,4500000.0,terminado,2023,incidental,0.96,False,True,False,False,False,False,False,
CO1.PCCNTR.4630999,CO1.BDOS.3989088,{'url': 'https://community.secop.gov.co/Public/Tendering/OpportunityDetail/Index?noticeUID=CO1.NTC.4006397&isFromPublicArea=True&isModal=true&asPopupView=true'},899999468,ALCALDÍA MUNICIPAL DE SOPO,Territorial,No aplica/No pertenece,Cundinamarca,Prestación de servicios,Contratación directa,True,2023-02-17,2023-02-17,2023-09-30,49340625.0,terminado,2023,cloud_or_software_nonAI,0.98,True,True,False,True,False,True,False,
CO1.PCCNTR.5615137,CO1.BDOS.5150581,{'url': 'https://community.secop.gov.co/Public/Tendering/OpportunityDetail/Index?noticeUID=CO1.NTC.5172823&isFromPublicArea=True&isModal=true&asPopupView=true'},800165804,Rama Judicial  Dirección Seccional de Administración Judicial de Tunja,Nacional,Ley de Justicia,Boyacá,Prestación de servicios,Contratación directa,False,2023-12-01,2023-12-01,2023-12-30,3000000.0,terminado,2023,incidental,0.9,True,True,False,False,False,False,False,
CO1.PCCNTR.4579340,CO1.BDOS.3949138,{'url': 'https://community.secop.gov.co/Public/Tendering/OpportunityDetail/Index?noticeUID=CO1.NTC.3950274&isFromPublicArea=True&isModal=true&asPopupView=true'},8921150151,GOBERNACIÓN DE LA GUAJIRA,Territorial,Servicio Público,La Guajira,Prestación de servicios,Contratación directa,True,2023-02-08,2023-02-08,2023-12-31,73031392.0,En ejecución,2023,cloud_or_software_nonAI,0.98,True,True,False,True,False,True,False,
CO1.PCCNTR.5433334,CO1.BDOS.5009631,{'url': 'https://community.secop.gov.co/Public/Tendering/OpportunityDetail/Index?noticeUID=CO1.NTC.5021279&isFromPublicArea=True&isModal=true&asPopupView=true'},800165804,Rama Judicial  Dirección Seccional de Administración Judicial de Tunja,Nacional,Ley de Justicia,Boyacá,Prestación de servicios,Contratación directa,False,2023-10-04,2023-10-05,2023-12-19,7500000.0,terminado,2023,cloud_or_software_nonAI,0.98,False,True,False,False,False,False,False,
CO1.PCCNTR.6576725,CO1.BDOS.6443428,{'url': 'https://community.secop.gov.co/Public/Tendering/OpportunityDetail/Index?noticeUID=CO1.NTC.6461436&isFromPublicArea=True&isModal=true&asPopupView=true'},800165804,Rama Judicial  Dirección Seccional de Administración Judicial de Tunja,Nacional,Ley de Justicia,Boyacá,Prestación de servicios,Contratación directa,False,2024-07-29,2024-08-01,2024-12-19,20250000.0,terminado,2024,cloud_or_software_nonAI,0.91,False,True,False,False,False,False,False,
CO1.PCCNTR.5898446,CO1.BDOS.5592904,{'url': 'https://community.secop.gov.co/Public/Tendering/OpportunityDetail/Index?noticeUID=CO1.NTC.5600221&isFromPublicArea=True&isModal=true&asPopupView=true'},900498879,UNIDAD ADMINISTRATIVA ESPECIAL DE GESTION DE RESTITUCION DE TIERRAS DESPOJADAS**,Nacional,Inclusión Social y Reconciliación,Distrito Capital de Bogotá,Prestación de servicios,Contratación directa,False,2024-02-08,2024-02-09,2024-12-31,49117200.0,Cerrado,2024,cloud_or_software_nonAI,0.98,True,True,False,False,False,False,False,
CO1.PCCNTR.6576413,CO1.BDOS.6441904,{'url': 'https://community.secop.gov.co/Public/Tendering/OpportunityDetail/Index?noticeUID=CO1.NTC.6461131&isFromPublicArea=True&isModal=true&asPopupView=true'},800165804,Rama Judicial  Dirección Seccional de Administración Judicial de Tunja,Nacional,Ley de Justicia,Boyacá,Prestación de servicios,Contratación directa,False,2024-07-29,2024-08-01,2024-12-19,20250000.0,terminado,2024,cloud_or_software_nonAI,0.96,False,True,False,False,False,False,False,
CO1.PCCNTR.5432890,CO1.BDOS.5007538,{'url': 'https://community.secop.gov.co/Public/Tendering/OpportunityDetail/Index?noticeUID=CO1.NTC.5021344&isFromPublicArea=True&isModal=true&asPopupView=true'},800165804,Rama Judicial  Dirección Seccional de Administración Judicial de Tunja,Nacional,Ley de Justicia,Boyacá,Prestación de servicios,Contratación directa,False,2023-10-04,2023-10-13,2023-12-19,7500000.0,terminado,2023,cloud_or_software_nonAI,0.96,False,True,False,False,False,False,False,
CO1.PCCNTR.8690412,CO1.BDOS.8966490,{'url': 'https://community.secop.gov.co/Public/Tendering/OpportunityDetail/Index?noticeUID=CO1.NTC.9104856&isFromPublicArea=True&isModal=true&asPopupView=true'},8999990619,(Secretaría Distrital de Integración Social),Territorial,Inclusión Social y Reconciliación,Distrito Capital de Bogotá,Prestación de servicios,Selección abreviada subasta inversa,True,2025-12-12,2025-12-16,2026-01-29,898140000.0,terminado,2025,cloud_or_software_nonAI,0.99,True,True,False,True,False,True,False,
CO1.PCCNTR.6643078,CO1.BDOS.6539857,{'url': 'https://community.secop.gov.co/Public/Tendering/OpportunityDetail/Index?noticeUID=CO1.NTC.6551309&isFromPublicArea=True&isModal=true&asPopupView=true'},899999419,MUNICIPIO DE GACHANCIPA,Territorial,Servicio Público,Cundinamarca,Prestación de servicios,Contratación directa,True,2024-08-16,2024-08-16,2024-12-28,35000000.0,En ejecución,2024,ai_development_service,0.93,False,True,True,True,True,True,True,
CO1.PCCNTR.7495003,CO1.BDOS.7613167,{'url': 'https://community.secop.gov.co/Public/Tendering/OpportunityDetail/Index?noticeUID=CO1.NTC.7635470&isFromPublicArea=True&isModal=true&asPopupView=true'},899999061,"SECRETARÍA DISTRITAL DE CULTURA, RECREACIÓN Y DEPORTE",Territorial,Cultura,Distrito Capital de Bogotá,Prestación de servicios,Contratación directa,False,2025-02-17,2025-02-19,2025-12-30,59467200.0,Modificado,2025,individual_professional_ai,0.98,False,True,False,False,False,False,False,
CO1.PCCNTR.6161311,CO1.BDOS.5896801,{'url': 'https://community.secop.gov.co/Public/Tendering/OpportunityDetail/Index?noticeUID=CO1.NTC.5914877&isFromPublicArea=True&isModal=true&asPopupView=true'},899999027,DEPARTAMENTO ADMINISTRATIVO NACIONAL DE ESTADISTICA (DANE),Nacional,Información Estadística,Distrito Capital de Bogotá,Prestación de servicios,Contratación directa,False,2024-04-02,2024-04-04,2024-12-30,62300000.0,Cerrado,2024,individual_professional_ai,0.99,False,True,False,False,False,False,False,
CO1.PCCNTR.4806666,CO1.BDOS.4212417,{'url': 'https://community.secop.gov.co/Public/Tendering/OpportunityDetail/Index?noticeUID=CO1.NTC.4217836&isFromPublicArea=True&isModal=true&asPopupView=true'},899999034,SENA REGIONAL DISTRITO CAPITAL Grupo Administrativo Intercentros CGMLTI,Nacional,Trabajo,Distrito Capital de Bogotá,Prestación de servicios,Contratación directa,False,2023-03-27,2023-03-28,2023-06-08,6565740.0,Cerrado,2023,individual_professional_ai,0.86,False,True,False,False,False,False,False,
CO1.PCCNTR.8664719,CO1.BDOS.8721681,{'url': 'https://community.secop.gov.co/Public/Tendering/OpportunityDetail/Index?noticeUID=CO1.NTC.9230035&isFromPublicArea=True&isModal=true&asPopupView=true'},890102257,UNIATLANTICO,Territorial,Educación Nacional,Atlántico,Suministros,Contratación régimen especial,True,2025-12-04,2025-12-18,2025-12-31,49943389.0,En ejecución,2025,incidental,0.98,False,True,False,False,False,False,False,
CO1.PCCNTR.7543686,CO1.BDOS.7680429,{'url': 'https://community.secop.gov.co/Public/Tendering/OpportunityDetail/Index?noticeUID=CO1.NTC.7695621&isFromPublicArea=True&isModal=true&asPopupView=true'},800214750,INSTITUCIÓN UNIVERSITARIA ITM,Nacional,Educación Nacional,Antioquia,Prestación de servicios,Contratación directa,True,2025-02-24,2025-02-24,2025-05-30,101281205.0,En ejecución,2025,incidental,0.97,False,True,False,False,False,False,False,
CO1.PCCNTR.8696842,CO1.BDOS.9246566,{'url': 'https://community.secop.gov.co/Public/Tendering/OpportunityDetail/Index?noticeUID=CO1.NTC.9279890&isFromPublicArea=True&isModal=true&asPopupView=true'},899999061,SECRETARIA DISTRITAL DE GOBIERNO 1,Territorial,Servicio Público,Distrito Capital de Bogotá,Prestación de servicios,Contratación directa,False,2025-12-12,2025-12-15,2025-12-31,7390000.0,En ejecución,2025,individual_professional_ai,0.97,True,True,False,False,False,False,False,
CO1.PCCNTR.8894635,CO1.BDOS.9382286,{'url': 'https://community.secop.gov.co/Public/Tendering/OpportunityDetail/Index?noticeUID=CO1.NTC.9526769&isFromPublicArea=True&isModal=true&asPopupView=true'},900127768,UAECD,Territorial,Hacienda y Crédito Público,Distrito Capital de Bogotá,Prestación de servicios,Contratación directa,False,2026-01-15,2026-02-02,2026-07-19,51825760.0,En ejecución,2026,individual_professional_ai,0.98,False,True,False,False,False,False,False,
CO1.PCCNTR.5368767,CO1.BDOS.4923321,{'url': 'https://community.secop.gov.co/Public/Tendering/OpportunityDetail/Index?noticeUID=CO1.NTC.4931796&isFromPublicArea=True&isModal=true&asPopupView=true'},804000292,CORPORACION AUTONOMA REGIONAL DE SANTANDER+,Nacional,Ambiente y Desarrollo Sostenible,Santander,Prestación de servicios,Contratación directa,True,2023-09-14,2023-09-25,2023-12-31,557373984.0,terminado,2023,ai_development_service,0.94,False,True,True,True,True,True,True,
CO1.PCCNTR.4533186,CO1.BDOS.3859616,{'url': 'https://community.secop.gov.co/Public/Tendering/OpportunityDetail/Index?noticeUID=CO1.NTC.3898495&isFromPublicArea=True&isModal=true&asPopupView=true'},900602106,AGENCIA DE EDUCACIÓN POSTSECUNDARIA DE MEDELLÍN -SAPIENCIA-,Territorial,Educación Nacional,Antioquia,Prestación de servicios,Contratación directa,False,2023-02-01,2023-02-01,2023-02-28,6994359.0,terminado,2023,individual_professional_ai,0.98,False,True,False,False,False,False,False,
CO1.PCCNTR.7702148,CO1.BDOS.7880108,{'url': 'https://community.secop.gov.co/Public/Tendering/OpportunityDetail/Index?noticeUID=CO1.NTC.7898433&isFromPublicArea=True&isModal=true&asPopupView=true'},830027904,DIRECCION GENERAL MARITIMA - SUBDIRECCION ADMINISTRATIVA Y FINANCIERA - SUBAFIN,Nacional,defensa,Distrito Capital de Bogotá,Prestación de servicios,Contratación directa,False,2025-03-26,2025-03-26,2025-12-15,61620000.0,Cerrado,2025,individual_professional_ai,0.98,False,True,False,False,False,False,False,
CO1.PCCNTR.8675078,CO1.BDOS.9138349,{'url': 'https://community.secop.gov.co/Public/Tendering/OpportunityDetail/Index?noticeUID=CO1.NTC.9164400&isFromPublicArea=True&isModal=true&asPopupView=true'},899999034,SENA REGIONAL NARIÑO Grupo de Apoyo Administrativo Mixto,Nacional,Trabajo,Nariño,Compraventa,Mínima cuantía,True,2025-12-05,2025-12-12,2025-12-26,29186892.0,En ejecución,2025,incidental,0.98,False,True,False,False,False,False,False,
CO1.PCCNTR.8442280,CO1.BDOS.8841283,{'url': 'https://community.secop.gov.co/Public/Tendering/OpportunityDetail/Index?noticeUID=CO1.NTC.8931740&isFromPublicArea=True&isModal=true&asPopupView=true'},800154275,INSTITUTO DISTRITAL DE GESTIÓN DE RIESGOS Y CAMBIO CLIMÁTICO - IDIGER,Territorial,Ambiente y Desarrollo Sostenible,Distrito Capital de Bogotá,Prestación de servicios,Contratación directa,False,2025-10-16,2025-10-23,2026-10-22,96000000.0,En ejecución,2025,individual_professional_ai,0.97,False,True,False,False,False,False,False,
CO1.PCCNTR.7496571,CO1.BDOS.7623500,{'url': 'https://community.secop.gov.co/Public/Tendering/OpportunityDetail/Index?noticeUID=CO1.NTC.7638339&isFromPublicArea=True&isModal=true&asPopupView=true'},899999004,IGAC Sede Central *,Nacional,Información Estadística,Distrito Capital de Bogotá,Prestación de servicios,Contratación directa,False,2025-02-18,2025-02-19,2025-11-18,67662036.0,Cerrado,2025,individual_professional_ai,0.96,False,True,False,False,False,False,False,
CO1.PCCNTR.6596522,CO1.BDOS.6470222,{'url': 'https://community.secop.gov.co/Public/Tendering/OpportunityDetail/Index?noticeUID=CO1.NTC.6484875&isFromPublicArea=True&isModal=true&asPopupView=true'},899999294,SERVICIO GEOLOGICO COLOMBIANO**,Nacional,Minas y Energía,Distrito Capital de Bogotá,Prestación de servicios,Contratación directa,False,2024-08-01,2024-08-01,2025-02-28,67410000.0,Modificado,2024,individual_professional_ai,0.95,False,True,False,False,False,False,False,
CO1.PCCNTR.8236027,CO1.BDOS.8634166,{'url': 'https://community.secop.gov.co/Public/Tendering/OpportunityDetail/Index?noticeUID=CO1.NTC.8656630&isFromPublicArea=True&isModal=true&asPopupView=true'},900467239,AUTORIDAD NACIONAL DE LICENCIAS AMBIENTALES - ANLA,Nacional,Ambiente y Desarrollo Sostenible,Distrito Capital de Bogotá,Prestación de servicios,Contratación directa,False,2025-08-25,2025-08-25,2025-12-31,31500000.0,En ejecución,2025,individual_professional_ai,0.98,False,True,False,False,False,False,False,
CO1.PCCNTR.6117669,CO1.BDOS.5857295,{'url': 'https://community.secop.gov.co/Public/Tendering/OpportunityDetail/Index?noticeUID=CO1.NTC.5864578&isFromPublicArea=True&isModal=true&asPopupView=true'},899999294,SERVICIO GEOLOGICO COLOMBIANO**,Nacional,Minas y Energía,Distrito Capital de Bogotá,Prestación de servicios,Contratación directa,False,2024-03-19,2024-03-20,2024-12-31,60129504.0,En ejecución,2024,individual_professional_ai,0.99,False,True,False,False,False,False,False,
CO1.PCCNTR.4762459,CO1.BDOS.4159104,{'url': 'https://community.secop.gov.co/Public/Tendering/OpportunityDetail/Index?noticeUID=CO1.NTC.4163417&isFromPublicArea=True&isModal=true&asPopupView=true'},8999990619,SECRETARÍA DISTRITAL DE MOVILIDAD,Territorial,Transporte,Distrito Capital de Bogotá,Prestación de servicios,Contratación directa,False,2023-03-13,2023-03-16,2024-03-30,52500000.0,Cerrado,2023,individual_professional_ai,0.98,False,True,False,False,False,False,False,
CO1.PCCNTR.5635514,CO1.BDOS.5273048,{'url': 'https://community.secop.gov.co/Public/Tendering/OpportunityDetail/Index?noticeUID=CO1.NTC.5287762&isFromPublicArea=True&isModal=true&asPopupView=true'},899999067,CGR-NIVEL CENTRAL,Nacional,No aplica/No pertenece,Distrito Capital de Bogotá,Otro,Contratación directa,True,2023-12-06,2023-12-07,2023-12-22,450000000.0,Cerrado,2023,incidental,0.97,False,True,False,False,False,False,False,
CO1.PCCNTR.5431116,CO1.BDOS.5011262,{'url': 'https://community.secop.gov.co/Public/Tendering/OpportunityDetail/Index?noticeUID=CO1.NTC.5021447&isFromPublicArea=True&isModal=true&asPopupView=true'},899999034,SENA REGIONAL QUINDIO Grupo de Apoyo Administrativo Mixto,Nacional,Trabajo,Quindío,Prestación de servicios,Contratación directa,False,2023-10-04,2023-10-05,2023-12-31,4838652.0,terminado,2023,individual_professional_ai,0.98,False,True,False,False,False,False,False,
CO1.PCCNTR.5046103,CO1.BDOS.4514023,{'url': 'https://community.secop.gov.co/Public/Tendering/OpportunityDetail/Index?noticeUID=CO1.NTC.4526193&isFromPublicArea=True&isModal=true&asPopupView=true'},900602106,AGENCIA DE EDUCACIÓN POSTSECUNDARIA DE MEDELLÍN -SAPIENCIA-,Territorial,Educación Nacional,Antioquia,Prestación de servicios,Contratación directa,False,2023-06-05,2023-06-05,2023-12-31,34931997.0,terminado,2023,individual_professional_ai,0.98,False,True,False,False,False,False,False,
CO1.PCCNTR.6429305,CO1.BDOS.6161540,{'url': 'https://community.secop.gov.co/Public/Tendering/OpportunityDetail/Index?noticeUID=CO1.NTC.6263066&isFromPublicArea=True&isModal=true&asPopupView=true'},890102257,UNIATLANTICO,Territorial,Educación Nacional,Atlántico,Suministros,Contratación régimen especial,True,2024-06-24,2024-07-05,2024-09-30,197731590.0,En ejecución,2024,incidental,0.99,False,True,False,False,False,False,False,
CO1.PCCNTR.5395919,CO1.BDOS.4967635,{'url': 'https://community.secop.gov.co/Public/Tendering/OpportunityDetail/Index?noticeUID=CO1.NTC.4977661&isFromPublicArea=True&isModal=true&asPopupView=true'},899999004,IGAC Sede Central *,Nacional,Información Estadística,Distrito Capital de Bogotá,Prestación de servicios,Contratación directa,False,2023-09-25,2023-10-05,2023-12-30,11433425.0,Cerrado,2023,individual_professional_ai,0.97,False,True,False,False,False,False,False,
CO1.PCCNTR.5382537,CO1.BDOS.4950556,{'url': 'https://community.secop.gov.co/Public/Tendering/OpportunityDetail/Index?noticeUID=CO1.NTC.4961111&isFromPublicArea=True&isModal=true&asPopupView=true'},899999027,DEPARTAMENTO ADMINISTRATIVO NACIONAL DE ESTADISTICA (DANE),Nacional,Información Estadística,Distrito Capital de Bogotá,Prestación de servicios,Contratación directa,False,2023-09-19,2023-09-22,2023-12-31,24775200.0,En ejecución,2023,individual_professional_ai,0.96,False,True,False,False,False,False,False,
CO1.PCCNTR.7506235,CO1.BDOS.7634371,{'url': 'https://community.secop.gov.co/Public/Tendering/OpportunityDetail/Index?noticeUID=CO1.NTC.7649645&isFromPublicArea=True&isModal=true&asPopupView=true'},899999004,IGAC Sede Central *,Nacional,Información Estadística,Distrito Capital de Bogotá,Prestación de servicios,Contratación directa,False,2025-02-18,2025-02-19,2025-12-31,95680000.0,Cerrado,2025,individual_professional_ai,0.98,False,True,False,False,False,False,False,
CO1.PCCNTR.5798287,CO1.BDOS.5488165,{'url': 'https://community.secop.gov.co/Public/Tendering/OpportunityDetail/Index?noticeUID=CO1.NTC.5497400&isFromPublicArea=True&isModal=true&asPopupView=true'},900948953,AGENCIA NACIONAL DE TIERRAS - ANT,Nacional,agricultura,Distrito Capital de Bogotá,Prestación de servicios,Contratación directa,False,2024-01-24,2024-01-29,2024-06-30,34200000.0,En ejecución,2024,individual_professional_ai,0.98,False,True,False,False,False,False,False,
CO1.PCCNTR.8973620,CO1.BDOS.9589454,{'url': 'https://community.secop.gov.co/Public/Tendering/OpportunityDetail/Index?noticeUID=CO1.NTC.9604312&isFromPublicArea=True&isModal=true&asPopupView=true'},900467239,AUTORIDAD NACIONAL DE LICENCIAS AMBIENTALES - ANLA,Nacional,Ambiente y Desarrollo Sostenible,Distrito Capital de Bogotá,Prestación de servicios,Contratación directa,False,2026-01-19,2026-01-19,2026-12-11,59216667.0,En ejecución,2026,individual_professional_ai,0.94,False,True,False,False,False,False,False,
CO1.PCCNTR.4751624,CO1.BDOS.4144927,{'url': 'https://community.secop.gov.co/Public/Tendering/OpportunityDetail/Index?noticeUID=CO1.NTC.4145760&isFromPublicArea=True&isModal=true&asPopupView=true'},899999034,SENA REGIONAL DISTRITO CAPITAL Grupo Administrativo Intercentros CEET,Nacional,Trabajo,Distrito Capital de Bogotá,Prestación de servicios,Contratación directa,False,2023-03-14,2023-03-16,2023-12-30,39360000.0,Cerrado,2023,individual_professional_ai,0.98,False,True,False,False,False,False,False,
CO1.PCCNTR.5350651,CO1.BDOS.4903539,{'url': 'https://community.secop.gov.co/Public/Tendering/OpportunityDetail/Index?noticeUID=CO1.NTC.4912130&isFromPublicArea=True&isModal=true&asPopupView=true'},800214750,INSTITUCIÓN UNIVERSITARIA ITM,Nacional,Educación Nacional,Antioquia,Prestación de servicios,Contratación directa,False,2023-09-04,2023-09-04,2023-10-17,6315000.0,Modificado,2023,individual_professional_ai,0.79,False,True,False,False,False,False,False,
CO1.PCCNTR.8800267,CO1.BDOS.9299664,{'url': 'https://community.secop.gov.co/Public/Tendering/OpportunityDetail/Index?noticeUID=CO1.NTC.9428443&isFromPublicArea=True&isModal=true&asPopupView=true'},900467239,AUTORIDAD NACIONAL DE LICENCIAS AMBIENTALES - ANLA,Nacional,Ambiente y Desarrollo Sostenible,Distrito Capital de Bogotá,Prestación de servicios,Contratación directa,False,2026-01-09,2026-01-09,2026-12-11,61050000.0,En ejecución,2026,individual_professional_ai,0.98,False,True,False,False,False,False,False,
CO1.PCCNTR.7877923,CO1.BDOS.8047931,{'url': 'https://community.secop.gov.co/Public/Tendering/OpportunityDetail/Index?noticeUID=CO1.NTC.8066235&isFromPublicArea=True&isModal=true&asPopupView=true'},899999732,COLEGIO JOHN F KENNEDY IED,Territorial,Educación Nacional,Distrito Capital de Bogotá,Compraventa,Contratación régimen especial (con ofertas),True,2025-05-16,2025-05-19,2025-07-03,5099800.0,En ejecución,2025,incidental,0.94,False,True,False,False,False,False,False,
CO1.PCCNTR.5373508,CO1.BDOS.4934302,{'url': 'https://community.secop.gov.co/Public/Tendering/OpportunityDetail/Index?noticeUID=CO1.NTC.4947796&isFromPublicArea=True&isModal=true&asPopupView=true'},899999054,ESAP SEDE CENTRAL (Cuenta Oficial),Nacional,Servicio Público,Distrito Capital de Bogotá,Prestación de servicios,Contratación directa,False,2023-09-13,2023-09-19,2023-12-30,23796660.0,En ejecución,2023,individual_professional_ai,0.96,False,True,False,False,False,False,False,
CO1.PCCNTR.5212267,CO1.BDOS.4713741,{'url': 'https://community.secop.gov.co/Public/Tendering/OpportunityDetail/Index?noticeUID=CO1.NTC.4725900&isFromPublicArea=True&isModal=true&asPopupView=true'},899999034,SENA REGIONAL DISTRITO CAPITAL Grupo Administrativo Intercentros CGMLTI,Nacional,Trabajo,Distrito Capital de Bogotá,Prestación de servicios,Contratación directa,False,2023-07-12,2023-07-13,2023-11-05,10395755.0,Cerrado,2023,individual_professional_ai,0.94,False,True,False,False,False,False,False,
CO1.PCCNTR.5457814,CO1.BDOS.5015097,{'url': 'https://community.secop.gov.co/Public/Tendering/OpportunityDetail/Index?noticeUID=CO1.NTC.5026078&isFromPublicArea=True&isModal=true&asPopupView=true'},899999034,SENA REGIONAL NARIÑO CENTRO SUR COLOMBIANO DE LOGISTICA INTERNACIONAL,Nacional,Trabajo,Nariño,Compraventa,Mínima cuantía,True,2023-10-17,2023-10-17,2023-12-15,84500000.0,Modificado,2023,incidental,0.95,False,True,False,False,False,False,False,
CO1.PCCNTR.5617095,CO1.BDOS.5251976,{'url': 'https://community.secop.gov.co/Public/Tendering/OpportunityDetail/Index?noticeUID=CO1.NTC.5265816&isFromPublicArea=True&isModal=true&asPopupView=true'},899999034,SENA REGIONAL QUINDIO Grupo de Apoyo Administrativo Mixto,Nacional,Trabajo,Quindío,Prestación de servicios,Contratación directa,False,2023-12-01,2023-12-01,2023-12-31,4152955.0,En ejecución,2023,individual_professional_ai,0.86,False,True,False,False,False,False,False,
CO1.PCCNTR.8216992,CO1.BDOS.8607453,{'url': 'https://community.secop.gov.co/Public/Tendering/OpportunityDetail/Index?noticeUID=CO1.NTC.8630353&isFromPublicArea=True&isModal=true&asPopupView=true'},830127607,AGENCIA NACIONAL DE HIDROCARBUROS**,Nacional,Minas y Energía,Distrito Capital de Bogotá,Prestación de servicios,Contratación directa,False,2025-08-21,2025-08-25,2025-12-31,66495000.0,En ejecución,2025,individual_professional_ai,0.98,False,True,False,False,False,False,False,
CO1.PCCNTR.5296335,CO1.BDOS.4787608,{'url': 'https://community.secop.gov.co/Public/Tendering/OpportunityDetail/Index?noticeUID=CO1.NTC.4796382&isFromPublicArea=True&isModal=true&asPopupView=true'},899999034,SENA REGIONAL NARIÑO CENTRO SUR COLOMBIANO DE LOGISTICA INTERNACIONAL,Nacional,Trabajo,Nariño,Compraventa,Mínima cuantía,False,2023-08-15,2023-08-15,2023-09-14,5172399.0,En ejecución,2023,incidental,0.97,False,True,False,False,False,False,False,
CO1.PCCNTR.8047428,CO1.BDOS.8356656,{'url': 'https://community.secop.gov.co/Public/Tendering/OpportunityDetail/Index?noticeUID=CO1.NTC.8381845&isFromPublicArea=True&isModal=true&asPopupView=true'},899999034,SENA REGIONAL NARIÑO Grupo de Apoyo Administrativo Mixto,Nacional,Trabajo,Nariño,Prestación de servicios,Contratación directa,False,2025-07-04,2025-07-07,2025-12-31,27689490.0,En ejecución,2025,individual_professional_ai,0.98,False,True,False,False,False,False,False,
CO1.PCCNTR.4806848,CO1.BDOS.4212099,{'url': 'https://community.secop.gov.co/Public/Tendering/OpportunityDetail/Index?noticeUID=CO1.NTC.4217835&isFromPublicArea=True&isModal=true&asPopupView=true'},899999034,SENA REGIONAL DISTRITO CAPITAL Grupo Administrativo Intercentros CGMLTI,Nacional,Trabajo,Distrito Capital de Bogotá,Prestación de servicios,Contratación directa,False,2023-03-28,2023-03-28,2023-12-30,39893000.0,Cerrado,2023,individual_professional_ai,0.98,False,True,False,False,False,False,False,
CO1.PCCNTR.8854496,CO1.BDOS.9472446,{'url': 'https://community.secop.gov.co/Public/Tendering/OpportunityDetail/Index?noticeUID=CO1.NTC.9484856&isFromPublicArea=True&isModal=true&asPopupView=true'},900467239,AUTORIDAD NACIONAL DE LICENCIAS AMBIENTALES - ANLA,Nacional,Ambiente y Desarrollo Sostenible,Distrito Capital de Bogotá,Prestación de servicios,Contratación directa,False,2026-01-13,2026-01-13,2026-12-11,98700000.0,En ejecución,2026,individual_professional_ai,0.97,False,True,False,False,False,False,False,
CO1.PCCNTR.4806954,CO1.BDOS.4212304,{'url': 'https://community.secop.gov.co/Public/Tendering/OpportunityDetail/Index?noticeUID=CO1.NTC.4217834&isFromPublicArea=True&isModal=true&asPopupView=true'},899999034,SENA REGIONAL DISTRITO CAPITAL Grupo Administrativo Intercentros CGMLTI,Nacional,Trabajo,Distrito Capital de Bogotá,Prestación de servicios,Contratación directa,False,2023-03-28,2023-03-29,2023-12-30,37993333.0,Cerrado,2023,individual_professional_ai,0.94,False,True,False,False,False,False,False,
CO1.PCCNTR.4752217,CO1.BDOS.4144927,{'url': 'https://community.secop.gov.co/Public/Tendering/OpportunityDetail/Index?noticeUID=CO1.NTC.4145760&isFromPublicArea=True&isModal=true&asPopupView=true'},899999034,SENA REGIONAL DISTRITO CAPITAL Grupo Administrativo Intercentros CEET,Nacional,Trabajo,Distrito Capital de Bogotá,Prestación de servicios,Contratación directa,False,2023-03-16,2023-03-17,2023-12-30,38950000.0,Cerrado,2023,individual_professional_ai,0.98,False,True,False,False,False,False,False,
CO1.PCCNTR.9733861,CO1.BDOS.10570059,{'url': 'https://community.secop.gov.co/Public/Tendering/OpportunityDetail/Index?noticeUID=CO1.NTC.10607606&isFromPublicArea=True&isModal=true&asPopupView=true'},800214750,INSTITUCIÓN UNIVERSITARIA ITM,Nacional,Educación Nacional,Antioquia,Prestación de servicios,Contratación directa,False,2026-07-30,2026-08-01,2026-10-29,14799999.0,En ejecución,2026,individual_professional_ai,0.98,False,True,False,False,False,False,False,
CO1.PCCNTR.7610430,CO1.BDOS.7764825,{'url': 'https://community.secop.gov.co/Public/Tendering/OpportunityDetail/Index?noticeUID=CO1.NTC.7779726&isFromPublicArea=True&isModal=true&asPopupView=true'},899999004,IGAC Sede Central *,Nacional,Información Estadística,Distrito Capital de Bogotá,Prestación de servicios,Contratación directa,False,2025-03-06,2025-03-10,2025-12-31,93950000.0,Cerrado,2025,individual_professional_ai,0.99,False,True,False,False,False,False,False,
CO1.PCCNTR.5352136,CO1.BDOS.4904649,{'url': 'https://community.secop.gov.co/Public/Tendering/OpportunityDetail/Index?noticeUID=CO1.NTC.4912862&isFromPublicArea=True&isModal=true&asPopupView=true'},800214750,INSTITUCIÓN UNIVERSITARIA ITM,Nacional,Educación Nacional,Antioquia,Prestación de servicios,Contratación directa,False,2023-09-04,2023-09-04,2023-10-17,6315000.0,Modificado,2023,individual_professional_ai,0.78,False,True,False,False,False,False,False,
CO1.PCCNTR.5869364,CO1.BDOS.5496192,{'url': 'https://community.secop.gov.co/Public/Tendering/OpportunityDetail/Index?noticeUID=CO1.NTC.5567576&isFromPublicArea=True&isModal=true&asPopupView=true'},899999027,DEPARTAMENTO ADMINISTRATIVO NACIONAL DE ESTADISTICA (DANE),Nacional,Información Estadística,Distrito Capital de Bogotá,Prestación de servicios,Contratación directa,False,2024-02-01,2024-02-05,2024-12-04,57140000.0,Cerrado,2024,individual_professional_ai,0.99,False,True,False,False,False,False,False,
CO1.PCCNTR.8296206,CO1.BDOS.8632333,{'url': 'https://community.secop.gov.co/Public/Tendering/OpportunityDetail/Index?noticeUID=CO1.NTC.8738598&isFromPublicArea=True&isModal=true&asPopupView=true'},890102257,Universidad del Atlántico,Territorial,Educación Nacional,Atlántico,Suministros,Contratación régimen especial,True,2025-09-15,2025-09-26,2025-10-20,18319393.0,En ejecución,2025,incidental,0.99,False,True,False,False,False,False,False,
CO1.PCCNTR.4713578,CO1.BDOS.4096303,{'url': 'https://community.secop.gov.co/Public/Tendering/OpportunityDetail/Index?noticeUID=CO1.NTC.4100310&isFromPublicArea=True&isModal=true&asPopupView=true'},900602106,AGENCIA DE EDUCACIÓN POSTSECUNDARIA DE MEDELLÍN -SAPIENCIA-,Territorial,Educación Nacional,Antioquia,Prestación de servicios,Contratación directa,False,2023-03-01,2023-03-01,2023-05-31,20983077.0,terminado,2023,individual_professional_ai,0.98,False,True,False,False,False,False,False,
CO1.PCCNTR.6534433,CO1.BDOS.6367055,{'url': 'https://community.secop.gov.co/Public/Tendering/OpportunityDetail/Index?noticeUID=CO1.NTC.6406019&isFromPublicArea=True&isModal=true&asPopupView=true'},899999027,DEPARTAMENTO ADMINISTRATIVO NACIONAL DE ESTADISTICA (DANE),Nacional,Información Estadística,Distrito Capital de Bogotá,Prestación de servicios,Contratación directa,False,2024-07-16,2024-07-17,2024-12-31,42000000.0,Cerrado,2024,individual_professional_ai,0.98,False,True,False,False,False,False,False,
CO1.PCCNTR.8973733,CO1.BDOS.9591255,{'url': 'https://community.secop.gov.co/Public/Tendering/OpportunityDetail/Index?noticeUID=CO1.NTC.9604331&isFromPublicArea=True&isModal=true&asPopupView=true'},830127607,AGENCIA NACIONAL DE HIDROCARBUROS**,Nacional,Minas y Energía,Distrito Capital de Bogotá,Prestación de servicios,Contratación directa,False,2026-01-19,2026-01-24,2026-12-23,173349000.0,terminado,2026,individual_professional_ai,0.98,False,True,False,False,False,False,False,
CO1.PCCNTR.9106902,CO1.BDOS.9724797,{'url': 'https://community.secop.gov.co/Public/Tendering/OpportunityDetail/Index?noticeUID=CO1.NTC.9743025&isFromPublicArea=True&isModal=true&asPopupView=true'},900467239,AUTORIDAD NACIONAL DE LICENCIAS AMBIENTALES - ANLA,Nacional,Ambiente y Desarrollo Sostenible,Distrito Capital de Bogotá,Prestación de servicios,Contratación directa,False,2026-01-23,2026-01-23,2026-07-10,42000000.0,En ejecución,2026,individual_professional_ai,0.96,False,True,False,False,False,False,False,
CO1.PCCNTR.5309732,CO1.BDOS.4850175,{'url': 'https://community.secop.gov.co/Public/Tendering/OpportunityDetail/Index?noticeUID=CO1.NTC.4859341&isFromPublicArea=True&isModal=true&asPopupView=true'},899999294,SERVICIO GEOLOGICO COLOMBIANO**,Nacional,Minas y Energía,Distrito Capital de Bogotá,Prestación de servicios,Contratación directa,False,2023-08-17,2023-08-18,2024-02-17,26136000.0,Modificado,2023,individual_professional_ai,0.96,False,True,False,False,False,False,False,
CO1.PCCNTR.5086318,CO1.BDOS.4571575,{'url': 'https://community.secop.gov.co/Public/Tendering/OpportunityDetail/Index?noticeUID=CO1.NTC.4577752&isFromPublicArea=True&isModal=true&asPopupView=true'},899999034,SENA REGIONAL QUINDIO Grupo de Apoyo Administrativo Mixto,Nacional,Trabajo,Quindío,Prestación de servicios,Contratación directa,False,2023-06-15,2023-06-16,2023-12-15,24600000.0,terminado,2023,individual_professional_ai,0.91,False,True,False,False,False,False,False,
CO1.PCCNTR.5187020,CO1.BDOS.4680152,{'url': 'https://community.secop.gov.co/Public/Tendering/OpportunityDetail/Index?noticeUID=CO1.NTC.4688099&isFromPublicArea=True&isModal=true&asPopupView=true'},900602106,AGENCIA DE EDUCACIÓN POSTSECUNDARIA DE MEDELLÍN -SAPIENCIA-,Territorial,Educación Nacional,Antioquia,Prestación de servicios,Contratación directa,False,2023-07-04,2023-07-04,2023-12-31,30014386.0,terminado,2023,individual_professional_ai,0.98,False,True,False,False,False,False,False,
CO1.PCCNTR.6207902,CO1.BDOS.5950292,{'url': 'https://community.secop.gov.co/Public/Tendering/OpportunityDetail/Index?noticeUID=CO1.NTC.5974391&isFromPublicArea=True&isModal=true&asPopupView=true'},8999990619,SECRETARÍA DISTRITAL DE MOVILIDAD,Territorial,Transporte,Distrito Capital de Bogotá,Prestación de servicios,Contratación directa,False,2024-04-12,2024-04-16,2025-02-28,48166020.0,Cerrado,2024,individual_professional_ai,0.98,False,True,False,False,False,False,False,
CO1.PCCNTR.6523650,CO1.BDOS.6381147,{'url': 'https://community.secop.gov.co/Public/Tendering/OpportunityDetail/Index?noticeUID=CO1.NTC.6391464&isFromPublicArea=True&isModal=true&asPopupView=true'},8909801583,Institución Universitaria Pascual Bravo COMPRADOR,Nacional,Educación Nacional,Antioquia,Prestación de servicios,Contratación directa,True,2024-07-12,2024-07-16,2024-12-15,87306750.0,Modificado,2024,incidental,0.96,False,True,False,False,False,False,False,
CO1.PCCNTR.6097049,CO1.BDOS.5833444,{'url': 'https://community.secop.gov.co/Public/Tendering/OpportunityDetail/Index?noticeUID=CO1.NTC.5840207&isFromPublicArea=True&isModal=true&asPopupView=true'},899999294,SERVICIO GEOLOGICO COLOMBIANO**,Nacional,Minas y Energía,Distrito Capital de Bogotá,Prestación de servicios,Contratación directa,False,2024-03-14,2024-03-15,2024-12-31,46332000.0,En ejecución,2024,individual_professional_ai,0.98,False,True,False,False,False,False,False,
CO1.PCCNTR.5170857,CO1.BDOS.4632607,{'url': 'https://community.secop.gov.co/Public/Tendering/OpportunityDetail/Index?noticeUID=CO1.NTC.4645667&isFromPublicArea=True&isModal=true&asPopupView=true'},8909801583,Institución Universitaria Pascual Bravo COMPRADOR,Nacional,Educación Nacional,Antioquia,Prestación de servicios,Contratación directa,True,2023-06-28,2023-07-19,2023-12-15,1139391000.0,Cerrado,2023,incidental,0.97,False,True,False,False,False,False,False,
CO1.PCCNTR.5204673,CO1.BDOS.4637376,{'url': 'https://community.secop.gov.co/Public/Tendering/OpportunityDetail/Index?noticeUID=CO1.NTC.4646905&isFromPublicArea=True&isModal=true&asPopupView=true'},899999034,SENA REGIONAL NARIÑO CENTRO SUR COLOMBIANO DE LOGISTICA INTERNACIONAL,Nacional,Trabajo,Nariño,Compraventa,Mínima cuantía,False,2023-07-11,2023-07-11,2023-08-25,7994800.0,Modificado,2023,incidental,0.94,False,True,False,False,False,False,False,
CO1.PCCNTR.5364181,CO1.BDOS.4920753,{'url': 'https://community.secop.gov.co/Public/Tendering/OpportunityDetail/Index?noticeUID=CO1.NTC.4929381&isFromPublicArea=True&isModal=true&asPopupView=true'},899999296,MINCIENCIAS,Nacional,Ciencia Tecnología,Distrito Capital de Bogotá,Otro,Contratación Directa (con ofertas),True,2023-09-08,2023-09-25,2026-09-11,899657995.0,En ejecución,2023,unclear,0.84,False,True,False,False,True,True,False,unclear_label
CO1.PCCNTR.7062424,CO1.BDOS.7082714,{'url': 'https://community.secop.gov.co/Public/Tendering/OpportunityDetail/Index?noticeUID=CO1.NTC.7097898&isFromPublicArea=True&isModal=true&asPopupView=true'},800214750,INSTITUCIÓN UNIVERSITARIA ITM,Nacional,Educación Nacional,Antioquia,Prestación de servicios,Contratación directa,True,2024-11-23,2024-11-23,2024-12-31,202256410.0,En ejecución,2024,incidental,0.98,False,True,False,False,False,False,False,
CO1.PCCNTR.7221633,CO1.BDOS.7301356,{'url': 'https://community.secop.gov.co/Public/Tendering/OpportunityDetail/Index?noticeUID=CO1.NTC.7317869&isFromPublicArea=True&isModal=true&asPopupView=true'},900127768,UAECD,Territorial,Hacienda y Crédito Público,Distrito Capital de Bogotá,Prestación de servicios,Contratación directa,False,2025-01-10,2025-01-27,2025-06-26,42066385.0,En ejecución,2025,individual_professional_ai,0.98,False,True,False,False,False,False,False,
CO1.PCCNTR.8959469,CO1.BDOS.9547913,{'url': 'https://community.secop.gov.co/Public/Tendering/OpportunityDetail/Index?noticeUID=CO1.NTC.9592219&isFromPublicArea=True&isModal=true&asPopupView=true'},900467239,AUTORIDAD NACIONAL DE LICENCIAS AMBIENTALES - ANLA,Nacional,Ambiente y Desarrollo Sostenible,Distrito Capital de Bogotá,Prestación de servicios,Contratación directa,False,2026-01-19,2026-01-19,2026-12-04,79000000.0,En ejecución,2026,individual_professional_ai,0.98,False,True,False,False,False,False,False,
CO1.PCCNTR.8604761,CO1.BDOS.9122655,{'url': 'https://community.secop.gov.co/Public/Tendering/OpportunityDetail/Index?noticeUID=CO1.NTC.9147902&isFromPublicArea=True&isModal=true&asPopupView=true'},899999054,ESAP SEDE CENTRAL (Cuenta Oficial),Nacional,Servicio Público,Distrito Capital de Bogotá,Prestación de servicios,Contratación directa,False,2025-11-27,2025-12-01,2025-12-31,10633333.0,En ejecución,2025,individual_professional_ai,0.97,False,True,False,False,False,False,False,
CO1.PCCNTR.6059734,CO1.BDOS.5784658,{'url': 'https://community.secop.gov.co/Public/Tendering/OpportunityDetail/Index?noticeUID=CO1.NTC.5793463&isFromPublicArea=True&isModal=true&asPopupView=true'},899999294,SERVICIO GEOLOGICO COLOMBIANO**,Nacional,Minas y Energía,Distrito Capital de Bogotá,Prestación de servicios,Contratación directa,False,2024-03-07,2024-03-08,2024-09-07,57780000.0,terminado,2024,individual_professional_ai,0.97,False,True,False,False,False,False,False,
CO1.PCCNTR.5515266,CO1.BDOS.5121351,{'url': 'https://community.secop.gov.co/Public/Tendering/OpportunityDetail/Index?noticeUID=CO1.NTC.5134195&isFromPublicArea=True&isModal=true&asPopupView=true'},899999011,DEPARTAMENTO NACIONAL DE PLANEACIÓN,Nacional,Planeación,Distrito Capital de Bogotá,Prestación de servicios,Contratación directa,False,2023-11-03,2023-11-07,2023-12-31,18600000.0,En ejecución,2023,individual_professional_ai,0.98,False,True,False,False,False,False,False,
CO1.PCCNTR.5244449,CO1.BDOS.4757679,{'url': 'https://community.secop.gov.co/Public/Tendering/OpportunityDetail/Index?noticeUID=CO1.NTC.4768075&isFromPublicArea=True&isModal=true&asPopupView=true'},899999294,SERVICIO GEOLOGICO COLOMBIANO**,Nacional,Minas y Energía,Distrito Capital de Bogotá,Prestación de servicios,Contratación directa,False,2023-07-25,2023-07-27,2023-12-22,20440000.0,Modificado,2023,individual_professional_ai,0.98,False,True,False,False,False,False,False,
CO1.PCCNTR.8805474,CO1.BDOS.9420482,{'url': 'https://community.secop.gov.co/Public/Tendering/OpportunityDetail/Index?noticeUID=CO1.NTC.9434754&isFromPublicArea=True&isModal=true&asPopupView=true'},830000212,COMISIÓN DE REGULACIÓN DE AGUA POTABLE Y SANEAMIENTO BÁSICO.,Nacional,"Vivienda, Ciudad y Territorio",Distrito Capital de Bogotá,Prestación de servicios,Contratación directa,False,2026-01-09,2026-01-15,2026-12-15,130000000.0,Modificado,2026,individual_professional_ai,0.97,False,True,False,False,False,False,False,
CO1.PCCNTR.8554914,CO1.BDOS.9056270,{'url': 'https://community.secop.gov.co/Public/Tendering/OpportunityDetail/Index?noticeUID=CO1.NTC.9081120&isFromPublicArea=True&isModal=true&asPopupView=true'},901140004,JEP,Nacional,No aplica/No pertenece,Distrito Capital de Bogotá,Prestación de servicios,Contratación régimen especial,False,2025-11-13,2025-11-19,2025-12-31,21511786.0,Modificado,2025,individual_professional_ai,0.99,False,True,False,False,False,False,False,
CO1.PCCNTR.8554701,CO1.BDOS.9056173,{'url': 'https://community.secop.gov.co/Public/Tendering/OpportunityDetail/Index?noticeUID=CO1.NTC.9080926&isFromPublicArea=True&isModal=true&asPopupView=true'},901140004,JEP,Nacional,No aplica/No pertenece,Distrito Capital de Bogotá,Prestación de servicios,Contratación régimen especial,False,2025-11-13,2025-11-19,2025-12-31,21511786.0,Modificado,2025,individual_professional_ai,0.98,False,True,False,False,False,False,False,
CO1.PCCNTR.8773072,CO1.BDOS.9378407,{'url': 'https://community.secop.gov.co/Public/Tendering/OpportunityDetail/Index?noticeUID=CO1.NTC.9392862&isFromPublicArea=True&isModal=true&asPopupView=true'},901140004,JEP,Nacional,No aplica/No pertenece,Distrito Capital de Bogotá,Prestación de servicios,Contratación régimen especial,False,2026-01-07,2026-01-09,2026-12-31,127995106.0,En ejecución,2026,individual_professional_ai,0.98,False,True,False,False,False,False,False,
CO1.PCCNTR.4493759,CO1.BDOS.3856623,{'url': 'https://community.secop.gov.co/Public/Tendering/OpportunityDetail/Index?noticeUID=CO1.NTC.3857652&isFromPublicArea=True&isModal=true&asPopupView=true'},899999011,DEPARTAMENTO NACIONAL DE PLANEACIÓN,Nacional,Planeación,Distrito Capital de Bogotá,Prestación de servicios,Contratación directa,False,2023-01-30,2023-01-31,2023-05-30,16808000.0,Cerrado,2023,individual_professional_ai,0.98,False,True,False,False,False,False,False,
CO1.PCCNTR.7463824,CO1.BDOS.7583339,{'url': 'https://community.secop.gov.co/Public/Tendering/OpportunityDetail/Index?noticeUID=CO1.NTC.7597719&isFromPublicArea=True&isModal=true&asPopupView=true'},901037916,ADRES,Nacional,Salud y Protección Social,Distrito Capital de Bogotá,Prestación de servicios,Contratación directa,False,2025-02-11,2025-02-12,2025-12-31,112713334.0,Modificado,2025,individual_professional_ai,0.99,False,True,False,False,False,False,False,
CO1.PCCNTR.6083907,CO1.BDOS.5808332,{'url': 'https://community.secop.gov.co/Public/Tendering/OpportunityDetail/Index?noticeUID=CO1.NTC.5815736&isFromPublicArea=True&isModal=true&asPopupView=true'},901037916,ADRES,Nacional,Salud y Protección Social,Distrito Capital de Bogotá,Prestación de servicios,Contratación directa,False,2024-03-13,2024-03-15,2024-08-14,60000000.0,Cerrado,2024,individual_professional_ai,0.99,False,True,False,False,False,False,False,
CO1.PCCNTR.5020632,CO1.BDOS.4488610,{'url': 'https://community.secop.gov.co/Public/Tendering/OpportunityDetail/Index?noticeUID=CO1.NTC.4493488&isFromPublicArea=True&isModal=true&asPopupView=true'},899999011,DEPARTAMENTO NACIONAL DE PLANEACIÓN,Nacional,Planeación,Distrito Capital de Bogotá,Prestación de servicios,Contratación directa,False,2023-05-31,2023-06-01,2023-12-31,29554067.0,Cerrado,2023,individual_professional_ai,0.99,False,True,False,False,False,False,False,
CO1.PCCNTR.7424304,CO1.BDOS.7535932,{'url': 'https://community.secop.gov.co/Public/Tendering/OpportunityDetail/Index?noticeUID=CO1.NTC.7554362&isFromPublicArea=True&isModal=true&asPopupView=true'},899999011,DEPARTAMENTO NACIONAL DE PLANEACIÓN,Nacional,Planeación,Distrito Capital de Bogotá,Prestación de servicios,Contratación directa,False,2025-02-06,2025-02-10,2025-12-31,106333327.0,Modificado,2025,individual_professional_ai,0.98,False,True,False,False,False,False,False,
CO1.PCCNTR.5362518,CO1.BDOS.4921906,{'url': 'https://community.secop.gov.co/Public/Tendering/OpportunityDetail/Index?noticeUID=CO1.NTC.4930889&isFromPublicArea=True&isModal=true&asPopupView=true'},901158482,Unidad de Busqueda de Personas Desaparecidas,Nacional,Ley de Justicia,Distrito Capital de Bogotá,Prestación de servicios,Contratación directa,False,2023-09-08,2023-09-08,2023-12-31,35410433.0,Cerrado,2023,individual_professional_ai,0.97,False,True,False,False,False,False,False,
CO1.PCCNTR.6070623,CO1.BDOS.5798965,{'url': 'https://community.secop.gov.co/Public/Tendering/OpportunityDetail/Index?noticeUID=CO1.NTC.5805976&isFromPublicArea=True&isModal=true&asPopupView=true'},800214750,INSTITUCIÓN UNIVERSITARIA ITM,Nacional,Educación Nacional,Antioquia,Prestación de servicios,Contratación directa,False,2024-03-08,2024-03-08,2024-06-30,22708585.0,En ejecución,2024,individual_professional_ai,0.97,False,True,False,False,False,False,False,
CO1.PCCNTR.5017368,CO1.BDOS.4484485,{'url': 'https://community.secop.gov.co/Public/Tendering/OpportunityDetail/Index?noticeUID=CO1.NTC.4489550&isFromPublicArea=True&isModal=true&asPopupView=true'},899999011,DEPARTAMENTO NACIONAL DE PLANEACIÓN,Nacional,Planeación,Distrito Capital de Bogotá,Prestación de servicios,Contratación directa,False,2023-05-30,2023-06-01,2023-12-31,29694134.0,Cerrado,2023,individual_professional_ai,0.98,False,True,False,False,False,False,False,
CO1.PCCNTR.6913901,CO1.BDOS.6888104,{'url': 'https://community.secop.gov.co/Public/Tendering/OpportunityDetail/Index?noticeUID=CO1.NTC.6899452&isFromPublicArea=True&isModal=true&asPopupView=true'},901037916,ADRES,Nacional,Salud y Protección Social,Distrito Capital de Bogotá,Prestación de servicios,Contratación directa,False,2024-10-17,2024-10-18,2024-12-31,13756000.0,Cerrado,2024,individual_professional_ai,0.97,False,True,False,False,False,False,False,
CO1.PCCNTR.8235850,CO1.BDOS.8632700,{'url': 'https://community.secop.gov.co/Public/Tendering/OpportunityDetail/Index?noticeUID=CO1.NTC.8655801&isFromPublicArea=True&isModal=true&asPopupView=true'},830053630,Patrimonio Autónomo-Fondo De Seguridad Vial,Nacional,Hacienda y Crédito Público,No Definido,Decreto 092 de 2017,Contratación régimen especial,False,2025-08-27,2025-09-03,2026-09-02,107880000.0,En ejecución,2025,individual_professional_ai,0.93,False,True,False,False,False,False,False,
CO1.PCCNTR.8958093,CO1.BDOS.9577000,{'url': 'https://community.secop.gov.co/Public/Tendering/OpportunityDetail/Index?noticeUID=CO1.NTC.9591011&isFromPublicArea=True&isModal=true&asPopupView=true'},899999004,IGAC Sede Central *,Nacional,Información Estadística,Distrito Capital de Bogotá,Prestación de servicios,Contratación directa,False,2026-01-19,2026-01-26,2026-09-25,32000000.0,terminado,2026,individual_professional_ai,0.98,False,True,False,False,False,False,False,
CO1.PCCNTR.4719732,CO1.BDOS.4106216,{'url': 'https://community.secop.gov.co/Public/Tendering/OpportunityDetail/Index?noticeUID=CO1.NTC.4107082&isFromPublicArea=True&isModal=true&asPopupView=true'},899999011,DEPARTAMENTO NACIONAL DE PLANEACIÓN,Nacional,Planeación,Distrito Capital de Bogotá,Prestación de servicios,Contratación directa,False,2023-03-02,2023-03-03,2023-07-02,16808000.0,En ejecución,2023,individual_professional_ai,0.98,False,True,False,False,False,False,False,
CO1.PCCNTR.5781846,CO1.BDOS.5459209,{'url': 'https://community.secop.gov.co/Public/Tendering/OpportunityDetail/Index?noticeUID=CO1.NTC.5471769&isFromPublicArea=True&isModal=true&asPopupView=true'},901037916,ADRES,Nacional,Salud y Protección Social,Distrito Capital de Bogotá,Prestación de servicios,Contratación directa,False,2024-01-23,2024-01-26,2024-08-31,48000000.0,Cerrado,2024,individual_professional_ai,0.98,False,True,False,False,False,False,False,
CO1.PCCNTR.5180789,CO1.BDOS.4674534,{'url': 'https://community.secop.gov.co/Public/Tendering/OpportunityDetail/Index?noticeUID=CO1.NTC.4681501&isFromPublicArea=True&isModal=true&asPopupView=true'},899999011,DEPARTAMENTO NACIONAL DE PLANEACIÓN,Nacional,Planeación,Distrito Capital de Bogotá,Prestación de servicios,Contratación directa,False,2023-07-04,2023-07-05,2023-12-31,24791809.0,Cerrado,2023,individual_professional_ai,0.98,False,True,False,False,False,False,False,
CO1.PCCNTR.7542120,CO1.BDOS.7678126,{'url': 'https://community.secop.gov.co/Public/Tendering/OpportunityDetail/Index?noticeUID=CO1.NTC.7693118&isFromPublicArea=True&isModal=true&asPopupView=true'},899999004,IGAC Sede Central *,Nacional,Información Estadística,Distrito Capital de Bogotá,Prestación de servicios,Contratación directa,False,2025-02-25,2025-02-27,2025-12-31,33295500.0,Cerrado,2025,individual_professional_ai,0.98,False,True,False,False,False,False,False,
CO1.PCCNTR.6390402,CO1.BDOS.6187363,{'url': 'https://community.secop.gov.co/Public/Tendering/OpportunityDetail/Index?noticeUID=CO1.NTC.6204651&isFromPublicArea=True&isModal=true&asPopupView=true'},901037916,ADRES,Nacional,Salud y Protección Social,Distrito Capital de Bogotá,Prestación de servicios,Contratación directa,False,2024-06-06,2024-06-12,2024-10-11,21720000.0,Cerrado,2024,individual_professional_ai,0.99,False,True,False,False,False,False,False,
CO1.PCCNTR.7081215,CO1.BDOS.7104423,{'url': 'https://community.secop.gov.co/Public/Tendering/OpportunityDetail/Index?noticeUID=CO1.NTC.7120876&isFromPublicArea=True&isModal=true&asPopupView=true'},901037916,ADRES,Nacional,Salud y Protección Social,Distrito Capital de Bogotá,Prestación de servicios,Contratación directa,False,2024-11-28,2024-12-04,2024-12-31,7600000.0,Cerrado,2024,individual_professional_ai,0.98,False,True,False,False,False,False,False,
CO1.PCCNTR.4473042,CO1.BDOS.3822758,{'url': 'https://community.secop.gov.co/Public/Tendering/OpportunityDetail/Index?noticeUID=CO1.NTC.3826369&isFromPublicArea=True&isModal=true&asPopupView=true'},899999011,DEPARTAMENTO NACIONAL DE PLANEACIÓN,Nacional,Planeación,Distrito Capital de Bogotá,Prestación de servicios,Contratación directa,False,2023-01-25,2023-01-27,2023-05-26,23540000.0,Cerrado,2023,individual_professional_ai,0.97,False,True,False,False,False,False,False,
CO1.PCCNTR.5495833,CO1.BDOS.5097598,{'url': 'https://community.secop.gov.co/Public/Tendering/OpportunityDetail/Index?noticeUID=CO1.NTC.5110944&isFromPublicArea=True&isModal=true&asPopupView=true'},901158482,Unidad de Busqueda de Personas Desaparecidas,Nacional,Ley de Justicia,Distrito Capital de Bogotá,Prestación de servicios,Contratación directa,False,2023-10-30,2023-11-01,2023-12-31,18802000.0,Cerrado,2023,individual_professional_ai,0.98,False,True,False,False,False,False,False,
CO1.PCCNTR.8856629,CO1.BDOS.9462880,{'url': 'https://community.secop.gov.co/Public/Tendering/OpportunityDetail/Index?noticeUID=CO1.NTC.9481830&isFromPublicArea=True&isModal=true&asPopupView=true'},901037916,ADRES,Nacional,Salud y Protección Social,Distrito Capital de Bogotá,Prestación de servicios,Contratación directa,False,2026-01-14,2026-01-15,2026-11-14,132447000.0,Modificado,2026,individual_professional_ai,0.98,False,True,False,False,False,False,False,
CO1.PCCNTR.5020323,CO1.BDOS.4487770,{'url': 'https://community.secop.gov.co/Public/Tendering/OpportunityDetail/Index?noticeUID=CO1.NTC.4493225&isFromPublicArea=True&isModal=true&asPopupView=true'},899999011,DEPARTAMENTO NACIONAL DE PLANEACIÓN,Nacional,Planeación,Distrito Capital de Bogotá,Prestación de servicios,Contratación directa,False,2023-05-31,2023-06-01,2023-12-31,36601467.0,Cerrado,2023,individual_professional_ai,0.98,False,True,False,False,False,False,False,
CO1.PCCNTR.8774124,CO1.BDOS.9379841,{'url': 'https://community.secop.gov.co/Public/Tendering/OpportunityDetail/Index?noticeUID=CO1.NTC.9394312&isFromPublicArea=True&isModal=true&asPopupView=true'},901140004,JEP,Nacional,No aplica/No pertenece,Distrito Capital de Bogotá,Prestación de servicios,Contratación régimen especial,False,2026-01-09,2026-01-16,2026-12-31,124051287.0,Modificado,2026,individual_professional_ai,0.97,False,True,False,False,False,False,False,
CO1.PCCNTR.5854326,CO1.BDOS.5543609,{'url': 'https://community.secop.gov.co/Public/Tendering/OpportunityDetail/Index?noticeUID=CO1.NTC.5551695&isFromPublicArea=True&isModal=true&asPopupView=true'},899999011,DEPARTAMENTO NACIONAL DE PLANEACIÓN,Nacional,Planeación,Distrito Capital de Bogotá,Prestación de servicios,Contratación directa,False,2024-01-31,2024-02-01,2024-12-31,53155300.0,En ejecución,2024,individual_professional_ai,0.98,False,True,False,False,False,False,False,
CO1.PCCNTR.6875359,CO1.BDOS.6847300,{'url': 'https://community.secop.gov.co/Public/Tendering/OpportunityDetail/Index?noticeUID=CO1.NTC.6857266&isFromPublicArea=True&isModal=true&asPopupView=true'},901037916,ADRES,Nacional,Salud y Protección Social,Distrito Capital de Bogotá,Prestación de servicios,Contratación directa,False,2024-10-09,2024-10-09,2024-12-31,15023000.0,Cerrado,2024,individual_professional_ai,0.99,False,True,False,False,False,False,False,
CO1.PCCNTR.5846106,CO1.BDOS.5520729,{'url': 'https://community.secop.gov.co/Public/Tendering/OpportunityDetail/Index?noticeUID=CO1.NTC.5530300&isFromPublicArea=True&isModal=true&asPopupView=true'},901037916,ADRES,Nacional,Salud y Protección Social,Distrito Capital de Bogotá,Prestación de servicios,Contratación directa,False,2024-01-31,2024-02-01,2024-12-31,65162544.0,Cerrado,2024,individual_professional_ai,0.98,False,True,False,False,False,False,False,
CO1.PCCNTR.5841073,CO1.BDOS.5528671,{'url': 'https://community.secop.gov.co/Public/Tendering/OpportunityDetail/Index?noticeUID=CO1.NTC.5538446&isFromPublicArea=True&isModal=true&asPopupView=true'},899999011,DEPARTAMENTO NACIONAL DE PLANEACIÓN,Nacional,Planeación,Distrito Capital de Bogotá,Prestación de servicios,Contratación directa,False,2024-01-30,2024-01-31,2024-12-31,54282832.0,En ejecución,2024,individual_professional_ai,0.98,False,True,False,False,False,False,False,
CO1.PCCNTR.6390852,CO1.BDOS.6187363,{'url': 'https://community.secop.gov.co/Public/Tendering/OpportunityDetail/Index?noticeUID=CO1.NTC.6204651&isFromPublicArea=True&isModal=true&asPopupView=true'},901037916,ADRES,Nacional,Salud y Protección Social,Distrito Capital de Bogotá,Prestación de servicios,Contratación directa,False,2024-06-06,2024-06-07,2024-10-06,21720000.0,Cerrado,2024,individual_professional_ai,0.97,False,True,False,False,False,False,False,
CO1.PCCNTR.5854341,CO1.BDOS.5543452,{'url': 'https://community.secop.gov.co/Public/Tendering/OpportunityDetail/Index?noticeUID=CO1.NTC.5551578&isFromPublicArea=True&isModal=true&asPopupView=true'},899999011,DEPARTAMENTO NACIONAL DE PLANEACIÓN,Nacional,Planeación,Distrito Capital de Bogotá,Prestación de servicios,Contratación directa,False,2024-01-31,2024-02-01,2024-12-31,53155300.0,Cerrado,2024,individual_professional_ai,0.97,False,True,False,False,False,False,False,
CO1.PCCNTR.5531967,CO1.BDOS.5114436,{'url': 'https://community.secop.gov.co/Public/Tendering/OpportunityDetail/Index?noticeUID=CO1.NTC.5127877&isFromPublicArea=True&isModal=true&asPopupView=true'},901037916,ADRES,Nacional,Salud y Protección Social,Distrito Capital de Bogotá,Prestación de servicios,Contratación directa,False,2023-11-10,2023-11-14,2023-12-31,36000000.0,Cerrado,2023,individual_professional_ai,0.98,False,True,False,False,False,False,False,
CO1.PCCNTR.6870895,CO1.BDOS.6841016,{'url': 'https://community.secop.gov.co/Public/Tendering/OpportunityDetail/Index?noticeUID=CO1.NTC.6850892&isFromPublicArea=True&isModal=true&asPopupView=true'},901037916,ADRES,Nacional,Salud y Protección Social,Distrito Capital de Bogotá,Prestación de servicios,Contratación directa,False,2024-10-08,2024-10-09,2024-12-31,16290000.0,Cerrado,2024,individual_professional_ai,0.98,False,True,False,False,False,False,False,
CO1.PCCNTR.7551299,CO1.BDOS.7690843,{'url': 'https://community.secop.gov.co/Public/Tendering/OpportunityDetail/Index?noticeUID=CO1.NTC.7704960&isFromPublicArea=True&isModal=true&asPopupView=true'},900500018,ANM,Nacional,Minas y Energía,Distrito Capital de Bogotá,Prestación de servicios,Contratación directa,False,2025-02-25,2025-02-27,2025-12-31,101000000.0,terminado,2025,individual_professional_ai,0.98,False,True,False,False,False,False,False,
CO1.PCCNTR.5828297,CO1.BDOS.5516252,{'url': 'https://community.secop.gov.co/Public/Tendering/OpportunityDetail/Index?noticeUID=CO1.NTC.5525587&isFromPublicArea=True&isModal=true&asPopupView=true'},899999011,DEPARTAMENTO NACIONAL DE PLANEACIÓN,Nacional,Planeación,Distrito Capital de Bogotá,Prestación de servicios,Contratación directa,False,2024-01-29,2024-01-30,2024-12-31,72934764.0,En ejecución,2024,individual_professional_ai,0.98,False,True,False,False,False,False,False,
CO1.PCCNTR.8142442,CO1.BDOS.8497932,{'url': 'https://community.secop.gov.co/Public/Tendering/OpportunityDetail/Index?noticeUID=CO1.NTC.8520837&isFromPublicArea=True&isModal=true&asPopupView=true'},901037916,ADRES,Nacional,Salud y Protección Social,Distrito Capital de Bogotá,Prestación de servicios,Contratación directa,False,2025-07-31,2025-08-01,2025-12-31,75684000.0,Cerrado,2025,individual_professional_ai,0.99,False,True,False,False,False,False,False,
CO1.PCCNTR.6654713,CO1.BDOS.6548390,{'url': 'https://community.secop.gov.co/Public/Tendering/OpportunityDetail/Index?noticeUID=CO1.NTC.6559509&isFromPublicArea=True&isModal=true&asPopupView=true'},901037916,ADRES,Nacional,Salud y Protección Social,Distrito Capital de Bogotá,Prestación de servicios,Contratación directa,False,2024-08-16,2024-08-23,2024-12-31,54400000.0,Cerrado,2024,individual_professional_ai,0.99,False,True,False,False,False,False,False,
CO1.PCCNTR.8424053,CO1.BDOS.8881482,{'url': 'https://community.secop.gov.co/Public/Tendering/OpportunityDetail/Index?noticeUID=CO1.NTC.8907701&isFromPublicArea=True&isModal=true&asPopupView=true'},901140004,JEP,Nacional,No aplica/No pertenece,Distrito Capital de Bogotá,Prestación de servicios,Contratación régimen especial,False,2025-10-10,2025-10-16,2025-12-31,27248250.0,Modificado,2025,individual_professional_ai,0.96,False,True,False,False,False,False,False,
CO1.PCCNTR.5362510,CO1.BDOS.4921715,{'url': 'https://community.secop.gov.co/Public/Tendering/OpportunityDetail/Index?noticeUID=CO1.NTC.4930727&isFromPublicArea=True&isModal=true&asPopupView=true'},901158482,Unidad de Busqueda de Personas Desaparecidas,Nacional,Ley de Justicia,Distrito Capital de Bogotá,Prestación de servicios,Contratación directa,False,2023-09-08,2023-09-08,2023-12-31,35410433.0,Cerrado,2023,individual_professional_ai,0.98,False,True,False,False,False,False,False,
CO1.PCCNTR.7141735,CO1.BDOS.7177649,{'url': 'https://community.secop.gov.co/Public/Tendering/OpportunityDetail/Index?noticeUID=CO1.NTC.7203774&isFromPublicArea=True&isModal=true&asPopupView=true'},811000278,INSTITUCION UNIVERSITARIA DE ENVIGADO,Territorial,Educación Nacional,Antioquia,Prestación de servicios,Contratación directa,False,2024-12-13,2024-12-13,2024-12-20,18000000.0,Cerrado,2024,incidental,0.91,False,True,False,False,False,False,False,
CO1.PCCNTR.7463934,CO1.BDOS.7583339,{'url': 'https://community.secop.gov.co/Public/Tendering/OpportunityDetail/Index?noticeUID=CO1.NTC.7597719&isFromPublicArea=True&isModal=true&asPopupView=true'},901037916,ADRES,Nacional,Salud y Protección Social,Distrito Capital de Bogotá,Prestación de servicios,Contratación directa,False,2025-02-12,2025-02-13,2025-12-31,112360000.0,Cerrado,2025,individual_professional_ai,0.98,False,True,False,False,False,False,False,
CO1.PCCNTR.5111002,CO1.BDOS.4600498,{'url': 'https://community.secop.gov.co/Public/Tendering/OpportunityDetail/Index?noticeUID=CO1.NTC.4607104&isFromPublicArea=True&isModal=true&asPopupView=true'},899999011,DEPARTAMENTO NACIONAL DE PLANEACIÓN,Nacional,Planeación,Distrito Capital de Bogotá,Prestación de servicios,Contratación directa,False,2023-06-21,2023-06-23,2023-12-31,37075503.0,En ejecución,2023,individual_professional_ai,0.98,False,True,False,False,False,False,False,
CO1.PCCNTR.6618456,CO1.BDOS.6500977,{'url': 'https://community.secop.gov.co/Public/Tendering/OpportunityDetail/Index?noticeUID=CO1.NTC.6517141&isFromPublicArea=True&isModal=true&asPopupView=true'},899999027,DEPARTAMENTO ADMINISTRATIVO NACIONAL DE ESTADISTICA (DANE),Nacional,Información Estadística,Distrito Capital de Bogotá,Prestación de servicios,Contratación directa,False,2024-08-08,2024-08-09,2024-12-31,50000000.0,En ejecución,2024,individual_professional_ai,0.98,False,True,False,False,False,False,False,
CO1.PCCNTR.8992980,CO1.BDOS.9611321,{'url': 'https://community.secop.gov.co/Public/Tendering/OpportunityDetail/Index?noticeUID=CO1.NTC.9625103&isFromPublicArea=True&isModal=true&asPopupView=true'},830000602,"INSTITUTO DE HIDROLOGIA, METEOROLOGÍA Y ESTUDIOS AMBIENTALES",Nacional,Ambiente y Desarrollo Sostenible,Distrito Capital de Bogotá,Prestación de servicios,Contratación directa,False,2026-01-20,2026-01-21,2026-12-31,72919440.0,En ejecución,2026,individual_professional_ai,0.98,False,True,False,False,False,False,False,
CO1.PCCNTR.9177981,CO1.BDOS.9789626,{'url': 'https://community.secop.gov.co/Public/Tendering/OpportunityDetail/Index?noticeUID=CO1.NTC.9809093&isFromPublicArea=True&isModal=true&asPopupView=true'},901037916,ADRES,Nacional,Salud y Protección Social,Distrito Capital de Bogotá,Prestación de servicios,Contratación directa,False,2026-01-27,2026-01-28,2026-09-27,77711200.0,En ejecución,2026,individual_professional_ai,0.98,False,True,False,False,False,False,False,
CO1.PCCNTR.6675445,CO1.BDOS.6582871,{'url': 'https://community.secop.gov.co/Public/Tendering/OpportunityDetail/Index?noticeUID=CO1.NTC.6594559&isFromPublicArea=True&isModal=true&asPopupView=true'},901037916,ADRES,Nacional,Salud y Protección Social,Distrito Capital de Bogotá,Prestación de servicios,Contratación directa,False,2024-08-23,2024-08-29,2024-12-31,38700000.0,Cerrado,2024,individual_professional_ai,0.99,False,True,False,False,False,False,False,
CO1.PCCNTR.7463915,CO1.BDOS.7583339,{'url': 'https://community.secop.gov.co/Public/Tendering/OpportunityDetail/Index?noticeUID=CO1.NTC.7597719&isFromPublicArea=True&isModal=true&asPopupView=true'},901037916,ADRES,Nacional,Salud y Protección Social,Distrito Capital de Bogotá,Prestación de servicios,Contratación directa,False,2025-02-11,2025-02-12,2025-12-31,112713334.0,Cerrado,2025,individual_professional_ai,0.98,False,True,False,False,False,False,False,
CO1.PCCNTR.7307679,CO1.BDOS.7400292,{'url': 'https://community.secop.gov.co/Public/Tendering/OpportunityDetail/Index?noticeUID=CO1.NTC.7422313&isFromPublicArea=True&isModal=true&asPopupView=true'},899999011,DEPARTAMENTO NACIONAL DE PLANEACIÓN,Nacional,Planeación,Distrito Capital de Bogotá,Prestación de servicios,Contratación directa,False,2025-01-23,2025-01-24,2025-12-31,51714000.0,Modificado,2025,individual_professional_ai,0.98,False,True,False,False,False,False,False,
CO1.PCCNTR.7558186,CO1.BDOS.7699973,{'url': 'https://community.secop.gov.co/Public/Tendering/OpportunityDetail/Index?noticeUID=CO1.NTC.7714467&isFromPublicArea=True&isModal=true&asPopupView=true'},800214750,INSTITUCIÓN UNIVERSITARIA ITM,Nacional,Educación Nacional,Antioquia,Prestación de servicios,Contratación directa,False,2025-02-25,2025-02-25,2025-05-31,11400000.0,En ejecución,2025,individual_professional_ai,0.95,False,True,False,False,False,False,False,
CO1.PCCNTR.6390948,CO1.BDOS.6187363,{'url': 'https://community.secop.gov.co/Public/Tendering/OpportunityDetail/Index?noticeUID=CO1.NTC.6204651&isFromPublicArea=True&isModal=true&asPopupView=true'},901037916,ADRES,Nacional,Salud y Protección Social,Distrito Capital de Bogotá,Prestación de servicios,Contratación directa,False,2024-06-06,2024-06-07,2024-10-06,21720000.0,Cerrado,2024,individual_professional_ai,0.98,False,True,False,False,False,False,False,
CO1.PCCNTR.7423672,CO1.BDOS.7511115,{'url': 'https://community.secop.gov.co/Public/Tendering/OpportunityDetail/Index?noticeUID=CO1.NTC.7554309&isFromPublicArea=True&isModal=true&asPopupView=true'},899999011,DEPARTAMENTO NACIONAL DE PLANEACIÓN,Nacional,Planeación,Distrito Capital de Bogotá,Prestación de servicios,Contratación directa,False,2025-02-06,2025-02-10,2025-12-31,132916673.0,Modificado,2025,individual_professional_ai,0.98,False,True,False,False,False,False,False,
CO1.PCCNTR.8778725,CO1.BDOS.9385435,{'url': 'https://community.secop.gov.co/Public/Tendering/OpportunityDetail/Index?noticeUID=CO1.NTC.9400449&isFromPublicArea=True&isModal=true&asPopupView=true'},901140004,JEP,Nacional,No aplica/No pertenece,Distrito Capital de Bogotá,Prestación de servicios,Contratación régimen especial,False,2026-01-08,2026-01-14,2026-12-31,127995106.0,En ejecución,2026,individual_professional_ai,0.97,False,True,False,False,False,False,False,
CO1.PCCNTR.4493486,CO1.BDOS.3856621,{'url': 'https://community.secop.gov.co/Public/Tendering/OpportunityDetail/Index?noticeUID=CO1.NTC.3857297&isFromPublicArea=True&isModal=true&asPopupView=true'},899999011,DEPARTAMENTO NACIONAL DE PLANEACIÓN,Nacional,Planeación,Distrito Capital de Bogotá,Prestación de servicios,Contratación directa,False,2023-01-27,2023-01-30,2023-05-29,16808000.0,Cerrado,2023,individual_professional_ai,0.99,False,True,False,False,False,False,False,
CO1.PCCNTR.5828561,CO1.BDOS.5516514,{'url': 'https://community.secop.gov.co/Public/Tendering/OpportunityDetail/Index?noticeUID=CO1.NTC.5525930&isFromPublicArea=True&isModal=true&asPopupView=true'},899999011,DEPARTAMENTO NACIONAL DE PLANEACIÓN,Nacional,Planeación,Distrito Capital de Bogotá,Prestación de servicios,Contratación directa,False,2024-01-29,2024-01-30,2024-12-31,70358080.0,Cerrado,2024,individual_professional_ai,0.98,False,True,False,False,False,False,False,
CO1.PCCNTR.5520037,CO1.BDOS.5128686,{'url': 'https://community.secop.gov.co/Public/Tendering/OpportunityDetail/Index?noticeUID=CO1.NTC.5140906&isFromPublicArea=True&isModal=true&asPopupView=true'},899999027,DEPARTAMENTO ADMINISTRATIVO NACIONAL DE ESTADISTICA (DANE),Nacional,Información Estadística,Distrito Capital de Bogotá,Prestación de servicios,Contratación directa,False,2023-11-07,2023-11-10,2023-12-31,22500000.0,En ejecución,2023,individual_professional_ai,0.96,False,True,False,False,False,False,False,
CO1.PCCNTR.8853946,CO1.BDOS.9463450,{'url': 'https://community.secop.gov.co/Public/Tendering/OpportunityDetail/Index?noticeUID=CO1.NTC.9481492&isFromPublicArea=True&isModal=true&asPopupView=true'},901037916,ADRES,Nacional,Salud y Protección Social,Distrito Capital de Bogotá,Prestación de servicios,Contratación directa,False,2026-01-13,2026-01-14,2026-09-13,89040000.0,terminado,2026,individual_professional_ai,0.98,False,True,False,False,False,False,False,
CO1.PCCNTR.8866349,CO1.BDOS.9460474,{'url': 'https://community.secop.gov.co/Public/Tendering/OpportunityDetail/Index?noticeUID=CO1.NTC.9496848&isFromPublicArea=True&isModal=true&asPopupView=true'},830000602,"INSTITUTO DE HIDROLOGIA, METEOROLOGÍA Y ESTUDIOS AMBIENTALES",Nacional,Ambiente y Desarrollo Sostenible,Distrito Capital de Bogotá,Prestación de servicios,Contratación directa,False,2026-01-14,2026-01-16,2026-12-15,74095560.0,En ejecución,2026,individual_professional_ai,0.97,False,True,False,False,False,False,False,
CO1.PCCNTR.9093231,CO1.BDOS.9711119,{'url': 'https://community.secop.gov.co/Public/Tendering/OpportunityDetail/Index?noticeUID=CO1.NTC.9728176&isFromPublicArea=True&isModal=true&asPopupView=true'},901037916,ADRES,Nacional,Salud y Protección Social,Distrito Capital de Bogotá,Prestación de servicios,Contratación directa,False,2026-01-23,2026-01-25,2026-11-24,111300000.0,Modificado,2026,individual_professional_ai,0.98,False,True,False,False,False,False,False,
CO1.PCCNTR.7285073,CO1.BDOS.7365353,{'url': 'https://community.secop.gov.co/Public/Tendering/OpportunityDetail/Index?noticeUID=CO1.NTC.7395409&isFromPublicArea=True&isModal=true&asPopupView=true'},899999011,DEPARTAMENTO NACIONAL DE PLANEACIÓN,Nacional,Planeación,Distrito Capital de Bogotá,Prestación de servicios,Contratación directa,False,2025-01-20,2025-01-21,2025-12-31,125033333.0,Modificado,2025,individual_professional_ai,0.98,False,True,False,False,False,False,False,
CO1.PCCNTR.6444799,CO1.BDOS.6275431,{'url': 'https://community.secop.gov.co/Public/Tendering/OpportunityDetail/Index?noticeUID=CO1.NTC.6285223&isFromPublicArea=True&isModal=true&asPopupView=true'},900500018,ANM,Nacional,Minas y Energía,Distrito Capital de Bogotá,Prestación de servicios,Contratación directa,False,2024-06-20,2024-06-28,2024-12-31,70000000.0,terminado,2024,individual_professional_ai,0.98,False,True,False,False,False,False,False,
CO1.PCCNTR.8142273,CO1.BDOS.8493095,{'url': 'https://community.secop.gov.co/Public/Tendering/OpportunityDetail/Index?noticeUID=CO1.NTC.8520835&isFromPublicArea=True&isModal=true&asPopupView=true'},901037916,ADRES,Nacional,Salud y Protección Social,Distrito Capital de Bogotá,Prestación de servicios,Contratación directa,False,2025-07-31,2025-08-01,2025-12-31,53000000.0,Cerrado,2025,individual_professional_ai,0.99,False,True,False,False,False,False,False,
CO1.PCCNTR.8879698,CO1.BDOS.9463450,{'url': 'https://community.secop.gov.co/Public/Tendering/OpportunityDetail/Index?noticeUID=CO1.NTC.9481492&isFromPublicArea=True&isModal=true&asPopupView=true'},901037916,ADRES,Nacional,Salud y Protección Social,Distrito Capital de Bogotá,Prestación de servicios,Contratación directa,False,2026-01-15,2026-01-16,2026-09-15,89040000.0,En ejecución,2026,individual_professional_ai,0.98,False,True,False,False,False,False,False,
CO1.PCCNTR.8987921,CO1.BDOS.9604265,{'url': 'https://community.secop.gov.co/Public/Tendering/OpportunityDetail/Index?noticeUID=CO1.NTC.9619185&isFromPublicArea=True&isModal=true&asPopupView=true'},830027904,DIRECCION GENERAL MARITIMA - SUBDIRECCION ADMINISTRATIVA Y FINANCIERA - SUBAFIN,Nacional,defensa,Distrito Capital de Bogotá,Prestación de servicios,Contratación directa,False,2026-01-19,2026-01-20,2026-12-31,84909000.0,En ejecución,2026,individual_professional_ai,0.98,False,True,False,False,False,False,False,
CO1.PCCNTR.4494014,CO1.BDOS.3856670,{'url': 'https://community.secop.gov.co/Public/Tendering/OpportunityDetail/Index?noticeUID=CO1.NTC.3857849&isFromPublicArea=True&isModal=true&asPopupView=true'},899999011,DEPARTAMENTO NACIONAL DE PLANEACIÓN,Nacional,Planeación,Distrito Capital de Bogotá,Prestación de servicios,Contratación directa,False,2023-01-27,2023-01-31,2023-05-30,20816000.0,Cerrado,2023,individual_professional_ai,0.96,False,True,False,False,False,False,False,
CO1.PCCNTR.7168882,CO1.BDOS.7152788,{'url': 'https://community.secop.gov.co/Public/Tendering/OpportunityDetail/Index?noticeUID=CO1.NTC.7173426&isFromPublicArea=True&isModal=true&asPopupView=true'},802000339,CORPORACIÓN AUTÓNOMA REGIONAL DEL ATLÁNTICO,Corporación Autónoma,agricultura,Atlántico,Otro,Mínima cuantía,True,2024-12-24,2024-12-30,2024-12-31,34890000.0,En ejecución,2024,ai_product_or_platform,0.87,True,True,True,True,True,True,True,
CO1.PCCNTR.7682632,CO1.BDOS.7859106,{'url': 'https://community.secop.gov.co/Public/Tendering/OpportunityDetail/Index?noticeUID=CO1.NTC.7874453&isFromPublicArea=True&isModal=true&asPopupView=true'},800214750,INSTITUCIÓN UNIVERSITARIA ITM,Nacional,Educación Nacional,Antioquia,Prestación de servicios,Contratación directa,False,2025-03-20,2025-03-21,2025-03-31,4500000.0,En ejecución,2025,individual_professional_ai,0.98,False,True,False,False,False,False,False,
CO1.PCCNTR.8251703,CO1.BDOS.8600195,{'url': 'https://community.secop.gov.co/Public/Tendering/OpportunityDetail/Index?noticeUID=CO1.NTC.8653178&isFromPublicArea=True&isModal=true&asPopupView=true'},890480308,INSTITUCION UNIVERSITARIA BELLAS ARTES Y CIENCIAS DE BOLIVAR,Territorial,Educación Nacional,Bolívar,Otro,Contratación Directa (con ofertas),True,2025-09-01,2025-09-01,2025-11-30,300000000.0,Modificado,2025,incidental,0.96,False,True,False,False,False,False,False,
CO1.PCCNTR.8502760,CO1.BDOS.8885149,{'url': 'https://community.secop.gov.co/Public/Tendering/OpportunityDetail/Index?noticeUID=CO1.NTC.8910954&isFromPublicArea=True&isModal=true&asPopupView=true'},890985138,CORPORACION AUTONOMA REGIONAL DE LAS CUENCAS DE LOS RIOS NEGRO - NARE,Nacional,Ambiente y Desarrollo Sostenible,Antioquia,Suministros,Mínima cuantía,True,2025-10-27,2025-10-29,2026-10-29,15010000.0,En ejecución,2025,ai_product_or_platform,0.99,True,True,True,True,True,True,True,
CO1.PCCNTR.8386549,CO1.BDOS.8762567,{'url': 'https://community.secop.gov.co/Public/Tendering/OpportunityDetail/Index?noticeUID=CO1.NTC.8789442&isFromPublicArea=True&isModal=true&asPopupView=true'},890980134,INSTITUCIÓN UNIVERSITARIA COLEGIO MAYOR DE ANTIOQUIA,Territorial,Educación Nacional,Antioquia,Compraventa,Mínima cuantía,True,2025-10-03,2025-10-06,2025-11-30,21229149.0,En ejecución,2025,ai_product_or_platform,0.99,True,True,True,True,True,True,True,
CO1.PCCNTR.6363631,CO1.BDOS.6164573,{'url': 'https://community.secop.gov.co/Public/Tendering/OpportunityDetail/Index?noticeUID=CO1.NTC.6172863&isFromPublicArea=True&isModal=true&asPopupView=true'},899999059,AEROCIVIL,Nacional,Transporte,Distrito Capital de Bogotá,Prestación de servicios,Contratación directa,False,2024-05-24,2024-05-27,2024-12-31,43106667.0,En ejecución,2024,incidental,0.99,False,True,False,False,False,False,False,
CO1.PCCNTR.4782676,CO1.BDOS.4185950,{'url': 'https://community.secop.gov.co/Public/Tendering/OpportunityDetail/Index?noticeUID=CO1.NTC.4188253&isFromPublicArea=True&isModal=true&asPopupView=true'},899999004,IGAC Sede Central *,Nacional,Información Estadística,Distrito Capital de Bogotá,Prestación de servicios,Contratación directa,False,2023-03-21,2023-03-22,2023-07-21,34797520.0,Cerrado,2023,incidental,0.99,False,True,False,False,False,False,False,
CO1.PCCNTR.6018960,CO1.BDOS.5640478,{'url': 'https://community.secop.gov.co/Public/Tendering/OpportunityDetail/Index?noticeUID=CO1.NTC.5657335&isFromPublicArea=True&isModal=true&asPopupView=true'},800141379,DIRECCION DE ANTINARCOTICOS,Nacional,defensa,Distrito Capital de Bogotá,Compraventa,Mínima cuantía,True,2024-03-01,2024-03-12,2024-12-28,59899480.0,terminado,2024,incidental,0.99,False,True,False,False,False,False,False,
CO1.PCCNTR.7759377,CO1.BDOS.7938338,{'url': 'https://community.secop.gov.co/Public/Tendering/OpportunityDetail/Index?noticeUID=CO1.NTC.7969982&isFromPublicArea=True&isModal=true&asPopupView=true'},899999059,AEROCIVIL,Nacional,Transporte,Distrito Capital de Bogotá,Prestación de servicios,Contratación directa,False,2025-04-08,2025-04-10,2025-12-31,92700000.0,En ejecución,2025,incidental,0.99,False,True,False,False,False,False,False,
CO1.PCCNTR.9278847,CO1.BDOS.9890142,{'url': 'https://community.secop.gov.co/Public/Tendering/OpportunityDetail/Index?noticeUID=CO1.NTC.9911008&isFromPublicArea=True&isModal=true&asPopupView=true'},890208727,UNIDADES TECNOLOGICAS DE SANTANDER,Territorial,No aplica/No pertenece,Santander,Otro,Contratación régimen especial,True,2026-01-30,2026-02-11,2026-03-10,74618166.0,En ejecución,2026,ai_product_or_platform,0.99,True,True,True,True,True,True,True,
CO1.PCCNTR.4874561,CO1.BDOS.4258308,{'url': 'https://community.secop.gov.co/Public/Tendering/OpportunityDetail/Index?noticeUID=CO1.NTC.4296672&isFromPublicArea=True&isModal=true&asPopupView=true'},899999102,FUERZA AEROESPACIAL COLOMBIANA,Nacional,defensa,Distrito Capital de Bogotá,Prestación de servicios,Contratación directa,True,2023-04-28,2023-05-05,2023-06-30,93000000.0,En ejecución,2023,incidental,0.99,False,True,False,False,False,False,False,
CO1.PCCNTR.8728024,CO1.BDOS.9273530,{'url': 'https://community.secop.gov.co/Public/Tendering/OpportunityDetail/Index?noticeUID=CO1.NTC.9302542&isFromPublicArea=True&isModal=true&asPopupView=true'},800093816,Rama Judicial  Dirección Ejecutiva de Administración Judicial,Nacional,Ley de Justicia,Distrito Capital de Bogotá,Compraventa,Mínima cuantía,True,2025-12-26,2025-12-30,2025-12-31,27487680.0,En ejecución,2025,ai_product_or_platform,0.99,True,True,True,True,True,True,True,
CO1.PCCNTR.4933955,CO1.BDOS.4383270,{'url': 'https://community.secop.gov.co/Public/Tendering/OpportunityDetail/Index?noticeUID=CO1.NTC.4385612&isFromPublicArea=True&isModal=true&asPopupView=true'},899999059,AEROCIVIL,Nacional,Transporte,Distrito Capital de Bogotá,Prestación de servicios,Contratación directa,False,2023-05-12,2023-05-15,2023-12-31,58404380.0,En ejecución,2023,incidental,0.99,False,True,False,False,False,False,False,
CO1.PCCNTR.8184190,CO1.BDOS.8436058,{'url': 'https://community.secop.gov.co/Public/Tendering/OpportunityDetail/Index?noticeUID=CO1.NTC.8459645&isFromPublicArea=True&isModal=true&asPopupView=true'},800141379,DIRECCION DE ANTINARCOTICOS,Nacional,defensa,Distrito Capital de Bogotá,Compraventa,Mínima cuantía,True,2025-08-26,2025-08-28,2025-12-31,56456500.0,En ejecución,2025,incidental,0.99,False,True,False,False,False,False,False,
CO1.PCCNTR.7733436,CO1.BDOS.7919030,{'url': 'https://community.secop.gov.co/Public/Tendering/OpportunityDetail/Index?noticeUID=CO1.NTC.7935949&isFromPublicArea=True&isModal=true&asPopupView=true'},899999059,AEROCIVIL,Nacional,Transporte,Distrito Capital de Bogotá,Prestación de servicios,Contratación directa,False,2025-04-02,2025-04-03,2025-12-31,50400000.0,En ejecución,2025,incidental,0.99,False,True,False,False,False,False,False,
CO1.PCCNTR.4933409,CO1.BDOS.4382058,{'url': 'https://community.secop.gov.co/Public/Tendering/OpportunityDetail/Index?noticeUID=CO1.NTC.4384381&isFromPublicArea=True&isModal=true&asPopupView=true'},899999059,AEROCIVIL,Nacional,Transporte,Distrito Capital de Bogotá,Prestación de servicios,Contratación directa,False,2023-05-12,2023-05-15,2023-12-31,58404380.0,En ejecución,2023,incidental,0.99,False,True,False,False,False,False,False,
CO1.PCCNTR.7135967,CO1.BDOS.7106295,{'url': 'https://community.secop.gov.co/Public/Tendering/OpportunityDetail/Index?noticeUID=CO1.NTC.7127501&isFromPublicArea=True&isModal=true&asPopupView=true'},800093816,Rama Judicial  Dirección Ejecutiva de Administración Judicial,Nacional,Ley de Justicia,Distrito Capital de Bogotá,Compraventa,Mínima cuantía,True,2024-12-20,2024-12-24,2024-12-31,110397200.0,En ejecución,2024,ai_product_or_platform,0.99,True,True,True,True,True,True,True,
CO1.PCCNTR.9490553,CO1.BDOS.10151975,{'url': 'https://community.secop.gov.co/Public/Tendering/OpportunityDetail/Index?noticeUID=CO1.NTC.10181497&isFromPublicArea=True&isModal=true&asPopupView=true'},800141379,DIRECCION DE ANTINARCOTICOS,Nacional,defensa,Distrito Capital de Bogotá,Compraventa,Mínima cuantía,True,2026-05-13,2026-05-20,2026-07-24,59168750.0,En ejecución,2026,incidental,0.99,False,True,False,False,False,False,False,
CO1.PCCNTR.9163718,CO1.BDOS.9777330,{'url': 'https://community.secop.gov.co/Public/Tendering/OpportunityDetail/Index?noticeUID=CO1.NTC.9796021&isFromPublicArea=True&isModal=true&asPopupView=true'},899999059,AEROCIVIL,Nacional,Transporte,Distrito Capital de Bogotá,Prestación de servicios,Contratación directa,False,2026-01-28,2026-01-29,2026-12-31,65972667.0,cedido,2026,incidental,0.99,False,True,False,False,False,False,False,
CO1.PCCNTR.7142021,CO1.BDOS.6940418,{'url': 'https://community.secop.gov.co/Public/Tendering/OpportunityDetail/Index?noticeUID=CO1.NTC.7035186&isFromPublicArea=True&isModal=true&asPopupView=true'},830002593,COMISIÓN DE REGULACIÓN DE COMUNICACIONES,Nacional,Tecnologías de la Información y las Comunicaciones,Distrito Capital de Bogotá,Otro,Selección abreviada subasta inversa,True,2024-12-19,2024-12-20,2025-12-31,157000000.0,terminado,2024,ai_product_or_platform,0.99,True,True,True,True,True,True,True,
CO1.PCCNTR.7030880,CO1.BDOS.7043530,{'url': 'https://community.secop.gov.co/Public/Tendering/OpportunityDetail/Index?noticeUID=CO1.NTC.7056906&isFromPublicArea=True&isModal=true&asPopupView=true'},890208727,UNIDADES TECNOLOGICAS DE SANTANDER,Territorial,No aplica/No pertenece,Santander,Compraventa,Contratación régimen especial,True,2024-11-18,2024-11-18,2024-12-17,80843200.0,En ejecución,2024,ai_product_or_platform,0.99,True,True,True,True,True,True,True,
CO1.PCCNTR.6117476,CO1.BDOS.5857138,{'url': 'https://community.secop.gov.co/Public/Tendering/OpportunityDetail/Index?noticeUID=CO1.NTC.5864384&isFromPublicArea=True&isModal=true&asPopupView=true'},805027337,RED DE SALUD DEL ORIENTE ESE,Territorial,Salud y Protección Social,Valle del Cauca,Prestación de servicios,Contratación régimen especial,True,2024-03-19,2024-03-22,2024-04-21,20706000.0,terminado,2024,incidental,1.0,False,True,False,False,False,False,False,
CO1.PCCNTR.5239683,CO1.BDOS.4754332,{'url': 'https://community.secop.gov.co/Public/Tendering/OpportunityDetail/Index?noticeUID=CO1.NTC.4762431&isFromPublicArea=True&isModal=true&asPopupView=true'},899999004,IGAC Sede Central *,Nacional,Información Estadística,Distrito Capital de Bogotá,Prestación de servicios,Contratación directa,False,2023-07-24,2023-07-24,2024-01-22,51906301.0,Cerrado,2023,incidental,0.99,False,True,False,False,False,False,False,
CO1.PCCNTR.7161717,CO1.BDOS.6984704,{'url': 'https://community.secop.gov.co/Public/Tendering/OpportunityDetail/Index?noticeUID=CO1.NTC.7068375&isFromPublicArea=True&isModal=true&asPopupView=true'},890907106,MUNICIPIO DE ENVIGADO*,Nacional,Cultura,Antioquia,Prestación de servicios,Selección abreviada subasta inversa,True,2024-12-24,2024-12-27,2024-12-30,1309268704.0,En ejecución,2024,ai_product_or_platform,0.99,True,True,True,True,True,True,True,
CO1.PCCNTR.9985078,CO1.BDOS.10889023,{'url': 'https://community.secop.gov.co/Public/Tendering/OpportunityDetail/Index?noticeUID=CO1.NTC.10932836&isFromPublicArea=True&isModal=true&asPopupView=true'},901387801,EMPRESA DE VIVIENDA Y DESARROLLO URBANO Y RURAL DEL MUNICIPIO DE ENVIGADO,Territorial,"Vivienda, Ciudad y Territorio",Antioquia,Suministros,Contratación régimen especial,True,2026-09-24,,2026-12-31,131670000.0,Aprobado,2026,ai_product_or_platform,0.99,True,True,True,True,True,True,True,
CO1.PCCNTR.8982811,CO1.BDOS.9600423,{'url': 'https://community.secop.gov.co/Public/Tendering/OpportunityDetail/Index?noticeUID=CO1.NTC.9613619&isFromPublicArea=True&isModal=true&asPopupView=true'},899999004,IGAC Sede Central *,Nacional,Información Estadística,Distrito Capital de Bogotá,Prestación de servicios,Contratación directa,False,2026-01-19,2026-01-22,2026-10-21,78291000.0,En ejecución,2026,incidental,0.99,False,True,False,False,False,False,False,
CO1.PCCNTR.6379635,CO1.BDOS.6186577,{'url': 'https://community.secop.gov.co/Public/Tendering/OpportunityDetail/Index?noticeUID=CO1.NTC.6195159&isFromPublicArea=True&isModal=true&asPopupView=true'},899999059,AEROCIVIL,Nacional,Transporte,Distrito Capital de Bogotá,Prestación de servicios,Contratación directa,False,2024-05-30,2024-06-07,2024-12-31,43106667.0,En ejecución,2024,incidental,0.99,False,True,False,False,False,False,False,
CO1.PCCNTR.9430743,CO1.BDOS.10034380,{'url': 'https://community.secop.gov.co/Public/Tendering/OpportunityDetail/Index?noticeUID=CO1.NTC.10143796&isFromPublicArea=True&isModal=true&asPopupView=true'},890399011,SANTIAGO DE CALI DISTRITO ESPECIAL - SECRETARIA DE MOVILIDAD,Territorial,Transporte,Valle del Cauca,Prestación de servicios,Mínima cuantía,True,2026-04-06,2026-04-15,2026-12-31,69915880.0,En ejecución,2026,cloud_or_software_nonAI,0.95,True,True,False,True,False,True,False,
CO1.PCCNTR.5551757,CO1.BDOS.5169803,{'url': 'https://community.secop.gov.co/Public/Tendering/OpportunityDetail/Index?noticeUID=CO1.NTC.5180349&isFromPublicArea=True&isModal=true&asPopupView=true'},900450205,FONDO ADAPTACIÓN,Nacional,Hacienda y Crédito Público,No Definido,Prestación de servicios,Contratación directa,False,2023-11-16,2023-12-20,2024-05-19,29556360.0,terminado,2023,cloud_or_software_nonAI,0.99,True,True,False,False,False,False,False,
CO1.PCCNTR.5108243,CO1.BDOS.4594204,{'url': 'https://community.secop.gov.co/Public/Tendering/OpportunityDetail/Index?noticeUID=CO1.NTC.4604055&isFromPublicArea=True&isModal=true&asPopupView=true'},900006037,E.S.E HOSPITAL UNIVERSITARIO DE SANTANDER,Territorial,Salud y Protección Social,Santander,Decreto 092 de 2017,Contratación régimen especial,True,2023-06-23,2023-06-26,2023-09-20,65731562.0,terminado,2023,cloud_or_software_nonAI,0.98,True,True,False,True,False,True,False,
CO1.PCCNTR.6362224,CO1.BDOS.6162586,{'url': 'https://community.secop.gov.co/Public/Tendering/OpportunityDetail/Index?noticeUID=CO1.NTC.6171143&isFromPublicArea=True&isModal=true&asPopupView=true'},900450205,FONDO ADAPTACIÓN,Nacional,Hacienda y Crédito Público,No Definido,Prestación de servicios,Contratación directa,False,2024-05-23,2024-05-24,2025-03-23,53831980.0,Cerrado,2024,cloud_or_software_nonAI,0.98,True,True,False,False,False,False,False,
CO1.PCCNTR.4565058,CO1.BDOS.3919523,{'url': 'https://community.secop.gov.co/Public/Tendering/OpportunityDetail/Index?noticeUID=CO1.NTC.3933194&isFromPublicArea=True&isModal=true&asPopupView=true'},900373913,UNIDAD DE GESTION PENSIONAL Y PARAFISCALES - UGPP,Nacional,No aplica/No pertenece,Distrito Capital de Bogotá,Prestación de servicios,Contratación directa,False,2023-02-06,2023-02-07,2023-12-30,157464000.0,Cerrado,2023,cloud_or_software_nonAI,0.98,True,True,False,False,False,False,False,
CO1.PCCNTR.5221145,CO1.BDOS.4729352,{'url': 'https://community.secop.gov.co/Public/Tendering/OpportunityDetail/Index?noticeUID=CO1.NTC.4737048&isFromPublicArea=True&isModal=true&asPopupView=true'},800214750,INSTITUCIÓN UNIVERSITARIA ITM,Nacional,Educación Nacional,Antioquia,Otro,Contratación Directa (con ofertas),True,2023-07-19,2023-07-26,2023-11-30,1242972000.0,terminado,2023,incidental,0.97,False,True,False,False,False,False,False,
CO1.PCCNTR.9494118,CO1.BDOS.10133861,{'url': 'https://community.secop.gov.co/Public/Tendering/OpportunityDetail/Index?noticeUID=CO1.NTC.10162049&isFromPublicArea=True&isModal=true&asPopupView=true'},899999284,FONDO NACIONAL DEL AHORRO S.A.,Nacional,"Vivienda, Ciudad y Territorio",Distrito Capital de Bogotá,Prestación de servicios,Contratación régimen especial (con ofertas),True,2026-05-15,2026-05-21,2027-05-20,22185140000.0,En ejecución,2026,cloud_or_software_nonAI,0.99,True,True,False,True,False,True,False,
CO1.PCCNTR.8850623,CO1.BDOS.9467064,{'url': 'https://community.secop.gov.co/Public/Tendering/OpportunityDetail/Index?noticeUID=CO1.NTC.9480129&isFromPublicArea=True&isModal=true&asPopupView=true'},900492141,CENTRO NACIONAL DE MEMORIA  HISTORICA,Nacional,Cultura,Distrito Capital de Bogotá,Prestación de servicios,Contratación directa,False,2026-01-13,2026-01-15,2026-12-14,86965604.0,En ejecución,2026,cloud_or_software_nonAI,0.98,True,True,False,False,False,False,False,
CO1.PCCNTR.7769371,CO1.BDOS.7966786,{'url': 'https://community.secop.gov.co/Public/Tendering/OpportunityDetail/Index?noticeUID=CO1.NTC.7983865&isFromPublicArea=True&isModal=true&asPopupView=true'},899999035,INSTITUTO COLOMBIANO DE CREDITO EDUCATIVO Y ESTUDIO TÉCNICOS EN EL EXTERIOR MARIANO OSPINA PEREZ.,Nacional,Educación Nacional,Distrito Capital de Bogotá,Prestación de servicios,Contratación régimen especial,False,2025-04-11,2025-04-16,2025-06-30,31850000.0,En ejecución,2025,incidental,0.93,True,True,False,False,False,False,False,
CO1.PCCNTR.5350844,CO1.BDOS.4903438,{'url': 'https://community.secop.gov.co/Public/Tendering/OpportunityDetail/Index?noticeUID=CO1.NTC.4912078&isFromPublicArea=True&isModal=true&asPopupView=true'},900006037,E.S.E HOSPITAL UNIVERSITARIO DE SANTANDER,Territorial,Salud y Protección Social,Santander,Decreto 092 de 2017,Contratación régimen especial,True,2023-09-06,2023-09-11,2023-12-31,15000000.0,terminado,2023,cloud_or_software_nonAI,0.98,True,True,False,True,False,True,False,
CO1.PCCNTR.8586508,CO1.BDOS.9096430,{'url': 'https://community.secop.gov.co/Public/Tendering/OpportunityDetail/Index?noticeUID=CO1.NTC.9122419&isFromPublicArea=True&isModal=true&asPopupView=true'},899999035,INSTITUTO COLOMBIANO DE CREDITO EDUCATIVO Y ESTUDIO TÉCNICOS EN EL EXTERIOR MARIANO OSPINA PEREZ.,Nacional,Educación Nacional,Distrito Capital de Bogotá,Prestación de servicios,Contratación régimen especial,False,2025-11-13,2025-11-18,2025-12-31,16683333.0,En ejecución,2025,cloud_or_software_nonAI,0.97,True,True,False,False,False,False,False,
CO1.PCCNTR.9577604,CO1.BDOS.10299521,{'url': 'https://community.secop.gov.co/Public/Tendering/OpportunityDetail/Index?noticeUID=CO1.NTC.10340043&isFromPublicArea=True&isModal=true&asPopupView=true'},830065741,AUDITORIA GENERAL DE LA REPUBLICA,Nacional,No aplica/No pertenece,Distrito Capital de Bogotá,Suministros,Mínima cuantía,True,2026-06-19,2026-06-23,2026-12-22,25380000.0,En ejecución,2026,cloud_or_software_nonAI,0.98,True,True,False,True,False,True,False,
CO1.PCCNTR.8437338,CO1.BDOS.8900102,{'url': 'https://community.secop.gov.co/Public/Tendering/OpportunityDetail/Index?noticeUID=CO1.NTC.8924795&isFromPublicArea=True&isModal=true&asPopupView=true'},890201235,DEPARTAMENTO DE SANTANDER,Territorial,Servicio Público,Santander,Prestación de servicios,Contratación directa,True,2025-10-10,2025-10-15,2026-10-29,7626312548.79,Modificado,2025,cloud_or_software_nonAI,0.99,True,True,False,True,False,True,False,
CO1.PCCNTR.6500190,CO1.BDOS.6347114,{'url': 'https://community.secop.gov.co/Public/Tendering/OpportunityDetail/Index?noticeUID=CO1.NTC.6357177&isFromPublicArea=True&isModal=true&asPopupView=true'},900006037,E.S.E HOSPITAL UNIVERSITARIO DE SANTANDER,Territorial,Salud y Protección Social,Santander,Decreto 092 de 2017,Contratación régimen especial,True,2024-07-06,2024-07-15,2024-12-31,7092078.0,Modificado,2024,cloud_or_software_nonAI,0.99,True,True,False,True,False,True,False,
CO1.PCCNTR.8729873,CO1.BDOS.9281169,{'url': 'https://community.secop.gov.co/Public/Tendering/OpportunityDetail/Index?noticeUID=CO1.NTC.9307963&isFromPublicArea=True&isModal=true&asPopupView=true'},899999415,ALCALDIA DE SESQUILE,Territorial,Servicio Público,Cundinamarca,Prestación de servicios,Mínima cuantía,True,2025-12-24,2025-12-24,2025-12-31,34322395.0,Modificado,2025,cloud_or_software_nonAI,0.99,True,True,False,True,False,True,False,
CO1.PCCNTR.6359265,CO1.BDOS.6154581,{'url': 'https://community.secop.gov.co/Public/Tendering/OpportunityDetail/Index?noticeUID=CO1.NTC.6167356&isFromPublicArea=True&isModal=true&asPopupView=true'},901001561,"SOMOS SISTEMA OPERATIVO DE MOVILIDAD, ORIENTE SOSTENIBLE S.A.S",Territorial,Planeación,Antioquia,Decreto 092 de 2017,Contratación régimen especial,True,2024-05-23,2024-05-29,2025-01-31,474241428.0,Modificado,2024,cloud_or_software_nonAI,0.99,True,True,False,True,False,True,False,
CO1.PCCNTR.8474365,CO1.BDOS.8948378,{'url': 'https://community.secop.gov.co/Public/Tendering/OpportunityDetail/Index?noticeUID=CO1.NTC.8975327&isFromPublicArea=True&isModal=true&asPopupView=true'},899999069,INSTITUTO COLOMBIANO AGROPECUARIO - ICA,Nacional,agricultura,Distrito Capital de Bogotá,Prestación de servicios,Contratación directa,True,2025-10-22,2025-10-29,2025-12-28,11800000.0,En ejecución,2025,incidental,0.98,False,True,False,False,False,False,False,
CO1.PCCNTR.6849995,CO1.BDOS.6696436,{'url': 'https://community.secop.gov.co/Public/Tendering/OpportunityDetail/Index?noticeUID=CO1.NTC.6707551&isFromPublicArea=True&isModal=true&asPopupView=true'},900971006,SUBRED INTEGRADA DE SERVICIOS DE SALUD NORTE E.S.E. (OFICIAL),Territorial,Salud y Protección Social,Distrito Capital de Bogotá,Suministros,Contratación régimen especial (con ofertas),True,2024-10-22,2025-01-15,2026-10-14,48060960.0,En ejecución,2024,cloud_or_software_nonAI,0.99,True,True,False,True,False,True,False,
CO1.PCCNTR.9187741,CO1.BDOS.9779239,{'url': 'https://community.secop.gov.co/Public/Tendering/OpportunityDetail/Index?noticeUID=CO1.NTC.9818265&isFromPublicArea=True&isModal=true&asPopupView=true'},823000029,FONDO MUNICIPAL DE VIVIENDA DE INTERES SOCIAL Y REFORMA URBANA DE SINCELEJO,Territorial,"Vivienda, Ciudad y Territorio",Sucre,Prestación de servicios,Contratación directa,True,2026-01-27,2026-01-29,2026-11-28,22000000.0,En ejecución,2026,cloud_or_software_nonAI,0.99,True,True,False,True,False,True,False,
CO1.PCCNTR.7119131,CO1.BDOS.7117684,{'url': 'https://community.secop.gov.co/Public/Tendering/OpportunityDetail/Index?noticeUID=CO1.NTC.7137001&isFromPublicArea=True&isModal=true&asPopupView=true'},890399011,SANTIAGO DE CALI DISTRITO ESPECIAL - DEPARTAMENTO ADMINISTRATIVO DE TECNOLOGIAS DE LA INFORMACION Y LAS COMUNICACIONES,Territorial,Tecnologías de la Información y las Comunicaciones,Valle del Cauca,Otro,Contratación Directa (con ofertas),True,2024-12-10,2024-12-11,2024-12-31,999978966.0,En ejecución,2024,cloud_or_software_nonAI,0.95,True,True,False,True,False,True,False,
CO1.PCCNTR.4521922,CO1.BDOS.3884418,{'url': 'https://community.secop.gov.co/Public/Tendering/OpportunityDetail/Index?noticeUID=CO1.NTC.3886039&isFromPublicArea=True&isModal=true&asPopupView=true'},900323466,RUTA N MEDELLIN,Territorial,Ciencia Tecnología,Antioquia,Prestación de servicios,Contratación régimen especial,True,2023-02-14,2023-02-21,2023-10-31,74057850.0,terminado,2023,cloud_or_software_nonAI,0.99,True,True,False,True,False,True,False,
CO1.PCCNTR.4863585,CO1.BDOS.4289323,{'url': 'https://community.secop.gov.co/Public/Tendering/OpportunityDetail/Index?noticeUID=CO1.NTC.4293004&isFromPublicArea=True&isModal=true&asPopupView=true'},901001561,"SOMOS SISTEMA OPERATIVO DE MOVILIDAD, ORIENTE SOSTENIBLE S.A.S",Territorial,Planeación,Antioquia,Decreto 092 de 2017,Contratación régimen especial,True,2023-04-14,2023-04-17,2023-12-31,397843319.0,En ejecución,2023,cloud_or_software_nonAI,0.99,True,True,False,True,False,True,False,
CO1.PCCNTR.9256824,CO1.BDOS.9869527,{'url': 'https://community.secop.gov.co/Public/Tendering/OpportunityDetail/Index?noticeUID=CO1.NTC.9889369&isFromPublicArea=True&isModal=true&asPopupView=true'},890206110,MUNICIPIO DE LEBRIJA,Territorial,Servicio Público,Santander,Prestación de servicios,Contratación directa,True,2026-01-29,2026-01-29,2026-12-31,120000000.0,En ejecución,2026,cloud_or_software_nonAI,0.98,True,True,False,True,False,True,False,
CO1.PCCNTR.6232841,CO1.BDOS.5943297,{'url': 'https://community.secop.gov.co/Public/Tendering/OpportunityDetail/Index?noticeUID=CO1.NTC.5954440&isFromPublicArea=True&isModal=true&asPopupView=true'},890980134,INSTITUCIÓN UNIVERSITARIA COLEGIO MAYOR DE ANTIOQUIA,Territorial,Educación Nacional,Antioquia,Prestación de servicios,Mínima cuantía,True,2024-04-24,2024-05-03,2024-12-31,1701639.0,terminado,2024,cloud_or_software_nonAI,0.96,True,True,False,True,False,True,False,
CO1.PCCNTR.9726981,CO1.BDOS.10557506,{'url': 'https://community.secop.gov.co/Public/Tendering/OpportunityDetail/Index?noticeUID=CO1.NTC.10597808&isFromPublicArea=True&isModal=true&asPopupView=true'},901168222,INSTITUCIÓN UNIVERSITARIA DIGITAL DE ANTIOQUIA,Territorial,Educación Nacional,Antioquia,Prestación de servicios,Contratación directa,True,2026-08-03,2026-08-14,2027-07-30,280000000.0,En ejecución,2026,cloud_or_software_nonAI,0.99,True,True,False,True,False,True,False,
CO1.PCCNTR.7713503,CO1.BDOS.7893773,{'url': 'https://community.secop.gov.co/Public/Tendering/OpportunityDetail/Index?noticeUID=CO1.NTC.7911992&isFromPublicArea=True&isModal=true&asPopupView=true'},901127870,REGION ADMINISTRATIVA DE PLANIFICACION RAP PACIFICO,Territorial,"Vivienda, Ciudad y Territorio",Valle del Cauca,Prestación de servicios,Contratación directa,True,2025-03-29,2025-04-07,2025-12-31,66000000.0,Modificado,2025,cloud_or_software_nonAI,0.99,True,True,False,True,False,True,False,
CO1.PCCNTR.9259801,CO1.BDOS.9872433,{'url': 'https://community.secop.gov.co/Public/Tendering/OpportunityDetail/Index?noticeUID=CO1.NTC.9892306&isFromPublicArea=True&isModal=true&asPopupView=true'},901127870,REGION ADMINISTRATIVA DE PLANIFICACION RAP PACIFICO,Territorial,"Vivienda, Ciudad y Territorio",Valle del Cauca,Prestación de servicios,Contratación directa,True,2026-01-29,2026-02-04,2026-12-31,60000000.0,En ejecución,2026,cloud_or_software_nonAI,0.99,True,True,False,True,False,True,False,
CO1.PCCNTR.9377910,CO1.BDOS.10002753,{'url': 'https://community.secop.gov.co/Public/Tendering/OpportunityDetail/Index?noticeUID=CO1.NTC.10032940&isFromPublicArea=True&isModal=true&asPopupView=true'},900788066,REGION ADMINISTRATIVA Y DE PLANEACION ESPECIAL - RAPE REGION CENTRAL,Territorial,Planeación,Distrito Capital de Bogotá,Prestación de servicios,Mínima cuantía,True,2026-03-11,2026-03-11,2026-12-31,21911646.0,En ejecución,2026,cloud_or_software_nonAI,0.98,True,True,False,True,False,True,False,
CO1.PCCNTR.6232842,CO1.BDOS.5943297,{'url': 'https://community.secop.gov.co/Public/Tendering/OpportunityDetail/Index?noticeUID=CO1.NTC.5954440&isFromPublicArea=True&isModal=true&asPopupView=true'},890980134,INSTITUCIÓN UNIVERSITARIA COLEGIO MAYOR DE ANTIOQUIA,Territorial,Educación Nacional,Antioquia,Prestación de servicios,Mínima cuantía,True,2024-04-24,2024-05-03,2024-12-31,2356200.0,terminado,2024,cloud_or_software_nonAI,0.98,True,True,False,True,False,True,False,
