id_contrato,category_v1,firm,elig_core,elig_core_plus_cloud,elig_core_plus_unclear,elig_core_cloud_unclear,fecha_de_firma,orig_end_est,end_current,atrisk_term,atrisk_12m,n_mod_ids_all,n_mod_effective,n_mod_admin,n_mod_substantive,any_mod,extension,extension_mindays,ext_txt,ext_days,ext_days_total,value_add,val_txt,val_num,suspension,susp_mod,cession,early_term,any_mod_12m,extension_12m,value_add_12m,suspension_12m,n_prior_same_pair,n_later_same_pair,later_any_open,later_direct_open,later_12m,later_direct_12m,later_18m,later_direct_18m,later_direct_strict_12m,later_12m_other_process,sameday_other,atrisk_f12,atrisk_f18,pre2025
CO1.PCCNTR.7658275,individual_professional_ai,False,False,False,False,False,2025-03-20,2025-06-30,2025-06-30,True,True,2,2,2,0,False,False,False,False,False,0.0,False,False,False,False,False,False,False,False,False,False,False,,,,,,,,,,,,,,
CO1.PCCNTR.8075806,individual_professional_ai,False,False,False,False,False,2025-07-11,2025-12-20,2025-12-20,True,True,1,1,1,0,False,False,False,False,False,0.0,False,False,False,False,False,False,False,False,False,False,False,,,,,,,,,,,,,,
CO1.PCCNTR.7545378,individual_professional_ai,False,False,False,False,False,2025-02-24,2025-12-31,2025-12-31,True,True,1,0,0,0,False,False,False,False,False,0.0,False,False,False,False,False,False,False,False,False,False,False,,,,,,,,,,,,,,
CO1.PCCNTR.8173401,incidental,False,False,False,False,False,2025-08-06,2025-12-31,2025-12-31,True,True,0,0,0,0,False,False,False,False,False,0.0,False,False,False,False,False,False,False,False,False,False,False,,,,,,,,,,,,,,
CO1.PCCNTR.7651207,incidental,True,False,False,False,False,2025-03-14,2025-05-20,2025-05-20,True,True,2,1,0,1,True,False,False,False,False,0.0,False,False,False,False,False,False,False,True,False,False,False,,,,,,,,,,,,,,
CO1.PCCNTR.6942068,incidental,True,False,False,False,False,2024-10-24,2024-12-16,2024-12-16,True,True,0,0,0,0,False,False,False,False,False,0.0,False,False,False,False,False,False,False,False,False,False,False,,,,,,,,,,,,,,
CO1.PCCNTR.6667312,individual_professional_ai,False,False,False,False,False,2024-08-23,2024-12-28,2024-12-28,True,True,1,1,1,0,False,False,False,False,False,0.0,False,False,False,False,False,False,False,False,False,False,False,,,,,,,,,,,,,,
CO1.PCCNTR.5806366,individual_professional_ai,False,False,False,False,False,2024-01-24,2024-07-26,2024-07-26,True,True,1,1,1,0,False,False,False,False,False,0.0,False,False,False,False,False,False,False,False,False,False,False,,,,,,,,,,,,,,
CO1.PCCNTR.5939519,ai_product_or_platform,True,True,True,True,True,2024-02-19,2024-12-15,2024-12-15,True,True,0,0,0,0,False,False,False,False,False,0.0,False,False,False,False,False,False,False,False,False,False,False,0.0,0.0,False,False,False,False,False,False,False,False,0.0,True,True,True
CO1.PCCNTR.8773112,individual_professional_ai,False,False,False,False,False,2026-01-06,2026-12-05,2026-12-05,False,False,0,0,0,0,False,False,False,False,False,0.0,False,False,False,False,False,False,False,False,False,False,False,,,,,,,,,,,,,,
CO1.PCCNTR.8822433,individual_professional_ai,False,False,False,False,False,2026-01-13,2026-12-01,2027-01-01,False,False,1,1,0,1,True,True,True,True,True,31.0,True,True,True,False,False,False,False,True,True,True,False,,,,,,,,,,,,,,
CO1.PCCNTR.7895442,individual_professional_ai,False,False,False,False,False,2025-05-20,2025-12-31,2025-12-31,True,True,1,1,1,0,False,False,False,False,False,0.0,False,False,False,False,False,False,False,False,False,False,False,,,,,,,,,,,,,,
CO1.PCCNTR.8641233,incidental,True,False,False,False,False,2025-11-26,2026-01-01,2026-01-01,True,False,1,1,0,1,True,False,False,False,False,0.0,False,False,False,False,False,False,False,True,False,False,False,,,,,,,,,,,,,,
CO1.PCCNTR.9225537,unclear,True,False,False,True,True,2026-01-29,2026-12-31,2026-12-31,False,False,0,0,0,0,False,False,False,False,False,0.0,False,False,False,False,False,False,False,False,False,False,False,2.0,0.0,False,False,False,False,False,False,False,False,0.0,False,False,False
CO1.PCCNTR.9102999,individual_professional_ai,False,False,False,False,False,2026-01-23,2026-06-30,2026-06-30,True,False,2,2,1,1,True,False,False,False,False,0.0,False,False,False,False,False,False,False,True,False,False,False,,,,,,,,,,,,,,
CO1.PCCNTR.6917443,ai_product_or_platform,True,True,True,True,True,2024-10-21,2024-11-21,2024-12-01,True,True,2,1,1,0,False,False,False,False,False,10.0,False,False,False,False,False,False,False,False,False,False,False,0.0,0.0,False,False,False,False,False,False,False,False,0.0,True,True,True
CO1.PCCNTR.5234575,ai_product_or_platform,True,True,True,True,True,2023-07-19,2024-06-30,2024-06-30,True,True,0,0,0,0,False,False,False,False,False,0.0,False,False,False,False,False,False,False,False,False,False,False,5.0,3.0,True,True,True,True,True,True,True,True,0.0,True,True,True
CO1.PCCNTR.8923546,individual_professional_ai,False,False,False,False,False,2026-01-19,2026-09-21,2026-09-21,False,False,0,0,0,0,False,False,False,False,False,0.0,False,False,False,False,False,False,False,False,False,False,False,,,,,,,,,,,,,,
CO1.PCCNTR.8536891,ai_product_or_platform,True,True,True,True,True,2025-11-04,2026-11-09,2026-11-09,False,False,0,0,0,0,False,False,False,False,False,0.0,False,False,False,False,False,False,False,False,False,False,False,0.0,0.0,False,False,False,False,False,False,False,False,0.0,False,False,False
CO1.PCCNTR.4451275,individual_professional_ai,False,False,False,False,False,2023-01-23,2023-05-25,2023-05-25,True,True,2,2,2,0,False,False,False,False,False,0.0,False,False,False,False,False,False,False,False,False,False,False,,,,,,,,,,,,,,
CO1.PCCNTR.6069649,individual_professional_ai,False,False,False,False,False,2024-03-08,2024-06-30,2024-06-30,True,True,1,0,0,0,False,False,False,False,False,0.0,False,False,False,False,False,False,False,False,False,False,False,,,,,,,,,,,,,,
CO1.PCCNTR.4660339,individual_professional_ai,False,False,False,False,False,2023-02-21,2023-06-01,2023-07-02,True,True,2,2,0,2,True,True,True,True,True,31.0,False,False,False,False,False,False,False,True,True,False,False,,,,,,,,,,,,,,
CO1.PCCNTR.9983183,individual_professional_ai,False,False,False,False,False,2026-09-23,2026-12-31,2026-12-31,False,False,0,0,0,0,False,False,False,False,False,0.0,False,False,False,False,False,False,False,False,False,False,False,,,,,,,,,,,,,,
CO1.PCCNTR.9744588,individual_professional_ai,False,False,False,False,False,2026-08-04,2026-12-31,2026-12-31,False,False,0,0,0,0,False,False,False,False,False,0.0,False,False,False,False,False,False,False,False,False,False,False,,,,,,,,,,,,,,
CO1.PCCNTR.9100900,individual_professional_ai,False,False,False,False,False,2026-01-26,2026-11-30,2026-11-30,False,False,1,1,0,1,True,False,False,False,False,0.0,False,False,False,False,False,False,False,True,False,False,False,,,,,,,,,,,,,,
CO1.PCCNTR.8622937,ai_product_or_platform,True,True,True,True,True,2025-11-21,2028-01-01,2028-01-01,False,False,1,1,0,1,True,False,False,False,False,0.0,False,False,False,False,False,False,False,True,False,False,False,2.0,0.0,False,False,False,False,False,False,False,False,0.0,False,False,False
CO1.PCCNTR.8137168,individual_professional_ai,False,False,False,False,False,2025-08-04,2025-12-29,2025-12-29,True,True,2,2,1,1,True,False,False,False,False,0.0,False,False,False,False,False,False,False,True,False,False,False,,,,,,,,,,,,,,
CO1.PCCNTR.8832426,individual_professional_ai,False,False,False,False,False,2026-01-11,2026-10-30,2026-10-30,False,False,0,0,0,0,False,False,False,False,False,0.0,False,False,False,False,False,False,False,False,False,False,False,,,,,,,,,,,,,,
CO1.PCCNTR.9080403,individual_professional_ai,False,False,False,False,False,2026-01-23,2026-12-25,2026-12-25,False,False,0,0,0,0,False,False,False,False,False,0.0,False,False,False,False,False,False,False,False,False,False,False,,,,,,,,,,,,,,
CO1.PCCNTR.6516909,individual_professional_ai,False,False,False,False,False,2024-07-10,2024-12-31,2024-12-31,True,True,1,0,0,0,False,False,False,False,False,0.0,False,False,False,False,False,False,False,False,False,False,False,,,,,,,,,,,,,,
CO1.PCCNTR.8845028,individual_professional_ai,False,False,False,False,False,2026-01-12,2026-10-12,2026-10-14,False,False,1,1,1,0,False,False,False,False,False,2.0,False,False,False,False,False,False,False,False,False,False,False,,,,,,,,,,,,,,
CO1.PCCNTR.9220206,individual_professional_ai,False,False,False,False,False,2026-01-30,2026-10-03,2026-10-03,False,False,1,1,1,0,False,False,False,False,False,0.0,False,False,False,False,False,False,False,False,False,False,False,,,,,,,,,,,,,,
CO1.PCCNTR.7280115,individual_professional_ai,False,False,False,False,False,2025-01-21,2025-12-01,2026-01-01,True,True,1,1,0,1,True,True,True,False,True,31.0,False,False,False,False,False,False,False,True,True,False,False,,,,,,,,,,,,,,
CO1.PCCNTR.9196822,individual_professional_ai,False,False,False,False,False,2026-01-28,2026-10-12,2027-01-17,False,False,1,1,0,1,True,True,True,True,True,97.0,True,True,True,False,False,False,False,True,True,True,False,,,,,,,,,,,,,,
CO1.PCCNTR.7947861,ai_product_or_platform,True,True,True,True,True,2025-06-05,2025-08-04,2025-08-04,True,True,1,0,0,0,False,False,False,False,False,0.0,False,False,False,False,False,False,False,False,False,False,False,1.0,0.0,False,False,False,False,False,False,False,False,0.0,True,False,False
CO1.PCCNTR.7506785,individual_professional_ai,False,False,False,False,False,2025-02-17,2026-01-01,2026-01-01,True,True,1,1,1,0,False,False,False,False,False,0.0,False,False,False,False,False,False,False,False,False,False,False,,,,,,,,,,,,,,
CO1.PCCNTR.7003484,individual_professional_ai,False,False,False,False,False,2024-11-12,2024-12-31,2024-12-31,True,True,1,1,1,0,False,False,False,False,False,0.0,False,False,False,False,False,False,False,False,False,False,False,,,,,,,,,,,,,,
CO1.PCCNTR.9836137,individual_professional_ai,False,False,False,False,False,2026-08-20,2026-12-21,2026-12-21,False,False,0,0,0,0,False,False,False,False,False,0.0,False,False,False,False,False,False,False,False,False,False,False,,,,,,,,,,,,,,
CO1.PCCNTR.7767291,individual_professional_ai,False,False,False,False,False,2025-04-25,2025-12-31,2025-12-31,True,True,0,0,0,0,False,False,False,False,False,0.0,False,False,False,False,False,False,False,False,False,False,False,,,,,,,,,,,,,,
CO1.PCCNTR.6033347,individual_professional_ai,False,False,False,False,False,2024-03-05,2024-07-08,2024-07-08,True,True,1,1,1,0,False,False,False,False,False,0.0,False,False,False,False,False,False,False,False,False,False,False,,,,,,,,,,,,,,
CO1.PCCNTR.7949209,individual_professional_ai,False,False,False,False,False,2025-06-04,2025-07-01,2025-07-01,True,True,1,1,0,1,True,False,False,False,False,0.0,False,False,False,False,False,False,False,True,False,False,False,,,,,,,,,,,,,,
CO1.PCCNTR.9071596,individual_professional_ai,False,False,False,False,False,2026-01-27,2026-09-23,2026-11-28,False,False,1,1,0,1,True,True,True,True,True,66.0,True,True,True,False,False,False,False,True,True,True,False,,,,,,,,,,,,,,
CO1.PCCNTR.5421583,incidental,True,False,False,False,False,2023-09-29,2023-10-14,2023-10-14,True,True,2,1,1,0,False,False,False,False,False,0.0,False,False,False,False,False,False,False,False,False,False,False,,,,,,,,,,,,,,
CO1.PCCNTR.8689792,incidental,True,False,False,False,False,2025-12-17,2025-10-24,2026-02-27,True,False,2,2,1,1,True,True,True,True,True,126.0,False,False,False,False,False,False,False,True,True,False,False,,,,,,,,,,,,,,
CO1.PCCNTR.9896474,ai_product_or_platform,False,False,False,False,False,2026-09-03,2026-12-31,2026-12-31,False,False,0,0,0,0,False,False,False,False,False,0.0,False,False,False,False,False,False,False,False,False,False,False,,,,,,,,,,,,,,
CO1.PCCNTR.9130981,individual_professional_ai,False,False,False,False,False,2026-01-25,2026-09-25,2026-11-27,False,False,1,1,0,1,True,True,True,True,True,63.0,True,True,True,False,False,False,False,True,True,True,False,,,,,,,,,,,,,,
CO1.PCCNTR.8273228,individual_professional_ai,False,False,False,False,False,2025-09-02,2025-12-31,2025-12-31,True,True,0,0,0,0,False,False,False,False,False,0.0,False,False,False,False,False,False,False,False,False,False,False,,,,,,,,,,,,,,
CO1.PCCNTR.7529705,individual_professional_ai,False,False,False,False,False,2025-02-21,2025-12-24,2025-12-24,True,True,1,1,1,0,False,False,False,False,False,0.0,False,False,False,False,False,False,False,False,False,False,False,,,,,,,,,,,,,,
CO1.PCCNTR.6311647,individual_professional_ai,False,False,False,False,False,2024-05-09,2024-11-13,2024-11-13,True,True,0,0,0,0,False,False,False,False,False,0.0,False,False,False,False,False,False,False,False,False,False,False,,,,,,,,,,,,,,
CO1.PCCNTR.8576840,individual_professional_ai,False,False,False,False,False,2025-11-11,2025-12-12,2025-12-12,True,False,0,0,0,0,False,False,False,False,False,0.0,False,False,False,False,False,False,False,False,False,False,False,,,,,,,,,,,,,,
CO1.PCCNTR.9085807,individual_professional_ai,False,False,False,False,False,2026-01-23,2026-07-25,2026-07-25,False,False,0,0,0,0,False,False,False,False,False,0.0,False,False,False,False,False,False,False,False,False,False,False,,,,,,,,,,,,,,
CO1.PCCNTR.9917759,individual_professional_ai,False,False,False,False,False,2026-09-15,2026-12-31,2026-12-31,False,False,0,0,0,0,False,False,False,False,False,0.0,False,False,False,False,False,False,False,False,False,False,False,,,,,,,,,,,,,,
CO1.PCCNTR.6191565,individual_professional_ai,False,False,False,False,False,2024-04-11,2024-12-31,2024-12-31,True,True,0,0,0,0,False,False,False,False,False,0.0,False,False,False,False,False,False,False,False,False,False,False,,,,,,,,,,,,,,
CO1.PCCNTR.6735989,individual_professional_ai,False,False,False,False,False,2024-09-10,2025-01-01,2025-01-01,True,True,2,1,1,0,False,False,False,False,False,0.0,False,False,False,False,False,False,False,False,False,False,False,,,,,,,,,,,,,,
CO1.PCCNTR.5636263,incidental,False,False,False,False,False,2023-12-07,2023-12-30,2023-12-30,True,True,0,0,0,0,False,False,False,False,False,0.0,False,False,False,False,False,False,False,False,False,False,False,,,,,,,,,,,,,,
CO1.PCCNTR.6695054,individual_professional_ai,False,False,False,False,False,2024-08-29,2024-12-31,2024-12-31,True,True,0,0,0,0,False,False,False,False,False,0.0,False,False,False,False,False,False,False,False,False,False,False,,,,,,,,,,,,,,
CO1.PCCNTR.7903389,individual_professional_ai,False,False,False,False,False,2025-05-22,2025-12-22,2025-12-22,True,True,0,0,0,0,False,False,False,False,False,0.0,False,False,False,False,False,False,False,False,False,False,False,,,,,,,,,,,,,,
CO1.PCCNTR.8151536,individual_professional_ai,False,False,False,False,False,2025-08-01,2025-12-30,2025-12-30,True,True,1,1,0,1,True,False,False,False,False,0.0,False,False,False,False,False,False,False,True,False,False,False,,,,,,,,,,,,,,
CO1.PCCNTR.9151884,individual_professional_ai,False,False,False,False,False,2026-01-27,2026-12-31,2026-12-31,False,False,0,0,0,0,False,False,False,False,False,0.0,False,False,False,False,False,False,False,False,False,False,False,,,,,,,,,,,,,,
CO1.PCCNTR.8897515,individual_professional_ai,False,False,False,False,False,2026-01-15,2026-12-20,2026-12-20,False,False,0,0,0,0,False,False,False,False,False,0.0,False,False,False,False,False,False,False,False,False,False,False,,,,,,,,,,,,,,
CO1.PCCNTR.7138577,ai_product_or_platform,True,True,True,True,True,2024-12-18,2025-02-26,2025-02-26,True,True,0,0,0,0,False,False,False,False,False,0.0,False,False,False,False,False,False,False,False,False,False,False,1.0,1.0,True,False,False,False,True,False,False,False,0.0,True,True,True
CO1.PCCNTR.6006808,individual_professional_ai,False,False,False,False,False,2024-02-26,2024-06-26,2024-08-28,True,True,3,3,1,2,True,True,True,False,True,63.0,False,False,False,False,False,False,True,True,True,False,False,,,,,,,,,,,,,,
CO1.PCCNTR.8871316,individual_professional_ai,False,False,False,False,False,2026-01-14,2026-12-16,2026-12-16,False,False,1,1,1,0,False,False,False,False,False,0.0,False,False,False,False,False,False,True,False,False,False,False,,,,,,,,,,,,,,
CO1.PCCNTR.6461166,incidental,False,False,False,False,False,2024-07-04,2024-12-26,2024-12-26,True,True,1,1,1,0,False,False,False,False,False,0.0,False,False,False,False,False,False,False,False,False,False,False,,,,,,,,,,,,,,
CO1.PCCNTR.5467992,individual_professional_ai,False,False,False,False,False,2023-10-20,2023-12-31,2023-12-31,True,True,0,0,0,0,False,False,False,False,False,0.0,False,False,False,False,False,False,False,False,False,False,False,,,,,,,,,,,,,,
CO1.PCCNTR.8091986,ai_development_service,True,True,True,True,True,2025-07-16,2025-12-31,2025-12-31,True,True,0,0,0,0,False,False,False,False,False,0.0,False,False,False,False,False,False,False,False,False,False,False,1.0,0.0,False,False,False,False,False,False,False,False,0.0,True,False,False
CO1.PCCNTR.7032699,ai_product_or_platform,True,True,True,True,True,2024-11-20,2024-12-31,2024-12-31,True,True,0,0,0,0,False,False,False,False,False,0.0,False,False,False,False,False,False,False,False,False,False,False,0.0,0.0,False,False,False,False,False,False,False,False,0.0,True,True,True
CO1.PCCNTR.4547541,individual_professional_ai,False,False,False,False,False,2023-02-02,2024-01-07,2024-02-29,True,True,4,3,1,2,True,True,True,True,True,53.0,True,True,True,False,False,True,False,True,True,True,False,,,,,,,,,,,,,,
CO1.PCCNTR.7643034,individual_professional_ai,False,False,False,False,False,2025-03-13,2026-01-16,2026-01-16,True,True,0,0,0,0,False,False,False,False,False,0.0,False,False,False,False,False,False,False,False,False,False,False,,,,,,,,,,,,,,
CO1.PCCNTR.4582989,individual_professional_ai,False,False,False,False,False,2023-02-08,2023-10-14,2023-12-16,True,True,3,3,1,2,True,True,True,False,True,63.0,True,True,False,False,False,False,False,True,True,True,False,,,,,,,,,,,,,,
CO1.PCCNTR.8384683,individual_professional_ai,False,False,False,False,False,2025-10-10,2026-07-31,2026-07-31,False,False,0,0,0,0,False,False,False,False,False,0.0,False,False,False,False,False,False,False,False,False,False,False,,,,,,,,,,,,,,
CO1.PCCNTR.9124046,individual_professional_ai,False,False,False,False,False,2026-01-24,2026-10-01,2026-11-01,False,False,1,1,0,1,True,True,True,True,True,31.0,False,False,False,False,False,False,False,True,True,False,False,,,,,,,,,,,,,,
CO1.PCCNTR.7735147,individual_professional_ai,False,False,False,False,False,2025-04-02,2025-10-03,2025-12-31,True,True,1,1,0,1,True,True,True,True,True,89.0,True,True,False,False,False,False,False,True,True,True,False,,,,,,,,,,,,,,
CO1.PCCNTR.8185804,incidental,False,False,False,False,False,2025-08-12,2025-08-18,2025-08-18,True,True,0,0,0,0,False,False,False,False,False,0.0,False,False,False,False,False,False,False,False,False,False,False,,,,,,,,,,,,,,
CO1.PCCNTR.5894406,individual_professional_ai,False,False,False,False,False,2024-02-06,2024-08-12,2024-08-12,True,True,1,1,1,0,False,False,False,False,False,0.0,False,False,False,False,False,False,False,False,False,False,False,,,,,,,,,,,,,,
CO1.PCCNTR.8236637,incidental,True,False,False,False,False,2025-08-27,2025-12-31,2025-12-31,True,True,1,1,1,0,False,False,False,False,False,0.0,False,False,False,False,False,False,False,False,False,False,False,,,,,,,,,,,,,,
CO1.PCCNTR.8359381,individual_professional_ai,False,False,False,False,False,2025-09-23,2025-12-30,2025-12-30,True,True,2,2,1,1,True,False,False,False,False,0.0,False,False,False,False,False,False,False,True,False,False,False,,,,,,,,,,,,,,
CO1.PCCNTR.6086813,individual_professional_ai,False,False,False,False,False,2024-03-15,2024-12-20,2024-12-20,True,True,0,0,0,0,False,False,False,False,False,0.0,False,False,False,False,False,False,False,False,False,False,False,,,,,,,,,,,,,,
CO1.PCCNTR.4545322,individual_professional_ai,False,False,False,False,False,2023-02-02,2023-10-14,2023-12-16,True,True,3,3,2,1,True,False,False,False,False,63.0,True,True,False,False,False,False,False,True,False,True,False,,,,,,,,,,,,,,
CO1.PCCNTR.9616808,ai_product_or_platform,True,True,True,True,True,2026-07-06,2026-12-31,2026-12-31,False,False,0,0,0,0,False,False,False,False,False,0.0,False,False,False,False,False,False,False,False,False,False,False,1.0,0.0,False,False,False,False,False,False,False,False,0.0,False,False,False
CO1.PCCNTR.8638978,individual_professional_ai,False,False,False,False,False,2025-11-26,2025-12-03,2025-12-03,True,False,0,0,0,0,False,False,False,False,False,0.0,False,False,False,False,False,False,False,False,False,False,False,,,,,,,,,,,,,,
CO1.PCCNTR.9109162,individual_professional_ai,False,False,False,False,False,2026-01-24,2026-11-23,2026-11-23,False,False,0,0,0,0,False,False,False,False,False,0.0,False,False,False,False,False,False,False,False,False,False,False,,,,,,,,,,,,,,
CO1.PCCNTR.9608118,individual_professional_ai,False,False,False,False,False,2026-07-02,2026-12-31,2026-12-31,False,False,0,0,0,0,False,False,False,False,False,0.0,False,False,False,False,False,False,False,False,False,False,False,,,,,,,,,,,,,,
CO1.PCCNTR.7394541,individual_professional_ai,False,False,False,False,False,2025-02-04,2025-09-07,2025-12-22,True,True,2,1,0,1,True,True,True,True,True,106.0,True,True,False,False,False,False,False,True,True,True,False,,,,,,,,,,,,,,
CO1.PCCNTR.7130162,ai_product_or_platform,True,True,True,True,True,2024-12-10,2024-12-31,2024-12-31,True,True,1,0,0,0,False,False,False,False,False,0.0,False,False,False,False,False,False,False,False,False,False,False,4.0,2.0,True,False,True,False,True,False,False,True,0.0,True,True,True
CO1.PCCNTR.9119481,individual_professional_ai,False,False,False,False,False,2026-01-24,2026-12-31,2026-12-31,False,False,0,0,0,0,False,False,False,False,False,0.0,False,False,False,False,False,False,False,False,False,False,False,,,,,,,,,,,,,,
CO1.PCCNTR.8193578,individual_professional_ai,False,False,False,False,False,2025-08-13,2025-12-30,2025-12-30,True,True,2,2,1,1,True,False,False,False,False,0.0,False,False,False,False,False,False,False,True,False,False,False,,,,,,,,,,,,,,
CO1.PCCNTR.7695270,individual_professional_ai,False,False,False,False,False,2025-03-25,2025-12-31,2025-12-31,True,True,0,0,0,0,False,False,False,False,False,0.0,False,False,False,False,False,False,False,False,False,False,False,,,,,,,,,,,,,,
CO1.PCCNTR.8422441,incidental,True,False,False,False,False,2025-10-16,2025-12-17,2025-12-17,True,False,1,1,1,0,False,False,False,False,False,0.0,False,False,False,False,False,False,False,False,False,False,False,,,,,,,,,,,,,,
CO1.PCCNTR.9665639,incidental,True,False,False,False,False,2026-07-15,2026-08-16,2026-08-16,False,False,0,0,0,0,False,False,False,False,False,0.0,False,False,False,False,False,False,False,False,False,False,False,,,,,,,,,,,,,,
CO1.PCCNTR.9755620,ai_product_or_platform,True,True,True,True,True,2026-08-13,2026-12-31,2026-12-31,False,False,0,0,0,0,False,False,False,False,False,0.0,False,False,False,False,False,False,False,False,False,False,False,5.0,0.0,False,False,False,False,False,False,False,False,0.0,False,False,False
CO1.PCCNTR.7401156,individual_professional_ai,False,False,False,False,False,2025-02-06,2025-12-28,2025-12-28,True,True,2,2,2,0,False,False,False,False,False,0.0,False,False,False,False,False,False,True,False,False,False,False,,,,,,,,,,,,,,
CO1.PCCNTR.4545405,individual_professional_ai,False,False,False,False,False,2023-02-02,2023-10-14,2023-12-16,True,True,4,3,1,2,True,True,True,True,True,63.0,True,True,False,False,False,False,False,True,True,True,False,,,,,,,,,,,,,,
CO1.PCCNTR.6273672,incidental,False,False,False,False,False,2024-05-02,2024-12-31,2024-12-31,True,True,1,1,0,1,True,False,False,False,False,0.0,False,False,False,False,False,False,False,True,False,False,False,,,,,,,,,,,,,,
CO1.PCCNTR.8566210,ai_development_service,True,True,True,True,True,2025-11-18,2025-11-01,2026-05-01,True,False,2,2,0,2,True,True,True,True,True,181.0,True,True,False,False,False,False,False,True,True,True,False,2.0,0.0,False,False,False,False,False,False,False,False,0.0,False,False,False
CO1.PCCNTR.8957145,individual_professional_ai,False,False,False,False,False,2026-01-17,2026-09-19,2026-09-19,False,False,0,0,0,0,False,False,False,False,False,0.0,False,False,False,False,False,False,False,False,False,False,False,,,,,,,,,,,,,,
CO1.PCCNTR.7004996,individual_professional_ai,False,False,False,False,False,2024-11-08,2024-12-31,2024-12-31,True,True,1,1,1,0,False,False,False,False,False,0.0,False,False,False,False,False,False,False,False,False,False,False,,,,,,,,,,,,,,
CO1.PCCNTR.9187255,incidental,False,False,False,False,False,2026-01-27,2026-12-31,2026-12-31,False,False,0,0,0,0,False,False,False,False,False,0.0,False,False,False,False,False,False,False,False,False,False,False,,,,,,,,,,,,,,
CO1.PCCNTR.8406890,individual_professional_ai,False,False,False,False,False,2025-10-07,2026-01-01,2026-01-01,True,False,1,1,1,0,False,False,False,False,False,0.0,False,False,False,False,False,False,False,False,False,False,False,,,,,,,,,,,,,,
CO1.PCCNTR.9016491,individual_professional_ai,False,False,False,False,False,2026-01-22,2026-10-24,2026-10-24,False,False,0,0,0,0,False,False,False,False,False,0.0,False,False,False,False,False,False,False,False,False,False,False,,,,,,,,,,,,,,
CO1.PCCNTR.7494456,individual_professional_ai,False,False,False,False,False,2025-02-15,2026-01-01,2026-01-01,True,True,1,1,0,1,True,False,False,False,False,0.0,False,False,False,False,False,False,False,True,False,False,False,,,,,,,,,,,,,,
CO1.PCCNTR.5743200,individual_professional_ai,False,False,False,False,False,2024-01-15,2024-07-01,2024-10-01,True,True,3,2,0,2,True,True,True,True,True,92.0,True,True,False,False,False,False,False,True,True,True,False,,,,,,,,,,,,,,
CO1.PCCNTR.9704525,incidental,False,False,False,False,False,2026-07-23,2026-09-06,2026-09-06,False,False,1,1,0,1,True,False,False,False,False,0.0,False,False,False,False,False,False,False,True,False,False,False,,,,,,,,,,,,,,
CO1.PCCNTR.8913923,individual_professional_ai,False,False,False,False,False,2026-01-15,2026-12-15,2026-12-15,False,False,0,0,0,0,False,False,False,False,False,0.0,False,False,False,False,False,False,False,False,False,False,False,,,,,,,,,,,,,,
CO1.PCCNTR.9216238,cloud_or_software_nonAI,True,False,True,False,True,2026-01-28,2026-12-30,2026-12-30,False,False,0,0,0,0,False,False,False,False,False,0.0,False,False,False,False,False,False,False,False,False,False,False,1.0,0.0,False,False,False,False,False,False,False,False,0.0,False,False,False
CO1.PCCNTR.9026039,individual_professional_ai,False,False,False,False,False,2026-01-20,2026-09-21,2026-09-21,False,False,0,0,0,0,False,False,False,False,False,0.0,False,False,False,False,False,False,False,False,False,False,False,,,,,,,,,,,,,,
CO1.PCCNTR.7872345,individual_professional_ai,False,False,False,False,False,2025-05-13,2026-01-01,2026-01-01,True,True,1,1,1,0,False,False,False,False,False,0.0,False,False,False,False,False,False,False,False,False,True,False,,,,,,,,,,,,,,
CO1.PCCNTR.6070380,individual_professional_ai,False,False,False,False,False,2024-03-08,2024-06-30,2024-06-30,True,True,1,0,0,0,False,False,False,False,False,0.0,False,False,False,False,False,False,False,False,False,False,False,,,,,,,,,,,,,,
CO1.PCCNTR.8508574,incidental,True,False,False,False,False,2025-10-28,2025-12-20,2025-12-20,True,False,3,1,1,0,False,False,False,False,False,0.0,False,False,False,False,False,False,False,False,False,False,False,,,,,,,,,,,,,,
CO1.PCCNTR.6286393,ai_product_or_platform,True,True,True,True,True,2024-05-08,2025-01-01,2025-01-01,True,True,2,1,0,1,True,False,False,False,False,0.0,False,False,False,False,False,False,False,True,False,False,False,1.0,5.0,True,True,True,True,True,True,True,True,0.0,True,True,True
CO1.PCCNTR.7808423,individual_professional_ai,False,False,False,False,False,2025-04-25,2025-11-01,2025-11-01,True,True,2,2,2,0,False,False,False,False,False,0.0,False,False,False,False,False,False,False,False,False,False,False,,,,,,,,,,,,,,
CO1.PCCNTR.7178246,incidental,True,False,False,False,False,2024-12-30,2026-07-26,2026-07-26,False,True,0,0,0,0,False,False,False,False,False,0.0,False,False,False,False,False,False,False,False,False,False,False,,,,,,,,,,,,,,
CO1.PCCNTR.8404245,incidental,False,False,False,False,False,2025-10-02,2025-11-05,2025-11-05,True,False,1,1,0,1,True,False,False,False,False,0.0,True,True,False,False,False,False,False,True,False,True,False,,,,,,,,,,,,,,
CO1.PCCNTR.7971715,individual_professional_ai,False,False,False,False,False,2025-06-12,2025-07-26,2025-07-26,True,True,0,0,0,0,False,False,False,False,False,0.0,False,False,False,False,False,False,False,False,False,False,False,,,,,,,,,,,,,,
CO1.PCCNTR.7210897,individual_professional_ai,False,False,False,False,False,2025-01-13,2026-01-01,2026-01-01,True,True,2,2,1,1,True,False,False,False,False,0.0,False,False,False,False,False,False,True,True,False,False,False,,,,,,,,,,,,,,
CO1.PCCNTR.9152761,individual_professional_ai,False,False,False,False,False,2026-01-27,2027-01-16,2027-01-16,False,False,0,0,0,0,False,False,False,False,False,0.0,False,False,False,False,False,False,False,False,False,False,False,,,,,,,,,,,,,,
CO1.PCCNTR.6480657,unclear,True,False,False,True,True,2024-07-02,2024-12-31,2024-12-31,True,True,0,0,0,0,False,False,False,False,False,0.0,False,False,False,False,False,False,False,False,False,False,False,50.0,1.0,True,True,True,True,True,True,False,True,0.0,True,True,True
CO1.PCCNTR.9757599,individual_professional_ai,False,False,False,False,False,2026-08-06,2026-10-30,2026-10-30,False,False,0,0,0,0,False,False,False,False,False,0.0,False,False,False,False,False,False,False,False,False,False,False,,,,,,,,,,,,,,
CO1.PCCNTR.6281909,individual_professional_ai,False,False,False,False,False,2024-05-03,2024-12-31,2024-12-31,True,True,0,0,0,0,False,False,False,False,False,0.0,False,False,False,False,False,False,False,False,False,False,False,,,,,,,,,,,,,,
CO1.PCCNTR.7930623,incidental,False,False,False,False,False,2025-05-29,2026-01-01,2026-01-01,True,True,1,1,0,1,True,False,False,False,False,0.0,True,True,False,False,False,False,False,True,False,True,False,,,,,,,,,,,,,,
CO1.PCCNTR.7659903,individual_professional_ai,False,False,False,False,False,2025-03-17,2025-12-31,2025-12-31,True,True,1,1,1,0,False,False,False,False,False,0.0,False,False,False,False,False,False,False,False,False,False,False,,,,,,,,,,,,,,
CO1.PCCNTR.5341985,individual_professional_ai,False,False,False,False,False,2023-09-01,2024-01-01,2024-01-01,True,True,1,1,1,0,False,False,False,False,False,0.0,False,False,False,False,False,False,False,False,False,False,False,,,,,,,,,,,,,,
CO1.PCCNTR.4531267,individual_professional_ai,False,False,False,False,False,2023-02-01,2023-12-31,2023-12-31,True,True,0,0,0,0,False,False,False,False,False,0.0,False,False,False,False,False,False,False,False,False,False,False,,,,,,,,,,,,,,
CO1.PCCNTR.8206883,incidental,True,False,False,False,False,2025-08-19,2025-09-30,2026-03-31,True,True,2,2,0,2,True,True,True,True,True,182.0,True,True,False,False,False,False,False,True,True,True,False,,,,,,,,,,,,,,
CO1.PCCNTR.4545597,individual_professional_ai,False,False,False,False,False,2023-02-02,2023-10-14,2023-12-16,True,True,3,3,1,2,True,True,True,False,True,63.0,True,True,False,False,False,False,False,True,True,True,False,,,,,,,,,,,,,,
CO1.PCCNTR.6667052,individual_professional_ai,False,False,False,False,False,2024-08-21,2024-12-31,2024-12-31,True,True,0,0,0,0,False,False,False,False,False,0.0,False,False,False,False,False,False,False,False,False,False,False,,,,,,,,,,,,,,
CO1.PCCNTR.9029022,individual_professional_ai,False,False,False,False,False,2026-01-26,2026-12-31,2026-12-31,False,False,0,0,0,0,False,False,False,False,False,0.0,False,False,False,False,False,False,False,False,False,False,False,,,,,,,,,,,,,,
CO1.PCCNTR.7955021,individual_professional_ai,False,False,False,False,False,2025-06-06,2025-12-23,2025-12-23,True,True,0,0,0,0,False,False,False,False,False,0.0,False,False,False,False,False,False,False,False,False,False,False,,,,,,,,,,,,,,
CO1.PCCNTR.7430679,individual_professional_ai,False,False,False,False,False,2025-02-06,2026-01-01,2026-01-01,True,True,2,2,0,2,True,False,False,False,False,0.0,False,False,False,False,False,False,False,True,False,False,False,,,,,,,,,,,,,,
CO1.PCCNTR.4590518,individual_professional_ai,False,False,False,False,False,2023-02-09,2023-08-01,2023-11-01,True,True,3,3,1,2,True,True,True,False,True,92.0,True,True,False,False,False,False,False,True,True,True,False,,,,,,,,,,,,,,
CO1.PCCNTR.6644403,individual_professional_ai,False,False,False,False,False,2024-08-15,2024-12-31,2024-12-31,True,True,2,2,2,0,False,False,False,False,False,0.0,False,False,False,False,False,False,False,False,False,False,False,,,,,,,,,,,,,,
CO1.PCCNTR.8979541,individual_professional_ai,False,False,False,False,False,2026-01-19,2026-12-31,2026-12-31,False,False,0,0,0,0,False,False,False,False,False,0.0,False,False,False,False,False,False,False,False,False,False,False,,,,,,,,,,,,,,
CO1.PCCNTR.7930515,incidental,False,False,False,False,False,2025-05-29,2025-12-31,2025-12-31,True,True,0,0,0,0,False,False,False,False,False,0.0,False,False,False,False,False,False,False,False,False,False,False,,,,,,,,,,,,,,
CO1.PCCNTR.8768727,individual_professional_ai,False,False,False,False,False,2026-01-07,2026-12-31,2026-12-31,False,False,0,0,0,0,False,False,False,False,False,0.0,False,False,False,False,False,False,False,False,False,False,False,,,,,,,,,,,,,,
CO1.PCCNTR.9723598,ai_development_service,True,True,True,True,True,2026-07-28,2026-08-15,2026-08-15,False,False,0,0,0,0,False,False,False,False,False,0.0,False,False,False,False,False,False,False,False,False,False,False,3.0,0.0,False,False,False,False,False,False,False,False,0.0,False,False,False
CO1.PCCNTR.8480533,individual_professional_ai,False,False,False,False,False,2025-10-22,2025-12-29,2025-12-29,True,False,0,0,0,0,False,False,False,False,False,0.0,False,False,False,False,False,False,False,False,False,False,False,,,,,,,,,,,,,,
CO1.PCCNTR.7521551,individual_professional_ai,False,False,False,False,False,2025-02-19,2025-12-20,2026-01-01,True,True,2,2,1,1,True,True,True,False,True,12.0,False,False,False,False,False,False,False,True,True,False,False,,,,,,,,,,,,,,
CO1.PCCNTR.8359429,individual_professional_ai,False,False,False,False,False,2025-09-29,2026-10-06,2026-10-06,False,True,2,2,2,0,False,False,False,False,False,0.0,False,False,False,False,False,False,False,False,False,False,False,,,,,,,,,,,,,,
CO1.PCCNTR.5392501,individual_professional_ai,False,False,False,False,False,2023-09-19,2023-12-17,2023-12-17,True,True,1,1,1,0,False,False,False,False,False,0.0,False,False,False,False,False,False,False,False,False,False,False,,,,,,,,,,,,,,
CO1.PCCNTR.7812435,ai_development_service,True,True,True,True,True,2025-04-25,2025-05-01,2025-08-29,True,True,4,4,0,4,True,True,False,False,True,120.0,False,False,False,True,True,False,False,True,True,False,True,5.0,1.0,True,False,True,False,True,False,False,True,0.0,True,False,False
CO1.PCCNTR.7448843,individual_professional_ai,False,False,False,False,False,2025-02-12,2025-08-13,2025-08-13,True,True,1,1,1,0,False,False,False,False,False,0.0,False,False,False,False,False,False,False,False,False,False,False,,,,,,,,,,,,,,
CO1.PCCNTR.9697003,individual_professional_ai,False,False,False,False,False,2026-07-27,2027-01-01,2027-01-01,False,False,1,1,1,0,False,False,False,False,False,0.0,False,False,False,False,False,False,True,False,False,False,False,,,,,,,,,,,,,,
CO1.PCCNTR.8391615,incidental,True,False,False,False,False,2025-10-02,2025-11-10,2025-11-10,True,False,0,0,0,0,False,False,False,False,False,0.0,False,False,False,False,False,False,False,False,False,False,False,,,,,,,,,,,,,,
CO1.PCCNTR.7485482,individual_professional_ai,False,False,False,False,False,2025-02-14,2026-01-01,2026-01-01,True,True,2,2,2,0,False,False,False,False,False,0.0,False,False,False,False,False,False,False,False,False,False,False,,,,,,,,,,,,,,
CO1.PCCNTR.7648664,individual_professional_ai,False,False,False,False,False,2025-03-14,2025-12-26,2025-12-26,True,True,0,0,0,0,False,False,False,False,False,0.0,False,False,False,False,False,False,False,False,False,False,False,,,,,,,,,,,,,,
CO1.PCCNTR.8527079,individual_professional_ai,False,False,False,False,False,2025-10-31,2026-01-01,2026-01-01,True,False,1,1,1,0,False,False,False,False,False,0.0,False,False,False,False,False,False,False,False,False,False,False,,,,,,,,,,,,,,
CO1.PCCNTR.9243079,individual_professional_ai,False,False,False,False,False,2026-01-29,2026-06-29,2026-07-29,True,False,1,1,0,1,True,True,True,False,True,30.0,True,False,True,False,False,False,False,True,True,True,False,,,,,,,,,,,,,,
CO1.PCCNTR.6637405,ai_development_service,True,True,True,True,True,2024-08-14,2024-12-31,2024-12-31,True,True,0,0,0,0,False,False,False,False,False,0.0,False,False,False,False,False,False,False,False,False,False,False,20.0,19.0,True,True,True,True,True,True,True,True,0.0,True,True,True
CO1.PCCNTR.6947155,ai_product_or_platform,True,True,True,True,True,2024-11-05,2024-12-15,2024-12-15,True,True,0,0,0,0,False,False,False,False,False,0.0,False,False,False,False,False,False,False,False,False,False,False,63.0,6.0,True,False,True,False,True,False,False,True,0.0,True,True,True
CO1.PCCNTR.5833210,individual_professional_ai,False,False,False,False,False,2024-01-29,2025-01-01,2025-01-01,True,True,1,1,1,0,False,False,False,False,False,0.0,False,False,False,False,False,False,False,False,False,False,False,,,,,,,,,,,,,,
CO1.PCCNTR.9260816,individual_professional_ai,False,False,False,False,False,2026-01-29,2026-11-30,2026-11-30,False,False,0,0,0,0,False,False,False,False,False,0.0,False,False,False,False,False,False,False,False,False,False,False,,,,,,,,,,,,,,
CO1.PCCNTR.9049531,individual_professional_ai,False,False,False,False,False,2026-01-26,2027-01-01,2027-01-01,False,False,1,1,1,0,False,False,False,False,False,0.0,False,False,False,False,False,False,True,False,False,False,False,,,,,,,,,,,,,,
CO1.PCCNTR.9273374,individual_professional_ai,False,False,False,False,False,2026-01-30,2026-12-30,2026-12-30,False,False,0,0,0,0,False,False,False,False,False,0.0,False,False,False,False,False,False,False,False,False,False,False,,,,,,,,,,,,,,
CO1.PCCNTR.7863437,individual_professional_ai,False,False,False,False,False,2025-05-12,2025-07-31,2025-07-31,True,True,0,0,0,0,False,False,False,False,False,0.0,False,False,False,False,False,False,False,False,False,False,False,,,,,,,,,,,,,,
CO1.PCCNTR.7975042,individual_professional_ai,False,False,False,False,False,2025-06-13,2025-12-28,2025-12-28,True,True,1,1,1,0,False,False,False,False,False,0.0,False,False,False,False,False,False,False,False,False,False,False,,,,,,,,,,,,,,
CO1.PCCNTR.6341923,individual_professional_ai,False,False,False,False,False,2024-05-17,2024-11-21,2024-11-21,True,True,0,0,0,0,False,False,False,False,False,0.0,False,False,False,False,False,False,False,False,False,False,False,,,,,,,,,,,,,,
CO1.PCCNTR.9130290,individual_professional_ai,False,False,False,False,False,2026-01-27,2026-07-01,2026-07-01,True,False,2,2,1,1,True,False,False,False,False,0.0,False,False,False,False,False,False,False,True,False,False,False,,,,,,,,,,,,,,
CO1.PCCNTR.8575857,ai_development_service,True,True,True,True,True,2025-11-14,2026-07-01,2026-07-01,True,False,1,1,0,1,True,False,False,False,False,0.0,False,False,False,False,False,False,False,True,False,False,False,10.0,0.0,False,False,False,False,False,False,False,False,0.0,False,False,False
CO1.PCCNTR.6458948,individual_professional_ai,False,False,False,False,False,2024-06-24,2024-12-14,2024-12-14,True,True,1,1,0,1,True,False,False,False,False,0.0,False,False,False,False,False,False,False,True,False,False,False,,,,,,,,,,,,,,
CO1.PCCNTR.7210763,individual_professional_ai,False,False,False,False,False,2025-01-09,2025-11-05,2025-11-05,True,True,1,1,0,1,True,False,False,False,False,0.0,False,False,False,False,False,False,False,True,False,False,False,,,,,,,,,,,,,,
CO1.PCCNTR.9052807,individual_professional_ai,False,False,False,False,False,2026-01-23,2027-01-01,2027-01-01,False,False,1,1,0,1,True,False,False,False,False,0.0,False,False,False,False,False,False,False,True,False,False,False,,,,,,,,,,,,,,
CO1.PCCNTR.8575948,incidental,True,False,False,False,False,2025-11-11,2025-11-27,2025-11-27,True,False,0,0,0,0,False,False,False,False,False,0.0,False,False,False,False,False,False,False,False,False,False,False,,,,,,,,,,,,,,
CO1.PCCNTR.9046333,individual_professional_ai,False,False,False,False,False,2026-01-22,2026-12-24,2026-12-24,False,False,0,0,0,0,False,False,False,False,False,0.0,False,False,False,False,False,False,False,False,False,False,False,,,,,,,,,,,,,,
CO1.PCCNTR.7393067,individual_professional_ai,False,False,False,False,False,2025-02-06,2025-12-01,2026-01-01,True,True,1,1,0,1,True,True,True,True,True,31.0,True,True,False,False,False,False,False,True,True,True,False,,,,,,,,,,,,,,
CO1.PCCNTR.8156456,incidental,True,False,False,False,False,2025-08-01,2025-08-06,2025-08-06,True,True,2,1,1,0,False,False,False,False,False,0.0,False,False,False,False,False,False,False,False,False,False,False,,,,,,,,,,,,,,
CO1.PCCNTR.8245346,ai_product_or_platform,True,True,True,True,True,2025-08-28,2025-12-01,2025-12-01,True,True,0,0,0,0,False,False,False,False,False,0.0,False,False,False,False,False,False,False,False,False,False,False,0.0,0.0,False,False,False,False,False,False,False,False,0.0,True,False,False
CO1.PCCNTR.7696376,individual_professional_ai,False,False,False,False,False,2025-03-25,2025-12-25,2025-12-25,True,True,1,1,0,1,True,False,False,False,False,0.0,False,False,False,False,False,False,False,True,False,False,False,,,,,,,,,,,,,,
CO1.PCCNTR.7971456,individual_professional_ai,False,False,False,False,False,2025-06-12,2025-07-26,2025-07-26,True,True,0,0,0,0,False,False,False,False,False,0.0,False,False,False,False,False,False,False,False,False,False,False,,,,,,,,,,,,,,
CO1.PCCNTR.8123901,ai_development_service,True,True,True,True,True,2025-07-25,2026-01-01,2026-01-01,True,True,3,1,1,0,False,False,False,False,False,0.0,False,False,False,False,False,False,False,False,False,False,False,2.0,0.0,False,False,False,False,False,False,False,False,0.0,True,False,False
CO1.PCCNTR.7661509,individual_professional_ai,False,False,False,False,False,2025-03-17,2025-08-02,2026-01-01,True,True,4,3,1,2,True,True,True,True,True,152.0,True,True,True,False,False,False,False,True,True,True,False,,,,,,,,,,,,,,
CO1.PCCNTR.7395510,ai_development_service,True,True,True,True,True,2025-02-04,2026-01-01,2026-01-01,True,True,4,3,1,2,True,False,False,False,False,0.0,True,True,True,False,False,False,False,True,False,True,False,7.0,1.0,True,False,True,False,True,False,False,True,0.0,True,True,False
CO1.PCCNTR.8621492,incidental,False,False,False,False,False,2025-11-24,2025-12-08,2025-12-08,True,False,1,1,1,0,False,False,False,False,False,0.0,False,False,False,False,False,False,False,False,False,False,False,,,,,,,,,,,,,,
CO1.PCCNTR.7940330,individual_professional_ai,False,False,False,False,False,2025-06-02,2025-12-31,2025-12-31,True,True,1,1,0,1,True,False,False,False,False,0.0,False,False,False,False,False,False,False,True,False,False,False,,,,,,,,,,,,,,
CO1.PCCNTR.5255881,incidental,False,False,False,False,False,2023-08-10,2023-12-27,2023-12-27,True,True,0,0,0,0,False,False,False,False,False,0.0,False,False,False,False,False,False,False,False,False,False,False,,,,,,,,,,,,,,
CO1.PCCNTR.9703630,individual_professional_ai,False,False,False,False,False,2026-07-23,2026-12-30,2026-12-30,False,False,1,1,0,1,True,False,False,False,False,0.0,False,False,False,False,False,False,False,True,False,False,False,,,,,,,,,,,,,,
CO1.PCCNTR.5970022,individual_professional_ai,False,False,False,False,False,2024-02-21,2024-06-24,2024-06-24,True,True,1,1,1,0,False,False,False,False,False,0.0,False,False,False,False,False,False,False,False,False,False,False,,,,,,,,,,,,,,
CO1.PCCNTR.9135002,individual_professional_ai,False,False,False,False,False,2026-01-27,2026-07-01,2026-07-01,True,False,3,3,1,2,True,False,False,False,False,0.0,False,False,False,False,False,True,False,True,False,False,False,,,,,,,,,,,,,,
CO1.PCCNTR.8832281,individual_professional_ai,False,False,False,False,False,2026-01-12,2026-12-31,2026-12-31,False,False,0,0,0,0,False,False,False,False,False,0.0,False,False,False,False,False,False,False,False,False,False,False,,,,,,,,,,,,,,
CO1.PCCNTR.7879145,individual_professional_ai,False,False,False,False,False,2025-05-15,2025-12-03,2025-12-03,True,True,1,0,0,0,False,False,False,False,False,0.0,False,False,False,False,False,False,False,False,False,False,False,,,,,,,,,,,,,,
CO1.PCCNTR.5976714,individual_professional_ai,False,False,False,False,False,2024-02-21,2024-06-24,2024-06-24,True,True,1,1,1,0,False,False,False,False,False,0.0,False,False,False,False,False,False,False,False,False,False,False,,,,,,,,,,,,,,
CO1.PCCNTR.9214975,individual_professional_ai,False,False,False,False,False,2026-01-28,2027-12-31,2027-12-31,False,False,0,0,0,0,False,False,False,False,False,0.0,False,False,False,False,False,False,False,False,False,False,False,,,,,,,,,,,,,,
CO1.PCCNTR.8056806,incidental,True,False,False,False,False,2025-07-09,2025-10-16,2025-10-16,True,True,0,0,0,0,False,False,False,False,False,0.0,False,False,False,False,False,False,False,False,False,False,False,,,,,,,,,,,,,,
CO1.PCCNTR.4583896,individual_professional_ai,False,False,False,False,False,2023-02-23,2024-02-01,2024-02-01,True,True,2,2,1,1,True,False,False,False,False,0.0,True,True,False,False,False,False,False,True,False,True,False,,,,,,,,,,,,,,
CO1.PCCNTR.6778979,individual_professional_ai,False,False,False,False,False,2024-09-17,2024-12-31,2024-12-31,True,True,2,2,2,0,False,False,False,False,False,0.0,False,False,False,False,False,False,False,False,False,False,False,,,,,,,,,,,,,,
CO1.PCCNTR.9186505,individual_professional_ai,False,False,False,False,False,2026-01-27,2026-11-27,2026-11-27,False,False,0,0,0,0,False,False,False,False,False,0.0,False,False,False,False,False,False,False,False,False,False,False,,,,,,,,,,,,,,
CO1.PCCNTR.9144437,incidental,False,False,False,False,False,2026-01-26,2026-03-24,2026-04-19,True,False,1,1,0,1,True,True,True,True,True,26.0,True,True,True,False,False,False,False,True,True,True,False,,,,,,,,,,,,,,
CO1.PCCNTR.8984599,individual_professional_ai,False,False,False,False,False,2026-01-19,2026-12-29,2026-12-29,False,False,0,0,0,0,False,False,False,False,False,0.0,False,False,False,False,False,False,False,False,False,False,False,,,,,,,,,,,,,,
CO1.PCCNTR.7572361,ai_development_service,True,True,True,True,True,2025-02-28,2025-09-05,2025-11-05,True,True,2,2,1,1,True,True,True,False,True,61.0,True,True,False,False,False,False,False,True,True,True,False,2.0,2.0,True,True,True,True,True,True,True,True,0.0,True,True,False
CO1.PCCNTR.9032220,individual_professional_ai,False,False,False,False,False,2026-01-21,2026-12-21,2026-12-21,False,False,0,0,0,0,False,False,False,False,False,0.0,False,False,False,False,False,False,False,False,False,False,False,,,,,,,,,,,,,,
CO1.PCCNTR.8671126,individual_professional_ai,False,False,False,False,False,2025-12-04,2025-12-30,2025-12-30,True,False,0,0,0,0,False,False,False,False,False,0.0,False,False,False,False,False,False,False,False,False,False,False,,,,,,,,,,,,,,
CO1.PCCNTR.8724668,incidental,True,False,False,False,False,2025-12-24,2026-04-22,2026-05-25,True,False,2,1,0,1,True,True,True,True,True,33.0,False,False,False,False,False,False,False,True,True,False,False,,,,,,,,,,,,,,
CO1.PCCNTR.8454529,ai_product_or_platform,True,True,True,True,True,2025-10-15,2025-12-31,2025-12-31,True,False,0,0,0,0,False,False,False,False,False,0.0,False,False,False,False,False,False,False,False,False,False,False,0.0,1.0,True,True,True,True,True,True,True,True,0.0,False,False,False
CO1.PCCNTR.8615556,unclear,True,False,False,True,True,2025-11-21,2025-12-30,2026-03-31,True,False,2,2,0,2,True,True,True,False,True,91.0,False,False,False,False,False,False,False,True,True,False,False,0.0,0.0,False,False,False,False,False,False,False,False,0.0,False,False,False
CO1.PCCNTR.9091461,incidental,False,False,False,False,False,2026-01-24,2026-12-15,2026-12-15,False,False,0,0,0,0,False,False,False,False,False,0.0,False,False,False,False,False,False,False,False,False,False,False,,,,,,,,,,,,,,
CO1.PCCNTR.8565417,incidental,True,False,False,False,False,2025-11-07,2027-11-07,2027-11-07,False,False,0,0,0,0,False,False,False,False,False,0.0,False,False,False,False,False,False,False,False,False,False,False,,,,,,,,,,,,,,
CO1.PCCNTR.7014387,individual_professional_ai,False,False,False,False,False,2024-11-12,2024-12-30,2024-12-30,True,True,0,0,0,0,False,False,False,False,False,0.0,False,False,False,False,False,False,False,False,False,False,False,,,,,,,,,,,,,,
CO1.PCCNTR.5682755,unclear,True,False,False,False,False,2023-12-21,2028-12-21,2028-12-21,False,True,1,1,0,1,True,False,False,False,False,0.0,False,False,False,False,False,False,False,False,False,False,False,0.0,0.0,False,False,False,False,False,False,False,False,0.0,True,True,True
CO1.PCCNTR.9504610,incidental,True,False,False,False,False,2026-05-13,2026-06-15,2026-06-15,True,False,0,0,0,0,False,False,False,False,False,0.0,False,False,False,False,False,False,False,False,False,False,False,,,,,,,,,,,,,,
CO1.PCCNTR.8140184,incidental,True,False,False,False,False,2025-08-04,2025-12-31,2025-12-31,True,True,0,0,0,0,False,False,False,False,False,0.0,False,False,False,False,False,False,False,False,False,False,False,,,,,,,,,,,,,,
CO1.PCCNTR.8414297,ai_development_service,True,True,True,True,True,2025-10-03,2025-12-31,2025-12-31,True,False,0,0,0,0,False,False,False,False,False,0.0,False,False,False,False,False,False,False,False,False,False,False,1.0,0.0,False,False,False,False,False,False,False,False,0.0,False,False,False
CO1.PCCNTR.7413452,individual_professional_ai,False,False,False,False,False,2025-02-05,2025-12-31,2025-12-31,True,True,1,0,0,0,False,False,False,False,False,0.0,False,False,False,False,False,False,False,False,False,False,False,,,,,,,,,,,,,,
CO1.PCCNTR.7882961,individual_professional_ai,False,False,False,False,False,2025-05-15,2025-12-15,2025-12-15,True,True,1,1,0,1,True,False,False,False,False,0.0,False,False,False,False,False,False,False,True,False,False,False,,,,,,,,,,,,,,
CO1.PCCNTR.8819082,individual_professional_ai,False,False,False,False,False,2026-01-13,2026-12-12,2026-12-12,False,False,0,0,0,0,False,False,False,False,False,0.0,False,False,False,False,False,False,False,False,False,False,False,,,,,,,,,,,,,,
CO1.PCCNTR.8541554,individual_professional_ai,False,False,False,False,False,2025-11-06,2025-12-17,2025-12-17,True,False,1,1,1,0,False,False,False,False,False,0.0,False,False,False,False,False,False,False,False,False,False,False,,,,,,,,,,,,,,
CO1.PCCNTR.9251070,incidental,True,False,False,False,False,2026-01-29,2026-02-28,2026-02-28,True,False,0,0,0,0,False,False,False,False,False,0.0,False,False,False,False,False,False,False,False,False,False,False,,,,,,,,,,,,,,
CO1.PCCNTR.7775189,individual_professional_ai,False,False,False,False,False,2025-04-24,2026-01-01,2026-01-01,True,True,2,2,0,2,True,False,False,False,False,0.0,False,False,False,False,False,False,False,True,False,False,False,,,,,,,,,,,,,,
CO1.PCCNTR.7347135,unclear,True,False,False,False,False,2025-01-29,2026-12-31,2026-12-31,False,True,0,0,0,0,False,False,False,False,False,0.0,False,False,False,False,False,False,False,False,False,False,False,5.0,0.0,False,False,False,False,False,False,False,False,0.0,True,True,False
CO1.PCCNTR.6283175,incidental,True,False,False,False,False,2024-05-03,2024-11-11,2025-07-21,True,True,4,4,1,3,True,True,True,True,True,252.0,False,False,False,False,False,False,False,True,True,False,False,,,,,,,,,,,,,,
CO1.PCCNTR.8907672,individual_professional_ai,False,False,False,False,False,2026-01-23,2026-12-31,2026-12-31,False,False,0,0,0,0,False,False,False,False,False,0.0,False,False,False,False,False,False,False,False,False,False,False,,,,,,,,,,,,,,
CO1.PCCNTR.8702447,incidental,True,False,False,False,False,2025-12-22,2026-08-01,2026-12-01,False,False,3,1,0,1,True,True,True,True,True,122.0,True,True,True,False,False,False,False,True,True,True,False,,,,,,,,,,,,,,
CO1.PCCNTR.8773597,individual_professional_ai,False,False,False,False,False,2026-01-08,2026-12-08,2026-12-13,False,False,1,1,0,1,True,False,False,False,False,5.0,False,False,False,False,False,False,False,True,False,False,False,,,,,,,,,,,,,,
CO1.PCCNTR.7630510,individual_professional_ai,False,False,False,False,False,2025-03-10,2025-03-14,2025-03-14,True,True,0,0,0,0,False,False,False,False,False,0.0,False,False,False,False,False,False,False,False,False,False,False,,,,,,,,,,,,,,
CO1.PCCNTR.8990703,incidental,False,False,False,False,False,2026-01-20,2026-08-20,2026-08-20,False,False,1,1,1,0,False,False,False,False,False,0.0,False,False,False,False,False,False,False,False,False,False,False,,,,,,,,,,,,,,
CO1.PCCNTR.9230130,individual_professional_ai,False,False,False,False,False,2026-01-29,2026-12-15,2026-12-15,False,False,0,0,0,0,False,False,False,False,False,0.0,False,False,False,False,False,False,False,False,False,False,False,,,,,,,,,,,,,,
CO1.PCCNTR.7114609,ai_product_or_platform,True,True,True,True,True,2024-12-09,2024-12-31,2024-12-31,True,True,0,0,0,0,False,False,False,False,False,0.0,False,False,False,False,False,False,False,False,False,False,False,0.0,1.0,True,False,False,False,True,False,False,False,0.0,True,True,True
CO1.PCCNTR.9870542,individual_professional_ai,False,False,False,False,False,2026-08-28,2026-12-25,2026-12-25,False,False,0,0,0,0,False,False,False,False,False,0.0,False,False,False,False,False,False,False,False,False,False,False,,,,,,,,,,,,,,
CO1.PCCNTR.8681262,ai_product_or_platform,True,True,True,True,True,2025-12-11,2025-12-31,2025-12-31,True,False,0,0,0,0,False,False,False,False,False,0.0,False,False,False,False,False,False,False,False,False,False,False,9.0,1.0,True,False,True,False,True,False,False,True,0.0,False,False,False
CO1.PCCNTR.6378272,incidental,True,False,False,False,False,2024-05-29,2024-10-31,2024-12-31,True,True,2,2,0,2,True,True,True,True,True,61.0,False,False,False,False,False,False,False,True,True,False,False,,,,,,,,,,,,,,
CO1.PCCNTR.5696648,ai_development_service,False,False,False,False,False,2023-12-28,2025-06-01,2025-12-22,True,True,4,3,0,3,True,True,True,True,True,204.0,False,False,False,False,False,False,False,False,False,False,False,,,,,,,,,,,,,,
CO1.PCCNTR.9946053,individual_professional_ai,False,False,False,False,False,2026-09-15,2026-12-23,2026-12-23,False,False,0,0,0,0,False,False,False,False,False,0.0,False,False,False,False,False,False,False,False,False,False,False,,,,,,,,,,,,,,
CO1.PCCNTR.9535041,unclear,True,False,False,False,False,2026-05-26,2028-05-28,2028-05-28,False,False,0,0,0,0,False,False,False,False,False,0.0,False,False,False,False,False,False,False,False,False,False,False,0.0,0.0,False,False,False,False,False,False,False,False,0.0,False,False,False
CO1.PCCNTR.9176949,individual_professional_ai,False,False,False,False,False,2026-01-27,2026-09-30,2026-09-30,False,False,0,0,0,0,False,False,False,False,False,0.0,False,False,False,False,False,False,False,False,False,False,False,,,,,,,,,,,,,,
CO1.PCCNTR.7707194,ai_product_or_platform,True,True,True,True,True,2025-03-31,2025-12-16,2026-03-01,True,True,3,2,0,2,True,True,True,True,True,75.0,True,True,False,False,False,False,False,True,True,True,False,5.0,0.0,False,False,False,False,False,False,False,False,0.0,True,True,False
CO1.PCCNTR.9016589,individual_professional_ai,False,False,False,False,False,2026-01-22,2026-10-21,2026-10-22,False,False,1,1,0,1,True,False,False,False,False,1.0,False,False,False,False,False,True,False,True,False,False,False,,,,,,,,,,,,,,
CO1.PCCNTR.9087262,individual_professional_ai,False,False,False,False,False,2026-01-23,2026-05-27,2026-07-27,True,False,1,1,0,1,True,True,True,True,True,61.0,True,True,True,False,False,False,False,True,True,True,False,,,,,,,,,,,,,,
CO1.PCCNTR.6228133,individual_professional_ai,False,False,False,False,False,2024-04-22,2024-12-30,2024-12-30,True,True,0,0,0,0,False,False,False,False,False,0.0,False,False,False,False,False,False,False,False,False,False,False,,,,,,,,,,,,,,
CO1.PCCNTR.4543768,individual_professional_ai,False,False,False,False,False,2023-02-02,2023-10-14,2023-12-16,True,True,3,3,1,2,True,True,True,True,True,63.0,True,True,False,False,False,False,False,True,True,True,False,,,,,,,,,,,,,,
CO1.PCCNTR.8465858,incidental,False,False,False,False,False,2025-10-17,2025-12-31,2025-12-31,True,False,0,0,0,0,False,False,False,False,False,0.0,False,False,False,False,False,False,False,False,False,False,False,,,,,,,,,,,,,,
CO1.PCCNTR.8302786,individual_professional_ai,False,False,False,False,False,2025-09-15,2026-01-01,2026-01-01,True,True,2,2,1,1,True,False,False,False,False,0.0,False,False,False,False,False,False,False,True,False,False,False,,,,,,,,,,,,,,
CO1.PCCNTR.9108802,individual_professional_ai,False,False,False,False,False,2026-01-26,2026-06-18,2026-06-30,True,False,2,2,1,1,True,False,False,False,False,12.0,False,False,False,False,False,False,False,True,False,False,False,,,,,,,,,,,,,,
CO1.PCCNTR.9240663,individual_professional_ai,False,False,False,False,False,2026-01-31,2026-10-02,2026-10-02,False,False,0,0,0,0,False,False,False,False,False,0.0,False,False,False,False,False,False,False,False,False,False,False,,,,,,,,,,,,,,
CO1.PCCNTR.6919282,individual_professional_ai,False,False,False,False,False,2024-10-30,2024-12-27,2024-12-27,True,True,1,1,1,0,False,False,False,False,False,0.0,False,False,False,False,False,False,False,False,False,False,False,,,,,,,,,,,,,,
CO1.PCCNTR.9699858,individual_professional_ai,False,False,False,False,False,2026-07-23,2026-11-16,2026-11-16,False,False,1,1,0,1,True,False,False,False,False,0.0,True,True,True,False,False,False,False,True,False,True,False,,,,,,,,,,,,,,
CO1.PCCNTR.7489409,individual_professional_ai,False,False,False,False,False,2025-02-14,2026-01-01,2026-01-01,True,True,1,1,1,0,False,False,False,False,False,0.0,False,False,False,False,False,False,False,False,False,False,False,,,,,,,,,,,,,,
CO1.PCCNTR.5000097,individual_professional_ai,False,False,False,False,False,2023-05-25,2023-10-01,2023-10-01,True,True,2,2,2,0,False,False,False,False,False,0.0,False,False,False,False,False,False,False,False,False,False,False,,,,,,,,,,,,,,
CO1.PCCNTR.5926003,individual_professional_ai,False,False,False,False,False,2024-02-16,2024-06-20,2024-06-20,True,True,1,1,1,0,False,False,False,False,False,0.0,False,False,False,False,False,False,False,False,False,False,False,,,,,,,,,,,,,,
CO1.PCCNTR.7418902,individual_professional_ai,False,False,False,False,False,2025-02-06,2025-12-10,2026-01-01,True,True,1,1,0,1,True,True,True,True,True,22.0,True,True,False,False,False,False,False,True,True,True,False,,,,,,,,,,,,,,
CO1.PCCNTR.8112072,incidental,True,False,False,False,False,2025-07-23,2025-12-04,2025-12-04,True,True,0,0,0,0,False,False,False,False,False,0.0,False,False,False,False,False,False,False,False,False,False,False,,,,,,,,,,,,,,
CO1.PCCNTR.4551611,individual_professional_ai,False,False,False,False,False,2023-02-03,2023-08-31,2023-12-16,True,True,3,3,1,2,True,True,True,False,True,107.0,True,True,False,False,False,False,False,True,True,True,False,,,,,,,,,,,,,,
CO1.PCCNTR.9091381,individual_professional_ai,False,False,False,False,False,2026-01-23,2026-12-01,2026-12-01,False,False,0,0,0,0,False,False,False,False,False,0.0,False,False,False,False,False,False,False,False,False,False,False,,,,,,,,,,,,,,
CO1.PCCNTR.6355977,incidental,False,False,False,False,False,2024-05-23,2024-09-25,2024-09-25,True,True,1,1,1,0,False,False,False,False,False,0.0,False,False,False,False,False,False,False,False,False,False,False,,,,,,,,,,,,,,
CO1.PCCNTR.7932333,incidental,False,False,False,False,False,2025-05-29,2025-12-31,2025-12-31,True,True,0,0,0,0,False,False,False,False,False,0.0,False,False,False,False,False,False,False,False,False,False,False,,,,,,,,,,,,,,
CO1.PCCNTR.9070746,ai_product_or_platform,True,True,True,True,True,2026-02-04,2026-06-01,2026-08-01,True,False,1,1,0,1,True,True,True,True,True,61.0,True,True,True,False,False,False,False,True,True,True,False,4.0,1.0,True,False,True,False,True,False,False,True,0.0,False,False,False
CO1.PCCNTR.7903391,individual_professional_ai,False,False,False,False,False,2025-05-22,2025-12-02,2025-12-02,True,True,1,0,0,0,False,False,False,False,False,0.0,False,False,False,False,False,False,False,False,False,False,False,,,,,,,,,,,,,,
CO1.PCCNTR.7773802,individual_professional_ai,False,False,False,False,False,2025-04-17,2025-12-10,2025-12-10,True,True,2,2,1,1,True,False,False,False,False,0.0,True,True,False,False,False,False,False,True,False,True,False,,,,,,,,,,,,,,
CO1.PCCNTR.9107730,individual_professional_ai,False,False,False,False,False,2026-01-27,2026-07-01,2026-07-01,True,False,2,2,1,1,True,False,False,False,False,0.0,False,False,False,False,False,False,False,True,False,False,False,,,,,,,,,,,,,,
CO1.PCCNTR.7371390,individual_professional_ai,False,False,False,False,False,2025-01-31,2025-10-01,2025-12-16,True,True,2,2,1,1,True,True,True,True,True,76.0,True,True,False,False,False,False,False,True,True,True,False,,,,,,,,,,,,,,
CO1.PCCNTR.6381551,individual_professional_ai,False,False,False,False,False,2024-05-29,2024-12-31,2024-12-31,True,True,0,0,0,0,False,False,False,False,False,0.0,False,False,False,False,False,False,False,False,False,False,False,,,,,,,,,,,,,,
CO1.PCCNTR.4543727,incidental,False,False,False,False,False,2023-02-02,2023-10-14,2023-12-16,True,True,3,3,1,2,True,True,True,False,True,63.0,True,True,False,False,False,False,False,True,True,True,False,,,,,,,,,,,,,,
CO1.PCCNTR.9188541,individual_professional_ai,False,False,False,False,False,2026-01-28,2026-10-12,2027-01-17,False,False,2,1,0,1,True,True,True,True,True,97.0,True,True,True,False,False,False,False,True,True,True,False,,,,,,,,,,,,,,
CO1.PCCNTR.9053622,incidental,False,False,False,False,False,2026-01-22,2026-03-20,2026-04-18,True,False,1,1,0,1,True,True,True,True,True,29.0,True,True,True,False,False,False,False,True,True,True,False,,,,,,,,,,,,,,
CO1.PCCNTR.7967784,individual_professional_ai,False,False,False,False,False,2025-06-13,2025-12-20,2025-12-20,True,True,1,1,1,0,False,False,False,False,False,0.0,False,False,False,False,False,False,False,False,False,False,False,,,,,,,,,,,,,,
CO1.PCCNTR.5132999,individual_professional_ai,False,False,False,False,False,2023-06-26,2024-03-03,2024-04-18,True,True,2,2,1,1,True,True,True,False,True,46.0,False,False,False,False,False,False,False,True,True,False,False,,,,,,,,,,,,,,
CO1.PCCNTR.4802200,individual_professional_ai,False,False,False,False,False,2023-03-24,2023-12-30,2023-12-30,True,True,1,1,1,0,False,False,False,False,False,0.0,False,False,False,False,False,False,False,False,False,False,False,,,,,,,,,,,,,,
CO1.PCCNTR.7646327,individual_professional_ai,False,False,False,False,False,2025-03-13,2025-11-19,2025-11-19,True,True,3,2,2,0,False,False,False,False,False,0.0,False,False,False,False,False,False,False,False,False,False,False,,,,,,,,,,,,,,
CO1.PCCNTR.8889267,individual_professional_ai,False,False,False,False,False,2026-01-15,2026-09-14,2026-11-16,False,False,2,2,1,1,True,True,True,True,True,63.0,True,True,True,False,False,False,False,True,True,True,False,,,,,,,,,,,,,,
CO1.PCCNTR.7926227,individual_professional_ai,False,False,False,False,False,2025-05-28,2025-06-23,2025-09-13,True,True,5,4,0,4,True,True,True,True,True,82.0,False,False,False,True,True,False,False,True,True,False,True,,,,,,,,,,,,,,
CO1.PCCNTR.7760241,individual_professional_ai,False,False,False,False,False,2025-04-11,2025-10-20,2026-10-21,True,True,2,2,0,2,True,True,True,True,True,366.0,True,True,True,False,False,False,False,False,False,False,False,,,,,,,,,,,,,,
CO1.PCCNTR.9290540,individual_professional_ai,False,False,False,False,False,2026-01-30,2026-12-31,2026-12-31,False,False,0,0,0,0,False,False,False,False,False,0.0,False,False,False,False,False,False,False,False,False,False,False,,,,,,,,,,,,,,
CO1.PCCNTR.5019197,ai_product_or_platform,False,False,False,False,False,2023-06-02,2023-11-07,2023-11-07,True,True,0,0,0,0,False,False,False,False,False,0.0,False,False,False,False,False,False,False,False,False,False,False,,,,,,,,,,,,,,
CO1.PCCNTR.7077052,incidental,False,False,False,False,False,2024-11-27,2024-12-26,2024-12-26,True,True,0,0,0,0,False,False,False,False,False,0.0,False,False,False,False,False,False,False,False,False,False,False,,,,,,,,,,,,,,
CO1.PCCNTR.7731435,incidental,True,False,False,False,False,2025-05-19,2026-03-23,2026-04-23,True,True,1,1,0,1,True,True,True,True,True,31.0,False,False,False,False,False,False,False,True,True,False,False,,,,,,,,,,,,,,
CO1.PCCNTR.9074372,individual_professional_ai,False,False,False,False,False,2026-01-23,2026-03-20,2026-03-20,True,False,0,0,0,0,False,False,False,False,False,0.0,False,False,False,False,False,False,False,False,False,False,False,,,,,,,,,,,,,,
CO1.PCCNTR.8871174,individual_professional_ai,False,False,False,False,False,2026-01-14,2026-08-14,2026-08-15,False,False,1,1,1,0,False,False,False,False,False,1.0,False,False,False,False,False,False,False,False,False,False,False,,,,,,,,,,,,,,
CO1.PCCNTR.5604804,incidental,True,False,False,False,False,2023-12-04,2023-12-29,2023-12-29,True,True,0,0,0,0,False,False,False,False,False,0.0,False,False,False,False,False,False,False,False,False,False,False,,,,,,,,,,,,,,
CO1.PCCNTR.6649510,ai_development_service,True,True,True,True,True,2024-08-15,2025-01-01,2025-01-01,True,True,1,1,0,1,True,False,False,False,False,0.0,False,False,False,False,False,False,False,True,False,False,False,6.0,0.0,False,False,False,False,False,False,False,False,0.0,True,True,True
CO1.PCCNTR.9308837,incidental,False,False,False,False,False,2026-01-30,2030-12-31,2030-12-31,False,False,0,0,0,0,False,False,False,False,False,0.0,False,False,False,False,False,False,False,False,False,False,False,,,,,,,,,,,,,,
CO1.PCCNTR.8929081,individual_professional_ai,False,False,False,False,False,2026-01-16,2026-12-31,2026-12-31,False,False,0,0,0,0,False,False,False,False,False,0.0,False,False,False,False,False,False,False,False,False,False,False,,,,,,,,,,,,,,
CO1.PCCNTR.8700273,ai_product_or_platform,True,True,True,True,True,2025-12-12,2025-12-31,2025-12-31,True,False,2,1,1,0,False,False,False,False,False,0.0,False,False,False,False,False,False,False,False,False,False,False,1.0,0.0,False,False,False,False,False,False,False,False,0.0,False,False,False
CO1.PCCNTR.9471115,incidental,True,False,False,False,False,2026-04-28,2026-07-31,2026-07-31,False,False,0,0,0,0,False,False,False,False,False,0.0,False,False,False,False,False,False,False,False,False,False,False,,,,,,,,,,,,,,
CO1.PCCNTR.6070243,individual_professional_ai,False,False,False,False,False,2024-03-08,2024-06-30,2024-06-30,True,True,1,0,0,0,False,False,False,False,False,0.0,False,False,False,False,False,False,False,False,False,False,False,,,,,,,,,,,,,,
CO1.PCCNTR.8994214,individual_professional_ai,False,False,False,False,False,2026-01-20,2026-07-19,2026-07-19,False,False,0,0,0,0,False,False,False,False,False,0.0,False,False,False,False,False,False,False,False,False,False,False,,,,,,,,,,,,,,
CO1.PCCNTR.9250357,individual_professional_ai,False,False,False,False,False,2026-01-29,2026-12-31,2026-12-31,False,False,1,1,0,1,True,False,False,False,False,0.0,False,False,False,False,False,False,False,True,False,False,False,,,,,,,,,,,,,,
CO1.PCCNTR.8833112,individual_professional_ai,False,False,False,False,False,2026-01-13,2026-09-18,2026-09-18,False,False,0,0,0,0,False,False,False,False,False,0.0,False,False,False,False,False,False,False,False,False,False,False,,,,,,,,,,,,,,
CO1.PCCNTR.8822057,individual_professional_ai,False,False,False,False,False,2026-01-10,2026-11-18,2026-11-18,False,False,0,0,0,0,False,False,False,False,False,0.0,False,False,False,False,False,False,False,False,False,False,False,,,,,,,,,,,,,,
CO1.PCCNTR.8161130,individual_professional_ai,False,False,False,False,False,2025-08-05,2026-03-10,2026-06-26,True,True,1,1,0,1,True,True,True,True,True,108.0,True,True,True,False,False,False,False,True,True,True,False,,,,,,,,,,,,,,
CO1.PCCNTR.8982725,incidental,True,False,False,False,False,2026-01-23,2026-10-31,2026-10-31,False,False,0,0,0,0,False,False,False,False,False,0.0,False,False,False,False,False,False,False,False,False,False,False,,,,,,,,,,,,,,
CO1.PCCNTR.7530589,individual_professional_ai,False,False,False,False,False,2025-02-25,2025-12-03,2025-12-31,True,True,3,2,0,2,True,True,True,True,True,28.0,True,True,True,False,False,True,False,True,True,True,False,,,,,,,,,,,,,,
CO1.PCCNTR.9142622,individual_professional_ai,False,False,False,False,False,2026-01-26,2026-11-04,2027-01-16,False,False,1,1,0,1,True,True,True,True,True,73.0,True,True,True,False,False,False,False,True,True,True,False,,,,,,,,,,,,,,
CO1.PCCNTR.8206299,incidental,True,False,False,False,False,2025-08-15,2025-09-20,2025-09-20,True,True,0,0,0,0,False,False,False,False,False,0.0,False,False,False,False,False,False,False,False,False,False,False,,,,,,,,,,,,,,
CO1.PCCNTR.8360525,individual_professional_ai,False,False,False,False,False,2025-09-24,2025-11-05,2025-11-05,True,True,0,0,0,0,False,False,False,False,False,0.0,False,False,False,False,False,False,False,False,False,False,False,,,,,,,,,,,,,,
CO1.PCCNTR.6595926,individual_professional_ai,False,False,False,False,False,2024-08-01,2024-12-31,2024-12-31,True,True,0,0,0,0,False,False,False,False,False,0.0,False,False,False,False,False,False,False,False,False,False,False,,,,,,,,,,,,,,
CO1.PCCNTR.7633052,individual_professional_ai,False,False,False,False,False,2025-03-11,2026-01-01,2026-01-01,True,True,1,1,1,0,False,False,False,False,False,0.0,False,False,False,False,False,False,False,False,False,False,False,,,,,,,,,,,,,,
CO1.PCCNTR.8194212,individual_professional_ai,False,False,False,False,False,2025-08-14,2025-12-18,2025-12-18,True,True,1,1,1,0,False,False,False,False,False,0.0,False,False,False,False,False,False,False,False,False,False,False,,,,,,,,,,,,,,
CO1.PCCNTR.8243230,individual_professional_ai,False,False,False,False,False,2025-08-27,2026-01-01,2026-01-01,True,True,1,1,1,0,False,False,False,False,False,0.0,False,False,False,False,False,False,False,False,False,False,False,,,,,,,,,,,,,,
CO1.PCCNTR.6478554,individual_professional_ai,False,False,False,False,False,2024-06-28,2024-12-31,2024-12-31,True,True,1,0,0,0,False,False,False,False,False,0.0,False,False,False,False,False,False,False,False,False,False,False,,,,,,,,,,,,,,
CO1.PCCNTR.8963816,individual_professional_ai,False,False,False,False,False,2026-01-22,2026-08-20,2026-10-25,False,False,1,1,0,1,True,True,True,True,True,66.0,True,True,True,False,False,False,False,True,True,True,False,,,,,,,,,,,,,,
CO1.PCCNTR.8571431,individual_professional_ai,False,False,False,False,False,2025-11-12,2025-12-31,2025-12-31,True,False,2,2,2,0,False,False,False,False,False,0.0,False,False,False,False,False,False,True,False,False,False,False,,,,,,,,,,,,,,
CO1.PCCNTR.7775407,individual_professional_ai,False,False,False,False,False,2025-04-11,2025-12-26,2025-12-26,True,True,1,1,1,0,False,False,False,False,False,0.0,False,False,False,False,False,False,False,False,False,False,False,,,,,,,,,,,,,,
CO1.PCCNTR.9976427,individual_professional_ai,False,False,False,False,False,2026-09-22,2026-11-12,2026-11-12,False,False,0,0,0,0,False,False,False,False,False,0.0,False,False,False,False,False,False,False,False,False,False,False,,,,,,,,,,,,,,
CO1.PCCNTR.9037541,individual_professional_ai,False,False,False,False,False,2026-01-22,2026-12-25,2026-12-25,False,False,0,0,0,0,False,False,False,False,False,0.0,False,False,False,False,False,False,False,False,False,False,False,,,,,,,,,,,,,,
CO1.PCCNTR.5144893,individual_professional_ai,False,False,False,False,False,2023-06-28,2023-12-31,2023-12-31,True,True,0,0,0,0,False,False,False,False,False,0.0,False,False,False,False,False,False,False,False,False,False,False,,,,,,,,,,,,,,
CO1.PCCNTR.8101930,individual_professional_ai,False,False,False,False,False,2025-07-18,2025-10-20,2025-10-20,True,True,0,0,0,0,False,False,False,False,False,0.0,False,False,False,False,False,False,False,False,False,False,False,,,,,,,,,,,,,,
CO1.PCCNTR.9538630,ai_product_or_platform,True,True,True,True,True,2026-06-01,2026-07-04,2026-07-04,False,False,1,0,0,0,False,False,False,False,False,0.0,False,False,False,False,False,False,False,False,False,False,False,0.0,0.0,False,False,False,False,False,False,False,False,0.0,False,False,False
CO1.PCCNTR.9800846,incidental,False,False,False,False,False,2026-08-13,2026-09-04,2026-09-04,False,False,0,0,0,0,False,False,False,False,False,0.0,False,False,False,False,False,False,False,False,False,False,False,,,,,,,,,,,,,,
CO1.PCCNTR.8443063,ai_development_service,True,True,True,True,True,2025-11-05,2025-12-23,2025-12-23,True,False,1,1,1,0,False,False,False,False,False,0.0,False,False,False,False,False,False,False,False,False,False,False,0.0,0.0,False,False,False,False,False,False,False,False,0.0,False,False,False
CO1.PCCNTR.7254573,individual_professional_ai,False,False,False,False,False,2025-01-20,2025-12-01,2025-12-01,True,True,4,3,0,3,True,False,False,False,False,0.0,False,False,False,True,True,False,False,True,False,False,True,,,,,,,,,,,,,,
CO1.PCCNTR.8852159,individual_professional_ai,False,False,False,False,False,2026-01-13,2026-12-16,2026-12-16,False,False,0,0,0,0,False,False,False,False,False,0.0,False,False,False,False,False,False,False,False,False,False,False,,,,,,,,,,,,,,
CO1.PCCNTR.6407699,ai_product_or_platform,True,True,True,True,True,2024-06-12,2025-06-11,2025-06-11,True,True,0,0,0,0,False,False,False,False,False,0.0,False,False,False,False,False,False,False,False,False,False,False,0.0,0.0,False,False,False,False,False,False,False,False,0.0,True,True,True
CO1.PCCNTR.8633245,incidental,True,False,False,False,False,2025-11-25,2025-12-15,2025-12-15,True,False,0,0,0,0,False,False,False,False,False,0.0,False,False,False,False,False,False,False,False,False,False,False,,,,,,,,,,,,,,
CO1.PCCNTR.7955350,incidental,True,False,False,False,False,2025-06-09,2025-09-11,2025-09-11,True,True,2,2,2,0,False,False,False,False,False,0.0,False,False,False,False,False,False,False,False,False,False,False,,,,,,,,,,,,,,
CO1.PCCNTR.9684266,individual_professional_ai,False,False,False,False,False,2026-07-22,2026-08-27,2026-08-27,False,False,0,0,0,0,False,False,False,False,False,0.0,False,False,False,False,False,False,False,False,False,False,False,,,,,,,,,,,,,,
CO1.PCCNTR.8076043,incidental,False,False,False,False,False,2025-07-11,2025-12-31,2025-12-31,True,True,0,0,0,0,False,False,False,False,False,0.0,False,False,False,False,False,False,False,False,False,False,False,,,,,,,,,,,,,,
CO1.PCCNTR.6671303,individual_professional_ai,False,False,False,False,False,2024-08-29,2025-03-02,2025-03-02,True,True,0,0,0,0,False,False,False,False,False,0.0,False,False,False,False,False,False,False,False,False,False,False,,,,,,,,,,,,,,
CO1.PCCNTR.8621989,unclear,True,False,False,True,True,2025-11-25,2025-12-31,2025-12-31,True,False,0,0,0,0,False,False,False,False,False,0.0,False,False,False,False,False,False,False,False,False,False,False,4.0,0.0,False,False,False,False,False,False,False,False,0.0,False,False,False
CO1.PCCNTR.8972074,individual_professional_ai,False,False,False,False,False,2026-01-20,2026-09-21,2026-09-21,False,False,1,1,0,1,True,False,False,False,False,0.0,False,False,False,False,False,False,False,True,False,False,False,,,,,,,,,,,,,,
CO1.PCCNTR.7849862,incidental,True,False,False,False,False,2025-05-06,2025-09-07,2025-09-07,True,True,2,2,2,0,False,False,False,False,False,0.0,False,False,False,False,False,False,False,False,False,False,False,,,,,,,,,,,,,,
CO1.PCCNTR.6105425,individual_professional_ai,False,False,False,False,False,2024-03-18,2024-07-18,2024-07-18,True,True,1,1,1,0,False,False,False,False,False,0.0,False,False,False,False,False,False,False,False,False,False,False,,,,,,,,,,,,,,
CO1.PCCNTR.6597069,individual_professional_ai,False,False,False,False,False,2024-08-01,2024-12-31,2024-12-31,True,True,0,0,0,0,False,False,False,False,False,0.0,False,False,False,False,False,False,False,False,False,False,False,,,,,,,,,,,,,,
CO1.PCCNTR.6794533,unclear,False,False,False,False,False,2024-09-20,2024-12-13,2024-12-13,True,True,0,0,0,0,False,False,False,False,False,0.0,False,False,False,False,False,False,False,False,False,False,False,,,,,,,,,,,,,,
CO1.PCCNTR.9087943,ai_development_service,True,True,True,True,True,2026-01-24,2026-06-30,2026-06-30,True,False,0,0,0,0,False,False,False,False,False,0.0,False,False,False,False,False,False,False,False,False,False,False,0.0,1.0,True,False,True,False,True,False,False,True,0.0,False,False,False
CO1.PCCNTR.7143560,ai_development_service,True,True,True,True,True,2024-12-16,2026-06-19,2027-05-20,True,True,2,1,0,1,True,True,True,False,True,335.0,False,False,False,False,False,False,False,False,False,False,False,7.0,0.0,False,False,False,False,False,False,False,False,0.0,True,True,True
CO1.PCCNTR.8276062,incidental,False,False,False,False,False,2025-09-04,2025-12-16,2025-12-16,True,True,1,1,0,1,True,False,False,False,False,0.0,False,False,False,False,False,False,False,True,False,False,False,,,,,,,,,,,,,,
CO1.PCCNTR.4618848,individual_professional_ai,False,False,False,False,False,2023-02-14,2023-06-14,2023-06-14,True,True,0,0,0,0,False,False,False,False,False,0.0,False,False,False,False,False,False,False,False,False,False,False,,,,,,,,,,,,,,
CO1.PCCNTR.8798684,individual_professional_ai,False,False,False,False,False,2026-01-09,2027-01-01,2027-01-01,False,False,1,1,0,1,True,False,False,False,False,0.0,False,False,False,False,False,False,False,True,False,False,False,,,,,,,,,,,,,,
CO1.PCCNTR.5999380,individual_professional_ai,False,False,False,False,False,2024-02-23,2024-12-31,2024-12-31,True,True,0,0,0,0,False,False,False,False,False,0.0,False,False,False,False,False,False,False,False,False,False,False,,,,,,,,,,,,,,
CO1.PCCNTR.8634425,individual_professional_ai,False,False,False,False,False,2025-11-25,2025-12-09,2025-12-09,True,False,0,0,0,0,False,False,False,False,False,0.0,False,False,False,False,False,False,False,False,False,False,False,,,,,,,,,,,,,,
CO1.PCCNTR.9302584,individual_professional_ai,False,False,False,False,False,2026-01-30,2026-10-01,2026-10-01,False,False,0,0,0,0,False,False,False,False,False,0.0,False,False,False,False,False,False,False,False,False,False,False,,,,,,,,,,,,,,
CO1.PCCNTR.8520834,individual_professional_ai,False,False,False,False,False,2025-11-05,2026-07-31,2026-07-31,False,False,0,0,0,0,False,False,False,False,False,0.0,False,False,False,False,False,False,False,False,False,False,False,,,,,,,,,,,,,,
CO1.PCCNTR.6067951,individual_professional_ai,False,False,False,False,False,2024-03-12,2024-06-30,2024-06-30,True,True,2,0,0,0,False,False,False,False,False,0.0,False,False,False,False,False,False,False,False,False,False,False,,,,,,,,,,,,,,
CO1.PCCNTR.8655158,incidental,True,False,False,False,False,2025-12-02,2025-12-30,2025-12-30,True,False,0,0,0,0,False,False,False,False,False,0.0,False,False,False,False,False,False,False,False,False,False,False,,,,,,,,,,,,,,
CO1.PCCNTR.7629655,individual_professional_ai,False,False,False,False,False,2025-03-12,2026-01-14,2026-01-14,True,True,1,1,0,1,True,False,False,False,False,0.0,False,False,False,False,False,True,False,True,False,False,False,,,,,,,,,,,,,,
CO1.PCCNTR.8581807,ai_development_service,True,True,True,True,True,2025-11-13,2025-12-31,2026-03-31,True,False,2,2,0,2,True,True,True,True,True,90.0,False,False,False,False,False,False,False,True,True,False,False,1.0,0.0,False,False,False,False,False,False,False,False,0.0,False,False,False
CO1.PCCNTR.8162651,individual_professional_ai,False,False,False,False,False,2025-08-04,2025-11-12,2025-12-24,True,True,2,2,1,1,True,True,True,True,True,42.0,True,True,False,False,False,False,False,True,True,True,False,,,,,,,,,,,,,,
CO1.PCCNTR.8646120,ai_product_or_platform,True,True,True,True,True,2025-12-02,2025-12-15,2025-12-15,True,False,0,0,0,0,False,False,False,False,False,0.0,False,False,False,False,False,False,False,False,False,False,False,4.0,0.0,False,False,False,False,False,False,False,False,0.0,False,False,False
CO1.PCCNTR.6055142,incidental,False,False,False,False,False,2024-03-07,2024-07-12,2024-07-12,True,True,1,1,1,0,False,False,False,False,False,0.0,False,False,False,False,False,False,False,False,False,False,False,,,,,,,,,,,,,,
CO1.PCCNTR.8482256,incidental,False,False,False,False,False,2025-10-22,2025-12-31,2025-12-31,True,False,0,0,0,0,False,False,False,False,False,0.0,False,False,False,False,False,False,False,False,False,False,False,,,,,,,,,,,,,,
CO1.PCCNTR.9684641,individual_professional_ai,False,False,False,False,False,2026-07-21,2026-08-25,2026-08-25,False,False,0,0,0,0,False,False,False,False,False,0.0,False,False,False,False,False,False,False,False,False,False,False,,,,,,,,,,,,,,
CO1.PCCNTR.8320123,ai_development_service,True,True,True,True,True,2025-09-15,2025-12-19,2025-12-19,True,True,0,0,0,0,False,False,False,False,False,0.0,False,False,False,False,False,False,False,False,False,False,False,0.0,0.0,False,False,False,False,False,False,False,False,0.0,True,False,False
CO1.PCCNTR.8527570,incidental,True,False,False,False,False,2025-11-05,2025-08-14,2026-05-31,True,False,2,2,0,2,True,True,True,True,True,290.0,False,False,False,True,False,False,False,True,True,False,True,,,,,,,,,,,,,,
CO1.PCCNTR.4912858,ai_product_or_platform,True,True,True,True,True,2023-04-28,2023-12-28,2023-12-28,True,True,1,1,1,0,False,False,False,False,False,0.0,False,False,False,False,False,False,False,False,False,False,False,0.0,0.0,False,False,False,False,False,False,False,False,0.0,True,True,True
CO1.PCCNTR.7969839,individual_professional_ai,False,False,False,False,False,2025-06-11,2025-12-11,2025-12-11,True,True,0,0,0,0,False,False,False,False,False,0.0,False,False,False,False,False,False,False,False,False,False,False,,,,,,,,,,,,,,
CO1.PCCNTR.7834309,incidental,True,False,False,False,False,2025-04-30,2025-06-05,2025-06-05,True,True,0,0,0,0,False,False,False,False,False,0.0,False,False,False,False,False,False,False,False,False,False,False,,,,,,,,,,,,,,
CO1.PCCNTR.8826981,individual_professional_ai,False,False,False,False,False,2026-01-13,2026-06-30,2026-06-30,True,False,0,0,0,0,False,False,False,False,False,0.0,False,False,False,False,False,False,False,False,False,False,False,,,,,,,,,,,,,,
CO1.PCCNTR.8561114,ai_product_or_platform,True,True,True,True,True,2025-11-14,2026-11-19,2026-11-19,False,False,0,0,0,0,False,False,False,False,False,0.0,False,False,False,False,False,False,False,False,False,False,False,9.0,1.0,True,False,True,False,True,False,False,True,0.0,False,False,False
CO1.PCCNTR.6516984,incidental,False,False,False,False,False,2024-07-10,2024-12-31,2024-12-31,True,True,0,0,0,0,False,False,False,False,False,0.0,False,False,False,False,False,False,False,False,False,False,False,,,,,,,,,,,,,,
CO1.PCCNTR.8239044,individual_professional_ai,False,False,False,False,False,2025-08-26,2025-10-07,2025-10-07,True,True,1,0,0,0,False,False,False,False,False,0.0,False,False,False,False,False,False,False,False,False,False,False,,,,,,,,,,,,,,
CO1.PCCNTR.6068696,individual_professional_ai,False,False,False,False,False,2024-03-10,2024-07-13,2024-07-13,True,True,1,1,1,0,False,False,False,False,False,0.0,False,False,False,False,False,False,False,False,False,False,False,,,,,,,,,,,,,,
CO1.PCCNTR.8743446,ai_product_or_platform,True,False,False,False,False,2025-12-30,2026-01-30,2026-01-30,True,False,0,0,0,0,False,False,False,False,False,0.0,False,False,False,False,False,False,False,False,False,False,False,0.0,0.0,False,False,False,False,False,False,False,False,0.0,False,False,False
CO1.PCCNTR.8144243,ai_product_or_platform,True,True,True,True,True,2025-07-30,2026-01-01,2026-04-01,True,True,5,4,0,4,True,True,True,True,True,90.0,False,False,False,True,True,False,False,True,False,False,True,0.0,0.0,False,False,False,False,False,False,False,False,0.0,True,False,False
CO1.PCCNTR.9058508,individual_professional_ai,False,False,False,False,False,2026-01-22,2026-03-20,2026-04-06,True,False,1,1,0,1,True,True,True,True,True,17.0,True,True,True,False,False,False,False,True,True,True,False,,,,,,,,,,,,,,
CO1.PCCNTR.9728181,individual_professional_ai,False,False,False,False,False,2026-07-29,2026-12-16,2026-12-16,False,False,0,0,0,0,False,False,False,False,False,0.0,False,False,False,False,False,False,False,False,False,False,False,,,,,,,,,,,,,,
CO1.PCCNTR.5423876,ai_product_or_platform,True,True,True,True,True,2023-09-29,2024-09-29,2025-08-31,True,True,3,3,0,3,True,True,True,False,True,336.0,False,False,False,False,False,False,False,True,True,False,False,0.0,13.0,True,False,True,False,True,False,False,True,9.0,True,True,True
CO1.PCCNTR.6547497,incidental,False,False,False,False,False,2024-07-23,2024-12-27,2024-12-27,True,True,1,1,1,0,False,False,False,False,False,0.0,False,False,False,False,False,False,False,False,False,False,False,,,,,,,,,,,,,,
CO1.PCCNTR.7270739,individual_professional_ai,False,False,False,False,False,2025-01-20,2025-12-31,2025-12-31,True,True,1,1,0,1,True,False,False,False,False,0.0,False,False,False,False,False,False,True,True,False,False,False,,,,,,,,,,,,,,
CO1.PCCNTR.9093667,individual_professional_ai,False,False,False,False,False,2026-01-23,2026-10-26,2026-10-26,False,False,1,1,1,0,False,False,False,False,False,0.0,False,False,False,False,False,False,True,False,False,False,False,,,,,,,,,,,,,,
CO1.PCCNTR.9746022,individual_professional_ai,False,False,False,False,False,2026-08-03,2026-11-03,2026-11-03,False,False,0,0,0,0,False,False,False,False,False,0.0,False,False,False,False,False,False,False,False,False,False,False,,,,,,,,,,,,,,
CO1.PCCNTR.6515069,individual_professional_ai,False,False,False,False,False,2024-07-09,2025-01-01,2025-01-01,True,True,2,2,2,0,False,False,False,False,False,0.0,False,False,False,False,False,False,False,False,False,False,False,,,,,,,,,,,,,,
CO1.PCCNTR.4447516,individual_professional_ai,False,False,False,False,False,2023-01-23,2023-05-25,2023-05-25,True,True,2,2,2,0,False,False,False,False,False,0.0,False,False,False,False,False,False,False,False,False,False,False,,,,,,,,,,,,,,
CO1.PCCNTR.8647924,ai_development_service,True,True,True,True,True,2025-12-02,2026-04-01,2026-08-03,True,False,2,2,1,1,True,True,True,True,True,124.0,False,False,False,False,False,False,False,True,True,False,False,0.0,0.0,False,False,False,False,False,False,False,False,0.0,False,False,False
CO1.PCCNTR.8917030,individual_professional_ai,False,False,False,False,False,2026-01-16,2026-12-14,2026-12-14,False,False,0,0,0,0,False,False,False,False,False,0.0,False,False,False,False,False,False,False,False,False,False,False,,,,,,,,,,,,,,
CO1.PCCNTR.7929313,individual_professional_ai,False,False,False,False,False,2025-05-29,2025-12-02,2025-12-30,True,True,2,2,0,2,True,True,True,True,True,28.0,True,True,True,False,False,False,False,True,True,True,False,,,,,,,,,,,,,,
CO1.PCCNTR.6631670,individual_professional_ai,False,False,False,False,False,2024-08-13,2024-12-31,2024-12-31,True,True,0,0,0,0,False,False,False,False,False,0.0,False,False,False,False,False,False,False,False,False,False,False,,,,,,,,,,,,,,
CO1.PCCNTR.8828007,individual_professional_ai,False,False,False,False,False,2026-01-11,2026-10-28,2026-10-28,False,False,0,0,0,0,False,False,False,False,False,0.0,False,False,False,False,False,False,False,False,False,False,False,,,,,,,,,,,,,,
CO1.PCCNTR.8227481,individual_professional_ai,False,False,False,False,False,2025-08-22,2025-11-30,2025-11-30,True,True,0,0,0,0,False,False,False,False,False,0.0,False,False,False,False,False,False,False,False,False,False,False,,,,,,,,,,,,,,
CO1.PCCNTR.9886258,incidental,True,False,False,False,False,2026-09-01,2026-12-31,2026-12-31,False,False,0,0,0,0,False,False,False,False,False,0.0,False,False,False,False,False,False,False,False,False,False,False,,,,,,,,,,,,,,
CO1.PCCNTR.8765143,individual_professional_ai,False,False,False,False,False,2026-01-16,2026-12-19,2026-12-19,False,False,0,0,0,0,False,False,False,False,False,0.0,False,False,False,False,False,False,False,False,False,False,False,,,,,,,,,,,,,,
CO1.PCCNTR.6684704,incidental,True,False,False,False,False,2024-08-30,2024-12-10,2024-12-10,True,True,1,1,1,0,False,False,False,False,False,0.0,False,False,False,False,False,False,False,False,False,False,False,,,,,,,,,,,,,,
CO1.PCCNTR.7380079,individual_professional_ai,False,False,False,False,False,2025-01-31,2025-09-01,2025-09-01,True,True,2,2,2,0,False,False,False,False,False,0.0,False,False,False,False,False,False,False,False,False,False,False,,,,,,,,,,,,,,
CO1.PCCNTR.6288802,individual_professional_ai,False,False,False,False,False,2024-05-06,2025-01-01,2025-01-01,True,True,1,1,1,0,False,False,False,False,False,0.0,False,False,False,False,False,False,False,False,False,False,False,,,,,,,,,,,,,,
CO1.PCCNTR.7843818,ai_development_service,True,True,True,True,True,2025-05-14,2025-12-31,2025-12-31,True,True,1,1,0,1,True,False,False,False,False,0.0,True,True,False,False,False,False,False,True,False,True,False,1.0,1.0,True,False,True,False,True,False,False,True,0.0,True,False,False
CO1.PCCNTR.8303779,individual_professional_ai,False,False,False,False,False,2025-09-09,2025-09-20,2025-09-20,True,True,2,2,2,0,False,False,False,False,False,0.0,False,False,False,False,False,False,False,False,False,False,False,,,,,,,,,,,,,,
CO1.PCCNTR.6721656,ai_product_or_platform,True,True,True,True,True,2024-09-10,2024-10-16,2024-10-16,True,True,0,0,0,0,False,False,False,False,False,0.0,False,False,False,False,False,False,False,False,False,False,False,4.0,5.0,True,False,True,False,True,False,False,True,0.0,True,True,True
CO1.PCCNTR.7657168,individual_professional_ai,False,False,False,False,False,2025-03-14,2025-08-04,2026-06-20,True,True,2,2,0,2,True,True,True,False,True,320.0,True,False,True,False,False,False,False,True,False,True,False,,,,,,,,,,,,,,
CO1.PCCNTR.9266133,individual_professional_ai,False,False,False,False,False,2026-01-29,2026-06-02,2026-06-02,True,False,0,0,0,0,False,False,False,False,False,0.0,False,False,False,False,False,False,False,False,False,False,False,,,,,,,,,,,,,,
CO1.PCCNTR.5292536,individual_professional_ai,False,False,False,False,False,2023-08-14,2023-12-31,2023-12-31,True,True,1,1,1,0,False,False,False,False,False,0.0,False,False,False,False,False,False,False,False,False,False,False,,,,,,,,,,,,,,
CO1.PCCNTR.8998948,individual_professional_ai,False,False,False,False,False,2026-01-20,2026-11-28,2026-12-16,False,False,1,1,0,1,True,True,True,False,True,18.0,True,True,True,False,False,False,False,True,True,True,False,,,,,,,,,,,,,,
CO1.PCCNTR.6673509,ai_product_or_platform,True,True,True,True,True,2024-08-28,2025-08-23,2025-08-23,True,True,3,1,1,0,False,False,False,False,False,0.0,False,False,False,False,False,False,True,False,False,False,False,0.0,2.0,True,True,False,False,True,True,False,False,0.0,True,True,True
CO1.PCCNTR.8952874,individual_professional_ai,False,False,False,False,False,2026-01-17,2026-09-19,2027-01-01,False,False,1,1,0,1,True,True,True,True,True,104.0,True,True,True,False,False,False,False,True,True,True,False,,,,,,,,,,,,,,
CO1.PCCNTR.7017627,ai_product_or_platform,True,True,True,True,True,2024-11-25,2024-12-20,2024-12-20,True,True,0,0,0,0,False,False,False,False,False,0.0,False,False,False,False,False,False,False,False,False,False,False,0.0,0.0,False,False,False,False,False,False,False,False,0.0,True,True,True
CO1.PCCNTR.5900758,individual_professional_ai,False,False,False,False,False,2024-02-09,2024-12-31,2024-12-31,True,True,1,1,1,0,False,False,False,False,False,0.0,False,False,False,False,False,False,False,False,False,False,False,,,,,,,,,,,,,,
CO1.PCCNTR.6549659,individual_professional_ai,False,False,False,False,False,2024-07-19,2024-12-31,2024-12-31,True,True,1,1,1,0,False,False,False,False,False,0.0,False,False,False,False,False,False,False,False,False,False,False,,,,,,,,,,,,,,
CO1.PCCNTR.5001103,individual_professional_ai,False,False,False,False,False,2023-05-25,2024-01-01,2024-01-01,True,True,2,2,2,0,False,False,False,False,False,0.0,False,False,False,False,False,False,False,False,False,False,False,,,,,,,,,,,,,,
CO1.PCCNTR.6491592,individual_professional_ai,False,False,False,False,False,2024-07-08,2024-12-26,2024-12-26,True,True,1,1,1,0,False,False,False,False,False,0.0,False,False,False,False,False,False,False,False,False,False,False,,,,,,,,,,,,,,
CO1.PCCNTR.7550159,individual_professional_ai,False,False,False,False,False,2025-02-26,2025-12-27,2025-12-27,True,True,1,1,1,0,False,False,False,False,False,0.0,False,False,False,False,False,False,False,False,False,False,False,,,,,,,,,,,,,,
CO1.PCCNTR.8921402,individual_professional_ai,False,False,False,False,False,2026-01-16,2027-01-01,2027-01-01,False,False,2,2,0,2,True,False,False,False,False,0.0,False,False,False,False,False,False,False,True,False,False,False,,,,,,,,,,,,,,
CO1.PCCNTR.9057879,incidental,False,False,False,False,False,2026-01-22,2026-03-20,2026-04-08,True,False,1,1,0,1,True,True,True,True,True,19.0,True,True,True,False,False,False,False,True,True,True,False,,,,,,,,,,,,,,
CO1.PCCNTR.9692971,ai_product_or_platform,True,True,True,True,True,2026-07-21,2026-12-31,2026-12-31,False,False,0,0,0,0,False,False,False,False,False,0.0,False,False,False,False,False,False,False,False,False,False,False,14.0,1.0,True,True,True,True,True,True,False,True,0.0,False,False,False
CO1.PCCNTR.6545021,ai_product_or_platform,True,True,True,True,True,2024-07-19,2025-01-26,2025-01-26,True,True,2,1,1,0,False,False,False,False,False,0.0,False,False,False,False,False,False,False,False,False,False,False,8.0,7.0,True,True,True,True,True,True,True,True,0.0,True,True,True
CO1.PCCNTR.7409404,individual_professional_ai,False,False,False,False,False,2025-02-05,2025-08-04,2025-08-04,True,True,0,0,0,0,False,False,False,False,False,0.0,False,False,False,False,False,False,False,False,False,False,False,,,,,,,,,,,,,,
CO1.PCCNTR.8194930,individual_professional_ai,False,False,False,False,False,2025-08-19,2025-12-31,2025-12-31,True,True,0,0,0,0,False,False,False,False,False,0.0,False,False,False,False,False,False,False,False,False,False,False,,,,,,,,,,,,,,
CO1.PCCNTR.8668008,individual_professional_ai,False,False,False,False,False,2025-12-03,2026-01-01,2026-01-01,True,False,1,1,0,1,True,False,False,False,False,0.0,False,False,False,False,False,False,False,True,False,False,False,,,,,,,,,,,,,,
CO1.PCCNTR.6534765,individual_professional_ai,False,False,False,False,False,2024-07-16,2024-12-31,2024-12-31,True,True,1,1,1,0,False,False,False,False,False,0.0,False,False,False,False,False,False,False,False,False,False,False,,,,,,,,,,,,,,
CO1.PCCNTR.8968045,individual_professional_ai,False,False,False,False,False,2026-01-18,2026-09-18,2026-09-18,False,False,1,1,1,0,False,False,False,False,False,0.0,False,False,False,False,False,False,True,False,False,False,False,,,,,,,,,,,,,,
CO1.PCCNTR.7738821,ai_product_or_platform,True,True,True,True,True,2025-04-08,2026-01-01,2026-01-01,True,True,1,1,1,0,False,False,False,False,False,0.0,False,False,False,False,False,False,True,False,False,False,False,10.0,5.0,True,True,True,True,True,True,False,True,0.0,True,False,False
CO1.PCCNTR.5848919,individual_professional_ai,False,False,False,False,False,2024-01-31,2024-06-01,2024-06-01,True,True,1,1,1,0,False,False,False,False,False,0.0,False,False,False,False,False,False,False,False,False,False,False,,,,,,,,,,,,,,
CO1.PCCNTR.8219147,ai_development_service,True,True,True,True,True,2025-09-02,2025-12-13,2025-12-13,True,True,2,1,0,1,True,False,False,False,False,0.0,False,False,False,True,False,False,False,True,False,False,True,0.0,0.0,False,False,False,False,False,False,False,False,0.0,True,False,False
CO1.PCCNTR.8423459,individual_professional_ai,False,False,False,False,False,2025-10-08,2025-12-31,2025-12-31,True,False,0,0,0,0,False,False,False,False,False,0.0,False,False,False,False,False,False,False,False,False,False,False,,,,,,,,,,,,,,
CO1.PCCNTR.9944051,incidental,True,False,False,False,False,2026-09-15,2027-09-15,2027-09-15,False,False,0,0,0,0,False,False,False,False,False,0.0,False,False,False,False,False,False,False,False,False,False,False,,,,,,,,,,,,,,
CO1.PCCNTR.8139132,ai_development_service,True,True,True,True,True,2025-07-29,2025-12-12,2025-12-12,True,True,0,0,0,0,False,False,False,False,False,0.0,False,False,False,False,False,False,False,False,False,False,False,8.0,0.0,False,False,False,False,False,False,False,False,0.0,True,False,False
CO1.PCCNTR.9188511,incidental,False,False,False,False,False,2026-01-27,2026-12-31,2026-12-31,False,False,0,0,0,0,False,False,False,False,False,0.0,False,False,False,False,False,False,False,False,False,False,False,,,,,,,,,,,,,,
CO1.PCCNTR.8399394,individual_professional_ai,False,False,False,False,False,2025-10-03,2025-12-16,2025-12-31,True,False,3,3,2,1,True,True,True,True,True,15.0,True,False,True,False,False,False,False,True,True,True,False,,,,,,,,,,,,,,
CO1.PCCNTR.8634005,individual_professional_ai,False,False,False,False,False,2025-11-28,2026-12-02,2026-12-02,False,False,1,0,0,0,False,False,False,False,False,0.0,False,False,False,False,False,False,False,False,False,False,False,,,,,,,,,,,,,,
CO1.PCCNTR.9833946,individual_professional_ai,False,False,False,False,False,2026-08-20,2026-12-30,2026-12-30,False,False,0,0,0,0,False,False,False,False,False,0.0,False,False,False,False,False,False,False,False,False,False,False,,,,,,,,,,,,,,
CO1.PCCNTR.8771940,individual_professional_ai,False,False,False,False,False,2026-01-06,2026-12-05,2026-12-05,False,False,0,0,0,0,False,False,False,False,False,0.0,False,False,False,False,False,False,False,False,False,False,False,,,,,,,,,,,,,,
CO1.PCCNTR.9034297,individual_professional_ai,False,False,False,False,False,2026-01-21,2026-10-21,2026-10-21,False,False,0,0,0,0,False,False,False,False,False,0.0,False,False,False,False,False,False,False,False,False,False,False,,,,,,,,,,,,,,
CO1.PCCNTR.8561590,unclear,True,False,False,False,False,2025-11-07,2026-12-31,2026-12-31,False,False,0,0,0,0,False,False,False,False,False,0.0,False,False,False,False,False,False,False,False,False,False,False,0.0,0.0,False,False,False,False,False,False,False,False,0.0,False,False,False
CO1.PCCNTR.9255456,individual_professional_ai,False,False,False,False,False,2026-01-29,2026-12-30,2026-12-31,False,False,3,3,3,0,False,False,False,False,False,1.0,False,False,False,False,False,False,True,False,False,False,False,,,,,,,,,,,,,,
CO1.PCCNTR.9187608,ai_development_service,True,True,True,True,True,2026-01-27,2026-05-26,2026-08-26,True,False,2,2,0,2,True,True,True,True,True,92.0,True,True,True,False,False,False,False,True,True,True,False,5.0,0.0,False,False,False,False,False,False,False,False,0.0,False,False,False
CO1.PCCNTR.9085027,individual_professional_ai,False,False,False,False,False,2026-01-29,2026-09-01,2026-09-01,False,False,0,0,0,0,False,False,False,False,False,0.0,False,False,False,False,False,False,False,False,False,False,False,,,,,,,,,,,,,,
CO1.PCCNTR.9206579,individual_professional_ai,False,False,False,False,False,2026-01-28,2026-07-01,2026-07-01,True,False,3,3,1,2,True,False,False,False,False,0.0,False,False,False,False,False,False,False,True,False,False,False,,,,,,,,,,,,,,
CO1.PCCNTR.9275586,individual_professional_ai,False,False,False,False,False,2026-01-30,2026-12-09,2026-12-09,False,False,0,0,0,0,False,False,False,False,False,0.0,False,False,False,False,False,False,False,False,False,False,False,,,,,,,,,,,,,,
CO1.PCCNTR.7361624,incidental,False,False,False,False,False,2025-01-30,2025-11-01,2026-01-01,True,True,2,2,0,2,True,True,True,True,True,61.0,True,True,True,False,False,False,False,True,True,True,False,,,,,,,,,,,,,,
CO1.PCCNTR.8800735,individual_professional_ai,False,False,False,False,False,2026-01-09,2026-09-27,2026-09-27,False,False,0,0,0,0,False,False,False,False,False,0.0,False,False,False,False,False,False,False,False,False,False,False,,,,,,,,,,,,,,
CO1.PCCNTR.5448139,individual_professional_ai,False,False,False,False,False,2023-10-19,2023-12-19,2023-12-19,True,True,0,0,0,0,False,False,False,False,False,0.0,False,False,False,False,False,False,False,False,False,False,False,,,,,,,,,,,,,,
CO1.PCCNTR.9302493,individual_professional_ai,False,False,False,False,False,2026-01-30,2025-10-29,2026-10-01,True,False,3,3,0,3,True,True,True,True,True,337.0,True,True,True,False,False,False,False,True,True,True,False,,,,,,,,,,,,,,
CO1.PCCNTR.7676433,individual_professional_ai,False,False,False,False,False,2025-03-20,2025-10-25,2026-01-31,True,True,1,1,0,1,True,True,True,True,True,98.0,True,True,False,False,False,False,False,True,True,True,False,,,,,,,,,,,,,,
CO1.PCCNTR.4522668,individual_professional_ai,False,False,False,False,False,2023-02-02,2023-07-01,2023-07-01,True,True,3,3,3,0,False,False,False,False,False,0.0,False,False,False,False,False,False,True,False,False,False,False,,,,,,,,,,,,,,
CO1.PCCNTR.9692653,individual_professional_ai,False,False,False,False,False,2026-07-21,2027-01-15,2027-01-15,False,False,0,0,0,0,False,False,False,False,False,0.0,False,False,False,False,False,False,False,False,False,False,False,,,,,,,,,,,,,,
CO1.PCCNTR.4812020,individual_professional_ai,False,False,False,False,False,2023-03-28,2023-12-30,2023-12-30,True,True,1,1,1,0,False,False,False,False,False,0.0,False,False,False,False,False,False,False,False,False,False,False,,,,,,,,,,,,,,
CO1.PCCNTR.9932323,individual_professional_ai,False,False,False,False,False,2026-09-15,2026-12-31,2026-12-31,False,False,0,0,0,0,False,False,False,False,False,0.0,False,False,False,False,False,False,False,False,False,False,False,,,,,,,,,,,,,,
CO1.PCCNTR.7898563,individual_professional_ai,False,False,False,False,False,2025-05-27,2025-11-29,2026-01-01,True,True,1,1,0,1,True,True,True,True,True,33.0,False,False,False,False,False,False,False,True,True,False,False,,,,,,,,,,,,,,
CO1.PCCNTR.8263865,individual_professional_ai,False,False,False,False,False,2025-09-02,2025-12-31,2025-12-31,True,True,1,0,0,0,False,False,False,False,False,0.0,False,False,False,False,False,False,False,False,False,False,False,,,,,,,,,,,,,,
CO1.PCCNTR.8998256,individual_professional_ai,False,False,False,False,False,2026-01-20,2026-10-20,2026-10-20,False,False,0,0,0,0,False,False,False,False,False,0.0,False,False,False,False,False,False,False,False,False,False,False,,,,,,,,,,,,,,
CO1.PCCNTR.8875456,incidental,False,False,False,False,False,2026-01-15,2027-01-01,2027-01-01,False,False,1,1,0,1,True,False,False,False,False,0.0,False,False,False,False,False,True,False,True,False,False,False,,,,,,,,,,,,,,
CO1.PCCNTR.7376718,individual_professional_ai,False,False,False,False,False,2025-02-01,2025-09-30,2025-12-31,True,True,2,2,1,1,True,True,True,True,True,92.0,True,True,False,False,False,False,False,True,True,True,False,,,,,,,,,,,,,,
CO1.PCCNTR.6762301,ai_product_or_platform,True,True,True,True,True,2024-09-17,2025-09-23,2025-09-23,True,True,4,4,2,2,True,False,False,False,False,0.0,False,False,False,False,False,False,False,True,False,False,False,0.0,0.0,False,False,False,False,False,False,False,False,0.0,True,True,True
CO1.PCCNTR.8640707,incidental,True,False,False,False,False,2025-12-02,2025-12-28,2025-12-28,True,False,2,0,0,0,False,False,False,False,False,0.0,False,False,False,False,False,False,False,False,False,False,False,,,,,,,,,,,,,,
CO1.PCCNTR.8837277,individual_professional_ai,False,False,False,False,False,2026-01-12,2026-12-31,2026-12-31,False,False,0,0,0,0,False,False,False,False,False,0.0,False,False,False,False,False,False,False,False,False,False,False,,,,,,,,,,,,,,
CO1.PCCNTR.7920753,individual_professional_ai,False,False,False,False,False,2025-05-27,2025-11-27,2025-12-27,True,True,3,3,1,2,True,True,True,True,True,30.0,True,True,True,False,False,False,False,True,True,True,False,,,,,,,,,,,,,,
CO1.PCCNTR.7340534,individual_professional_ai,False,False,False,False,False,2025-01-28,2025-10-01,2025-12-16,True,True,2,2,1,1,True,True,True,True,True,76.0,True,True,False,False,False,False,False,True,True,True,False,,,,,,,,,,,,,,
CO1.PCCNTR.6538227,individual_professional_ai,False,False,False,False,False,2024-07-25,2024-09-29,2024-09-29,True,True,0,0,0,0,False,False,False,False,False,0.0,False,False,False,False,False,False,False,False,False,False,False,,,,,,,,,,,,,,
CO1.PCCNTR.7015017,individual_professional_ai,False,False,False,False,False,2024-11-12,2024-12-30,2024-12-30,True,True,0,0,0,0,False,False,False,False,False,0.0,False,False,False,False,False,False,False,False,False,False,False,,,,,,,,,,,,,,
CO1.PCCNTR.9669977,ai_product_or_platform,True,True,True,True,True,2026-07-16,2026-12-31,2026-12-31,False,False,0,0,0,0,False,False,False,False,False,0.0,False,False,False,False,False,False,False,False,False,False,False,0.0,0.0,False,False,False,False,False,False,False,False,0.0,False,False,False
CO1.PCCNTR.8622972,individual_professional_ai,False,False,False,False,False,2025-11-25,2025-12-05,2025-12-05,True,False,0,0,0,0,False,False,False,False,False,0.0,False,False,False,False,False,False,False,False,False,False,False,,,,,,,,,,,,,,
CO1.PCCNTR.8765414,individual_professional_ai,False,False,False,False,False,2026-01-07,2026-11-04,2026-11-04,False,False,0,0,0,0,False,False,False,False,False,0.0,False,False,False,False,False,False,False,False,False,False,False,,,,,,,,,,,,,,
CO1.PCCNTR.8711016,unclear,True,False,False,True,True,2025-12-24,2025-12-30,2026-01-01,True,False,3,3,2,1,True,False,False,False,False,2.0,False,False,False,False,False,False,False,True,False,False,False,10.0,0.0,False,False,False,False,False,False,False,False,0.0,False,False,False
CO1.PCCNTR.8154129,individual_professional_ai,False,False,False,False,False,2025-08-01,2025-12-31,2025-12-31,True,True,0,0,0,0,False,False,False,False,False,0.0,False,False,False,False,False,False,False,False,False,False,False,,,,,,,,,,,,,,
CO1.PCCNTR.8179400,individual_professional_ai,False,False,False,False,False,2025-08-11,2025-12-18,2025-12-18,True,True,0,0,0,0,False,False,False,False,False,0.0,False,False,False,False,False,False,False,False,False,False,False,,,,,,,,,,,,,,
CO1.PCCNTR.6768912,incidental,True,False,False,False,False,2024-09-13,2026-04-27,2026-04-27,True,True,1,1,0,1,True,False,False,False,False,0.0,False,False,False,False,False,False,False,True,False,False,False,,,,,,,,,,,,,,
CO1.PCCNTR.5965433,individual_professional_ai,False,False,False,False,False,2024-02-21,2024-06-24,2024-06-24,True,True,1,1,1,0,False,False,False,False,False,0.0,False,False,False,False,False,False,False,False,False,False,False,,,,,,,,,,,,,,
CO1.PCCNTR.5952521,individual_professional_ai,False,False,False,False,False,2024-02-16,2024-12-31,2024-12-31,True,True,0,0,0,0,False,False,False,False,False,0.0,False,False,False,False,False,False,False,False,False,False,False,,,,,,,,,,,,,,
CO1.PCCNTR.7740163,unclear,True,False,False,True,True,2025-04-04,2025-05-02,2025-05-02,True,True,0,0,0,0,False,False,False,False,False,0.0,False,False,False,False,False,False,False,False,False,False,False,6.0,2.0,True,True,True,True,True,True,True,True,0.0,True,False,False
CO1.PCCNTR.5417794,individual_professional_ai,False,False,False,False,False,2023-09-29,2023-12-31,2023-12-31,True,True,0,0,0,0,False,False,False,False,False,0.0,False,False,False,False,False,False,False,False,False,False,False,,,,,,,,,,,,,,
CO1.PCCNTR.6237928,individual_professional_ai,False,False,False,False,False,2024-04-22,2024-12-30,2024-12-30,True,True,1,1,1,0,False,False,False,False,False,0.0,False,False,False,False,False,False,False,False,False,False,False,,,,,,,,,,,,,,
CO1.PCCNTR.9145790,individual_professional_ai,False,False,False,False,False,2026-01-26,2026-12-31,2026-12-31,False,False,0,0,0,0,False,False,False,False,False,0.0,False,False,False,False,False,False,False,False,False,False,False,,,,,,,,,,,,,,
CO1.PCCNTR.7157061,ai_development_service,True,True,True,True,True,2024-12-19,2024-12-31,2025-03-31,True,True,1,1,0,1,True,True,True,True,True,90.0,False,False,False,False,False,False,False,True,True,False,False,0.0,1.0,True,True,True,True,True,True,True,True,0.0,True,True,True
CO1.PCCNTR.6338360,incidental,False,False,False,False,False,2024-05-20,2024-09-22,2024-09-22,True,True,1,1,0,1,True,False,False,False,False,0.0,False,False,False,False,False,False,False,True,False,False,False,,,,,,,,,,,,,,
CO1.PCCNTR.6632223,individual_professional_ai,False,False,False,False,False,2024-08-13,2024-12-31,2024-12-31,True,True,0,0,0,0,False,False,False,False,False,0.0,False,False,False,False,False,False,False,False,False,False,False,,,,,,,,,,,,,,
CO1.PCCNTR.8724613,incidental,True,False,False,False,False,2025-12-22,2025-08-20,2026-03-31,True,False,5,3,0,3,True,True,True,True,True,223.0,False,False,False,False,False,False,False,True,True,False,False,,,,,,,,,,,,,,
CO1.PCCNTR.5402875,individual_professional_ai,False,False,False,False,False,2023-09-26,2023-12-31,2023-12-31,True,True,0,0,0,0,False,False,False,False,False,0.0,False,False,False,False,False,False,False,False,False,False,False,,,,,,,,,,,,,,
CO1.PCCNTR.7394243,individual_professional_ai,False,False,False,False,False,2025-02-06,2025-12-01,2026-01-01,True,True,1,1,0,1,True,True,True,True,True,31.0,True,True,False,False,False,False,False,True,True,True,False,,,,,,,,,,,,,,
CO1.PCCNTR.8689685,ai_development_service,True,True,True,True,True,2025-12-09,2026-01-01,2026-03-01,True,False,1,1,0,1,True,True,True,True,True,59.0,False,False,False,False,False,False,False,True,True,False,False,0.0,0.0,False,False,False,False,False,False,False,False,0.0,False,False,False
CO1.PCCNTR.9288149,individual_professional_ai,False,False,False,False,False,2026-01-30,2027-01-01,2027-01-01,False,False,1,1,0,1,True,False,False,False,False,0.0,False,False,False,False,False,False,False,True,False,False,False,,,,,,,,,,,,,,
CO1.PCCNTR.6246622,incidental,False,False,False,False,False,2024-04-24,2024-12-31,2024-12-31,True,True,1,1,0,1,True,False,False,False,False,0.0,False,False,False,False,False,False,False,True,False,False,False,,,,,,,,,,,,,,
CO1.PCCNTR.9925857,incidental,True,False,False,False,False,2026-09-09,2026-09-12,2026-09-12,False,False,0,0,0,0,False,False,False,False,False,0.0,False,False,False,False,False,False,False,False,False,False,False,,,,,,,,,,,,,,
CO1.PCCNTR.9971469,ai_product_or_platform,True,True,True,True,True,2026-09-25,2026-12-31,2026-12-31,False,False,0,0,0,0,False,False,False,False,False,0.0,False,False,False,False,False,False,False,False,False,False,False,1.0,0.0,False,False,False,False,False,False,False,False,0.0,False,False,False
CO1.PCCNTR.7746001,incidental,True,False,False,False,False,2025-04-14,2025-09-26,2025-09-26,True,True,1,1,1,0,False,False,False,False,False,0.0,False,False,False,False,False,False,False,False,False,False,False,,,,,,,,,,,,,,
CO1.PCCNTR.9725122,individual_professional_ai,False,False,False,False,False,2026-07-28,2026-12-28,2026-12-28,False,False,0,0,0,0,False,False,False,False,False,0.0,False,False,False,False,False,False,False,False,False,False,False,,,,,,,,,,,,,,
CO1.PCCNTR.6547357,individual_professional_ai,False,False,False,False,False,2024-07-23,2024-12-27,2024-12-27,True,True,1,1,1,0,False,False,False,False,False,0.0,False,False,False,False,False,False,False,False,False,False,False,,,,,,,,,,,,,,
CO1.PCCNTR.4841207,individual_professional_ai,False,False,False,False,False,2023-04-04,2023-07-01,2023-07-01,True,True,1,1,1,0,False,False,False,False,False,0.0,False,False,False,False,False,False,False,False,False,False,False,,,,,,,,,,,,,,
CO1.PCCNTR.7760354,incidental,True,False,False,False,False,2025-04-10,2025-12-01,2025-12-01,True,True,1,1,0,1,True,False,False,False,False,0.0,False,False,False,False,False,False,False,True,False,False,False,,,,,,,,,,,,,,
CO1.PCCNTR.6997796,individual_professional_ai,False,False,False,False,False,2024-11-06,2024-12-31,2024-12-31,True,True,0,0,0,0,False,False,False,False,False,0.0,False,False,False,False,False,False,False,False,False,False,False,,,,,,,,,,,,,,
CO1.PCCNTR.7007948,individual_professional_ai,False,False,False,False,False,2024-11-13,2024-12-31,2024-12-31,True,True,0,0,0,0,False,False,False,False,False,0.0,False,False,False,False,False,False,False,False,False,False,False,,,,,,,,,,,,,,
CO1.PCCNTR.9291171,individual_professional_ai,False,False,False,False,False,2026-01-30,2027-01-01,2027-01-01,False,False,1,1,0,1,True,False,False,False,False,0.0,False,False,False,False,False,False,False,True,False,False,False,,,,,,,,,,,,,,
CO1.PCCNTR.8430959,individual_professional_ai,False,False,False,False,False,2025-10-09,2025-12-31,2025-12-31,True,False,0,0,0,0,False,False,False,False,False,0.0,False,False,False,False,False,False,False,False,False,False,False,,,,,,,,,,,,,,
CO1.PCCNTR.9626467,individual_professional_ai,False,False,False,False,False,2026-07-10,2026-12-31,2026-12-31,False,False,0,0,0,0,False,False,False,False,False,0.0,False,False,False,False,False,False,False,False,False,False,False,,,,,,,,,,,,,,
CO1.PCCNTR.8828798,individual_professional_ai,False,False,False,False,False,2026-01-11,2026-11-01,2026-11-01,False,False,1,1,0,1,True,False,False,False,False,0.0,False,False,False,False,False,False,False,True,False,False,False,,,,,,,,,,,,,,
CO1.PCCNTR.4415405,individual_professional_ai,False,False,False,False,False,2023-01-20,2024-01-01,2024-01-01,True,True,6,3,2,1,True,False,False,False,False,0.0,False,False,False,False,False,False,False,True,False,False,False,,,,,,,,,,,,,,
CO1.PCCNTR.8675235,incidental,True,False,False,False,False,2025-12-04,2025-12-20,2025-12-20,True,False,0,0,0,0,False,False,False,False,False,0.0,False,False,False,False,False,False,False,False,False,False,False,,,,,,,,,,,,,,
CO1.PCCNTR.4546830,individual_professional_ai,False,False,False,False,False,2023-02-02,2023-10-14,2023-12-16,True,True,4,3,2,1,True,False,False,False,False,63.0,True,True,False,False,False,False,False,True,False,True,False,,,,,,,,,,,,,,
CO1.PCCNTR.5963130,individual_professional_ai,False,False,False,False,False,2024-02-17,2024-06-21,2024-06-21,True,True,1,1,1,0,False,False,False,False,False,0.0,False,False,False,False,False,False,False,False,False,False,False,,,,,,,,,,,,,,
CO1.PCCNTR.8186172,individual_professional_ai,False,False,False,False,False,2025-08-11,2025-12-31,2025-12-31,True,True,0,0,0,0,False,False,False,False,False,0.0,False,False,False,False,False,False,False,False,False,False,False,,,,,,,,,,,,,,
CO1.PCCNTR.6558933,unclear,True,False,False,True,True,2024-07-24,2024-12-15,2024-12-15,True,True,1,1,1,0,False,False,False,False,False,0.0,False,False,False,False,False,False,False,False,False,False,False,46.0,10.0,True,True,True,True,True,True,True,True,0.0,True,True,True
CO1.PCCNTR.6693574,ai_development_service,True,True,True,True,True,2024-09-17,2024-12-28,2024-12-28,True,True,1,1,1,0,False,False,False,False,False,0.0,False,False,False,False,False,False,False,False,False,False,False,4.0,0.0,False,False,False,False,False,False,False,False,0.0,True,True,True
CO1.PCCNTR.7616107,individual_professional_ai,False,False,False,False,False,2025-03-06,2025-12-05,2026-01-01,True,True,2,2,1,1,True,True,True,True,True,27.0,True,True,True,False,False,False,False,True,True,True,False,,,,,,,,,,,,,,
CO1.PCCNTR.6477941,individual_professional_ai,False,False,False,False,False,2024-07-02,2024-12-27,2024-12-27,True,True,0,0,0,0,False,False,False,False,False,0.0,False,False,False,False,False,False,False,False,False,False,False,,,,,,,,,,,,,,
CO1.PCCNTR.7526641,individual_professional_ai,False,False,False,False,False,2025-02-19,2026-01-01,2026-01-01,True,True,2,2,1,1,True,False,False,False,False,0.0,False,False,False,False,False,False,False,True,False,False,False,,,,,,,,,,,,,,
CO1.PCCNTR.9508692,ai_product_or_platform,False,False,False,False,False,2026-05-13,2026-05-29,2026-05-29,True,False,2,2,2,0,False,False,False,False,False,0.0,False,False,False,False,False,False,False,False,False,False,False,,,,,,,,,,,,,,
CO1.PCCNTR.8764380,individual_professional_ai,False,False,False,False,False,2026-01-08,2026-12-19,2026-12-19,False,False,0,0,0,0,False,False,False,False,False,0.0,False,False,False,False,False,False,False,False,False,False,False,,,,,,,,,,,,,,
CO1.PCCNTR.8713120,ai_development_service,True,True,True,True,True,2025-12-19,2024-06-11,2026-05-21,True,False,5,5,0,5,True,True,True,True,True,709.0,False,False,False,True,True,False,False,True,True,False,True,0.0,0.0,False,False,False,False,False,False,False,False,0.0,False,False,False
CO1.PCCNTR.8214512,individual_professional_ai,False,False,False,False,False,2025-08-21,2026-08-31,2026-08-31,False,True,0,0,0,0,False,False,False,False,False,0.0,False,False,False,False,False,False,False,False,False,False,False,,,,,,,,,,,,,,
CO1.PCCNTR.6515668,individual_professional_ai,False,False,False,False,False,2024-07-11,2024-12-31,2024-12-31,True,True,0,0,0,0,False,False,False,False,False,0.0,False,False,False,False,False,False,False,False,False,False,False,,,,,,,,,,,,,,
CO1.PCCNTR.7488693,individual_professional_ai,False,False,False,False,False,2025-02-14,2026-01-01,2026-01-01,True,True,1,1,1,0,False,False,False,False,False,0.0,False,False,False,False,False,False,False,False,False,False,False,,,,,,,,,,,,,,
CO1.PCCNTR.4550622,individual_professional_ai,False,False,False,False,False,2023-02-03,2023-10-14,2023-12-16,True,True,3,3,1,2,True,True,True,True,True,63.0,True,True,False,False,False,False,False,True,True,True,False,,,,,,,,,,,,,,
CO1.PCCNTR.7931901,incidental,False,False,False,False,False,2025-05-30,2025-12-26,2025-12-26,True,True,1,1,1,0,False,False,False,False,False,0.0,False,False,False,False,False,False,False,False,False,False,False,,,,,,,,,,,,,,
CO1.PCCNTR.7554716,individual_professional_ai,False,False,False,False,False,2025-02-25,2025-12-31,2025-12-31,True,True,0,0,0,0,False,False,False,False,False,0.0,False,False,False,False,False,False,False,False,False,False,False,,,,,,,,,,,,,,
CO1.PCCNTR.9960002,individual_professional_ai,False,False,False,False,False,2026-09-17,2027-01-17,2027-01-17,False,False,0,0,0,0,False,False,False,False,False,0.0,False,False,False,False,False,False,False,False,False,False,False,,,,,,,,,,,,,,
CO1.PCCNTR.7459403,individual_professional_ai,False,False,False,False,False,2025-02-14,2024-10-30,2026-01-01,True,True,4,4,1,3,True,True,True,True,True,428.0,True,True,True,False,False,False,False,True,True,True,False,,,,,,,,,,,,,,
CO1.PCCNTR.7932277,incidental,False,False,False,False,False,2025-05-29,2025-12-31,2025-12-31,True,True,0,0,0,0,False,False,False,False,False,0.0,False,False,False,False,False,False,False,False,False,False,False,,,,,,,,,,,,,,
CO1.PCCNTR.8734083,ai_product_or_platform,True,True,True,True,True,2025-12-29,2026-06-15,2026-06-15,True,False,0,0,0,0,False,False,False,False,False,0.0,False,False,False,False,False,False,False,False,False,False,False,3.0,1.0,True,False,True,False,True,False,False,True,0.0,False,False,False
CO1.PCCNTR.7348692,individual_professional_ai,False,False,False,False,False,2025-01-29,2025-09-30,2025-09-30,True,True,1,1,1,0,False,False,False,False,False,0.0,False,False,False,False,False,False,False,False,False,False,False,,,,,,,,,,,,,,
CO1.PCCNTR.8343298,incidental,True,False,False,False,False,2025-09-23,2025-10-31,2025-10-31,True,True,1,1,1,0,False,False,False,False,False,0.0,False,False,False,False,False,False,False,False,False,False,False,,,,,,,,,,,,,,
CO1.PCCNTR.6745867,individual_professional_ai,False,False,False,False,False,2024-09-10,2025-01-01,2025-01-01,True,True,1,1,1,0,False,False,False,False,False,0.0,False,False,False,False,False,False,False,False,False,False,False,,,,,,,,,,,,,,
CO1.PCCNTR.8366682,individual_professional_ai,False,False,False,False,False,2025-09-24,2026-01-01,2026-01-01,True,True,1,1,1,0,False,False,False,False,False,0.0,False,False,False,False,False,False,False,False,False,False,False,,,,,,,,,,,,,,
CO1.PCCNTR.8183147,ai_development_service,True,True,True,True,True,2025-08-12,2025-12-15,2025-12-15,True,True,0,0,0,0,False,False,False,False,False,0.0,False,False,False,False,False,False,False,False,False,False,False,0.0,1.0,True,True,True,True,True,True,True,True,0.0,True,False,False
CO1.PCCNTR.7467699,individual_professional_ai,False,False,False,False,False,2025-02-12,2025-12-28,2025-12-28,True,True,1,1,1,0,False,False,False,False,False,0.0,False,False,False,False,False,False,False,False,False,False,False,,,,,,,,,,,,,,
CO1.PCCNTR.8655107,unclear,True,False,False,True,True,2025-12-01,2025-12-30,2025-12-30,True,False,0,0,0,0,False,False,False,False,False,0.0,False,False,False,False,False,False,False,False,False,False,False,0.0,0.0,False,False,False,False,False,False,False,False,0.0,False,False,False
CO1.PCCNTR.6399924,ai_development_service,True,False,False,False,False,2024-06-04,2026-06-03,2027-09-01,True,True,2,1,0,1,True,True,True,False,True,455.0,False,False,False,False,False,False,False,False,False,False,False,0.0,0.0,False,False,False,False,False,False,False,False,0.0,True,True,True
CO1.PCCNTR.8440692,individual_professional_ai,False,False,False,False,False,2025-10-10,2025-12-31,2025-12-31,True,False,0,0,0,0,False,False,False,False,False,0.0,False,False,False,False,False,False,False,False,False,False,False,,,,,,,,,,,,,,
CO1.PCCNTR.9937889,unclear,True,False,False,True,True,2026-09-24,2026-12-31,2026-12-31,False,False,0,0,0,0,False,False,False,False,False,0.0,False,False,False,False,False,False,False,False,False,False,False,1.0,0.0,False,False,False,False,False,False,False,False,0.0,False,False,False
CO1.PCCNTR.7968241,individual_professional_ai,False,False,False,False,False,2025-06-13,2025-12-11,2025-12-11,True,True,0,0,0,0,False,False,False,False,False,0.0,False,False,False,False,False,False,False,False,False,False,False,,,,,,,,,,,,,,
CO1.PCCNTR.5986816,individual_professional_ai,False,False,False,False,False,2024-02-21,2025-01-01,2025-01-01,True,True,1,1,0,1,True,False,False,False,False,0.0,False,False,False,False,False,False,False,True,False,False,False,,,,,,,,,,,,,,
CO1.PCCNTR.8289739,ai_development_service,True,True,True,True,True,2025-09-05,2025-12-20,2025-12-20,True,True,1,1,0,1,True,False,False,False,False,0.0,False,False,False,False,False,False,False,True,False,False,False,6.0,0.0,False,False,False,False,False,False,False,False,0.0,True,False,False
CO1.PCCNTR.7189312,unclear,True,False,False,True,True,2024-12-31,2031-12-31,2031-12-31,False,True,0,0,0,0,False,False,False,False,False,0.0,False,False,False,False,False,False,False,False,False,False,False,0.0,0.0,False,False,False,False,False,False,False,False,0.0,True,True,True
CO1.PCCNTR.9304752,individual_professional_ai,False,False,False,False,False,2026-01-30,2027-01-01,2027-01-01,False,False,3,3,0,3,True,False,False,False,False,0.0,False,False,False,False,False,True,False,True,False,False,False,,,,,,,,,,,,,,
CO1.PCCNTR.9128966,individual_professional_ai,False,False,False,False,False,2026-01-25,2026-12-31,2026-12-31,False,False,0,0,0,0,False,False,False,False,False,0.0,False,False,False,False,False,False,False,False,False,False,False,,,,,,,,,,,,,,
CO1.PCCNTR.8156553,individual_professional_ai,False,False,False,False,False,2025-08-05,2026-01-01,2026-01-01,True,True,1,1,0,1,True,False,False,False,False,0.0,False,False,False,False,False,False,False,True,False,False,False,,,,,,,,,,,,,,
CO1.PCCNTR.7931786,individual_professional_ai,False,False,False,False,False,2025-05-30,2025-12-27,2025-12-27,True,True,1,1,1,0,False,False,False,False,False,0.0,False,False,False,False,False,False,False,False,False,False,False,,,,,,,,,,,,,,
CO1.PCCNTR.9258613,individual_professional_ai,False,False,False,False,False,2026-01-30,2026-12-31,2026-12-31,False,False,0,0,0,0,False,False,False,False,False,0.0,False,False,False,False,False,False,False,False,False,False,False,,,,,,,,,,,,,,
CO1.PCCNTR.9132279,individual_professional_ai,False,False,False,False,False,2026-01-28,2026-07-01,2026-07-01,True,False,2,2,1,1,True,False,False,False,False,0.0,False,False,False,False,False,False,False,True,False,False,False,,,,,,,,,,,,,,
CO1.PCCNTR.8352012,individual_professional_ai,False,False,False,False,False,2025-09-25,2025-12-31,2025-12-31,True,True,0,0,0,0,False,False,False,False,False,0.0,False,False,False,False,False,False,False,False,False,False,False,,,,,,,,,,,,,,
CO1.PCCNTR.6927267,ai_development_service,True,True,True,True,True,2024-10-22,2025-12-20,2026-12-01,True,True,2,1,0,1,True,True,True,False,True,346.0,False,False,False,False,False,False,False,False,False,False,False,0.0,1.0,True,True,False,False,True,True,False,False,0.0,True,True,True
CO1.PCCNTR.5315429,individual_professional_ai,False,False,False,False,False,2023-08-24,2024-01-01,2024-01-01,True,True,2,2,2,0,False,False,False,False,False,0.0,False,False,False,False,False,False,False,False,False,False,False,,,,,,,,,,,,,,
CO1.PCCNTR.8691409,individual_professional_ai,False,False,False,False,False,2025-12-10,2026-12-09,2026-12-09,False,False,1,1,1,0,False,False,False,False,False,0.0,False,False,False,False,False,False,False,False,False,False,False,,,,,,,,,,,,,,
CO1.PCCNTR.9145846,individual_professional_ai,False,False,False,False,False,2026-01-26,2026-11-04,2027-01-17,False,False,2,2,1,1,True,True,True,True,True,74.0,True,True,True,False,False,False,False,True,True,True,False,,,,,,,,,,,,,,
CO1.PCCNTR.8685308,ai_development_service,True,True,True,True,True,2025-12-10,2028-12-11,2028-12-11,False,False,0,0,0,0,False,False,False,False,False,0.0,False,False,False,False,False,False,False,False,False,False,False,5.0,1.0,True,True,True,True,True,True,False,True,1.0,False,False,False
CO1.PCCNTR.5996607,individual_professional_ai,False,False,False,False,False,2024-02-23,2024-06-22,2024-06-22,True,True,0,0,0,0,False,False,False,False,False,0.0,False,False,False,False,False,False,False,False,False,False,False,,,,,,,,,,,,,,
CO1.PCCNTR.5870297,ai_product_or_platform,True,True,True,True,True,2024-02-01,2025-01-01,2025-01-01,True,True,2,2,1,1,True,False,False,False,False,0.0,True,True,False,False,False,False,False,True,False,True,False,2.0,3.0,True,False,True,False,True,False,False,True,0.0,True,True,True
CO1.PCCNTR.7944439,individual_professional_ai,False,False,False,False,False,2025-06-04,2025-07-01,2025-07-01,True,True,1,1,0,1,True,False,False,False,False,0.0,False,False,False,False,False,False,False,True,False,False,False,,,,,,,,,,,,,,
CO1.PCCNTR.8773945,cloud_or_software_nonAI,True,False,True,False,True,2026-01-06,2026-12-31,2026-12-31,False,False,0,0,0,0,False,False,False,False,False,0.0,False,False,False,False,False,False,False,False,False,False,False,2.0,0.0,False,False,False,False,False,False,False,False,0.0,False,False,False
CO1.PCCNTR.8570451,incidental,True,False,False,False,False,2025-11-11,2025-11-28,2025-11-28,True,False,0,0,0,0,False,False,False,False,False,0.0,False,False,False,False,False,False,False,False,False,False,False,,,,,,,,,,,,,,
CO1.PCCNTR.8982527,incidental,False,False,False,False,False,2026-01-19,2026-12-30,2026-12-30,False,False,0,0,0,0,False,False,False,False,False,0.0,False,False,False,False,False,False,False,False,False,False,False,,,,,,,,,,,,,,
CO1.PCCNTR.7942119,incidental,False,False,False,False,False,2025-06-03,2025-12-31,2025-12-31,True,True,0,0,0,0,False,False,False,False,False,0.0,False,False,False,False,False,False,False,False,False,False,False,,,,,,,,,,,,,,
CO1.PCCNTR.5166219,ai_product_or_platform,True,True,True,True,True,2023-07-05,2023-12-01,2024-01-05,True,True,4,4,1,3,True,True,True,True,True,35.0,True,True,True,False,False,False,False,True,True,True,False,1.0,4.0,True,False,True,False,True,False,False,True,0.0,True,True,True
CO1.PCCNTR.8802496,individual_professional_ai,False,False,False,False,False,2026-01-09,2026-11-01,2026-11-01,False,False,1,1,0,1,True,False,False,False,False,0.0,False,False,False,False,False,False,False,True,False,False,False,,,,,,,,,,,,,,
CO1.PCCNTR.8453571,individual_professional_ai,False,False,False,False,False,2025-10-15,2026-10-14,2026-10-14,False,False,1,1,0,1,True,False,False,False,False,0.0,False,False,False,False,False,False,False,True,False,False,False,,,,,,,,,,,,,,
CO1.PCCNTR.7076121,ai_development_service,True,True,True,True,True,2024-11-28,2025-01-01,2025-01-01,True,True,1,1,1,0,False,False,False,False,False,0.0,False,False,False,False,False,False,False,False,False,False,False,1.0,1.0,True,False,True,False,True,False,False,True,0.0,True,True,True
CO1.PCCNTR.8564637,incidental,True,False,False,False,False,2025-11-07,2027-01-01,2027-01-01,False,False,1,1,0,1,True,False,False,False,False,0.0,False,False,False,False,False,False,False,True,False,False,False,,,,,,,,,,,,,,
CO1.PCCNTR.9020831,individual_professional_ai,False,False,False,False,False,2026-01-21,2026-12-26,2026-12-26,False,False,0,0,0,0,False,False,False,False,False,0.0,False,False,False,False,False,False,False,False,False,False,False,,,,,,,,,,,,,,
CO1.PCCNTR.9128994,individual_professional_ai,False,False,False,False,False,2026-01-25,2026-12-31,2026-12-31,False,False,0,0,0,0,False,False,False,False,False,0.0,False,False,False,False,False,False,False,False,False,False,False,,,,,,,,,,,,,,
CO1.PCCNTR.6590337,individual_professional_ai,False,False,False,False,False,2024-08-01,2024-12-31,2024-12-31,True,True,0,0,0,0,False,False,False,False,False,0.0,False,False,False,False,False,False,False,False,False,False,False,,,,,,,,,,,,,,
CO1.PCCNTR.6971675,incidental,True,False,False,False,False,2024-11-13,2024-12-29,2024-12-29,True,True,1,1,1,0,False,False,False,False,False,0.0,False,False,False,False,False,False,False,False,False,False,False,,,,,,,,,,,,,,
CO1.PCCNTR.6699438,individual_professional_ai,False,False,False,False,False,2024-08-30,2025-01-01,2025-01-01,True,True,2,2,1,1,True,False,False,False,False,0.0,False,False,False,False,False,True,False,True,False,False,False,,,,,,,,,,,,,,
CO1.PCCNTR.7073008,individual_professional_ai,False,False,False,False,False,2024-12-04,2024-12-27,2024-12-27,True,True,1,1,1,0,False,False,False,False,False,0.0,False,False,False,False,False,False,False,False,False,False,False,,,,,,,,,,,,,,
CO1.PCCNTR.8051529,incidental,False,False,False,False,False,2025-07-08,2025-09-04,2025-09-04,True,True,5,5,1,4,True,False,False,False,False,0.0,False,False,False,False,False,False,False,True,False,False,False,,,,,,,,,,,,,,
CO1.PCCNTR.9933820,unclear,True,False,False,True,True,2026-09-18,2026-12-31,2026-12-31,False,False,0,0,0,0,False,False,False,False,False,0.0,False,False,False,False,False,False,False,False,False,False,False,52.0,2.0,True,True,True,True,True,True,True,True,0.0,False,False,False
CO1.PCCNTR.4433021,individual_professional_ai,False,False,False,False,False,2023-01-20,2023-09-16,2023-12-01,True,True,3,2,1,1,True,True,True,False,True,76.0,False,False,False,False,False,False,False,True,True,False,False,,,,,,,,,,,,,,
CO1.PCCNTR.8729085,incidental,True,False,False,False,False,2025-12-23,2025-12-31,2026-02-01,True,False,1,1,0,1,True,True,True,True,True,32.0,False,False,False,False,False,False,False,True,True,False,False,,,,,,,,,,,,,,
CO1.PCCNTR.8670193,unclear,True,False,False,True,True,2025-12-05,2026-01-06,2026-01-06,True,False,2,2,2,0,False,False,False,False,False,0.0,False,False,False,False,False,False,False,False,False,False,False,2.0,0.0,False,False,False,False,False,False,False,False,0.0,False,False,False
CO1.PCCNTR.7489355,individual_professional_ai,False,False,False,False,False,2025-02-14,2026-01-01,2026-01-01,True,True,1,1,1,0,False,False,False,False,False,0.0,False,False,False,False,False,False,False,False,False,False,False,,,,,,,,,,,,,,
CO1.PCCNTR.5441320,individual_professional_ai,False,False,False,False,False,2023-10-06,2024-01-01,2024-01-01,True,True,1,1,1,0,False,False,False,False,False,0.0,False,False,False,False,False,False,False,False,False,False,False,,,,,,,,,,,,,,
CO1.PCCNTR.4574023,individual_professional_ai,False,False,False,False,False,2023-02-07,2023-07-31,2023-10-31,True,True,4,4,1,3,True,True,True,False,True,92.0,True,True,True,False,False,False,False,True,True,True,False,,,,,,,,,,,,,,
CO1.PCCNTR.8025772,individual_professional_ai,False,False,False,False,False,2025-06-27,2025-09-30,2025-09-30,True,True,0,0,0,0,False,False,False,False,False,0.0,False,False,False,False,False,False,False,False,False,False,False,,,,,,,,,,,,,,
CO1.PCCNTR.8696612,ai_product_or_platform,True,True,True,True,True,2025-12-11,2025-12-19,2025-12-19,True,False,0,0,0,0,False,False,False,False,False,0.0,False,False,False,False,False,False,False,False,False,False,False,1.0,0.0,False,False,False,False,False,False,False,False,0.0,False,False,False
CO1.PCCNTR.4569536,individual_professional_ai,False,False,False,False,False,2023-02-07,2023-08-31,2023-12-16,True,True,4,4,1,3,True,True,True,False,True,107.0,True,True,True,False,False,False,False,True,True,True,False,,,,,,,,,,,,,,
CO1.PCCNTR.5434496,individual_professional_ai,False,False,False,False,False,2023-10-04,2024-01-01,2024-01-01,True,True,3,2,0,2,True,False,False,False,False,0.0,False,False,False,False,False,False,False,True,False,False,False,,,,,,,,,,,,,,
CO1.PCCNTR.9123923,individual_professional_ai,False,False,False,False,False,2026-01-25,2026-07-30,2026-07-30,False,False,1,0,0,0,False,False,False,False,False,0.0,False,False,False,False,False,False,False,False,False,False,False,,,,,,,,,,,,,,
CO1.PCCNTR.8359637,individual_professional_ai,False,False,False,False,False,2025-09-24,2025-11-05,2025-11-05,True,True,0,0,0,0,False,False,False,False,False,0.0,False,False,False,False,False,False,False,False,False,False,False,,,,,,,,,,,,,,
CO1.PCCNTR.7580417,individual_professional_ai,False,False,False,False,False,2025-03-06,2025-10-08,2025-12-11,True,True,5,2,0,2,True,True,True,True,True,64.0,True,True,True,False,False,True,False,True,True,True,False,,,,,,,,,,,,,,
CO1.PCCNTR.7341370,individual_professional_ai,False,False,False,False,False,2025-01-27,2025-06-27,2025-06-27,True,True,1,1,1,0,False,False,False,False,False,0.0,False,False,False,False,False,False,False,False,False,False,False,,,,,,,,,,,,,,
CO1.PCCNTR.7507656,individual_professional_ai,False,False,False,False,False,2025-02-17,2025-12-31,2025-12-31,True,True,0,0,0,0,False,False,False,False,False,0.0,False,False,False,False,False,False,False,False,False,False,False,,,,,,,,,,,,,,
CO1.PCCNTR.6932081,individual_professional_ai,False,False,False,False,False,2024-10-22,2024-12-31,2024-12-31,True,True,0,0,0,0,False,False,False,False,False,0.0,False,False,False,False,False,False,False,False,False,False,False,,,,,,,,,,,,,,
CO1.PCCNTR.8983781,individual_professional_ai,False,False,False,False,False,2026-01-19,2026-12-31,2026-12-31,False,False,0,0,0,0,False,False,False,False,False,0.0,False,False,False,False,False,False,False,False,False,False,False,,,,,,,,,,,,,,
CO1.PCCNTR.9149193,ai_product_or_platform,True,True,True,True,True,2026-01-28,2026-12-31,2026-12-31,False,False,0,0,0,0,False,False,False,False,False,0.0,False,False,False,False,False,False,False,False,False,False,False,5.0,0.0,False,False,False,False,False,False,False,False,0.0,False,False,False
CO1.PCCNTR.5423868,ai_development_service,True,True,True,True,True,2023-09-29,2024-09-29,2025-07-11,True,True,4,3,0,3,True,True,True,False,True,285.0,False,False,False,False,False,False,False,True,True,False,False,0.0,13.0,True,False,True,False,True,False,False,True,9.0,True,True,True
CO1.PCCNTR.9129952,individual_professional_ai,False,False,False,False,False,2026-01-25,2026-12-31,2026-12-31,False,False,0,0,0,0,False,False,False,False,False,0.0,False,False,False,False,False,False,False,False,False,False,False,,,,,,,,,,,,,,
CO1.PCCNTR.9245415,individual_professional_ai,False,False,False,False,False,2026-01-30,2026-06-30,2026-06-30,True,False,4,2,2,0,False,False,False,False,False,0.0,False,False,False,False,False,False,False,False,False,False,False,,,,,,,,,,,,,,
CO1.PCCNTR.9184811,individual_professional_ai,False,False,False,False,False,2026-01-28,2026-08-01,2026-08-01,False,False,0,0,0,0,False,False,False,False,False,0.0,False,False,False,False,False,False,False,False,False,False,False,,,,,,,,,,,,,,
CO1.PCCNTR.6916180,incidental,True,False,False,False,False,2024-10-18,2024-12-16,2024-12-16,True,True,1,1,0,1,True,False,False,False,False,0.0,False,False,False,False,False,False,False,True,False,False,False,,,,,,,,,,,,,,
CO1.PCCNTR.8581036,ai_development_service,True,True,True,True,True,2025-11-13,2026-08-18,2026-12-18,False,False,1,1,0,1,True,True,True,True,True,122.0,False,False,False,False,False,False,False,True,True,False,False,0.0,0.0,False,False,False,False,False,False,False,False,0.0,False,False,False
CO1.PCCNTR.7937022,incidental,True,False,False,False,False,2025-06-05,2025-11-30,2025-11-30,True,True,0,0,0,0,False,False,False,False,False,0.0,False,False,False,False,False,False,False,False,False,False,False,,,,,,,,,,,,,,
CO1.PCCNTR.6403940,incidental,False,False,False,False,False,2024-06-05,2025-01-01,2025-01-01,True,True,1,1,1,0,False,False,False,False,False,0.0,False,False,False,False,False,False,True,False,False,False,False,,,,,,,,,,,,,,
CO1.PCCNTR.9771849,individual_professional_ai,False,False,False,False,False,2026-08-06,2026-12-31,2026-12-31,False,False,0,0,0,0,False,False,False,False,False,0.0,False,False,False,False,False,False,False,False,False,False,False,,,,,,,,,,,,,,
CO1.PCCNTR.5765687,individual_professional_ai,False,False,False,False,False,2024-01-18,2024-07-19,2024-07-19,True,True,1,1,1,0,False,False,False,False,False,0.0,False,False,False,False,False,False,False,False,False,False,False,,,,,,,,,,,,,,
CO1.PCCNTR.8226219,individual_professional_ai,False,False,False,False,False,2025-08-25,2025-12-15,2025-12-30,True,True,3,3,2,1,True,True,True,False,True,15.0,False,False,False,False,False,False,False,True,True,False,False,,,,,,,,,,,,,,
CO1.PCCNTR.8284213,individual_professional_ai,False,False,False,False,False,2025-09-04,2025-12-31,2025-12-31,True,True,1,1,0,1,True,False,False,False,False,0.0,False,False,False,False,False,False,False,True,False,False,False,,,,,,,,,,,,,,
CO1.PCCNTR.5570361,unclear,True,False,False,True,True,2023-11-21,2023-12-31,2023-12-31,True,True,0,0,0,0,False,False,False,False,False,0.0,False,False,False,False,False,False,False,False,False,False,False,0.0,0.0,False,False,False,False,False,False,False,False,0.0,True,True,True
CO1.PCCNTR.9725940,individual_professional_ai,False,False,False,False,False,2026-07-30,2026-12-31,2026-12-31,False,False,0,0,0,0,False,False,False,False,False,0.0,False,False,False,False,False,False,False,False,False,False,False,,,,,,,,,,,,,,
CO1.PCCNTR.8536420,individual_professional_ai,False,False,False,False,False,2025-11-04,2025-12-31,2025-12-31,True,False,0,0,0,0,False,False,False,False,False,0.0,False,False,False,False,False,False,False,False,False,False,False,,,,,,,,,,,,,,
CO1.PCCNTR.9918605,incidental,True,False,False,False,False,2026-09-08,2026-12-14,2026-12-14,False,False,0,0,0,0,False,False,False,False,False,0.0,False,False,False,False,False,False,False,False,False,False,False,,,,,,,,,,,,,,
CO1.PCCNTR.9857417,individual_professional_ai,False,False,False,False,False,2026-08-26,2026-12-12,2026-12-12,False,False,0,0,0,0,False,False,False,False,False,0.0,False,False,False,False,False,False,False,False,False,False,False,,,,,,,,,,,,,,
CO1.PCCNTR.7892042,individual_professional_ai,False,False,False,False,False,2025-05-19,2025-12-18,2025-12-18,True,True,1,1,0,1,True,False,False,False,False,0.0,False,False,False,False,False,False,True,True,False,False,False,,,,,,,,,,,,,,
CO1.PCCNTR.8581226,ai_product_or_platform,True,True,True,True,True,2025-11-14,2026-07-19,2026-07-19,False,False,0,0,0,0,False,False,False,False,False,0.0,False,False,False,False,False,False,False,False,False,False,False,12.0,3.0,True,True,True,True,True,True,False,True,0.0,False,False,False
CO1.PCCNTR.8266732,incidental,True,False,False,False,False,2025-09-02,2025-11-08,2025-11-08,True,True,4,2,0,2,True,False,False,False,False,0.0,False,False,False,True,True,False,False,True,False,False,True,,,,,,,,,,,,,,
CO1.PCCNTR.6359105,individual_professional_ai,False,False,False,False,False,2024-05-29,2024-10-05,2024-10-05,True,True,2,2,2,0,False,False,False,False,False,0.0,False,False,False,False,False,False,False,False,False,False,False,,,,,,,,,,,,,,
CO1.PCCNTR.7903483,individual_professional_ai,False,False,False,False,False,2025-05-23,2025-12-27,2025-12-27,True,True,1,0,0,0,False,False,False,False,False,0.0,False,False,False,False,False,False,False,False,False,False,False,,,,,,,,,,,,,,
CO1.PCCNTR.7423901,individual_professional_ai,False,False,False,False,False,2025-02-06,2025-10-07,2026-01-01,True,True,2,2,1,1,True,True,True,True,True,86.0,True,True,False,False,False,False,False,True,True,True,False,,,,,,,,,,,,,,
CO1.PCCNTR.8797043,ai_product_or_platform,True,True,True,True,True,2026-01-09,2026-05-30,2026-10-01,True,False,3,3,1,2,True,True,True,True,True,124.0,True,True,True,False,False,False,False,True,True,True,False,6.0,0.0,False,False,False,False,False,False,False,False,0.0,False,False,False
CO1.PCCNTR.8403175,individual_professional_ai,False,False,False,False,False,2025-10-02,2025-12-23,2025-12-23,True,False,1,1,1,0,False,False,False,False,False,0.0,False,False,False,False,False,False,False,False,False,False,False,,,,,,,,,,,,,,
CO1.PCCNTR.9189020,individual_professional_ai,False,False,False,False,False,2026-01-28,2026-07-27,2026-07-27,False,False,1,0,0,0,False,False,False,False,False,0.0,False,False,False,False,False,False,False,False,False,False,False,,,,,,,,,,,,,,
CO1.PCCNTR.8517066,individual_professional_ai,False,False,False,False,False,2025-11-05,2026-07-31,2026-07-31,False,False,0,0,0,0,False,False,False,False,False,0.0,False,False,False,False,False,False,False,False,False,False,False,,,,,,,,,,,,,,
CO1.PCCNTR.9825283,incidental,True,False,False,False,False,2026-08-18,2026-10-30,2026-10-30,False,False,0,0,0,0,False,False,False,False,False,0.0,False,False,False,False,False,False,False,False,False,False,False,,,,,,,,,,,,,,
CO1.PCCNTR.9055529,incidental,False,False,False,False,False,2026-01-22,2026-03-20,2026-04-18,True,False,1,1,0,1,True,True,True,True,True,29.0,True,True,True,False,False,False,False,True,True,True,False,,,,,,,,,,,,,,
CO1.PCCNTR.9249490,ai_product_or_platform,True,True,True,True,True,2026-01-30,2027-01-01,2027-01-01,False,False,1,1,0,1,True,False,False,False,False,0.0,False,False,False,False,False,False,False,True,False,False,False,2.0,0.0,False,False,False,False,False,False,False,False,0.0,False,False,False
CO1.PCCNTR.9069023,individual_professional_ai,False,False,False,False,False,2026-01-28,2026-12-31,2026-12-31,False,False,5,4,2,2,True,False,False,False,False,0.0,True,True,False,False,False,False,True,True,False,True,False,,,,,,,,,,,,,,
CO1.PCCNTR.7280120,individual_professional_ai,False,False,False,False,False,2025-01-22,2025-12-01,2026-01-01,True,True,1,1,0,1,True,True,True,False,True,31.0,False,False,False,False,False,False,False,True,True,False,False,,,,,,,,,,,,,,
CO1.PCCNTR.8854090,individual_professional_ai,False,False,False,False,False,2026-01-13,2026-10-20,2026-10-29,False,False,1,1,1,0,False,False,False,False,False,9.0,False,False,False,False,False,False,False,False,False,False,False,,,,,,,,,,,,,,
CO1.PCCNTR.9893176,incidental,True,False,False,False,False,2026-09-03,2026-12-15,2026-12-15,False,False,0,0,0,0,False,False,False,False,False,0.0,False,False,False,False,False,False,False,False,False,False,False,,,,,,,,,,,,,,
CO1.PCCNTR.8150704,individual_professional_ai,False,False,False,False,False,2025-08-01,2025-12-13,2025-12-13,True,True,2,2,1,1,True,False,False,False,False,0.0,False,False,False,False,False,True,False,True,False,False,False,,,,,,,,,,,,,,
CO1.PCCNTR.5328036,individual_professional_ai,False,False,False,False,False,2023-08-25,2023-12-31,2024-01-16,True,True,1,1,0,1,True,True,True,True,True,16.0,True,True,False,False,False,False,False,True,True,True,False,,,,,,,,,,,,,,
CO1.PCCNTR.8341174,individual_professional_ai,False,False,False,False,False,2025-09-19,2025-10-31,2025-10-31,True,True,0,0,0,0,False,False,False,False,False,0.0,False,False,False,False,False,False,False,False,False,False,False,,,,,,,,,,,,,,
CO1.PCCNTR.8121227,ai_development_service,True,True,True,True,True,2025-07-24,2025-08-03,2026-07-01,True,True,2,2,0,2,True,True,True,True,True,332.0,True,True,True,False,False,False,False,True,True,True,False,2.0,0.0,False,False,False,False,False,False,False,False,0.0,True,False,False
CO1.PCCNTR.8188293,incidental,True,False,False,False,False,2025-08-13,2025-09-15,2025-09-15,True,True,2,0,0,0,False,False,False,False,False,0.0,False,False,False,False,False,False,False,False,False,False,False,,,,,,,,,,,,,,
CO1.PCCNTR.6048987,individual_professional_ai,False,False,False,False,False,2024-03-06,2024-07-10,2024-07-10,True,True,2,2,1,1,True,False,False,False,False,0.0,False,False,False,False,False,False,False,True,False,False,False,,,,,,,,,,,,,,
CO1.PCCNTR.8043401,unclear,True,False,False,True,True,2025-07-08,2025-10-09,2025-10-09,True,True,0,0,0,0,False,False,False,False,False,0.0,False,False,False,False,False,False,False,False,False,False,False,1.0,0.0,False,False,False,False,False,False,False,False,0.0,True,False,False
CO1.PCCNTR.6601004,individual_professional_ai,False,False,False,False,False,2024-08-12,2024-12-27,2024-12-27,True,True,1,1,1,0,False,False,False,False,False,0.0,False,False,False,False,False,False,False,False,False,False,False,,,,,,,,,,,,,,
CO1.PCCNTR.8510222,ai_development_service,True,True,True,True,True,2025-10-29,2025-11-28,2025-11-28,True,False,0,0,0,0,False,False,False,False,False,0.0,False,False,False,False,False,False,False,False,False,False,False,0.0,0.0,False,False,False,False,False,False,False,False,0.0,False,False,False
CO1.PCCNTR.6594110,incidental,True,False,False,False,False,2024-08-01,2026-09-01,2027-01-01,False,True,2,2,0,2,True,True,True,True,True,122.0,True,False,True,False,False,False,False,True,True,False,False,,,,,,,,,,,,,,
CO1.PCCNTR.9191400,individual_professional_ai,False,False,False,False,False,2026-01-27,2026-12-31,2026-12-31,False,False,0,0,0,0,False,False,False,False,False,0.0,False,False,False,False,False,False,False,False,False,False,False,,,,,,,,,,,,,,
CO1.PCCNTR.9765888,individual_professional_ai,False,False,False,False,False,2026-08-05,2026-12-31,2026-12-31,False,False,0,0,0,0,False,False,False,False,False,0.0,False,False,False,False,False,False,False,False,False,False,False,,,,,,,,,,,,,,
CO1.PCCNTR.6385088,individual_professional_ai,False,False,False,False,False,2024-05-30,2024-12-31,2024-12-31,True,True,1,1,1,0,False,False,False,False,False,0.0,False,False,False,False,False,False,False,False,False,False,False,,,,,,,,,,,,,,
CO1.PCCNTR.6455023,individual_professional_ai,False,False,False,False,False,2024-06-21,2024-11-30,2024-11-30,True,True,1,1,1,0,False,False,False,False,False,0.0,False,False,False,False,False,False,False,False,False,False,False,,,,,,,,,,,,,,
CO1.PCCNTR.6720414,unclear,True,False,False,True,True,2024-09-04,2025-02-04,2025-02-04,True,True,3,2,2,0,False,False,False,False,False,0.0,False,False,False,False,False,False,False,False,False,False,False,0.0,1.0,True,True,True,True,True,True,True,True,0.0,True,True,True
CO1.PCCNTR.8899826,individual_professional_ai,False,False,False,False,False,2026-01-15,2026-12-31,2026-12-31,False,False,0,0,0,0,False,False,False,False,False,0.0,False,False,False,False,False,False,False,False,False,False,False,,,,,,,,,,,,,,
CO1.PCCNTR.9162209,individual_professional_ai,False,False,False,False,False,2026-01-27,2027-01-01,2027-01-01,False,False,1,1,0,1,True,False,False,False,False,0.0,False,False,False,False,False,True,False,True,False,False,False,,,,,,,,,,,,,,
CO1.PCCNTR.9562287,ai_product_or_platform,True,True,True,True,True,2026-06-12,2026-12-31,2026-12-31,False,False,0,0,0,0,False,False,False,False,False,0.0,False,False,False,False,False,False,False,False,False,False,False,0.0,0.0,False,False,False,False,False,False,False,False,0.0,False,False,False
CO1.PCCNTR.5119287,incidental,True,False,False,False,False,2023-06-23,2023-12-16,2023-12-16,True,True,3,2,2,0,False,False,False,False,False,0.0,False,False,False,False,False,False,False,False,False,False,False,,,,,,,,,,,,,,
CO1.PCCNTR.8355862,individual_professional_ai,False,False,False,False,False,2025-09-23,2025-11-22,2025-11-22,True,True,2,2,1,1,True,False,False,False,False,0.0,False,False,False,False,False,False,False,True,False,False,False,,,,,,,,,,,,,,
CO1.PCCNTR.6191584,incidental,True,False,False,False,False,2024-04-12,2024-07-16,2024-07-16,True,True,1,1,1,0,False,False,False,False,False,0.0,False,False,False,False,False,False,False,False,False,False,False,,,,,,,,,,,,,,
CO1.PCCNTR.9715062,incidental,True,False,False,False,False,2026-07-31,2026-11-30,2026-11-30,False,False,0,0,0,0,False,False,False,False,False,0.0,False,False,False,False,False,False,False,False,False,False,False,,,,,,,,,,,,,,
CO1.PCCNTR.8953186,individual_professional_ai,False,False,False,False,False,2026-01-17,2026-09-19,2027-01-01,False,False,2,1,0,1,True,True,True,True,True,104.0,True,True,True,False,False,False,False,True,True,True,False,,,,,,,,,,,,,,
CO1.PCCNTR.8631577,unclear,True,False,False,True,True,2025-11-26,2026-08-01,2026-11-01,False,False,1,1,0,1,True,True,True,True,True,92.0,True,True,True,False,False,False,False,True,True,True,False,6.0,1.0,True,True,True,True,True,True,True,True,0.0,False,False,False
CO1.PCCNTR.7309825,individual_professional_ai,False,False,False,False,False,2025-01-24,2025-12-01,2026-01-01,True,True,1,1,0,1,True,True,True,False,True,31.0,True,False,True,False,False,False,False,True,True,True,False,,,,,,,,,,,,,,
CO1.PCCNTR.7209732,individual_professional_ai,False,False,False,False,False,2025-01-09,2025-11-05,2025-11-05,True,True,1,1,0,1,True,False,False,False,False,0.0,False,False,False,False,False,False,False,True,False,False,False,,,,,,,,,,,,,,
CO1.PCCNTR.9792828,ai_development_service,True,True,True,True,True,2026-08-11,2026-12-31,2026-12-31,False,False,0,0,0,0,False,False,False,False,False,0.0,False,False,False,False,False,False,False,False,False,False,False,0.0,0.0,False,False,False,False,False,False,False,False,0.0,False,False,False
CO1.PCCNTR.4391708,individual_professional_ai,False,False,False,False,False,2023-01-12,2024-01-01,2024-01-01,True,True,5,5,1,4,True,False,False,False,False,0.0,False,False,False,True,True,False,False,True,False,False,True,,,,,,,,,,,,,,
CO1.PCCNTR.9719175,individual_professional_ai,False,False,False,False,False,2026-07-27,2026-12-30,2026-12-30,False,False,0,0,0,0,False,False,False,False,False,0.0,False,False,False,False,False,False,False,False,False,False,False,,,,,,,,,,,,,,
CO1.PCCNTR.7396688,individual_professional_ai,False,False,False,False,False,2025-02-03,2026-01-01,2026-01-01,True,True,1,1,1,0,False,False,False,False,False,0.0,False,False,False,False,False,False,False,False,False,False,False,,,,,,,,,,,,,,
CO1.PCCNTR.4542745,individual_professional_ai,False,False,False,False,False,2023-02-02,2024-01-01,2024-01-01,True,True,1,1,0,1,True,False,False,False,False,0.0,False,False,False,False,False,False,False,True,False,False,False,,,,,,,,,,,,,,
CO1.PCCNTR.8484906,ai_product_or_platform,True,True,True,True,True,2025-10-23,2026-01-01,2026-02-17,True,False,3,3,0,3,True,True,True,True,True,47.0,False,False,False,True,True,False,False,True,True,False,True,0.0,0.0,False,False,False,False,False,False,False,False,0.0,False,False,False
CO1.PCCNTR.9176000,individual_professional_ai,False,False,False,False,False,2026-01-27,2026-07-01,2026-07-01,True,False,3,2,1,1,True,False,False,False,False,0.0,False,False,False,False,False,False,False,True,False,False,False,,,,,,,,,,,,,,
CO1.PCCNTR.8899824,individual_professional_ai,False,False,False,False,False,2026-01-16,2026-11-01,2026-11-01,False,False,1,1,0,1,True,False,False,False,False,0.0,False,False,False,False,False,False,False,True,False,False,False,,,,,,,,,,,,,,
CO1.PCCNTR.9268560,individual_professional_ai,False,False,False,False,False,2026-01-30,2026-07-16,2026-07-16,False,False,0,0,0,0,False,False,False,False,False,0.0,False,False,False,False,False,False,False,False,False,False,False,,,,,,,,,,,,,,
CO1.PCCNTR.5728919,individual_professional_ai,False,False,False,False,False,2024-01-11,2024-12-28,2024-12-28,True,True,1,1,1,0,False,False,False,False,False,0.0,False,False,False,False,False,False,True,False,False,False,False,,,,,,,,,,,,,,
CO1.PCCNTR.6404553,individual_professional_ai,False,False,False,False,False,2024-06-05,2024-12-05,2024-12-05,True,True,1,0,0,0,False,False,False,False,False,0.0,False,False,False,False,False,False,False,False,False,False,False,,,,,,,,,,,,,,
CO1.PCCNTR.5904319,individual_professional_ai,False,False,False,False,False,2024-02-08,2025-01-01,2025-01-01,True,True,1,1,1,0,False,False,False,False,False,0.0,False,False,False,False,False,False,False,False,False,False,False,,,,,,,,,,,,,,
CO1.PCCNTR.9119288,individual_professional_ai,False,False,False,False,False,2026-01-24,2026-12-31,2026-12-31,False,False,0,0,0,0,False,False,False,False,False,0.0,False,False,False,False,False,False,False,False,False,False,False,,,,,,,,,,,,,,
CO1.PCCNTR.9219175,incidental,False,False,False,False,False,2026-01-29,2026-12-30,2026-12-30,False,False,0,0,0,0,False,False,False,False,False,0.0,False,False,False,False,False,False,False,False,False,False,False,,,,,,,,,,,,,,
CO1.PCCNTR.7881435,individual_professional_ai,False,False,False,False,False,2025-05-16,2025-07-30,2025-07-30,True,True,3,2,2,0,False,False,False,False,False,0.0,False,False,False,False,False,False,True,False,False,False,False,,,,,,,,,,,,,,
CO1.PCCNTR.8740612,incidental,True,False,False,False,False,2025-12-29,2025-12-31,2025-12-31,True,False,0,0,0,0,False,False,False,False,False,0.0,False,False,False,False,False,False,False,False,False,False,False,,,,,,,,,,,,,,
CO1.PCCNTR.8517315,individual_professional_ai,False,False,False,False,False,2025-11-06,2026-07-31,2026-07-31,False,False,0,0,0,0,False,False,False,False,False,0.0,False,False,False,False,False,False,False,False,False,False,False,,,,,,,,,,,,,,
CO1.PCCNTR.6480045,ai_product_or_platform,True,True,True,True,True,2024-06-28,2025-04-28,2025-09-01,True,True,2,2,0,2,True,True,True,False,True,126.0,True,False,True,False,False,False,False,True,True,True,False,6.0,2.0,True,False,False,False,True,False,False,False,0.0,True,True,True
CO1.PCCNTR.9086351,incidental,False,False,False,False,False,2026-01-23,2026-12-30,2026-12-30,False,False,0,0,0,0,False,False,False,False,False,0.0,False,False,False,False,False,False,False,False,False,False,False,,,,,,,,,,,,,,
CO1.PCCNTR.8806874,individual_professional_ai,False,False,False,False,False,2026-01-20,2026-12-22,2026-12-22,False,False,0,0,0,0,False,False,False,False,False,0.0,False,False,False,False,False,False,False,False,False,False,False,,,,,,,,,,,,,,
CO1.PCCNTR.9304598,individual_professional_ai,False,False,False,False,False,2026-01-30,2026-04-01,2026-04-01,True,False,0,0,0,0,False,False,False,False,False,0.0,False,False,False,False,False,False,False,False,False,False,False,,,,,,,,,,,,,,
CO1.PCCNTR.7062218,incidental,True,False,False,False,False,2024-11-27,2024-12-27,2024-12-27,True,True,1,1,1,0,False,False,False,False,False,0.0,False,False,False,False,False,False,False,False,False,False,False,,,,,,,,,,,,,,
CO1.PCCNTR.8257009,ai_development_service,True,True,True,True,True,2025-08-29,2025-12-01,2025-12-01,True,True,2,2,1,1,True,False,False,False,False,0.0,False,False,False,False,False,False,False,True,False,False,False,0.0,1.0,True,False,True,False,True,False,False,True,0.0,True,False,False
CO1.PCCNTR.8998946,individual_professional_ai,False,False,False,False,False,2026-01-20,2026-10-27,2026-10-27,False,False,1,1,0,1,True,False,False,False,False,0.0,False,False,False,False,False,True,False,True,False,False,False,,,,,,,,,,,,,,
CO1.PCCNTR.9922808,individual_professional_ai,False,False,False,False,False,2026-09-18,2026-10-29,2026-10-29,False,False,0,0,0,0,False,False,False,False,False,0.0,False,False,False,False,False,False,False,False,False,False,False,,,,,,,,,,,,,,
CO1.PCCNTR.9705237,ai_development_service,True,True,True,True,True,2026-07-23,2026-08-22,2026-08-22,False,False,0,0,0,0,False,False,False,False,False,0.0,False,False,False,False,False,False,False,False,False,False,False,0.0,0.0,False,False,False,False,False,False,False,False,0.0,False,False,False
CO1.PCCNTR.7826117,unclear,True,False,False,True,True,2025-05-08,2026-01-29,2026-05-23,True,True,1,1,0,1,True,True,True,True,True,114.0,False,False,False,False,False,False,False,True,True,False,False,12.0,8.0,True,True,True,True,True,True,True,True,1.0,True,False,False
CO1.PCCNTR.9085421,individual_professional_ai,False,False,False,False,False,2026-01-27,2026-08-24,2026-10-28,False,False,1,1,0,1,True,True,True,True,True,65.0,True,True,True,False,False,False,False,True,True,True,False,,,,,,,,,,,,,,
CO1.PCCNTR.5286300,individual_professional_ai,False,False,False,False,False,2023-08-10,2024-01-01,2024-01-01,True,True,1,1,1,0,False,False,False,False,False,0.0,False,False,False,False,False,False,False,False,False,False,False,,,,,,,,,,,,,,
CO1.PCCNTR.7896089,individual_professional_ai,False,False,False,False,False,2025-05-20,2025-11-20,2025-12-30,True,True,2,2,1,1,True,True,True,True,True,40.0,True,True,False,False,False,False,False,True,True,True,False,,,,,,,,,,,,,,
CO1.PCCNTR.8895104,individual_professional_ai,False,False,False,False,False,2026-01-16,2026-12-16,2026-12-16,False,False,0,0,0,0,False,False,False,False,False,0.0,False,False,False,False,False,False,False,False,False,False,False,,,,,,,,,,,,,,
CO1.PCCNTR.7977144,individual_professional_ai,False,False,False,False,False,2025-06-13,2025-12-16,2025-12-16,True,True,0,0,0,0,False,False,False,False,False,0.0,False,False,False,False,False,False,False,False,False,False,False,,,,,,,,,,,,,,
CO1.PCCNTR.6617836,individual_professional_ai,False,False,False,False,False,2024-08-20,2025-01-15,2025-01-15,True,True,3,2,1,1,True,False,False,False,False,0.0,False,False,False,True,True,False,False,True,False,False,True,,,,,,,,,,,,,,
CO1.PCCNTR.8945198,individual_professional_ai,False,False,False,False,False,2026-01-19,2026-07-30,2026-07-30,False,False,0,0,0,0,False,False,False,False,False,0.0,False,False,False,False,False,False,False,False,False,False,False,,,,,,,,,,,,,,
CO1.PCCNTR.9252058,incidental,True,False,False,False,False,2026-01-29,2026-06-30,2026-06-30,True,False,0,0,0,0,False,False,False,False,False,0.0,False,False,False,False,False,False,False,False,False,False,False,,,,,,,,,,,,,,
CO1.PCCNTR.8193521,incidental,False,False,False,False,False,2025-08-14,2025-12-13,2025-12-13,True,True,0,0,0,0,False,False,False,False,False,0.0,False,False,False,False,False,False,False,False,False,False,False,,,,,,,,,,,,,,
CO1.PCCNTR.8305028,incidental,True,False,False,False,False,2025-09-09,2025-12-10,2025-12-10,True,True,1,1,1,0,False,False,False,False,False,0.0,False,False,False,False,False,False,False,False,False,False,False,,,,,,,,,,,,,,
CO1.PCCNTR.8132922,incidental,True,False,False,False,False,2025-08-08,2025-08-29,2025-08-29,True,True,2,2,2,0,False,False,False,False,False,0.0,False,False,False,False,False,False,False,False,False,False,False,,,,,,,,,,,,,,
CO1.PCCNTR.6944153,incidental,True,False,False,False,False,2024-10-25,2024-12-15,2024-12-15,True,True,0,0,0,0,False,False,False,False,False,0.0,False,False,False,False,False,False,False,False,False,False,False,,,,,,,,,,,,,,
CO1.PCCNTR.9261364,individual_professional_ai,False,False,False,False,False,2026-01-30,2026-07-29,2026-07-29,False,False,0,0,0,0,False,False,False,False,False,0.0,False,False,False,False,False,False,False,False,False,False,False,,,,,,,,,,,,,,
CO1.PCCNTR.7975035,individual_professional_ai,False,False,False,False,False,2025-06-12,2025-12-31,2025-12-31,True,True,0,0,0,0,False,False,False,False,False,0.0,False,False,False,False,False,False,False,False,False,False,False,,,,,,,,,,,,,,
CO1.PCCNTR.9139814,individual_professional_ai,False,False,False,False,False,2026-01-25,2026-12-31,2026-12-31,False,False,0,0,0,0,False,False,False,False,False,0.0,False,False,False,False,False,False,False,False,False,False,False,,,,,,,,,,,,,,
CO1.PCCNTR.9065196,individual_professional_ai,False,False,False,False,False,2026-01-24,2026-08-25,2026-08-25,False,False,0,0,0,0,False,False,False,False,False,0.0,False,False,False,False,False,False,False,False,False,False,False,,,,,,,,,,,,,,
CO1.PCCNTR.9059166,incidental,False,False,False,False,False,2026-01-22,2026-03-20,2026-04-15,True,False,2,1,0,1,True,True,True,True,True,26.0,True,True,True,False,False,False,False,True,True,True,False,,,,,,,,,,,,,,
CO1.PCCNTR.8594018,individual_professional_ai,False,False,False,False,False,2025-11-14,2025-11-30,2025-11-30,True,False,0,0,0,0,False,False,False,False,False,0.0,False,False,False,False,False,False,False,False,False,False,False,,,,,,,,,,,,,,
CO1.PCCNTR.5942743,individual_professional_ai,False,False,False,False,False,2024-02-15,2024-08-19,2024-08-19,True,True,2,2,1,1,True,False,False,False,False,0.0,False,False,False,False,False,False,False,True,False,False,False,,,,,,,,,,,,,,
CO1.PCCNTR.9675107,ai_product_or_platform,True,True,True,True,True,2026-07-24,2026-12-31,2026-12-31,False,False,0,0,0,0,False,False,False,False,False,0.0,False,False,False,False,False,False,False,False,False,False,False,0.0,0.0,False,False,False,False,False,False,False,False,0.0,False,False,False
CO1.PCCNTR.7698619,individual_professional_ai,False,False,False,False,False,2025-03-27,2025-08-01,2025-08-01,True,True,0,0,0,0,False,False,False,False,False,0.0,False,False,False,False,False,False,False,False,False,False,False,,,,,,,,,,,,,,
CO1.PCCNTR.7545543,individual_professional_ai,False,False,False,False,False,2025-02-24,2025-12-31,2025-12-31,True,True,0,0,0,0,False,False,False,False,False,0.0,False,False,False,False,False,False,False,False,False,False,False,,,,,,,,,,,,,,
CO1.PCCNTR.6776698,individual_professional_ai,False,False,False,False,False,2024-09-18,2024-12-20,2025-01-01,True,True,2,2,1,1,True,True,True,True,True,12.0,True,True,False,False,False,False,False,True,True,True,False,,,,,,,,,,,,,,
CO1.PCCNTR.6377449,individual_professional_ai,False,False,False,False,False,2024-05-29,2025-03-05,2025-03-05,True,True,1,1,1,0,False,False,False,False,False,0.0,False,False,False,False,False,False,False,False,False,False,False,,,,,,,,,,,,,,
CO1.PCCNTR.8142578,individual_professional_ai,False,False,False,False,False,2025-07-31,2025-12-15,2025-12-30,True,True,3,3,2,1,True,True,True,False,True,15.0,False,False,False,False,False,False,False,True,True,False,False,,,,,,,,,,,,,,
CO1.PCCNTR.6953440,ai_development_service,True,True,True,True,True,2024-10-25,2024-12-30,2024-12-30,True,True,2,1,0,1,True,False,False,False,False,0.0,False,False,False,False,False,False,False,True,False,False,False,0.0,0.0,False,False,False,False,False,False,False,False,0.0,True,True,True
CO1.PCCNTR.7673078,individual_professional_ai,False,False,False,False,False,2025-03-20,2025-12-31,2025-12-31,True,True,1,1,0,1,True,False,False,False,False,0.0,False,False,False,False,False,False,False,True,False,False,False,,,,,,,,,,,,,,
CO1.PCCNTR.6594914,individual_professional_ai,False,False,False,False,False,2024-08-01,2024-12-30,2024-12-30,True,True,1,1,1,0,False,False,False,False,False,0.0,False,False,False,False,False,False,False,False,False,False,False,,,,,,,,,,,,,,
CO1.PCCNTR.9680441,incidental,True,False,False,False,False,2026-07-17,2026-08-27,2026-08-27,False,False,0,0,0,0,False,False,False,False,False,0.0,False,False,False,False,False,False,False,False,False,False,False,,,,,,,,,,,,,,
CO1.PCCNTR.6478826,individual_professional_ai,False,False,False,False,False,2024-06-28,2024-12-31,2024-12-31,True,True,1,0,0,0,False,False,False,False,False,0.0,False,False,False,False,False,False,False,False,False,False,False,,,,,,,,,,,,,,
CO1.PCCNTR.8309060,unclear,True,False,False,False,False,2025-09-22,2026-12-31,2026-12-31,False,True,0,0,0,0,False,False,False,False,False,0.0,False,False,False,False,False,False,False,False,False,False,False,4.0,0.0,False,False,False,False,False,False,False,False,0.0,True,False,False
CO1.PCCNTR.6475838,ai_product_or_platform,True,True,True,True,True,2024-06-28,2025-01-01,2025-01-01,True,True,2,2,0,2,True,False,False,False,False,0.0,False,False,False,False,False,False,False,True,False,False,False,0.0,1.0,True,True,True,True,True,True,False,True,0.0,True,True,True
CO1.PCCNTR.7037705,ai_product_or_platform,True,True,True,True,True,2024-11-19,2025-01-01,2025-01-01,True,True,1,1,1,0,False,False,False,False,False,0.0,False,False,False,False,False,False,False,False,False,False,False,0.0,0.0,False,False,False,False,False,False,False,False,0.0,True,True,True
CO1.PCCNTR.6492276,individual_professional_ai,False,False,False,False,False,2024-08-16,2024-12-26,2024-12-26,True,True,1,1,1,0,False,False,False,False,False,0.0,False,False,False,False,False,False,False,False,False,False,False,,,,,,,,,,,,,,
CO1.PCCNTR.9770309,individual_professional_ai,False,False,False,False,False,2026-08-05,2026-12-31,2026-12-31,False,False,0,0,0,0,False,False,False,False,False,0.0,False,False,False,False,False,False,False,False,False,False,False,,,,,,,,,,,,,,
CO1.PCCNTR.7234571,individual_professional_ai,False,False,False,False,False,2025-01-14,2026-01-01,2026-01-01,True,True,1,1,1,0,False,False,False,False,False,0.0,False,False,False,False,False,False,False,False,False,False,False,,,,,,,,,,,,,,
CO1.PCCNTR.8606936,ai_development_service,True,True,True,True,True,2025-11-21,2025-08-01,2026-04-01,True,False,3,3,1,2,True,True,True,True,True,243.0,False,False,False,False,False,False,False,True,True,False,False,0.0,0.0,False,False,False,False,False,False,False,False,0.0,False,False,False
CO1.PCCNTR.7335105,individual_professional_ai,False,False,False,False,False,2025-01-27,2025-12-28,2025-12-28,True,True,0,0,0,0,False,False,False,False,False,0.0,False,False,False,False,False,False,False,False,False,False,False,,,,,,,,,,,,,,
CO1.PCCNTR.8896282,individual_professional_ai,False,False,False,False,False,2026-01-15,2026-12-31,2026-12-31,False,False,0,0,0,0,False,False,False,False,False,0.0,False,False,False,False,False,False,False,False,False,False,False,,,,,,,,,,,,,,
CO1.PCCNTR.7205039,individual_professional_ai,False,False,False,False,False,2025-01-10,2025-12-01,2026-01-01,True,True,1,1,0,1,True,True,True,True,True,31.0,True,True,False,False,False,False,False,True,True,True,False,,,,,,,,,,,,,,
CO1.PCCNTR.7641399,incidental,True,False,False,False,False,2025-03-13,2025-04-18,2025-04-18,True,True,0,0,0,0,False,False,False,False,False,0.0,False,False,False,False,False,False,False,False,False,False,False,,,,,,,,,,,,,,
CO1.PCCNTR.9922584,individual_professional_ai,False,False,False,False,False,2026-09-15,2026-10-21,2026-10-21,False,False,0,0,0,0,False,False,False,False,False,0.0,False,False,False,False,False,False,False,False,False,False,False,,,,,,,,,,,,,,
CO1.PCCNTR.6645319,individual_professional_ai,False,False,False,False,False,2024-08-15,2024-12-30,2024-12-30,True,True,2,2,1,1,True,False,False,False,False,0.0,False,False,False,False,False,False,False,True,False,False,False,,,,,,,,,,,,,,
CO1.PCCNTR.7293096,individual_professional_ai,False,False,False,False,False,2025-01-22,2026-01-01,2026-01-01,True,True,1,1,1,0,False,False,False,False,False,0.0,False,False,False,False,False,False,False,False,False,False,False,,,,,,,,,,,,,,
CO1.PCCNTR.4545618,individual_professional_ai,False,False,False,False,False,2023-02-02,2023-10-15,2023-12-16,True,True,3,3,1,2,True,True,True,True,True,62.0,True,True,False,False,False,False,False,True,True,True,False,,,,,,,,,,,,,,
CO1.PCCNTR.6958690,incidental,False,False,False,False,False,2024-11-05,2024-12-27,2024-12-27,True,True,1,1,1,0,False,False,False,False,False,0.0,False,False,False,False,False,False,False,False,False,False,False,,,,,,,,,,,,,,
CO1.PCCNTR.8918963,individual_professional_ai,False,False,False,False,False,2026-01-16,2026-12-31,2026-12-31,False,False,0,0,0,0,False,False,False,False,False,0.0,False,False,False,False,False,False,False,False,False,False,False,,,,,,,,,,,,,,
CO1.PCCNTR.7489052,individual_professional_ai,False,False,False,False,False,2025-02-14,2025-12-31,2025-12-31,True,True,0,0,0,0,False,False,False,False,False,0.0,False,False,False,False,False,False,False,False,False,False,False,,,,,,,,,,,,,,
CO1.PCCNTR.6084251,individual_professional_ai,False,False,False,False,False,2024-03-14,2025-03-17,2025-03-17,True,True,1,1,1,0,False,False,False,False,False,0.0,False,False,False,False,False,False,False,False,False,False,False,,,,,,,,,,,,,,
CO1.PCCNTR.8887005,individual_professional_ai,False,False,False,False,False,2026-01-15,2026-12-30,2026-12-30,False,False,0,0,0,0,False,False,False,False,False,0.0,False,False,False,False,False,False,False,False,False,False,False,,,,,,,,,,,,,,
CO1.PCCNTR.9156485,individual_professional_ai,False,False,False,False,False,2026-01-27,2026-12-30,2026-12-30,False,False,0,0,0,0,False,False,False,False,False,0.0,False,False,False,False,False,False,False,False,False,False,False,,,,,,,,,,,,,,
CO1.PCCNTR.9928393,ai_product_or_platform,True,True,True,True,True,2026-09-11,2026-10-16,2026-10-16,False,False,0,0,0,0,False,False,False,False,False,0.0,False,False,False,False,False,False,False,False,False,False,False,1.0,0.0,False,False,False,False,False,False,False,False,0.0,False,False,False
CO1.PCCNTR.6401081,individual_professional_ai,False,False,False,False,False,2024-06-07,2025-01-01,2025-01-01,True,True,1,1,1,0,False,False,False,False,False,0.0,False,False,False,False,False,False,False,False,False,False,False,,,,,,,,,,,,,,
CO1.PCCNTR.9826380,individual_professional_ai,False,False,False,False,False,2026-08-19,2026-12-11,2026-12-11,False,False,0,0,0,0,False,False,False,False,False,0.0,False,False,False,False,False,False,False,False,False,False,False,,,,,,,,,,,,,,
CO1.PCCNTR.8520398,ai_development_service,True,True,True,True,True,2025-10-31,2025-12-15,2025-12-15,True,False,0,0,0,0,False,False,False,False,False,0.0,False,False,False,False,False,False,False,False,False,False,False,0.0,1.0,True,True,True,True,True,True,True,True,0.0,False,False,False
CO1.PCCNTR.7313035,incidental,False,False,False,False,False,2025-01-25,2025-12-01,2026-01-01,True,True,1,1,0,1,True,True,True,False,True,31.0,False,False,False,False,False,False,False,True,True,False,False,,,,,,,,,,,,,,
CO1.PCCNTR.8502314,individual_professional_ai,False,False,False,False,False,2025-10-27,2025-11-03,2025-11-03,True,False,0,0,0,0,False,False,False,False,False,0.0,False,False,False,False,False,False,False,False,False,False,False,,,,,,,,,,,,,,
CO1.PCCNTR.9011274,individual_professional_ai,False,False,False,False,False,2026-01-22,2026-12-31,2026-12-31,False,False,0,0,0,0,False,False,False,False,False,0.0,False,False,False,False,False,False,False,False,False,False,False,,,,,,,,,,,,,,
CO1.PCCNTR.8143797,individual_professional_ai,False,False,False,False,False,2025-09-24,2025-09-30,2025-09-30,True,True,1,0,0,0,False,False,False,False,False,0.0,False,False,False,False,False,False,False,False,False,False,False,,,,,,,,,,,,,,
CO1.PCCNTR.8335794,ai_development_service,True,True,True,True,True,2025-09-26,2025-12-31,2025-12-31,True,True,0,0,0,0,False,False,False,False,False,0.0,False,False,False,False,False,False,False,False,False,False,False,0.0,0.0,False,False,False,False,False,False,False,False,0.0,True,False,False
CO1.PCCNTR.9780834,individual_professional_ai,False,False,False,False,False,2026-08-06,2026-12-05,2026-12-05,False,False,0,0,0,0,False,False,False,False,False,0.0,False,False,False,False,False,False,False,False,False,False,False,,,,,,,,,,,,,,
CO1.PCCNTR.7766441,ai_development_service,True,True,True,True,True,2025-04-09,2026-01-01,2026-01-01,True,True,1,1,0,1,True,False,False,False,False,0.0,False,False,False,False,False,False,False,True,False,False,False,1.0,1.0,True,True,True,True,True,True,True,True,0.0,True,False,False
CO1.PCCNTR.7708646,individual_professional_ai,False,False,False,False,False,2025-03-27,2025-07-27,2025-07-27,True,True,0,0,0,0,False,False,False,False,False,0.0,False,False,False,False,False,False,False,False,False,False,False,,,,,,,,,,,,,,
CO1.PCCNTR.9262188,individual_professional_ai,False,False,False,False,False,2026-01-30,2027-01-01,2027-01-01,False,False,1,1,0,1,True,False,False,False,False,0.0,False,False,False,False,False,False,False,True,False,False,False,,,,,,,,,,,,,,
CO1.PCCNTR.6492473,individual_professional_ai,False,False,False,False,False,2024-07-03,2024-09-02,2024-09-02,True,True,2,2,2,0,False,False,False,False,False,0.0,False,False,False,False,False,False,True,False,False,False,False,,,,,,,,,,,,,,
CO1.PCCNTR.8836602,individual_professional_ai,False,False,False,False,False,2026-01-12,2026-10-28,2026-10-28,False,False,0,0,0,0,False,False,False,False,False,0.0,False,False,False,False,False,False,False,False,False,False,False,,,,,,,,,,,,,,
CO1.PCCNTR.9291015,incidental,True,False,False,False,False,2026-01-30,2026-08-15,2026-09-15,False,False,3,2,1,1,True,True,True,False,True,31.0,False,False,False,False,False,False,False,True,True,False,False,,,,,,,,,,,,,,
CO1.PCCNTR.7531105,individual_professional_ai,False,False,False,False,False,2025-03-03,2025-06-20,2025-12-31,True,True,3,2,1,1,True,True,True,True,True,194.0,True,True,False,False,False,False,False,True,True,True,False,,,,,,,,,,,,,,
CO1.PCCNTR.8340573,individual_professional_ai,False,False,False,False,False,2025-09-19,2026-01-01,2026-01-01,True,True,1,1,0,1,True,False,False,False,False,0.0,False,False,False,False,False,True,False,True,False,False,False,,,,,,,,,,,,,,
CO1.PCCNTR.9033829,individual_professional_ai,False,False,False,False,False,2026-01-21,2026-12-22,2026-12-22,False,False,1,1,0,1,True,False,False,False,False,0.0,False,False,False,False,False,False,False,True,False,False,False,,,,,,,,,,,,,,
CO1.PCCNTR.7873264,ai_product_or_platform,True,True,True,True,True,2025-05-15,2025-08-22,2025-08-22,True,True,1,1,1,0,False,False,False,False,False,0.0,False,False,False,False,False,False,False,False,False,False,False,0.0,0.0,False,False,False,False,False,False,False,False,0.0,True,False,False
CO1.PCCNTR.4578228,individual_professional_ai,False,False,False,False,False,2023-02-07,2023-04-07,2023-04-07,True,True,2,2,1,1,True,False,False,False,False,0.0,False,False,False,False,False,False,False,True,False,False,False,,,,,,,,,,,,,,
CO1.PCCNTR.7155629,ai_development_service,True,True,True,True,True,2024-12-19,2025-04-26,2025-04-26,True,True,0,0,0,0,False,False,False,False,False,0.0,False,False,False,False,False,False,False,False,False,False,False,7.0,0.0,False,False,False,False,False,False,False,False,0.0,True,True,True
CO1.PCCNTR.7437119,ai_product_or_platform,True,True,True,True,True,2025-02-07,2025-12-31,2025-12-31,True,True,0,0,0,0,False,False,False,False,False,0.0,False,False,False,False,False,False,False,False,False,False,False,6.0,1.0,True,True,True,True,True,True,True,True,0.0,True,True,False
CO1.PCCNTR.4583325,individual_professional_ai,False,False,False,False,False,2023-02-10,2023-08-01,2023-11-01,True,True,4,4,1,3,True,True,True,False,True,92.0,True,True,True,False,False,False,False,True,True,True,False,,,,,,,,,,,,,,
CO1.PCCNTR.9089130,individual_professional_ai,False,False,False,False,False,2026-01-24,2026-10-26,2026-10-26,False,False,0,0,0,0,False,False,False,False,False,0.0,False,False,False,False,False,False,False,False,False,False,False,,,,,,,,,,,,,,
CO1.PCCNTR.4551702,individual_professional_ai,False,False,False,False,False,2023-02-03,2023-10-14,2023-12-16,True,True,3,3,1,2,True,True,True,False,True,63.0,True,True,False,False,False,False,False,True,True,True,False,,,,,,,,,,,,,,
CO1.PCCNTR.8472553,individual_professional_ai,False,False,False,False,False,2025-10-21,2025-11-25,2025-11-25,True,False,0,0,0,0,False,False,False,False,False,0.0,False,False,False,False,False,False,False,False,False,False,False,,,,,,,,,,,,,,
CO1.PCCNTR.4551705,individual_professional_ai,False,False,False,False,False,2023-02-03,2023-10-14,2023-12-16,True,True,3,3,2,1,True,False,False,False,False,63.0,True,True,False,False,False,False,False,True,False,True,False,,,,,,,,,,,,,,
CO1.PCCNTR.9186184,individual_professional_ai,False,False,False,False,False,2026-01-28,2026-10-12,2027-01-17,False,False,1,1,0,1,True,True,True,True,True,97.0,True,True,True,False,False,False,False,True,True,True,False,,,,,,,,,,,,,,
CO1.PCCNTR.6178531,ai_development_service,True,True,True,True,True,2024-04-05,2024-07-31,2024-11-01,True,True,4,3,1,2,True,True,True,True,True,93.0,True,True,True,False,False,False,False,True,True,True,False,0.0,4.0,True,True,True,True,True,True,True,True,0.0,True,True,True
CO1.PCCNTR.6201801,ai_product_or_platform,True,True,True,True,True,2024-04-17,2024-05-03,2024-05-03,True,True,0,0,0,0,False,False,False,False,False,0.0,False,False,False,False,False,False,False,False,False,False,False,2.0,0.0,False,False,False,False,False,False,False,False,0.0,True,True,True
CO1.PCCNTR.7779264,incidental,True,False,False,False,False,2025-04-12,2028-04-11,2028-04-11,False,True,0,0,0,0,False,False,False,False,False,0.0,False,False,False,False,False,False,False,False,False,False,False,,,,,,,,,,,,,,
CO1.PCCNTR.5413860,individual_professional_ai,False,False,False,False,False,2023-10-02,2023-12-31,2023-12-31,True,True,0,0,0,0,False,False,False,False,False,0.0,False,False,False,False,False,False,False,False,False,False,False,,,,,,,,,,,,,,
CO1.PCCNTR.6606598,individual_professional_ai,False,False,False,False,False,2024-08-05,2025-01-01,2025-01-01,True,True,1,1,1,0,False,False,False,False,False,0.0,False,False,False,False,False,False,False,False,False,False,False,,,,,,,,,,,,,,
CO1.PCCNTR.9270109,individual_professional_ai,False,False,False,False,False,2026-01-30,2026-12-31,2026-12-31,False,False,0,0,0,0,False,False,False,False,False,0.0,False,False,False,False,False,False,False,False,False,False,False,,,,,,,,,,,,,,
CO1.PCCNTR.8039242,incidental,False,False,False,False,False,2025-07-02,2025-07-07,2025-07-07,True,True,1,1,1,0,False,False,False,False,False,0.0,False,False,False,False,False,False,False,False,False,False,False,,,,,,,,,,,,,,
CO1.PCCNTR.7593725,individual_professional_ai,False,False,False,False,False,2025-03-03,2025-12-31,2025-12-31,True,True,1,1,1,0,False,False,False,False,False,0.0,False,False,False,False,False,False,False,False,False,False,False,,,,,,,,,,,,,,
CO1.PCCNTR.8840887,individual_professional_ai,False,False,False,False,False,2026-01-13,2026-09-18,2026-09-18,False,False,0,0,0,0,False,False,False,False,False,0.0,False,False,False,False,False,False,False,False,False,False,False,,,,,,,,,,,,,,
CO1.PCCNTR.8268347,ai_development_service,True,True,True,True,True,2025-09-02,2025-10-04,2026-03-31,True,True,3,3,1,2,True,True,True,True,True,178.0,False,False,False,False,False,False,False,True,True,False,False,2.0,0.0,False,False,False,False,False,False,False,False,0.0,True,False,False
CO1.PCCNTR.8190564,unclear,True,False,False,True,True,2025-08-13,2025-12-20,2025-12-20,True,True,1,1,0,1,True,False,False,False,False,0.0,True,True,False,False,False,False,False,True,False,True,False,1.0,1.0,True,True,True,True,True,True,True,True,0.0,True,False,False
CO1.PCCNTR.8461721,unclear,True,False,False,True,True,2025-10-24,2026-01-29,2026-01-29,True,False,1,1,1,0,False,False,False,False,False,0.0,False,False,False,False,False,False,False,False,False,False,False,4.0,0.0,False,False,False,False,False,False,False,False,0.0,False,False,False
CO1.PCCNTR.8985530,individual_professional_ai,False,False,False,False,False,2026-01-22,2026-07-22,2026-07-22,False,False,0,0,0,0,False,False,False,False,False,0.0,False,False,False,False,False,False,False,False,False,False,False,,,,,,,,,,,,,,
CO1.PCCNTR.9063484,individual_professional_ai,False,False,False,False,False,2026-01-27,2026-12-31,2026-12-31,False,False,0,0,0,0,False,False,False,False,False,0.0,False,False,False,False,False,False,False,False,False,False,False,,,,,,,,,,,,,,
CO1.PCCNTR.9259151,individual_professional_ai,False,False,False,False,False,2026-01-30,2026-05-14,2026-05-14,True,False,0,0,0,0,False,False,False,False,False,0.0,False,False,False,False,False,False,False,False,False,False,False,,,,,,,,,,,,,,
CO1.PCCNTR.6446111,individual_professional_ai,False,False,False,False,False,2024-06-19,2024-12-14,2024-12-14,True,True,1,1,0,1,True,False,False,False,False,0.0,False,False,False,False,False,False,False,True,False,False,False,,,,,,,,,,,,,,
CO1.PCCNTR.8350103,individual_professional_ai,False,False,False,False,False,2025-09-20,2025-12-10,2025-12-10,True,True,0,0,0,0,False,False,False,False,False,0.0,False,False,False,False,False,False,False,False,False,False,False,,,,,,,,,,,,,,
CO1.PCCNTR.8337744,incidental,False,False,False,False,False,2025-09-17,2025-12-31,2025-12-31,True,True,0,0,0,0,False,False,False,False,False,0.0,False,False,False,False,False,False,False,False,False,False,False,,,,,,,,,,,,,,
CO1.PCCNTR.7310850,individual_professional_ai,False,False,False,False,False,2025-01-25,2025-12-01,2026-01-01,True,True,1,1,0,1,True,True,True,False,True,31.0,False,False,False,False,False,False,False,True,True,False,False,,,,,,,,,,,,,,
CO1.PCCNTR.7457680,individual_professional_ai,False,False,False,False,False,2025-02-12,2025-10-13,2026-01-01,True,True,4,4,2,2,True,True,True,False,True,80.0,False,False,False,False,False,False,False,True,True,False,False,,,,,,,,,,,,,,
CO1.PCCNTR.8168565,individual_professional_ai,False,False,False,False,False,2025-08-06,2025-12-13,2025-12-13,True,True,1,1,1,0,False,False,False,False,False,0.0,False,False,False,False,False,False,False,False,False,False,False,,,,,,,,,,,,,,
CO1.PCCNTR.7601277,individual_professional_ai,False,False,False,False,False,2025-03-10,2025-05-09,2025-05-09,True,True,0,0,0,0,False,False,False,False,False,0.0,False,False,False,False,False,False,False,False,False,False,False,,,,,,,,,,,,,,
CO1.PCCNTR.9719922,unclear,True,False,False,True,True,2026-07-28,2026-12-15,2026-12-15,False,False,0,0,0,0,False,False,False,False,False,0.0,False,False,False,False,False,False,False,False,False,False,False,0.0,1.0,True,True,True,True,True,True,True,True,0.0,False,False,False
CO1.PCCNTR.9605741,incidental,True,False,False,False,False,2026-07-03,2026-12-31,2026-12-31,False,False,0,0,0,0,False,False,False,False,False,0.0,False,False,False,False,False,False,False,False,False,False,False,,,,,,,,,,,,,,
CO1.PCCNTR.8204113,unclear,True,False,False,True,True,2025-08-15,2025-09-20,2025-09-20,True,True,0,0,0,0,False,False,False,False,False,0.0,False,False,False,False,False,False,False,False,False,False,False,18.0,11.0,True,True,True,True,True,True,True,True,1.0,True,False,False
CO1.PCCNTR.8361074,individual_professional_ai,False,False,False,False,False,2025-09-24,2025-12-31,2025-12-31,True,True,3,3,2,1,True,False,False,False,False,0.0,False,False,False,False,False,False,False,True,False,False,False,,,,,,,,,,,,,,
CO1.PCCNTR.7047594,ai_product_or_platform,True,True,True,True,True,2024-11-20,2024-12-30,2024-12-30,True,True,1,1,1,0,False,False,False,False,False,0.0,False,False,False,False,False,False,False,False,False,False,False,0.0,0.0,False,False,False,False,False,False,False,False,0.0,True,True,True
CO1.PCCNTR.8910507,individual_professional_ai,False,False,False,False,False,2026-01-19,2026-12-27,2026-12-27,False,False,0,0,0,0,False,False,False,False,False,0.0,False,False,False,False,False,False,False,False,False,False,False,,,,,,,,,,,,,,
CO1.PCCNTR.9124654,individual_professional_ai,False,False,False,False,False,2026-01-25,2026-03-14,2026-04-12,True,False,1,1,0,1,True,True,True,True,True,29.0,True,True,True,False,False,False,False,True,True,True,False,,,,,,,,,,,,,,
CO1.PCCNTR.9074888,individual_professional_ai,False,False,False,False,False,2026-01-23,2027-01-01,2027-01-01,False,False,1,1,0,1,True,False,False,False,False,0.0,False,False,False,False,False,False,False,True,False,False,False,,,,,,,,,,,,,,
CO1.PCCNTR.9081214,individual_professional_ai,False,False,False,False,False,2026-01-23,2027-01-01,2027-01-01,False,False,2,2,0,2,True,False,False,False,False,0.0,False,False,False,False,False,False,False,True,False,False,False,,,,,,,,,,,,,,
CO1.PCCNTR.9981535,individual_professional_ai,False,False,False,False,False,2026-09-23,2026-12-22,2026-12-22,False,False,0,0,0,0,False,False,False,False,False,0.0,False,False,False,False,False,False,False,False,False,False,False,,,,,,,,,,,,,,
CO1.PCCNTR.5744775,individual_professional_ai,False,False,False,False,False,2024-01-17,2024-12-31,2024-12-31,True,True,1,1,1,0,False,False,False,False,False,0.0,False,False,False,False,False,False,False,False,False,False,False,,,,,,,,,,,,,,
CO1.PCCNTR.7597292,individual_professional_ai,False,False,False,False,False,2025-03-05,2026-01-01,2026-01-01,True,True,4,3,1,2,True,False,False,False,False,0.0,False,False,False,False,False,True,False,True,False,False,False,,,,,,,,,,,,,,
CO1.PCCNTR.7497493,individual_professional_ai,False,False,False,False,False,2025-02-17,2026-01-01,2026-01-01,True,True,1,1,1,0,False,False,False,False,False,0.0,False,False,False,False,False,False,False,False,False,False,False,,,,,,,,,,,,,,
CO1.PCCNTR.7525821,individual_professional_ai,False,False,False,False,False,2025-02-20,2025-12-29,2025-12-29,True,True,1,1,1,0,False,False,False,False,False,0.0,False,False,False,False,False,False,False,False,False,False,False,,,,,,,,,,,,,,
CO1.PCCNTR.9720626,ai_product_or_platform,True,True,True,True,True,2026-07-28,2026-12-30,2026-12-30,False,False,0,0,0,0,False,False,False,False,False,0.0,False,False,False,False,False,False,False,False,False,False,False,0.0,0.0,False,False,False,False,False,False,False,False,0.0,False,False,False
CO1.PCCNTR.7699371,individual_professional_ai,False,False,False,False,False,2025-03-31,2025-11-21,2025-11-30,True,True,5,5,2,3,True,True,True,True,True,9.0,False,False,False,False,False,False,False,True,True,False,False,,,,,,,,,,,,,,
CO1.PCCNTR.9011608,individual_professional_ai,False,False,False,False,False,2026-01-25,2026-12-30,2026-12-30,False,False,0,0,0,0,False,False,False,False,False,0.0,False,False,False,False,False,False,False,False,False,False,False,,,,,,,,,,,,,,
CO1.PCCNTR.8472566,individual_professional_ai,False,False,False,False,False,2025-10-21,2025-11-25,2025-11-25,True,False,0,0,0,0,False,False,False,False,False,0.0,False,False,False,False,False,False,False,False,False,False,False,,,,,,,,,,,,,,
CO1.PCCNTR.6187756,individual_professional_ai,False,False,False,False,False,2024-04-09,2025-01-01,2025-01-01,True,True,2,2,1,1,True,False,False,False,False,0.0,False,False,False,False,False,False,False,True,False,False,False,,,,,,,,,,,,,,
CO1.PCCNTR.4908442,individual_professional_ai,False,False,False,False,False,2023-04-28,2023-12-16,2023-12-16,True,True,1,1,1,0,False,False,False,False,False,0.0,False,False,False,False,False,False,False,False,False,False,False,,,,,,,,,,,,,,
CO1.PCCNTR.8195276,individual_professional_ai,False,False,False,False,False,2025-08-14,2026-01-01,2026-01-01,True,True,2,2,1,1,True,False,False,False,False,0.0,False,False,False,False,False,False,False,True,False,False,False,,,,,,,,,,,,,,
CO1.PCCNTR.9899701,incidental,True,False,False,False,False,2026-09-04,2026-10-30,2026-10-30,False,False,0,0,0,0,False,False,False,False,False,0.0,False,False,False,False,False,False,False,False,False,False,False,,,,,,,,,,,,,,
CO1.PCCNTR.8155835,incidental,False,False,False,False,False,2025-08-04,2025-12-12,2025-12-12,True,True,1,1,1,0,False,False,False,False,False,0.0,False,False,False,False,False,False,False,False,False,False,False,,,,,,,,,,,,,,
CO1.PCCNTR.8678234,unclear,True,False,False,True,True,2025-12-05,2026-01-01,2026-01-01,True,False,1,1,1,0,False,False,False,False,False,0.0,False,False,False,False,False,False,False,False,False,False,False,1.0,1.0,True,True,True,True,True,True,True,True,0.0,False,False,False
CO1.PCCNTR.8255967,individual_professional_ai,False,False,False,False,False,2025-08-29,2026-01-22,2026-01-22,True,True,1,1,1,0,False,False,False,False,False,0.0,False,False,False,False,False,False,False,False,False,False,False,,,,,,,,,,,,,,
CO1.PCCNTR.9932439,individual_professional_ai,False,False,False,False,False,2026-09-15,2026-12-31,2026-12-31,False,False,0,0,0,0,False,False,False,False,False,0.0,False,False,False,False,False,False,False,False,False,False,False,,,,,,,,,,,,,,
CO1.PCCNTR.7478637,individual_professional_ai,False,False,False,False,False,2025-02-13,2025-09-27,2025-09-27,True,True,0,0,0,0,False,False,False,False,False,0.0,False,False,False,False,False,False,False,False,False,False,False,,,,,,,,,,,,,,
CO1.PCCNTR.9781673,incidental,False,False,False,False,False,2026-08-11,2026-11-12,2026-11-12,False,False,0,0,0,0,False,False,False,False,False,0.0,False,False,False,False,False,False,False,False,False,False,False,,,,,,,,,,,,,,
CO1.PCCNTR.7340231,individual_professional_ai,False,False,False,False,False,2025-01-28,2025-07-17,2025-12-16,True,True,2,2,1,1,True,True,True,True,True,152.0,True,True,False,False,False,False,False,True,True,True,False,,,,,,,,,,,,,,
CO1.PCCNTR.8339783,unclear,True,False,False,True,True,2025-09-25,2026-12-31,2026-12-31,False,True,0,0,0,0,False,False,False,False,False,0.0,False,False,False,False,False,False,False,False,False,False,False,0.0,0.0,False,False,False,False,False,False,False,False,0.0,True,False,False
CO1.PCCNTR.4886919,ai_product_or_platform,True,True,True,True,True,2023-04-25,2023-12-16,2023-12-16,True,True,3,3,1,2,True,False,False,False,False,0.0,True,False,True,False,False,False,False,True,False,True,False,4.0,1.0,True,False,True,False,True,False,False,True,0.0,True,True,True
CO1.PCCNTR.7556113,individual_professional_ai,False,False,False,False,False,2025-02-26,2025-08-27,2025-08-27,True,True,1,1,1,0,False,False,False,False,False,0.0,False,False,False,False,False,False,False,False,False,False,False,,,,,,,,,,,,,,
CO1.PCCNTR.9259688,individual_professional_ai,False,False,False,False,False,2026-01-30,2026-07-30,2026-07-30,False,False,0,0,0,0,False,False,False,False,False,0.0,False,False,False,False,False,False,False,False,False,False,False,,,,,,,,,,,,,,
CO1.PCCNTR.9106460,individual_professional_ai,False,False,False,False,False,2026-01-24,2027-01-01,2027-01-01,False,False,1,1,0,1,True,False,False,False,False,0.0,False,False,False,False,False,False,False,True,False,False,False,,,,,,,,,,,,,,
CO1.PCCNTR.7424524,individual_professional_ai,False,False,False,False,False,2025-02-07,2026-01-16,2026-01-16,True,True,0,0,0,0,False,False,False,False,False,0.0,False,False,False,False,False,False,False,False,False,False,False,,,,,,,,,,,,,,
CO1.PCCNTR.8573192,incidental,True,False,False,False,False,2025-11-19,2026-11-20,2026-11-20,False,False,0,0,0,0,False,False,False,False,False,0.0,False,False,False,False,False,False,False,False,False,False,False,,,,,,,,,,,,,,
CO1.PCCNTR.6500247,individual_professional_ai,False,False,False,False,False,2024-07-04,2024-10-08,2024-10-08,True,True,1,1,1,0,False,False,False,False,False,0.0,False,False,False,False,False,False,False,False,False,False,False,,,,,,,,,,,,,,
CO1.PCCNTR.7879313,incidental,True,False,False,False,False,2025-06-03,2025-07-30,2025-07-30,True,True,1,1,1,0,False,False,False,False,False,0.0,False,False,False,False,False,False,False,False,False,False,False,,,,,,,,,,,,,,
CO1.PCCNTR.4396521,individual_professional_ai,False,False,False,False,False,2023-01-17,2024-01-01,2024-01-01,True,True,3,3,2,1,True,False,False,False,False,0.0,False,False,False,False,False,False,False,True,False,False,False,,,,,,,,,,,,,,
CO1.PCCNTR.7966543,ai_development_service,True,True,True,True,True,2025-06-11,2025-11-13,2026-01-01,True,True,5,4,1,3,True,True,True,True,True,49.0,True,True,False,False,False,False,False,True,True,True,False,7.0,0.0,False,False,False,False,False,False,False,False,0.0,True,False,False
CO1.PCCNTR.7775631,incidental,True,False,False,False,False,2025-04-14,2025-05-16,2025-05-16,True,True,0,0,0,0,False,False,False,False,False,0.0,False,False,False,False,False,False,False,False,False,False,False,,,,,,,,,,,,,,
CO1.PCCNTR.7785678,unclear,True,False,False,True,True,2025-04-15,2025-10-07,2025-12-16,True,True,1,1,0,1,True,True,True,False,True,70.0,False,False,False,False,False,False,False,True,True,False,False,1.0,0.0,False,False,False,False,False,False,False,False,0.0,True,False,False
CO1.PCCNTR.8466080,incidental,True,False,False,False,False,2025-10-21,2025-12-05,2025-12-05,True,False,0,0,0,0,False,False,False,False,False,0.0,False,False,False,False,False,False,False,False,False,False,False,,,,,,,,,,,,,,
CO1.PCCNTR.5079688,individual_professional_ai,False,False,False,False,False,2023-06-14,2023-10-29,2023-12-29,True,True,2,1,0,1,True,True,True,True,True,61.0,True,True,True,False,False,False,False,True,True,True,False,,,,,,,,,,,,,,
CO1.PCCNTR.9657640,incidental,True,False,False,False,False,2026-07-14,2026-11-10,2026-11-10,False,False,0,0,0,0,False,False,False,False,False,0.0,False,False,False,False,False,False,False,False,False,False,False,,,,,,,,,,,,,,
CO1.PCCNTR.8336187,individual_professional_ai,False,False,False,False,False,2025-09-18,2025-12-31,2025-12-31,True,True,0,0,0,0,False,False,False,False,False,0.0,False,False,False,False,False,False,False,False,False,False,False,,,,,,,,,,,,,,
CO1.PCCNTR.8919993,individual_professional_ai,False,False,False,False,False,2026-01-21,2026-12-27,2026-12-27,False,False,0,0,0,0,False,False,False,False,False,0.0,False,False,False,False,False,False,False,False,False,False,False,,,,,,,,,,,,,,
CO1.PCCNTR.7655924,individual_professional_ai,False,False,False,False,False,2025-03-17,2025-11-26,2026-01-01,True,True,4,4,2,2,True,True,True,True,True,36.0,True,True,True,False,False,False,True,True,True,True,False,,,,,,,,,,,,,,
CO1.PCCNTR.8977457,individual_professional_ai,False,False,False,False,False,2026-01-20,2026-09-21,2026-09-21,False,False,0,0,0,0,False,False,False,False,False,0.0,False,False,False,False,False,False,False,False,False,False,False,,,,,,,,,,,,,,
CO1.PCCNTR.9591024,ai_product_or_platform,True,True,True,True,True,2026-06-25,2027-06-25,2027-06-25,False,False,0,0,0,0,False,False,False,False,False,0.0,False,False,False,False,False,False,False,False,False,False,False,0.0,0.0,False,False,False,False,False,False,False,False,0.0,False,False,False
CO1.PCCNTR.7131695,incidental,True,False,False,False,False,2024-12-11,2024-12-31,2024-12-31,True,True,0,0,0,0,False,False,False,False,False,0.0,False,False,False,False,False,False,False,False,False,False,False,,,,,,,,,,,,,,
CO1.PCCNTR.9870296,individual_professional_ai,False,False,False,False,False,2026-08-28,2026-10-31,2026-10-31,False,False,0,0,0,0,False,False,False,False,False,0.0,False,False,False,False,False,False,False,False,False,False,False,,,,,,,,,,,,,,
CO1.PCCNTR.8889678,individual_professional_ai,False,False,False,False,False,2026-01-15,2026-12-31,2026-12-31,False,False,0,0,0,0,False,False,False,False,False,0.0,False,False,False,False,False,False,False,False,False,False,False,,,,,,,,,,,,,,
CO1.PCCNTR.6110477,ai_development_service,True,True,True,True,True,2024-03-19,2024-06-21,2024-10-31,True,True,6,4,2,2,True,True,True,True,True,132.0,False,False,False,False,False,False,False,True,True,False,False,3.0,2.0,True,False,True,False,True,False,False,True,0.0,True,True,True
CO1.PCCNTR.9077123,individual_professional_ai,False,False,False,False,False,2026-01-23,2026-12-31,2026-12-31,False,False,0,0,0,0,False,False,False,False,False,0.0,False,False,False,False,False,False,False,False,False,False,False,,,,,,,,,,,,,,
CO1.PCCNTR.7878542,individual_professional_ai,False,False,False,False,False,2025-05-15,2026-01-01,2026-01-01,True,True,2,2,0,2,True,False,False,False,False,0.0,False,False,False,False,False,True,False,True,False,False,False,,,,,,,,,,,,,,
CO1.PCCNTR.9972452,ai_development_service,True,True,True,True,True,2026-09-25,2027-02-23,2027-02-23,False,False,0,0,0,0,False,False,False,False,False,0.0,False,False,False,False,False,False,False,False,False,False,False,21.0,0.0,False,False,False,False,False,False,False,False,0.0,False,False,False
CO1.PCCNTR.7263824,incidental,False,False,False,False,False,2025-01-21,2025-12-01,2026-01-01,True,True,1,1,0,1,True,True,True,False,True,31.0,False,False,False,False,False,False,False,True,True,False,False,,,,,,,,,,,,,,
CO1.PCCNTR.8765131,individual_professional_ai,False,False,False,False,False,2026-01-05,2026-10-07,2026-10-07,False,False,1,1,1,0,False,False,False,False,False,0.0,False,False,False,False,False,False,True,False,False,False,False,,,,,,,,,,,,,,
CO1.PCCNTR.8575984,individual_professional_ai,False,False,False,False,False,2025-11-12,2026-01-11,2026-01-13,True,False,1,1,0,1,True,False,False,False,False,2.0,False,False,False,False,False,False,False,True,False,False,False,,,,,,,,,,,,,,
CO1.PCCNTR.7673105,individual_professional_ai,False,False,False,False,False,2025-03-20,2025-12-31,2025-12-31,True,True,1,1,0,1,True,False,False,False,False,0.0,False,False,False,False,False,False,True,True,False,False,False,,,,,,,,,,,,,,
CO1.PCCNTR.8536408,ai_development_service,True,True,True,True,True,2025-11-04,2025-12-31,2025-12-31,True,False,0,0,0,0,False,False,False,False,False,0.0,False,False,False,False,False,False,False,False,False,False,False,3.0,2.0,True,True,True,True,True,True,True,True,0.0,False,False,False
CO1.PCCNTR.9067687,individual_professional_ai,False,False,False,False,False,2026-01-22,2026-12-29,2026-12-29,False,False,0,0,0,0,False,False,False,False,False,0.0,False,False,False,False,False,False,False,False,False,False,False,,,,,,,,,,,,,,
CO1.PCCNTR.6480641,unclear,True,False,False,True,True,2024-07-02,2024-12-31,2024-12-31,True,True,0,0,0,0,False,False,False,False,False,0.0,False,False,False,False,False,False,False,False,False,False,False,0.0,0.0,False,False,False,False,False,False,False,False,0.0,True,True,True
CO1.PCCNTR.7677769,individual_professional_ai,False,False,False,False,False,2025-03-25,2026-01-01,2026-01-01,True,True,1,1,0,1,True,False,False,False,False,0.0,False,False,False,False,False,True,False,True,False,False,False,,,,,,,,,,,,,,
CO1.PCCNTR.6379410,individual_professional_ai,False,False,False,False,False,2024-05-29,2025-01-01,2025-01-01,True,True,1,1,1,0,False,False,False,False,False,0.0,False,False,False,False,False,False,False,False,False,False,False,,,,,,,,,,,,,,
CO1.PCCNTR.9070705,individual_professional_ai,False,False,False,False,False,2026-01-23,2027-01-01,2027-01-01,False,False,1,1,0,1,True,False,False,False,False,0.0,False,False,False,False,False,False,False,True,False,False,False,,,,,,,,,,,,,,
CO1.PCCNTR.7377642,individual_professional_ai,False,False,False,False,False,2025-02-01,2025-08-04,2025-08-04,True,True,1,1,1,0,False,False,False,False,False,0.0,False,False,False,False,False,False,False,False,False,False,False,,,,,,,,,,,,,,
CO1.PCCNTR.8302359,ai_product_or_platform,True,True,True,True,True,2025-09-10,2025-10-20,2025-10-20,True,True,1,1,1,0,False,False,False,False,False,0.0,False,False,False,False,False,False,False,False,False,False,False,0.0,1.0,True,True,False,False,True,True,False,False,0.0,True,False,False
CO1.PCCNTR.6091786,individual_professional_ai,False,False,False,False,False,2024-03-13,2025-01-01,2025-01-01,True,True,1,1,1,0,False,False,False,False,False,0.0,False,False,False,False,False,False,False,False,False,False,False,,,,,,,,,,,,,,
CO1.PCCNTR.9811710,incidental,False,False,False,False,False,2026-08-14,2026-12-13,2026-12-13,False,False,0,0,0,0,False,False,False,False,False,0.0,False,False,False,False,False,False,False,False,False,False,False,,,,,,,,,,,,,,
CO1.PCCNTR.7694459,individual_professional_ai,False,False,False,False,False,2025-03-31,2025-11-01,2025-11-01,True,True,2,2,2,0,False,False,False,False,False,0.0,False,False,False,False,False,False,False,False,False,False,False,,,,,,,,,,,,,,
CO1.PCCNTR.7528545,individual_professional_ai,False,False,False,False,False,2025-02-19,2025-12-18,2025-12-22,True,True,2,2,2,0,False,False,False,False,False,4.0,False,False,False,False,False,False,False,False,False,False,False,,,,,,,,,,,,,,
CO1.PCCNTR.8965020,individual_professional_ai,False,False,False,False,False,2026-01-19,2026-12-31,2026-12-31,False,False,0,0,0,0,False,False,False,False,False,0.0,False,False,False,False,False,False,False,False,False,False,False,,,,,,,,,,,,,,
CO1.PCCNTR.9626849,ai_development_service,True,True,True,True,True,2026-07-07,2026-12-15,2026-12-15,False,False,0,0,0,0,False,False,False,False,False,0.0,False,False,False,False,False,False,False,False,False,False,False,1.0,0.0,False,False,False,False,False,False,False,False,0.0,False,False,False
CO1.PCCNTR.6407901,individual_professional_ai,False,False,False,False,False,2024-06-07,2025-01-01,2025-01-01,True,True,1,1,1,0,False,False,False,False,False,0.0,False,False,False,False,False,False,False,False,False,False,False,,,,,,,,,,,,,,
CO1.PCCNTR.7481045,individual_professional_ai,False,False,False,False,False,2025-02-13,2025-12-31,2025-12-31,True,True,0,0,0,0,False,False,False,False,False,0.0,False,False,False,False,False,False,False,False,False,False,False,,,,,,,,,,,,,,
CO1.PCCNTR.6646895,unclear,True,False,False,True,True,2024-08-30,2024-12-31,2024-12-31,True,True,1,1,1,0,False,False,False,False,False,0.0,False,False,False,False,False,False,False,False,False,False,False,1.0,4.0,True,True,True,True,True,True,True,True,0.0,True,True,True
CO1.PCCNTR.8616017,incidental,True,False,False,False,False,2025-11-21,2025-12-21,2025-12-21,True,False,2,2,1,1,True,False,False,False,False,0.0,False,False,False,False,False,False,False,True,False,False,False,,,,,,,,,,,,,,
CO1.PCCNTR.6562067,individual_professional_ai,False,False,False,False,False,2024-07-25,2025-01-01,2025-01-01,True,True,1,1,1,0,False,False,False,False,False,0.0,False,False,False,False,False,False,False,False,False,False,False,,,,,,,,,,,,,,
CO1.PCCNTR.9582352,incidental,True,False,False,False,False,2026-06-24,2026-08-05,2026-09-24,False,False,3,3,0,3,True,True,True,True,True,50.0,False,False,False,False,False,False,False,True,True,False,False,,,,,,,,,,,,,,
CO1.PCCNTR.9185704,incidental,True,False,False,False,False,2026-01-27,2026-04-30,2026-04-30,True,False,0,0,0,0,False,False,False,False,False,0.0,False,False,False,False,False,False,False,False,False,False,False,,,,,,,,,,,,,,
CO1.PCCNTR.7943612,individual_professional_ai,False,False,False,False,False,2025-06-04,2025-12-30,2025-12-30,True,True,0,0,0,0,False,False,False,False,False,0.0,False,False,False,False,False,False,False,False,False,False,False,,,,,,,,,,,,,,
CO1.PCCNTR.7998442,incidental,True,False,False,False,False,2025-06-19,2025-07-11,2025-07-11,True,True,0,0,0,0,False,False,False,False,False,0.0,False,False,False,False,False,False,False,False,False,False,False,,,,,,,,,,,,,,
CO1.PCCNTR.9310251,individual_professional_ai,False,False,False,False,False,2026-07-07,2026-12-31,2026-12-31,False,False,0,0,0,0,False,False,False,False,False,0.0,False,False,False,False,False,False,False,False,False,False,False,,,,,,,,,,,,,,
CO1.PCCNTR.8160537,incidental,True,False,False,False,False,2025-08-05,2025-10-10,2025-10-10,True,True,0,0,0,0,False,False,False,False,False,0.0,False,False,False,False,False,False,False,False,False,False,False,,,,,,,,,,,,,,
CO1.PCCNTR.7892153,individual_professional_ai,False,False,False,False,False,2025-05-19,2025-12-24,2025-12-24,True,True,0,0,0,0,False,False,False,False,False,0.0,False,False,False,False,False,False,False,False,False,False,False,,,,,,,,,,,,,,
CO1.PCCNTR.7513791,individual_professional_ai,False,False,False,False,False,2025-02-19,2025-10-19,2025-10-19,True,True,1,1,1,0,False,False,False,False,False,0.0,False,False,False,False,False,False,True,False,False,False,False,,,,,,,,,,,,,,
CO1.PCCNTR.4567019,individual_professional_ai,False,False,False,False,False,2023-02-06,2023-06-07,2023-08-08,True,True,5,3,2,1,True,True,True,False,True,62.0,True,False,True,False,False,False,False,True,True,True,False,,,,,,,,,,,,,,
CO1.PCCNTR.5621629,incidental,True,False,False,False,False,2023-12-01,2023-12-31,2023-12-31,True,True,0,0,0,0,False,False,False,False,False,0.0,False,False,False,False,False,False,False,False,False,False,False,,,,,,,,,,,,,,
CO1.PCCNTR.6795741,ai_development_service,True,True,True,True,True,2024-09-23,2025-09-19,2025-12-01,True,True,4,3,0,3,True,True,True,True,True,73.0,False,False,False,False,False,False,False,True,True,False,False,0.0,0.0,False,False,False,False,False,False,False,False,0.0,True,True,True
CO1.PCCNTR.9013679,ai_product_or_platform,True,True,True,True,True,2026-01-21,2026-12-31,2026-12-31,False,False,0,0,0,0,False,False,False,False,False,0.0,False,False,False,False,False,False,False,False,False,False,False,7.0,0.0,False,False,False,False,False,False,False,False,0.0,False,False,False
CO1.PCCNTR.9087497,individual_professional_ai,False,False,False,False,False,2026-01-23,2026-12-30,2026-12-30,False,False,0,0,0,0,False,False,False,False,False,0.0,False,False,False,False,False,False,False,False,False,False,False,,,,,,,,,,,,,,
CO1.PCCNTR.9045688,individual_professional_ai,False,False,False,False,False,2026-01-22,2026-12-31,2026-12-31,False,False,3,3,0,3,True,False,False,False,False,0.0,False,False,False,False,False,False,False,True,False,False,False,,,,,,,,,,,,,,
CO1.PCCNTR.6478198,individual_professional_ai,False,False,False,False,False,2024-06-28,2024-12-31,2024-12-31,True,True,1,0,0,0,False,False,False,False,False,0.0,False,False,False,False,False,False,False,False,False,False,False,,,,,,,,,,,,,,
CO1.PCCNTR.8921250,individual_professional_ai,False,False,False,False,False,2026-01-21,2026-12-28,2026-12-28,False,False,2,2,1,1,True,False,False,False,False,0.0,False,False,False,True,True,False,False,True,False,False,True,,,,,,,,,,,,,,
CO1.PCCNTR.8523659,individual_professional_ai,False,False,False,False,False,2025-10-31,2025-12-31,2025-12-31,True,False,2,2,1,1,True,False,False,False,False,0.0,False,False,False,False,False,False,False,True,False,False,False,,,,,,,,,,,,,,
CO1.PCCNTR.5748886,individual_professional_ai,False,False,False,False,False,2024-01-17,2024-12-30,2024-12-30,True,True,1,1,1,0,False,False,False,False,False,0.0,False,False,False,False,False,False,False,False,False,False,False,,,,,,,,,,,,,,
CO1.PCCNTR.6020821,ai_product_or_platform,True,True,True,True,True,2024-02-28,2024-05-01,2024-06-01,True,True,2,2,1,1,True,True,True,False,True,31.0,False,False,False,False,False,False,False,True,True,False,False,2.0,3.0,True,False,True,False,True,False,False,True,0.0,True,True,True
CO1.PCCNTR.8334190,incidental,True,False,False,False,False,2025-09-18,2025-10-22,2025-10-22,True,True,1,1,1,0,False,False,False,False,False,0.0,False,False,False,False,False,False,False,False,False,False,False,,,,,,,,,,,,,,
CO1.PCCNTR.5060954,individual_professional_ai,False,False,False,False,False,2023-06-09,2023-12-31,2023-12-31,True,True,0,0,0,0,False,False,False,False,False,0.0,False,False,False,False,False,False,False,False,False,False,False,,,,,,,,,,,,,,
CO1.PCCNTR.8654965,incidental,True,False,False,False,False,2025-11-28,2025-12-31,2025-12-31,True,False,0,0,0,0,False,False,False,False,False,0.0,False,False,False,False,False,False,False,False,False,False,False,,,,,,,,,,,,,,
CO1.PCCNTR.8963281,individual_professional_ai,False,False,False,False,False,2026-01-19,2026-05-25,2026-05-25,True,False,0,0,0,0,False,False,False,False,False,0.0,False,False,False,False,False,False,False,False,False,False,False,,,,,,,,,,,,,,
CO1.PCCNTR.5961954,incidental,False,False,False,False,False,2024-04-22,2024-08-24,2024-08-24,True,True,1,1,1,0,False,False,False,False,False,0.0,False,False,False,False,False,False,False,False,False,False,False,,,,,,,,,,,,,,
CO1.PCCNTR.5983270,individual_professional_ai,False,False,False,False,False,2024-02-21,2024-12-22,2024-12-22,True,True,1,1,1,0,False,False,False,False,False,0.0,False,False,False,False,False,False,False,False,False,False,False,,,,,,,,,,,,,,
CO1.PCCNTR.9867345,individual_professional_ai,False,False,False,False,False,2026-08-27,2026-12-31,2026-12-31,False,False,0,0,0,0,False,False,False,False,False,0.0,False,False,False,False,False,False,False,False,False,False,False,,,,,,,,,,,,,,
CO1.PCCNTR.8548962,incidental,True,False,False,False,False,2025-11-06,2026-01-01,2026-01-01,True,False,1,1,0,1,True,False,False,False,False,0.0,False,False,False,False,False,False,False,True,False,False,False,,,,,,,,,,,,,,
CO1.PCCNTR.8909753,ai_development_service,True,True,True,True,True,2026-01-16,2026-12-15,2026-12-15,False,False,0,0,0,0,False,False,False,False,False,0.0,False,False,False,False,False,False,False,False,False,False,False,1.0,0.0,False,False,False,False,False,False,False,False,0.0,False,False,False
CO1.PCCNTR.8166488,individual_professional_ai,False,False,False,False,False,2025-08-05,2025-12-31,2025-12-31,True,True,0,0,0,0,False,False,False,False,False,0.0,False,False,False,False,False,False,False,False,False,False,False,,,,,,,,,,,,,,
CO1.PCCNTR.5700619,incidental,True,False,False,False,False,2023-12-28,2024-05-01,2024-06-01,True,True,1,1,0,1,True,True,True,True,True,31.0,True,True,False,False,False,False,False,True,True,True,False,,,,,,,,,,,,,,
CO1.PCCNTR.7148836,incidental,True,False,False,False,False,2024-12-19,2025-03-01,2025-09-01,True,True,6,4,0,4,True,True,True,False,True,184.0,False,False,False,True,True,False,False,True,True,False,True,,,,,,,,,,,,,,
CO1.PCCNTR.4869972,individual_professional_ai,False,False,False,False,False,2023-04-17,2023-08-18,2023-08-18,True,True,0,0,0,0,False,False,False,False,False,0.0,False,False,False,False,False,False,False,False,False,False,False,,,,,,,,,,,,,,
CO1.PCCNTR.5526127,ai_product_or_platform,True,True,True,True,True,2023-11-17,2024-01-28,2024-01-28,True,True,0,0,0,0,False,False,False,False,False,0.0,False,False,False,False,False,False,False,False,False,False,False,0.0,2.0,True,False,False,False,True,False,False,False,0.0,True,True,True
CO1.PCCNTR.8365352,individual_professional_ai,False,False,False,False,False,2025-09-25,2025-12-31,2025-12-31,True,True,1,0,0,0,False,False,False,False,False,0.0,False,False,False,False,False,False,False,False,False,False,False,,,,,,,,,,,,,,
CO1.PCCNTR.7879071,ai_product_or_platform,True,True,True,True,True,2025-05-29,2025-12-31,2025-12-31,True,True,0,0,0,0,False,False,False,False,False,0.0,False,False,False,False,False,False,False,False,False,False,False,0.0,0.0,False,False,False,False,False,False,False,False,0.0,True,False,False
CO1.PCCNTR.9975048,ai_development_service,True,True,True,True,True,2026-09-23,2026-12-31,2026-12-31,False,False,0,0,0,0,False,False,False,False,False,0.0,False,False,False,False,False,False,False,False,False,False,False,2.0,0.0,False,False,False,False,False,False,False,False,0.0,False,False,False
CO1.PCCNTR.7819723,individual_professional_ai,False,False,False,False,False,2025-04-30,2025-10-01,2025-10-01,True,True,1,1,0,1,True,False,False,False,False,0.0,False,False,False,False,False,False,False,True,False,False,False,,,,,,,,,,,,,,
CO1.PCCNTR.9919018,individual_professional_ai,False,False,False,False,False,2026-09-15,2026-12-31,2026-12-31,False,False,0,0,0,0,False,False,False,False,False,0.0,False,False,False,False,False,False,False,False,False,False,False,,,,,,,,,,,,,,
CO1.PCCNTR.9886818,incidental,True,False,False,False,False,2026-09-02,2026-12-15,2026-12-15,False,False,0,0,0,0,False,False,False,False,False,0.0,False,False,False,False,False,False,False,False,False,False,False,,,,,,,,,,,,,,
CO1.PCCNTR.5440899,individual_professional_ai,False,False,False,False,False,2023-10-09,2024-01-01,2024-01-01,True,True,2,2,1,1,True,False,False,False,False,0.0,False,False,False,False,False,False,False,True,False,False,False,,,,,,,,,,,,,,
CO1.PCCNTR.8913858,individual_professional_ai,False,False,False,False,False,2026-01-19,2026-12-31,2026-12-31,False,False,0,0,0,0,False,False,False,False,False,0.0,False,False,False,False,False,False,False,False,False,False,False,,,,,,,,,,,,,,
CO1.PCCNTR.4543093,individual_professional_ai,False,False,False,False,False,2023-02-02,2023-10-14,2023-12-16,True,True,3,3,1,2,True,True,True,True,True,63.0,True,True,False,False,False,False,False,True,True,True,False,,,,,,,,,,,,,,
CO1.PCCNTR.9824046,incidental,False,False,False,False,False,2026-08-19,2026-09-05,2026-09-05,False,False,1,1,0,1,True,True,True,True,False,0.0,False,False,False,True,False,False,False,True,True,False,True,,,,,,,,,,,,,,
CO1.PCCNTR.8528771,incidental,True,False,False,False,False,2025-11-13,2025-12-31,2025-12-31,True,False,3,2,1,1,True,False,False,False,False,0.0,False,False,False,False,False,False,False,True,False,False,False,,,,,,,,,,,,,,
CO1.PCCNTR.4444613,ai_development_service,True,True,True,True,True,2023-01-19,2023-12-01,2024-03-01,True,True,3,2,1,1,True,True,True,True,True,91.0,True,True,False,False,False,False,False,True,True,True,False,1.0,4.0,True,False,False,False,True,False,False,False,0.0,True,True,True
CO1.PCCNTR.9616603,unclear,True,False,False,True,True,2026-07-03,2026-10-30,2026-10-30,False,False,0,0,0,0,False,False,False,False,False,0.0,False,False,False,False,False,False,False,False,False,False,False,2.0,0.0,False,False,False,False,False,False,False,False,0.0,False,False,False
CO1.PCCNTR.7779062,individual_professional_ai,False,False,False,False,False,2025-04-11,2025-05-30,2025-05-30,True,True,0,0,0,0,False,False,False,False,False,0.0,False,False,False,False,False,False,False,False,False,False,False,,,,,,,,,,,,,,
CO1.PCCNTR.5445647,individual_professional_ai,False,False,False,False,False,2023-10-09,2024-01-01,2024-01-01,True,True,2,2,1,1,True,False,False,False,False,0.0,False,False,False,False,False,False,False,True,False,False,False,,,,,,,,,,,,,,
CO1.PCCNTR.7371440,individual_professional_ai,False,False,False,False,False,2025-01-31,2025-12-31,2026-01-15,True,True,2,2,1,1,True,True,True,False,True,15.0,False,False,False,False,False,False,False,True,True,False,False,,,,,,,,,,,,,,
CO1.PCCNTR.9898301,incidental,True,False,False,False,False,2026-09-04,2027-10-03,2027-10-03,False,False,0,0,0,0,False,False,False,False,False,0.0,False,False,False,False,False,False,False,False,False,False,False,,,,,,,,,,,,,,
CO1.PCCNTR.7327156,individual_professional_ai,False,False,False,False,False,2025-01-24,2026-01-01,2026-01-01,True,True,1,1,0,1,True,False,False,False,False,0.0,False,False,False,False,False,False,False,True,False,False,False,,,,,,,,,,,,,,
CO1.PCCNTR.6835794,incidental,False,False,False,False,False,2024-10-08,2024-12-27,2024-12-27,True,True,1,1,1,0,False,False,False,False,False,0.0,False,False,False,False,False,False,False,False,False,False,False,,,,,,,,,,,,,,
CO1.PCCNTR.8975592,individual_professional_ai,False,False,False,False,False,2026-01-19,2026-11-30,2026-11-30,False,False,0,0,0,0,False,False,False,False,False,0.0,False,False,False,False,False,False,False,False,False,False,False,,,,,,,,,,,,,,
CO1.PCCNTR.9946617,incidental,True,False,False,False,False,2026-09-17,2026-12-15,2026-12-15,False,False,0,0,0,0,False,False,False,False,False,0.0,False,False,False,False,False,False,False,False,False,False,False,,,,,,,,,,,,,,
CO1.PCCNTR.6610632,individual_professional_ai,False,False,False,False,False,2024-08-06,2024-12-28,2024-12-28,True,True,0,0,0,0,False,False,False,False,False,0.0,False,False,False,False,False,False,False,False,False,False,False,,,,,,,,,,,,,,
CO1.PCCNTR.8835059,individual_professional_ai,False,False,False,False,False,2026-01-11,2026-11-29,2026-11-29,False,False,1,1,0,1,True,False,False,False,False,0.0,False,False,False,False,False,True,False,True,False,False,False,,,,,,,,,,,,,,
CO1.PCCNTR.9806147,incidental,False,False,False,False,False,2026-08-14,2026-08-31,2026-08-31,False,False,0,0,0,0,False,False,False,False,False,0.0,False,False,False,False,False,False,False,False,False,False,False,,,,,,,,,,,,,,
CO1.PCCNTR.4547351,individual_professional_ai,False,False,False,False,False,2023-02-02,2023-10-14,2023-12-16,True,True,3,3,1,2,True,True,True,False,True,63.0,True,True,False,False,False,False,False,True,True,True,False,,,,,,,,,,,,,,
CO1.PCCNTR.4575628,ai_development_service,True,True,True,True,True,2023-02-07,2026-02-09,2026-05-23,True,True,1,1,0,1,True,True,True,False,True,103.0,False,False,False,False,False,False,False,False,False,False,False,2.0,6.0,True,True,True,True,True,True,True,True,0.0,True,True,True
CO1.PCCNTR.9082667,individual_professional_ai,False,False,False,False,False,2026-01-23,2027-01-01,2027-01-01,False,False,1,1,0,1,True,False,False,False,False,0.0,False,False,False,False,False,False,False,True,False,False,False,,,,,,,,,,,,,,
CO1.PCCNTR.6921826,ai_development_service,True,True,True,True,True,2024-10-23,2024-12-20,2024-12-20,True,True,0,0,0,0,False,False,False,False,False,0.0,False,False,False,False,False,False,False,False,False,False,False,2.0,1.0,True,True,True,True,True,True,True,True,0.0,True,True,True
CO1.PCCNTR.6602162,individual_professional_ai,False,False,False,False,False,2024-08-02,2025-01-01,2025-01-01,True,True,2,2,2,0,False,False,False,False,False,0.0,False,False,False,False,False,False,False,False,False,False,False,,,,,,,,,,,,,,
CO1.PCCNTR.6880448,ai_development_service,True,True,True,True,True,2024-10-11,2025-01-01,2025-04-01,True,True,2,2,1,1,True,True,True,True,True,90.0,False,False,False,False,False,False,False,True,True,False,False,0.0,0.0,False,False,False,False,False,False,False,False,0.0,True,True,True
CO1.PCCNTR.8391484,ai_product_or_platform,True,True,True,True,True,2025-10-03,2025-11-07,2025-12-19,True,False,2,2,0,2,True,True,True,True,True,42.0,False,False,False,False,False,False,False,True,True,False,False,18.0,24.0,True,False,True,False,True,False,False,True,0.0,False,False,False
CO1.PCCNTR.5556914,ai_product_or_platform,True,True,True,True,True,2023-11-22,2023-12-30,2023-12-30,True,True,3,2,0,2,True,False,False,False,False,0.0,False,False,False,False,False,False,False,True,False,False,False,1.0,0.0,False,False,False,False,False,False,False,False,0.0,True,True,True
CO1.PCCNTR.8914506,individual_professional_ai,False,False,False,False,False,2026-01-16,2026-12-31,2026-12-31,False,False,0,0,0,0,False,False,False,False,False,0.0,False,False,False,False,False,False,False,False,False,False,False,,,,,,,,,,,,,,
CO1.PCCNTR.7015963,individual_professional_ai,False,False,False,False,False,2024-11-12,2024-12-31,2024-12-31,True,True,0,0,0,0,False,False,False,False,False,0.0,False,False,False,False,False,False,False,False,False,False,False,,,,,,,,,,,,,,
CO1.PCCNTR.8960580,individual_professional_ai,False,False,False,False,False,2026-01-19,2026-12-21,2026-12-21,False,False,0,0,0,0,False,False,False,False,False,0.0,False,False,False,False,False,False,False,False,False,False,False,,,,,,,,,,,,,,
CO1.PCCNTR.8338346,individual_professional_ai,False,False,False,False,False,2025-09-18,2025-12-31,2025-12-31,True,True,1,1,0,1,True,False,False,False,False,0.0,False,False,False,False,False,False,False,True,False,False,False,,,,,,,,,,,,,,
CO1.PCCNTR.5209818,individual_professional_ai,False,False,False,False,False,2023-07-11,2023-11-12,2024-01-01,True,True,2,1,0,1,True,True,True,True,True,50.0,True,True,False,False,False,False,False,True,True,True,False,,,,,,,,,,,,,,
CO1.PCCNTR.9055783,individual_professional_ai,False,False,False,False,False,2026-01-27,2027-01-01,2027-01-01,False,False,2,2,0,2,True,False,False,False,False,0.0,False,False,False,True,True,False,False,True,False,False,True,,,,,,,,,,,,,,
CO1.PCCNTR.5632926,individual_professional_ai,False,False,False,False,False,2023-12-06,2024-02-29,2024-02-29,True,True,5,5,1,4,True,False,False,False,False,0.0,False,False,False,False,False,False,False,True,False,False,False,,,,,,,,,,,,,,
CO1.PCCNTR.8695707,incidental,False,False,False,False,False,2025-12-13,2025-12-26,2025-12-26,True,False,2,2,1,1,True,False,False,False,False,0.0,False,False,False,False,False,False,False,True,False,False,False,,,,,,,,,,,,,,
CO1.PCCNTR.8940570,individual_professional_ai,False,False,False,False,False,2026-01-17,2026-08-21,2026-10-20,False,False,1,1,0,1,True,True,True,True,True,60.0,True,True,True,False,False,False,False,True,True,True,False,,,,,,,,,,,,,,
CO1.PCCNTR.6589967,incidental,True,False,False,False,False,2024-08-01,2025-01-01,2025-03-31,True,True,2,1,0,1,True,True,True,True,True,89.0,False,False,False,False,False,False,False,True,True,False,False,,,,,,,,,,,,,,
CO1.PCCNTR.5076496,individual_professional_ai,False,False,False,False,False,2023-06-14,2023-12-31,2023-12-31,True,True,0,0,0,0,False,False,False,False,False,0.0,False,False,False,False,False,False,False,False,False,False,False,,,,,,,,,,,,,,
CO1.PCCNTR.8902346,individual_professional_ai,False,False,False,False,False,2026-01-15,2026-12-31,2026-12-31,False,False,0,0,0,0,False,False,False,False,False,0.0,False,False,False,False,False,False,False,False,False,False,False,,,,,,,,,,,,,,
CO1.PCCNTR.4549551,individual_professional_ai,False,False,False,False,False,2023-02-03,2023-10-14,2023-12-16,True,True,3,3,1,2,True,True,True,False,True,63.0,True,True,False,False,False,False,False,True,True,True,False,,,,,,,,,,,,,,
CO1.PCCNTR.5580079,unclear,True,False,False,True,True,2023-11-22,2023-12-31,2023-12-31,True,True,0,0,0,0,False,False,False,False,False,0.0,False,False,False,False,False,False,False,False,False,False,False,0.0,0.0,False,False,False,False,False,False,False,False,0.0,True,True,True
CO1.PCCNTR.9230916,individual_professional_ai,False,False,False,False,False,2026-01-29,2026-11-08,2026-11-08,False,False,0,0,0,0,False,False,False,False,False,0.0,False,False,False,False,False,False,False,False,False,False,False,,,,,,,,,,,,,,
CO1.PCCNTR.8267193,ai_product_or_platform,False,False,False,False,False,2025-09-01,2025-12-31,2025-12-31,True,True,0,0,0,0,False,False,False,False,False,0.0,False,False,False,False,False,False,False,False,False,False,False,,,,,,,,,,,,,,
CO1.PCCNTR.9756196,ai_development_service,True,True,True,True,True,2026-08-06,2026-12-16,2026-12-16,False,False,0,0,0,0,False,False,False,False,False,0.0,False,False,False,False,False,False,False,False,False,False,False,43.0,1.0,True,True,True,True,True,True,False,True,0.0,False,False,False
CO1.PCCNTR.7712763,individual_professional_ai,False,False,False,False,False,2025-03-28,2025-12-27,2026-01-01,True,True,3,2,0,2,True,False,False,False,False,5.0,True,False,True,False,False,False,False,True,False,True,False,,,,,,,,,,,,,,
CO1.PCCNTR.8124279,individual_professional_ai,False,False,False,False,False,2025-07-25,2025-12-16,2025-12-31,True,True,4,3,2,1,True,True,True,True,True,15.0,True,True,False,False,False,False,False,True,True,True,False,,,,,,,,,,,,,,
CO1.PCCNTR.8717292,ai_product_or_platform,True,True,True,True,True,2025-12-24,2026-03-19,2026-03-19,True,False,0,0,0,0,False,False,False,False,False,0.0,False,False,False,False,False,False,False,False,False,False,False,2.0,0.0,False,False,False,False,False,False,False,False,0.0,False,False,False
CO1.PCCNTR.8693345,ai_development_service,True,True,True,True,True,2025-12-11,2025-12-31,2025-12-31,True,False,0,0,0,0,False,False,False,False,False,0.0,False,False,False,False,False,False,False,False,False,False,False,0.0,1.0,True,True,True,True,True,True,True,True,0.0,False,False,False
CO1.PCCNTR.8925307,individual_professional_ai,False,False,False,False,False,2026-01-16,2026-12-31,2026-12-31,False,False,0,0,0,0,False,False,False,False,False,0.0,False,False,False,False,False,False,False,False,False,False,False,,,,,,,,,,,,,,
CO1.PCCNTR.8528698,incidental,True,False,False,False,False,2025-10-31,2026-12-15,2026-12-15,False,False,0,0,0,0,False,False,False,False,False,0.0,False,False,False,False,False,False,False,False,False,False,False,,,,,,,,,,,,,,
CO1.PCCNTR.8943018,individual_professional_ai,False,False,False,False,False,2026-01-17,2027-01-01,2027-01-01,False,False,1,1,0,1,True,False,False,False,False,0.0,False,False,False,False,False,True,False,True,False,False,False,,,,,,,,,,,,,,
CO1.PCCNTR.7608890,incidental,True,False,False,False,False,2025-03-05,2025-05-05,2025-05-05,True,True,0,0,0,0,False,False,False,False,False,0.0,False,False,False,False,False,False,False,False,False,False,False,,,,,,,,,,,,,,
CO1.PCCNTR.9170335,individual_professional_ai,False,False,False,False,False,2026-01-27,2026-12-30,2026-12-30,False,False,1,1,0,1,True,False,False,False,False,0.0,True,True,True,False,False,False,False,True,False,True,False,,,,,,,,,,,,,,
CO1.PCCNTR.9895928,incidental,False,False,False,False,False,2026-09-03,2026-12-17,2026-12-17,False,False,0,0,0,0,False,False,False,False,False,0.0,False,False,False,False,False,False,False,False,False,False,False,,,,,,,,,,,,,,
CO1.PCCNTR.9868703,ai_development_service,True,True,True,True,True,2026-08-28,2026-12-30,2026-12-30,False,False,0,0,0,0,False,False,False,False,False,0.0,False,False,False,False,False,False,False,False,False,False,False,1.0,0.0,False,False,False,False,False,False,False,False,0.0,False,False,False
CO1.PCCNTR.9144786,individual_professional_ai,False,False,False,False,False,2026-01-26,2026-11-25,2026-11-25,False,False,0,0,0,0,False,False,False,False,False,0.0,False,False,False,False,False,False,False,False,False,False,False,,,,,,,,,,,,,,
CO1.PCCNTR.7263731,individual_professional_ai,False,False,False,False,False,2025-01-17,2025-12-31,2025-12-31,True,True,0,0,0,0,False,False,False,False,False,0.0,False,False,False,False,False,False,False,False,False,False,False,,,,,,,,,,,,,,
CO1.PCCNTR.7932214,individual_professional_ai,False,False,False,False,False,2025-05-30,2025-12-27,2025-12-27,True,True,1,1,1,0,False,False,False,False,False,0.0,False,False,False,False,False,False,False,False,False,False,False,,,,,,,,,,,,,,
CO1.PCCNTR.6343131,individual_professional_ai,False,False,False,False,False,2024-05-20,2024-11-21,2024-11-21,True,True,0,0,0,0,False,False,False,False,False,0.0,False,False,False,False,False,False,False,False,False,False,False,,,,,,,,,,,,,,
CO1.PCCNTR.9808212,individual_professional_ai,False,False,False,False,False,2026-08-13,2026-12-19,2026-12-19,False,False,0,0,0,0,False,False,False,False,False,0.0,False,False,False,False,False,False,False,False,False,False,False,,,,,,,,,,,,,,
CO1.PCCNTR.7516591,individual_professional_ai,False,False,False,False,False,2025-02-18,2025-08-01,2025-09-03,True,True,2,2,2,0,False,False,False,False,False,33.0,False,False,False,False,False,False,False,False,False,False,False,,,,,,,,,,,,,,
CO1.PCCNTR.7686770,individual_professional_ai,False,False,False,False,False,2025-03-21,2025-07-24,2025-07-24,True,True,0,0,0,0,False,False,False,False,False,0.0,False,False,False,False,False,False,False,False,False,False,False,,,,,,,,,,,,,,
CO1.PCCNTR.7661936,incidental,True,False,False,False,False,2025-03-21,2025-07-01,2025-07-01,True,True,1,1,1,0,False,False,False,False,False,0.0,False,False,False,False,False,False,False,False,False,False,False,,,,,,,,,,,,,,
CO1.PCCNTR.9278321,unclear,True,False,False,True,True,2026-01-30,2030-07-26,2030-07-26,False,False,0,0,0,0,False,False,False,False,False,0.0,False,False,False,False,False,False,False,False,False,False,False,10.0,0.0,False,False,False,False,False,False,False,False,0.0,False,False,False
CO1.PCCNTR.8934986,ai_development_service,True,True,True,True,True,2026-01-16,2026-12-31,2026-12-31,False,False,0,0,0,0,False,False,False,False,False,0.0,False,False,False,False,False,False,False,False,False,False,False,2.0,0.0,False,False,False,False,False,False,False,False,0.0,False,False,False
CO1.PCCNTR.8241159,individual_professional_ai,False,False,False,False,False,2025-08-26,2025-08-30,2025-08-30,True,True,0,0,0,0,False,False,False,False,False,0.0,False,False,False,False,False,False,False,False,False,False,False,,,,,,,,,,,,,,
CO1.PCCNTR.6847567,ai_development_service,True,True,True,True,True,2024-10-03,2024-12-31,2024-12-31,True,True,1,1,1,0,False,False,False,False,False,0.0,False,False,False,False,False,False,False,False,False,False,False,0.0,0.0,False,False,False,False,False,False,False,False,0.0,True,True,True
CO1.PCCNTR.5402078,ai_development_service,True,True,True,True,True,2023-09-22,2023-12-16,2023-12-16,True,True,1,1,1,0,False,False,False,False,False,0.0,False,False,False,False,False,False,False,False,False,False,False,3.0,0.0,False,False,False,False,False,False,False,False,0.0,True,True,True
CO1.PCCNTR.8554684,incidental,True,False,False,False,False,2025-11-07,2027-12-10,2027-12-10,False,False,0,0,0,0,False,False,False,False,False,0.0,False,False,False,False,False,False,False,False,False,False,False,,,,,,,,,,,,,,
CO1.PCCNTR.7414525,individual_professional_ai,False,False,False,False,False,2025-02-06,2025-06-30,2025-06-30,True,True,0,0,0,0,False,False,False,False,False,0.0,False,False,False,False,False,False,False,False,False,False,False,,,,,,,,,,,,,,
CO1.PCCNTR.7550370,individual_professional_ai,False,False,False,False,False,2025-02-24,2025-12-31,2025-12-31,True,True,0,0,0,0,False,False,False,False,False,0.0,False,False,False,False,False,False,False,False,False,False,False,,,,,,,,,,,,,,
CO1.PCCNTR.5215218,individual_professional_ai,False,False,False,False,False,2023-07-13,2023-11-14,2024-01-01,True,True,1,1,0,1,True,True,True,True,True,48.0,True,True,False,False,False,False,False,True,True,True,False,,,,,,,,,,,,,,
CO1.PCCNTR.9208637,individual_professional_ai,False,False,False,False,False,2026-01-29,2026-10-29,2026-10-29,False,False,0,0,0,0,False,False,False,False,False,0.0,False,False,False,False,False,False,False,False,False,False,False,,,,,,,,,,,,,,
CO1.PCCNTR.9866407,individual_professional_ai,False,False,False,False,False,2026-08-27,2026-12-31,2026-12-31,False,False,0,0,0,0,False,False,False,False,False,0.0,False,False,False,False,False,False,False,False,False,False,False,,,,,,,,,,,,,,
CO1.PCCNTR.8467915,incidental,True,False,False,False,False,2025-10-22,2026-01-01,2026-01-01,True,False,2,1,0,1,True,False,False,False,False,0.0,False,False,False,False,False,False,False,True,False,False,False,,,,,,,,,,,,,,
CO1.PCCNTR.6021088,individual_professional_ai,False,False,False,False,False,2024-02-29,2024-07-01,2024-08-30,True,True,3,2,1,1,True,True,True,False,True,60.0,False,False,False,False,False,False,False,True,True,False,False,,,,,,,,,,,,,,
CO1.PCCNTR.9246301,individual_professional_ai,False,False,False,False,False,2026-01-29,2026-09-01,2026-09-01,False,False,0,0,0,0,False,False,False,False,False,0.0,False,False,False,False,False,False,False,False,False,False,False,,,,,,,,,,,,,,
CO1.PCCNTR.7530468,individual_professional_ai,False,False,False,False,False,2025-02-20,2025-11-18,2025-11-22,True,True,2,2,1,1,True,False,False,False,False,4.0,False,False,False,False,False,False,False,True,False,False,False,,,,,,,,,,,,,,
CO1.PCCNTR.7758695,incidental,True,False,False,False,False,2025-04-29,2025-05-07,2025-05-07,True,True,2,2,1,1,True,False,False,False,False,0.0,False,False,False,False,False,False,False,True,False,False,False,,,,,,,,,,,,,,
CO1.PCCNTR.8983101,individual_professional_ai,False,False,False,False,False,2026-01-19,2026-07-22,2026-07-22,False,False,0,0,0,0,False,False,False,False,False,0.0,False,False,False,False,False,False,False,False,False,False,False,,,,,,,,,,,,,,
CO1.PCCNTR.8435025,ai_product_or_platform,True,True,True,True,True,2025-10-16,2025-12-31,2025-12-31,True,False,0,0,0,0,False,False,False,False,False,0.0,False,False,False,False,False,False,False,False,False,False,False,0.0,0.0,False,False,False,False,False,False,False,False,0.0,False,False,False
CO1.PCCNTR.7847343,individual_professional_ai,False,False,False,False,False,2025-05-05,2025-12-05,2025-12-05,True,True,1,1,0,1,True,False,False,False,False,0.0,False,False,False,False,False,False,False,True,False,False,False,,,,,,,,,,,,,,
CO1.PCCNTR.7855147,individual_professional_ai,False,False,False,False,False,2025-05-08,2025-12-08,2025-12-08,True,True,0,0,0,0,False,False,False,False,False,0.0,False,False,False,False,False,False,False,False,False,False,False,,,,,,,,,,,,,,
CO1.PCCNTR.7828307,individual_professional_ai,False,False,False,False,False,2025-04-29,2025-08-29,2025-12-29,True,True,2,2,1,1,True,True,True,True,True,122.0,True,True,False,False,False,False,False,True,True,True,False,,,,,,,,,,,,,,
CO1.PCCNTR.8183600,incidental,True,False,False,False,False,2025-08-12,2025-12-30,2025-12-30,True,True,0,0,0,0,False,False,False,False,False,0.0,False,False,False,False,False,False,False,False,False,False,False,,,,,,,,,,,,,,
CO1.PCCNTR.7413804,individual_professional_ai,False,False,False,False,False,2025-02-06,2025-12-11,2025-12-11,True,True,0,0,0,0,False,False,False,False,False,0.0,False,False,False,False,False,False,False,False,False,False,False,,,,,,,,,,,,,,
CO1.PCCNTR.6581231,incidental,False,False,False,False,False,2024-08-02,2024-12-06,2024-12-27,True,True,2,2,1,1,True,True,True,True,True,21.0,True,True,False,False,False,False,False,True,True,True,False,,,,,,,,,,,,,,
CO1.PCCNTR.6213741,individual_professional_ai,False,False,False,False,False,2024-04-16,2024-12-31,2024-12-31,True,True,1,1,0,1,True,False,False,False,False,0.0,False,False,False,False,False,False,False,True,False,False,False,,,,,,,,,,,,,,
CO1.PCCNTR.8664613,ai_product_or_platform,True,True,True,True,True,2025-12-05,2025-12-24,2025-12-25,True,False,1,1,1,0,False,False,False,False,False,1.0,False,False,False,False,False,False,False,False,False,False,False,26.0,4.0,True,True,True,True,True,True,False,True,0.0,False,False,False
CO1.PCCNTR.9128558,individual_professional_ai,False,False,False,False,False,2026-01-25,2026-12-31,2026-12-31,False,False,0,0,0,0,False,False,False,False,False,0.0,False,False,False,False,False,False,False,False,False,False,False,,,,,,,,,,,,,,
CO1.PCCNTR.6705271,individual_professional_ai,False,False,False,False,False,2024-08-30,2024-12-31,2024-12-31,True,True,1,1,1,0,False,False,False,False,False,0.0,False,False,False,False,False,False,False,False,False,False,False,,,,,,,,,,,,,,
CO1.PCCNTR.5448620,individual_professional_ai,False,False,False,False,False,2023-10-11,2023-12-17,2023-12-17,True,True,1,1,1,0,False,False,False,False,False,0.0,False,False,False,False,False,False,False,False,False,False,False,,,,,,,,,,,,,,
CO1.PCCNTR.9801545,individual_professional_ai,False,False,False,False,False,2026-08-14,2027-03-08,2027-03-08,False,False,0,0,0,0,False,False,False,False,False,0.0,False,False,False,False,False,False,False,False,False,False,False,,,,,,,,,,,,,,
CO1.PCCNTR.6751873,individual_professional_ai,False,False,False,False,False,2024-09-13,2024-12-31,2024-12-31,True,True,0,0,0,0,False,False,False,False,False,0.0,False,False,False,False,False,False,False,False,False,False,False,,,,,,,,,,,,,,
CO1.PCCNTR.5394626,incidental,False,False,False,False,False,2023-09-20,2023-11-20,2023-11-20,True,True,0,0,0,0,False,False,False,False,False,0.0,False,False,False,False,False,False,False,False,False,False,False,,,,,,,,,,,,,,
CO1.PCCNTR.4371332,ai_product_or_platform,True,True,True,True,True,2023-01-05,2023-07-01,2023-07-01,True,True,1,1,0,1,True,False,False,False,False,0.0,False,False,False,False,False,False,False,False,False,False,False,0.0,5.0,True,False,True,False,True,False,False,True,0.0,True,True,True
CO1.PCCNTR.8517746,individual_professional_ai,False,False,False,False,False,2025-11-04,2025-12-31,2025-12-31,True,False,2,2,1,1,True,False,False,False,False,0.0,False,False,False,False,False,False,False,True,False,False,False,,,,,,,,,,,,,,
CO1.PCCNTR.8610100,incidental,True,False,False,False,False,2025-11-20,2025-12-31,2025-12-31,True,False,0,0,0,0,False,False,False,False,False,0.0,False,False,False,False,False,False,False,False,False,False,False,,,,,,,,,,,,,,
CO1.PCCNTR.8249109,individual_professional_ai,False,False,False,False,False,2025-08-28,2025-12-31,2025-12-31,True,True,0,0,0,0,False,False,False,False,False,0.0,False,False,False,False,False,False,False,False,False,False,False,,,,,,,,,,,,,,
CO1.PCCNTR.9113487,incidental,True,False,False,False,False,2026-01-24,2026-06-30,2026-06-30,True,False,0,0,0,0,False,False,False,False,False,0.0,False,False,False,False,False,False,False,False,False,False,False,,,,,,,,,,,,,,
CO1.PCCNTR.9588250,incidental,True,False,False,False,False,2026-06-23,2026-08-01,2026-08-01,False,False,1,1,0,1,True,False,False,False,False,0.0,False,False,False,False,False,False,False,True,False,False,False,,,,,,,,,,,,,,
CO1.PCCNTR.8474374,individual_professional_ai,False,False,False,False,False,2025-10-20,2025-12-31,2025-12-31,True,False,0,0,0,0,False,False,False,False,False,0.0,False,False,False,False,False,False,False,False,False,False,False,,,,,,,,,,,,,,
CO1.PCCNTR.7980033,incidental,True,False,False,False,False,2025-06-17,2025-07-30,2025-07-30,True,True,0,0,0,0,False,False,False,False,False,0.0,False,False,False,False,False,False,False,False,False,False,False,,,,,,,,,,,,,,
CO1.PCCNTR.6940765,unclear,True,False,False,True,True,2024-10-25,2025-01-01,2025-01-01,True,True,1,1,1,0,False,False,False,False,False,0.0,False,False,False,False,False,False,False,False,False,False,False,0.0,0.0,False,False,False,False,False,False,False,False,0.0,True,True,True
CO1.PCCNTR.7147301,ai_product_or_platform,True,True,True,True,True,2024-12-19,2024-12-27,2024-12-27,True,True,1,1,1,0,False,False,False,False,False,0.0,False,False,False,False,False,False,False,False,False,False,False,0.0,1.0,True,False,True,False,True,False,False,True,0.0,True,True,True
CO1.PCCNTR.9051322,individual_professional_ai,False,False,False,False,False,2026-01-22,2026-12-31,2026-12-31,False,False,0,0,0,0,False,False,False,False,False,0.0,False,False,False,False,False,False,False,False,False,False,False,,,,,,,,,,,,,,
CO1.PCCNTR.7903251,unclear,True,False,False,True,True,2025-05-22,2025-08-16,2025-08-16,True,True,1,1,0,1,True,False,False,False,False,0.0,False,False,False,False,False,False,False,True,False,False,False,1.0,0.0,False,False,False,False,False,False,False,False,0.0,True,False,False
CO1.PCCNTR.6855709,individual_professional_ai,False,False,False,False,False,2024-10-03,2025-01-01,2025-01-01,True,True,2,2,1,1,True,False,False,False,False,0.0,False,False,False,False,False,False,False,True,False,False,False,,,,,,,,,,,,,,
CO1.PCCNTR.9050141,individual_professional_ai,False,False,False,False,False,2026-01-27,2026-12-31,2026-12-31,False,False,0,0,0,0,False,False,False,False,False,0.0,False,False,False,False,False,False,False,False,False,False,False,,,,,,,,,,,,,,
CO1.PCCNTR.9153457,individual_professional_ai,False,False,False,False,False,2026-01-26,2026-08-27,2026-08-27,False,False,0,0,0,0,False,False,False,False,False,0.0,False,False,False,False,False,False,False,False,False,False,False,,,,,,,,,,,,,,
CO1.PCCNTR.4849465,individual_professional_ai,False,False,False,False,False,2023-04-10,2023-08-10,2023-09-17,True,True,4,4,2,2,True,False,False,False,False,38.0,True,True,True,False,False,False,False,True,False,True,False,,,,,,,,,,,,,,
CO1.PCCNTR.8240386,ai_development_service,True,True,True,True,True,2025-08-28,2026-01-01,2026-01-01,True,True,1,1,0,1,True,False,False,False,False,0.0,True,True,False,False,False,False,False,True,False,True,False,1.0,0.0,False,False,False,False,False,False,False,False,0.0,True,False,False
CO1.PCCNTR.8764262,individual_professional_ai,False,False,False,False,False,2026-01-08,2026-12-19,2026-12-19,False,False,0,0,0,0,False,False,False,False,False,0.0,False,False,False,False,False,False,False,False,False,False,False,,,,,,,,,,,,,,
CO1.PCCNTR.9203788,individual_professional_ai,False,False,False,False,False,2026-01-28,2026-01-28,2026-09-29,True,False,1,1,0,1,True,True,True,False,True,244.0,False,False,False,False,False,False,True,True,True,False,False,,,,,,,,,,,,,,
CO1.PCCNTR.7512974,individual_professional_ai,False,False,False,False,False,2025-02-19,2025-04-30,2025-04-30,True,True,0,0,0,0,False,False,False,False,False,0.0,False,False,False,False,False,False,False,False,False,False,False,,,,,,,,,,,,,,
CO1.PCCNTR.7033250,ai_development_service,True,True,True,True,True,2024-11-15,2025-03-18,2025-11-01,True,True,4,4,1,3,True,True,True,True,True,228.0,True,True,True,False,False,False,False,True,True,True,False,0.0,1.0,True,True,True,True,True,True,True,True,0.0,True,True,True
CO1.PCCNTR.7042114,incidental,False,False,False,False,False,2024-11-19,2024-12-18,2024-12-18,True,True,0,0,0,0,False,False,False,False,False,0.0,False,False,False,False,False,False,False,False,False,False,False,,,,,,,,,,,,,,
CO1.PCCNTR.6514478,ai_development_service,True,True,True,True,True,2024-07-12,2025-01-01,2025-01-01,True,True,1,1,0,1,True,False,False,False,False,0.0,False,False,False,False,False,False,False,True,False,False,False,0.0,2.0,True,True,True,True,True,True,True,True,0.0,True,True,True
CO1.PCCNTR.9257279,individual_professional_ai,False,False,False,False,False,2026-01-30,2027-01-01,2027-01-01,False,False,1,1,0,1,True,False,False,False,False,0.0,False,False,False,False,False,True,False,True,False,False,False,,,,,,,,,,,,,,
CO1.PCCNTR.7671084,individual_professional_ai,False,False,False,False,False,2025-03-21,2026-01-26,2026-01-26,True,True,1,1,1,0,False,False,False,False,False,0.0,False,False,False,False,False,False,True,False,False,False,False,,,,,,,,,,,,,,
CO1.PCCNTR.4648075,individual_professional_ai,False,False,False,False,False,2023-02-21,2023-08-01,2023-08-01,True,True,1,1,1,0,False,False,False,False,False,0.0,False,False,False,False,False,False,False,False,False,False,False,,,,,,,,,,,,,,
CO1.PCCNTR.6060488,incidental,False,False,False,False,False,2024-03-11,2024-09-12,2024-09-12,True,True,0,0,0,0,False,False,False,False,False,0.0,False,False,False,False,False,False,False,False,False,False,False,,,,,,,,,,,,,,
CO1.PCCNTR.7878502,individual_professional_ai,False,False,False,False,False,2025-05-15,2025-11-18,2025-12-30,True,True,2,2,1,1,True,True,True,True,True,42.0,True,True,False,False,False,False,False,True,True,True,False,,,,,,,,,,,,,,
CO1.PCCNTR.6738853,incidental,False,False,False,False,False,2024-09-11,2024-12-27,2024-12-27,True,True,1,1,1,0,False,False,False,False,False,0.0,False,False,False,False,False,False,False,False,False,False,False,,,,,,,,,,,,,,
CO1.PCCNTR.9097846,individual_professional_ai,False,False,False,False,False,2026-01-23,2026-05-27,2026-07-27,True,False,1,1,0,1,True,True,True,True,True,61.0,True,True,True,False,False,False,False,True,True,True,False,,,,,,,,,,,,,,
CO1.PCCNTR.8488540,incidental,True,False,False,False,False,2025-10-23,2025-10-26,2025-10-26,True,False,1,1,1,0,False,False,False,False,False,0.0,False,False,False,False,False,False,False,False,False,False,False,,,,,,,,,,,,,,
CO1.PCCNTR.7301208,ai_product_or_platform,True,True,True,True,True,2025-01-24,2025-10-06,2026-01-14,True,True,4,4,2,2,True,True,True,True,True,100.0,True,True,True,False,False,False,False,True,True,True,False,3.0,2.0,True,False,False,False,True,False,False,False,0.0,True,True,False
CO1.PCCNTR.7687666,individual_professional_ai,False,False,False,False,False,2025-03-26,2025-11-26,2026-01-01,True,True,2,2,1,1,True,True,True,True,True,36.0,True,True,False,False,False,False,False,True,True,True,False,,,,,,,,,,,,,,
CO1.PCCNTR.8967716,individual_professional_ai,False,False,False,False,False,2026-01-19,2027-01-01,2027-01-01,False,False,1,1,0,1,True,False,False,False,False,0.0,False,False,False,False,False,True,False,True,False,False,False,,,,,,,,,,,,,,
CO1.PCCNTR.7891789,individual_professional_ai,False,False,False,False,False,2025-05-19,2025-11-29,2025-11-29,True,True,1,1,0,1,True,False,False,False,False,0.0,False,False,False,False,False,False,True,True,False,False,False,,,,,,,,,,,,,,
CO1.PCCNTR.5352348,incidental,True,False,False,False,False,2023-09-05,2026-09-07,2027-11-06,False,True,3,2,0,2,True,True,True,True,True,425.0,False,False,False,False,False,False,False,False,False,False,False,,,,,,,,,,,,,,
CO1.PCCNTR.7713746,individual_professional_ai,False,False,False,False,False,2025-03-31,2025-05-18,2025-05-18,True,True,1,1,1,0,False,False,False,False,False,0.0,False,False,False,False,False,False,False,False,False,False,False,,,,,,,,,,,,,,
CO1.PCCNTR.8440683,individual_professional_ai,False,False,False,False,False,2025-10-14,2025-12-31,2025-12-31,True,False,0,0,0,0,False,False,False,False,False,0.0,False,False,False,False,False,False,False,False,False,False,False,,,,,,,,,,,,,,
CO1.PCCNTR.7155753,ai_development_service,True,True,True,True,True,2024-12-18,2024-12-31,2024-12-31,True,True,1,0,0,0,False,False,False,False,False,0.0,False,False,False,False,False,False,False,False,False,False,False,0.0,2.0,True,False,True,False,True,False,False,True,0.0,True,True,True
CO1.PCCNTR.7365267,individual_professional_ai,False,False,False,False,False,2025-01-30,2025-12-04,2025-12-04,True,True,0,0,0,0,False,False,False,False,False,0.0,False,False,False,False,False,False,False,False,False,False,False,,,,,,,,,,,,,,
CO1.PCCNTR.9020845,individual_professional_ai,False,False,False,False,False,2026-01-22,2026-12-20,2026-12-20,False,False,0,0,0,0,False,False,False,False,False,0.0,False,False,False,False,False,False,False,False,False,False,False,,,,,,,,,,,,,,
CO1.PCCNTR.5317426,incidental,False,False,False,False,False,2023-08-22,2023-09-22,2023-09-22,True,True,0,0,0,0,False,False,False,False,False,0.0,False,False,False,False,False,False,False,False,False,False,False,,,,,,,,,,,,,,
CO1.PCCNTR.4396925,incidental,False,False,False,False,False,2023-01-13,2023-12-31,2023-12-31,True,True,1,1,0,1,True,False,False,False,False,0.0,False,False,False,False,False,False,False,True,False,False,False,,,,,,,,,,,,,,
CO1.PCCNTR.6435732,incidental,False,False,False,False,False,2024-06-17,2024-12-17,2024-12-30,True,True,2,2,1,1,True,True,True,True,True,13.0,True,True,False,False,False,False,False,True,True,True,False,,,,,,,,,,,,,,
CO1.PCCNTR.8929670,individual_professional_ai,False,False,False,False,False,2026-01-17,2026-12-31,2026-12-31,False,False,0,0,0,0,False,False,False,False,False,0.0,False,False,False,False,False,False,False,False,False,False,False,,,,,,,,,,,,,,
CO1.PCCNTR.8638878,ai_product_or_platform,True,True,True,True,True,2025-11-27,2025-12-26,2025-12-27,True,False,1,1,1,0,False,False,False,False,False,1.0,False,False,False,False,False,False,False,False,False,False,False,6.0,0.0,False,False,False,False,False,False,False,False,0.0,False,False,False
CO1.PCCNTR.6634081,individual_professional_ai,False,False,False,False,False,2024-08-13,2024-12-30,2024-12-30,True,True,1,1,1,0,False,False,False,False,False,0.0,False,False,False,False,False,False,False,False,False,False,False,,,,,,,,,,,,,,
CO1.PCCNTR.6435534,incidental,False,False,False,False,False,2024-06-17,2024-12-17,2024-12-30,True,True,2,2,1,1,True,True,True,True,True,13.0,True,True,False,False,False,False,False,True,True,True,False,,,,,,,,,,,,,,
CO1.PCCNTR.5141515,ai_product_or_platform,True,True,True,True,True,2023-06-27,2024-07-07,2024-07-07,True,True,2,2,0,2,True,True,True,True,False,0.0,False,False,False,False,False,False,False,False,False,False,False,0.0,2.0,True,True,False,False,False,False,False,False,0.0,True,True,True
CO1.PCCNTR.8467126,ai_product_or_platform,True,True,True,True,True,2025-10-20,2025-12-31,2025-12-31,True,False,0,0,0,0,False,False,False,False,False,0.0,False,False,False,False,False,False,False,False,False,False,False,1.0,0.0,False,False,False,False,False,False,False,False,0.0,False,False,False
CO1.PCCNTR.7662917,incidental,False,False,False,False,False,2025-03-19,2025-10-01,2026-01-01,True,True,4,2,1,1,True,True,True,True,True,92.0,True,True,False,False,False,False,False,True,True,True,False,,,,,,,,,,,,,,
CO1.PCCNTR.6303133,incidental,False,False,False,False,False,2024-05-09,2024-12-04,2025-01-01,True,True,2,2,1,1,True,True,True,True,True,28.0,True,True,False,False,False,False,False,True,True,True,False,,,,,,,,,,,,,,
CO1.PCCNTR.6414329,incidental,False,False,False,False,False,2024-06-07,2024-12-11,2025-01-01,True,True,2,2,1,1,True,True,True,True,True,21.0,True,True,False,False,False,False,False,True,True,True,False,,,,,,,,,,,,,,
CO1.PCCNTR.6407164,incidental,False,False,False,False,False,2024-06-06,2024-12-12,2024-12-12,True,True,2,2,1,1,True,False,False,False,False,0.0,False,False,False,False,False,True,False,True,False,False,False,,,,,,,,,,,,,,
CO1.PCCNTR.6435728,incidental,False,False,False,False,False,2024-06-17,2024-12-17,2024-12-30,True,True,2,2,1,1,True,True,True,True,True,13.0,True,True,False,False,False,False,False,True,True,True,False,,,,,,,,,,,,,,
CO1.PCCNTR.6420507,incidental,False,False,False,False,False,2024-06-12,2024-12-18,2024-12-30,True,True,2,2,1,1,True,True,True,False,True,12.0,True,True,False,False,False,False,False,True,True,True,False,,,,,,,,,,,,,,
CO1.PCCNTR.6419262,incidental,False,False,False,False,False,2024-06-12,2024-12-18,2024-12-30,True,True,2,2,1,1,True,True,True,False,True,12.0,True,True,False,False,False,False,False,True,True,True,False,,,,,,,,,,,,,,
CO1.PCCNTR.6304340,ai_product_or_platform,True,True,True,True,True,2024-05-08,2024-11-30,2024-11-30,True,True,0,0,0,0,False,False,False,False,False,0.0,False,False,False,False,False,False,False,False,False,False,False,4.0,1.0,True,False,False,False,True,False,False,False,0.0,True,True,True
CO1.PCCNTR.6347388,incidental,False,False,False,False,False,2024-05-22,2024-12-04,2025-01-01,True,True,3,2,1,1,True,True,True,True,True,28.0,True,True,True,False,False,False,False,True,True,True,False,,,,,,,,,,,,,,
CO1.PCCNTR.8870152,individual_professional_ai,False,False,False,False,False,2026-01-15,2026-12-31,2026-12-31,False,False,0,0,0,0,False,False,False,False,False,0.0,False,False,False,False,False,False,False,False,False,False,False,,,,,,,,,,,,,,
CO1.PCCNTR.4558538,incidental,False,False,False,False,False,2023-02-06,2023-06-07,2023-08-05,True,True,2,2,1,1,True,True,True,True,True,59.0,True,True,False,False,False,False,False,True,True,True,False,,,,,,,,,,,,,,
CO1.PCCNTR.6479807,individual_professional_ai,False,False,False,False,False,2024-07-02,2025-01-01,2025-01-01,True,True,1,1,1,0,False,False,False,False,False,0.0,False,False,False,False,False,False,False,False,False,False,False,,,,,,,,,,,,,,
CO1.PCCNTR.6512579,incidental,False,False,False,False,False,2024-07-15,2025-01-01,2025-01-01,True,True,1,1,1,0,False,False,False,False,False,0.0,False,False,False,False,False,False,False,False,False,False,False,,,,,,,,,,,,,,
CO1.PCCNTR.7204372,ai_product_or_platform,True,True,True,True,True,2025-01-07,2025-06-30,2025-09-15,True,True,2,2,1,1,True,True,True,True,True,77.0,True,True,False,False,False,False,False,True,True,True,False,2.0,2.0,True,False,True,False,True,False,False,True,0.0,True,True,False
CO1.PCCNTR.6420328,incidental,False,False,False,False,False,2024-06-11,2024-12-10,2024-12-31,True,True,2,2,1,1,True,True,True,True,True,21.0,True,True,False,False,False,False,False,True,True,True,False,,,,,,,,,,,,,,
CO1.PCCNTR.6428415,incidental,False,False,False,False,False,2024-06-13,2024-12-18,2024-12-30,True,True,2,2,1,1,True,True,True,False,True,12.0,True,True,False,False,False,False,False,True,True,True,False,,,,,,,,,,,,,,
CO1.PCCNTR.6838928,ai_product_or_platform,True,True,True,True,True,2024-10-01,2024-12-31,2024-12-31,True,True,2,2,1,1,True,False,False,False,False,0.0,False,False,False,False,False,False,False,True,False,False,False,1.0,1.0,True,True,False,False,True,True,False,False,0.0,True,True,True
CO1.PCCNTR.8117117,ai_product_or_platform,True,True,True,True,True,2025-07-24,2025-08-29,2025-08-29,True,True,1,1,1,0,False,False,False,False,False,0.0,False,False,False,False,False,False,False,False,False,False,False,7.0,0.0,False,False,False,False,False,False,False,False,0.0,True,False,False
CO1.PCCNTR.8961182,individual_professional_ai,False,False,False,False,False,2026-01-18,2026-06-19,2026-06-19,True,False,0,0,0,0,False,False,False,False,False,0.0,False,False,False,False,False,False,False,False,False,False,False,,,,,,,,,,,,,,
CO1.PCCNTR.4523674,individual_professional_ai,False,False,False,False,False,2023-01-31,2023-06-02,2023-06-02,True,True,2,2,1,1,True,False,False,False,False,0.0,False,False,False,False,False,False,False,True,False,False,False,,,,,,,,,,,,,,
CO1.PCCNTR.8056283,ai_product_or_platform,True,True,True,True,True,2025-07-08,2025-12-13,2025-12-13,True,True,1,1,0,1,True,False,False,False,False,0.0,False,False,False,False,False,False,False,True,False,False,False,1.0,0.0,False,False,False,False,False,False,False,False,0.0,True,False,False
CO1.PCCNTR.6420250,incidental,False,False,False,False,False,2024-06-11,2024-12-10,2024-12-10,True,True,1,1,1,0,False,False,False,False,False,0.0,False,False,False,False,False,False,False,False,False,False,False,,,,,,,,,,,,,,
CO1.PCCNTR.4398138,incidental,False,False,False,False,False,2023-01-13,2023-10-16,2024-01-13,True,True,3,3,0,3,True,True,True,True,True,89.0,True,True,True,False,False,False,False,True,True,True,False,,,,,,,,,,,,,,
CO1.PCCNTR.9834548,unclear,False,False,False,False,False,2026-08-20,2026-12-15,2026-12-15,False,False,0,0,0,0,False,False,False,False,False,0.0,False,False,False,False,False,False,False,False,False,False,False,,,,,,,,,,,,,,
CO1.PCCNTR.8435919,ai_product_or_platform,True,True,True,True,True,2025-10-09,2025-12-28,2025-12-28,True,False,0,0,0,0,False,False,False,False,False,0.0,False,False,False,False,False,False,False,False,False,False,False,2.0,0.0,False,False,False,False,False,False,False,False,0.0,False,False,False
CO1.PCCNTR.6356575,incidental,False,False,False,False,False,2024-05-23,2024-12-12,2024-12-12,True,True,1,1,1,0,False,False,False,False,False,0.0,False,False,False,False,False,False,False,False,False,False,False,,,,,,,,,,,,,,
CO1.PCCNTR.8619164,incidental,True,False,False,False,False,2025-11-25,2025-12-31,2025-12-31,True,False,0,0,0,0,False,False,False,False,False,0.0,False,False,False,False,False,False,False,False,False,False,False,,,,,,,,,,,,,,
CO1.PCCNTR.6654452,ai_product_or_platform,True,True,True,True,True,2024-08-16,2024-12-30,2024-12-30,True,True,0,0,0,0,False,False,False,False,False,0.0,False,False,False,False,False,False,False,False,False,False,False,1.0,3.0,True,False,True,False,True,False,False,True,0.0,True,True,True
CO1.PCCNTR.8251912,ai_development_service,True,True,True,True,True,2025-09-01,2025-12-31,2025-12-31,True,True,0,0,0,0,False,False,False,False,False,0.0,False,False,False,False,False,False,False,False,False,False,False,0.0,0.0,False,False,False,False,False,False,False,False,0.0,True,False,False
CO1.PCCNTR.6435729,incidental,False,False,False,False,False,2024-06-17,2024-12-17,2024-12-30,True,True,3,3,1,2,True,True,True,True,True,13.0,True,True,True,False,False,True,False,True,True,True,False,,,,,,,,,,,,,,
CO1.PCCNTR.4392144,incidental,False,False,False,False,False,2023-01-12,2023-12-31,2023-12-31,True,True,1,1,0,1,True,False,False,False,False,0.0,False,False,False,False,False,True,False,True,False,False,False,,,,,,,,,,,,,,
CO1.PCCNTR.8767299,cloud_or_software_nonAI,True,False,True,False,True,2026-01-06,2026-07-07,2026-10-07,False,False,1,1,0,1,True,True,True,True,True,92.0,True,True,True,False,False,False,False,True,True,True,False,4.0,0.0,False,False,False,False,False,False,False,False,0.0,False,False,False
CO1.PCCNTR.8952576,individual_professional_ai,False,False,False,False,False,2026-01-20,2026-12-30,2026-12-30,False,False,0,0,0,0,False,False,False,False,False,0.0,False,False,False,False,False,False,False,False,False,False,False,,,,,,,,,,,,,,
CO1.PCCNTR.6336678,ai_product_or_platform,True,True,True,True,True,2024-05-16,2024-08-15,2024-08-15,True,True,3,2,0,2,True,False,False,False,False,0.0,True,True,True,False,False,False,False,True,False,True,False,0.0,4.0,True,False,True,False,True,False,False,True,0.0,True,True,True
CO1.PCCNTR.6583693,cloud_or_software_nonAI,True,False,True,False,True,2024-07-31,2024-12-31,2025-06-01,True,True,3,3,1,2,True,True,True,True,True,152.0,False,False,False,False,False,False,False,True,True,False,False,176.0,52.0,True,True,True,True,True,True,True,True,0.0,True,True,True
CO1.PCCNTR.6435927,incidental,False,False,False,False,False,2024-06-17,2024-12-17,2024-12-30,True,True,2,2,1,1,True,True,True,True,True,13.0,True,True,False,False,False,False,False,True,True,True,False,,,,,,,,,,,,,,
CO1.PCCNTR.6370846,ai_product_or_platform,True,True,True,True,True,2024-05-27,2024-06-11,2024-06-11,True,True,0,0,0,0,False,False,False,False,False,0.0,False,False,False,False,False,False,False,False,False,False,False,0.0,0.0,False,False,False,False,False,False,False,False,0.0,True,True,True
CO1.PCCNTR.8508729,individual_professional_ai,False,False,False,False,False,2025-10-29,2025-12-30,2025-12-30,True,False,0,0,0,0,False,False,False,False,False,0.0,False,False,False,False,False,False,False,False,False,False,False,,,,,,,,,,,,,,
CO1.PCCNTR.7015205,ai_product_or_platform,True,True,True,True,True,2024-11-20,2024-12-30,2024-12-30,True,True,1,1,1,0,False,False,False,False,False,0.0,False,False,False,False,False,False,False,False,False,False,False,0.0,2.0,True,True,True,True,True,True,True,True,0.0,True,True,True
CO1.PCCNTR.7776267,ai_product_or_platform,True,True,True,True,True,2025-04-11,2026-02-22,2026-07-22,True,True,1,1,0,1,True,True,True,True,True,150.0,True,True,False,False,False,False,False,True,True,True,False,1.0,1.0,True,True,False,False,True,True,False,False,0.0,True,False,False
CO1.PCCNTR.8807250,individual_professional_ai,False,False,False,False,False,2026-01-09,2026-12-27,2026-12-27,False,False,0,0,0,0,False,False,False,False,False,0.0,False,False,False,False,False,False,False,False,False,False,False,,,,,,,,,,,,,,
CO1.PCCNTR.8236117,ai_product_or_platform,True,True,True,True,True,2025-08-26,2025-11-30,2025-11-30,True,True,0,0,0,0,False,False,False,False,False,0.0,False,False,False,False,False,False,False,False,False,False,False,5.0,0.0,False,False,False,False,False,False,False,False,0.0,True,False,False
CO1.PCCNTR.7175342,ai_development_service,True,True,True,True,True,2024-12-30,2025-01-17,2025-01-17,True,True,3,3,1,2,True,False,False,False,False,0.0,False,False,False,True,True,False,False,True,False,False,True,0.0,1.0,True,True,True,True,True,True,True,True,0.0,True,True,True
CO1.PCCNTR.7355304,incidental,True,False,False,False,False,2025-01-29,2025-03-30,2025-03-30,True,True,0,0,0,0,False,False,False,False,False,0.0,False,False,False,False,False,False,False,False,False,False,False,,,,,,,,,,,,,,
CO1.PCCNTR.5874491,incidental,False,False,False,False,False,2024-02-02,2024-04-04,2024-04-04,True,True,0,0,0,0,False,False,False,False,False,0.0,False,False,False,False,False,False,False,False,False,False,False,,,,,,,,,,,,,,
CO1.PCCNTR.6674510,individual_professional_ai,False,False,False,False,False,2024-08-23,2025-01-01,2025-01-01,True,True,2,1,1,0,False,False,False,False,False,0.0,False,False,False,False,False,False,False,False,False,False,False,,,,,,,,,,,,,,
CO1.PCCNTR.6380956,ai_product_or_platform,True,True,True,True,True,2024-05-29,2024-07-30,2024-07-30,True,True,2,1,0,1,True,False,False,False,False,0.0,True,True,False,False,False,False,False,True,False,True,False,170.0,58.0,True,True,True,True,True,True,True,True,0.0,True,True,True
CO1.PCCNTR.6891279,individual_professional_ai,False,False,False,False,False,2024-10-11,2025-01-01,2025-01-20,True,True,2,2,1,1,True,True,True,False,True,19.0,False,False,False,False,False,False,False,True,True,False,False,,,,,,,,,,,,,,
CO1.PCCNTR.9159410,incidental,False,False,False,False,False,2026-01-27,2026-12-28,2026-12-28,False,False,0,0,0,0,False,False,False,False,False,0.0,False,False,False,False,False,False,False,False,False,False,False,,,,,,,,,,,,,,
CO1.PCCNTR.6332834,incidental,False,False,False,False,False,2024-05-22,2024-12-18,2025-01-01,True,True,2,2,1,1,True,True,True,True,True,14.0,True,True,False,False,False,False,False,True,True,True,False,,,,,,,,,,,,,,
CO1.PCCNTR.7654051,ai_product_or_platform,True,True,True,True,True,2025-03-14,2025-05-31,2025-05-31,True,True,1,0,0,0,False,False,False,False,False,0.0,False,False,False,False,False,False,False,False,False,False,False,0.0,0.0,False,False,False,False,False,False,False,False,0.0,True,True,False
CO1.PCCNTR.6662679,individual_professional_ai,False,False,False,False,False,2024-08-20,2025-01-01,2025-01-01,True,True,1,1,1,0,False,False,False,False,False,0.0,False,False,False,False,False,False,False,False,False,False,False,,,,,,,,,,,,,,
CO1.PCCNTR.8961446,individual_professional_ai,False,False,False,False,False,2026-01-18,2026-06-19,2026-06-19,True,False,0,0,0,0,False,False,False,False,False,0.0,False,False,False,False,False,False,False,False,False,False,False,,,,,,,,,,,,,,
CO1.PCCNTR.6172528,incidental,False,False,False,False,False,2024-04-04,2024-07-01,2024-08-01,True,True,1,1,0,1,True,True,True,True,True,31.0,True,True,False,False,False,False,False,True,True,True,False,,,,,,,,,,,,,,
CO1.PCCNTR.6684143,individual_professional_ai,False,False,False,False,False,2024-08-27,2025-01-01,2025-01-01,True,True,1,1,1,0,False,False,False,False,False,0.0,False,False,False,False,False,False,False,False,False,False,False,,,,,,,,,,,,,,
CO1.PCCNTR.7809378,ai_development_service,True,True,True,True,True,2025-04-25,2025-07-26,2025-07-26,True,True,1,1,0,1,True,False,False,False,False,0.0,True,True,False,False,False,False,False,True,False,True,False,1.0,2.0,True,False,True,False,True,False,False,True,0.0,True,False,False
CO1.PCCNTR.7248934,incidental,False,False,False,False,False,2025-01-20,2025-12-31,2025-12-31,True,True,0,0,0,0,False,False,False,False,False,0.0,False,False,False,False,False,False,False,False,False,False,False,,,,,,,,,,,,,,
CO1.PCCNTR.6435535,incidental,False,False,False,False,False,2024-06-17,2024-12-17,2024-12-30,True,True,2,2,1,1,True,True,True,True,True,13.0,True,True,False,False,False,False,False,True,True,True,False,,,,,,,,,,,,,,
CO1.PCCNTR.5527224,unclear,True,False,False,True,True,2023-11-08,2023-12-16,2023-12-16,True,True,1,1,0,1,True,False,False,False,False,0.0,False,False,False,False,False,False,False,True,False,False,False,0.0,0.0,False,False,False,False,False,False,False,False,0.0,True,True,True
CO1.PCCNTR.6415742,incidental,False,False,False,False,False,2024-06-12,2024-12-11,2025-01-01,True,True,3,3,2,1,True,True,True,True,True,21.0,True,True,True,False,False,False,False,True,True,True,False,,,,,,,,,,,,,,
CO1.PCCNTR.5035318,individual_professional_ai,False,False,False,False,False,2023-06-02,2024-01-01,2024-01-01,True,True,1,1,1,0,False,False,False,False,False,0.0,False,False,False,False,False,False,False,False,False,False,False,,,,,,,,,,,,,,
CO1.PCCNTR.8557152,unclear,True,False,False,True,True,2025-11-07,2026-01-10,2026-10-07,True,False,2,2,0,2,True,True,True,True,True,270.0,True,True,True,False,False,False,False,True,True,True,False,1.0,0.0,False,False,False,False,False,False,False,False,0.0,False,False,False
CO1.PCCNTR.6443612,incidental,False,False,False,False,False,2024-06-18,2024-12-18,2025-01-01,True,True,2,2,1,1,True,True,True,True,True,14.0,True,True,False,False,False,False,False,True,True,True,False,,,,,,,,,,,,,,
CO1.PCCNTR.5592951,ai_product_or_platform,True,True,True,True,True,2023-11-28,2024-01-01,2024-01-01,True,True,1,1,0,1,True,False,False,False,False,0.0,False,False,False,False,False,False,False,False,False,False,False,2.0,2.0,True,True,False,False,True,True,False,False,0.0,True,True,True
CO1.PCCNTR.4397364,incidental,False,False,False,False,False,2023-01-13,2023-12-31,2023-12-31,True,True,1,1,0,1,True,False,False,False,False,0.0,False,False,False,False,False,False,False,True,False,False,False,,,,,,,,,,,,,,
CO1.PCCNTR.6420601,incidental,False,False,False,False,False,2024-06-11,2024-12-10,2024-12-31,True,True,3,2,1,1,True,True,True,True,True,21.0,True,True,False,False,False,False,False,True,True,True,False,,,,,,,,,,,,,,
CO1.PCCNTR.4977857,incidental,True,False,False,False,False,2023-05-18,2024-01-01,2024-01-01,True,True,2,1,0,1,True,False,False,False,False,0.0,False,False,False,False,False,False,False,False,False,False,False,,,,,,,,,,,,,,
CO1.PCCNTR.8524713,individual_professional_ai,False,False,False,False,False,2025-10-31,2025-12-30,2025-12-30,True,False,0,0,0,0,False,False,False,False,False,0.0,False,False,False,False,False,False,False,False,False,False,False,,,,,,,,,,,,,,
CO1.PCCNTR.8675363,incidental,True,False,False,False,False,2025-12-04,2025-06-01,2026-04-18,True,False,4,4,1,3,True,True,True,True,True,321.0,False,False,False,True,True,False,False,True,True,False,True,,,,,,,,,,,,,,
CO1.PCCNTR.6379777,incidental,False,False,False,False,False,2024-05-30,2024-12-12,2024-12-12,True,True,1,1,1,0,False,False,False,False,False,0.0,False,False,False,False,False,False,False,False,False,False,False,,,,,,,,,,,,,,
CO1.PCCNTR.5806274,incidental,True,False,False,False,False,2024-01-25,2025-01-01,2025-01-01,True,True,2,1,1,0,False,False,False,False,False,0.0,False,False,False,False,False,False,False,False,False,False,False,,,,,,,,,,,,,,
CO1.PCCNTR.4409579,incidental,False,False,False,False,False,2023-01-16,2023-12-05,2023-12-30,True,True,1,1,0,1,True,True,True,True,True,25.0,True,True,False,False,False,False,False,True,True,True,False,,,,,,,,,,,,,,
CO1.PCCNTR.5286748,incidental,False,False,False,False,False,2023-08-09,2023-12-10,2023-12-31,True,True,2,2,1,1,True,True,True,True,True,21.0,True,True,False,False,False,False,False,True,True,True,False,,,,,,,,,,,,,,
CO1.PCCNTR.4850424,ai_product_or_platform,True,True,True,True,True,2023-04-14,2023-12-29,2023-12-29,True,True,0,0,0,0,False,False,False,False,False,0.0,False,False,False,False,False,False,False,False,False,False,False,2.0,0.0,False,False,False,False,False,False,False,False,0.0,True,True,True
CO1.PCCNTR.6392167,incidental,False,False,False,False,False,2024-05-31,2024-12-12,2024-12-12,True,True,1,1,1,0,False,False,False,False,False,0.0,False,False,False,False,False,False,False,False,False,False,False,,,,,,,,,,,,,,
CO1.PCCNTR.7436354,incidental,True,False,False,False,False,2025-02-11,2025-07-01,2025-07-01,True,True,1,1,1,0,False,False,False,False,False,0.0,False,False,False,False,False,False,False,False,False,False,False,,,,,,,,,,,,,,
CO1.PCCNTR.6580687,individual_professional_ai,False,False,False,False,False,2024-07-31,2024-09-17,2024-09-17,True,True,3,2,2,0,False,False,False,False,False,0.0,False,False,False,False,False,False,True,False,False,False,False,,,,,,,,,,,,,,
CO1.PCCNTR.6406966,incidental,False,False,False,False,False,2024-06-07,2024-12-18,2024-12-30,True,True,3,3,1,2,True,True,True,False,True,12.0,True,True,True,False,False,True,False,True,True,True,False,,,,,,,,,,,,,,
CO1.PCCNTR.5528464,unclear,True,False,False,True,True,2023-11-14,2024-01-01,2024-01-01,True,True,1,1,1,0,False,False,False,False,False,0.0,False,False,False,False,False,False,False,False,False,False,False,0.0,2.0,True,True,True,True,True,True,True,True,0.0,True,True,True
CO1.PCCNTR.6420602,incidental,False,False,False,False,False,2024-06-11,2024-12-10,2024-12-31,True,True,2,2,1,1,True,True,True,True,True,21.0,True,True,False,False,False,False,False,True,True,True,False,,,,,,,,,,,,,,
CO1.PCCNTR.8512972,individual_professional_ai,False,False,False,False,False,2025-10-30,2025-12-30,2025-12-30,True,False,0,0,0,0,False,False,False,False,False,0.0,False,False,False,False,False,False,False,False,False,False,False,,,,,,,,,,,,,,
CO1.PCCNTR.7582812,individual_professional_ai,False,False,False,False,False,2025-02-28,2025-12-31,2025-12-31,True,True,3,2,0,2,True,False,False,False,False,0.0,False,False,False,False,False,True,False,True,False,False,False,,,,,,,,,,,,,,
CO1.PCCNTR.6302940,incidental,False,False,False,False,False,2024-05-09,2024-12-05,2024-12-31,True,True,3,3,1,2,True,True,True,True,True,26.0,True,True,False,False,False,False,False,True,True,True,False,,,,,,,,,,,,,,
CO1.PCCNTR.9177755,unclear,True,False,False,True,True,2026-01-30,2026-06-30,2026-06-30,True,False,0,0,0,0,False,False,False,False,False,0.0,False,False,False,False,False,False,False,False,False,False,False,0.0,1.0,True,False,True,False,True,False,False,True,0.0,False,False,False
CO1.PCCNTR.5263616,ai_product_or_platform,True,True,True,True,True,2023-08-01,2023-12-01,2023-12-01,True,True,1,1,1,0,False,False,False,False,False,0.0,False,False,False,False,False,False,False,False,False,False,False,3.0,2.0,True,True,True,True,True,True,True,True,0.0,True,True,True
CO1.PCCNTR.6415650,incidental,False,False,False,False,False,2024-06-08,2024-12-11,2025-01-01,True,True,2,2,1,1,True,True,True,True,True,21.0,True,True,False,False,False,False,False,True,True,True,False,,,,,,,,,,,,,,
CO1.PCCNTR.6412147,incidental,False,False,False,False,False,2024-06-07,2024-12-11,2024-12-11,True,True,1,1,0,1,True,False,False,False,False,0.0,False,False,False,False,False,False,False,True,False,False,False,,,,,,,,,,,,,,
CO1.PCCNTR.6347182,incidental,False,False,False,False,False,2024-05-22,2024-12-05,2024-12-31,True,True,2,2,1,1,True,True,True,True,True,26.0,True,True,False,False,False,False,False,True,True,True,False,,,,,,,,,,,,,,
CO1.PCCNTR.8464467,incidental,False,False,False,False,False,2025-10-17,2025-12-31,2025-12-31,True,False,0,0,0,0,False,False,False,False,False,0.0,False,False,False,False,False,False,False,False,False,False,False,,,,,,,,,,,,,,
CO1.PCCNTR.8746014,ai_product_or_platform,True,True,True,True,True,2025-12-30,2025-12-31,2025-12-31,True,False,0,0,0,0,False,False,False,False,False,0.0,False,False,False,False,False,False,False,False,False,False,False,2.0,0.0,False,False,False,False,False,False,False,False,0.0,False,False,False
CO1.PCCNTR.6420258,incidental,False,False,False,False,False,2024-06-11,2024-12-10,2024-12-31,True,True,3,2,1,1,True,True,True,True,True,21.0,True,True,True,False,False,False,False,True,True,True,False,,,,,,,,,,,,,,
CO1.PCCNTR.6415737,incidental,False,False,False,False,False,2024-06-10,2024-12-11,2025-01-01,True,True,2,2,1,1,True,True,True,True,True,21.0,True,True,False,False,False,False,False,True,True,True,False,,,,,,,,,,,,,,
CO1.PCCNTR.6468941,unclear,True,False,False,True,True,2024-06-27,2024-07-28,2024-07-28,True,True,2,2,1,1,True,False,False,False,False,0.0,False,False,False,False,False,False,False,True,False,False,False,1.0,1.0,True,False,False,False,True,False,False,False,0.0,True,True,True
CO1.PCCNTR.7377422,individual_professional_ai,False,False,False,False,False,2025-02-03,2025-09-28,2026-01-01,True,True,5,5,0,5,True,True,True,True,True,95.0,True,True,True,False,False,True,False,True,True,True,False,,,,,,,,,,,,,,
CO1.PCCNTR.6572316,individual_professional_ai,False,False,False,False,False,2024-07-30,2025-01-01,2025-01-01,True,True,1,1,1,0,False,False,False,False,False,0.0,False,False,False,False,False,False,False,False,False,False,False,,,,,,,,,,,,,,
CO1.PCCNTR.6993304,ai_product_or_platform,True,True,True,True,True,2024-11-08,2024-12-31,2024-12-31,True,True,0,0,0,0,False,False,False,False,False,0.0,False,False,False,False,False,False,False,False,False,False,False,0.0,1.0,True,True,True,True,True,True,False,True,0.0,True,True,True
CO1.PCCNTR.9339266,ai_product_or_platform,True,True,True,True,True,2026-02-17,2026-12-31,2026-12-31,False,False,0,0,0,0,False,False,False,False,False,0.0,False,False,False,False,False,False,False,False,False,False,False,5.0,0.0,False,False,False,False,False,False,False,False,0.0,False,False,False
CO1.PCCNTR.8603421,incidental,True,False,False,False,False,2025-11-24,2025-12-17,2025-12-17,True,False,0,0,0,0,False,False,False,False,False,0.0,False,False,False,False,False,False,False,False,False,False,False,,,,,,,,,,,,,,
CO1.PCCNTR.6411876,incidental,False,False,False,False,False,2024-06-07,2024-12-11,2024-12-11,True,True,1,1,1,0,False,False,False,False,False,0.0,False,False,False,False,False,False,False,False,False,False,False,,,,,,,,,,,,,,
CO1.PCCNTR.6567370,individual_professional_ai,False,False,False,False,False,2024-07-25,2024-12-31,2024-12-31,True,True,2,2,1,1,True,False,False,False,False,0.0,False,False,False,False,False,False,False,True,False,False,False,,,,,,,,,,,,,,
CO1.PCCNTR.6682735,individual_professional_ai,False,False,False,False,False,2024-08-29,2025-01-01,2025-01-01,True,True,1,1,1,0,False,False,False,False,False,0.0,False,False,False,False,False,False,False,False,False,False,False,,,,,,,,,,,,,,
CO1.PCCNTR.9595033,ai_product_or_platform,True,True,True,True,True,2026-06-30,2026-12-31,2026-12-31,False,False,0,0,0,0,False,False,False,False,False,0.0,False,False,False,False,False,False,False,False,False,False,False,1.0,0.0,False,False,False,False,False,False,False,False,0.0,False,False,False
CO1.PCCNTR.8631274,ai_product_or_platform,True,True,True,True,True,2025-11-25,2025-12-31,2025-12-31,True,False,0,0,0,0,False,False,False,False,False,0.0,False,False,False,False,False,False,False,False,False,False,False,2.0,0.0,False,False,False,False,False,False,False,False,0.0,False,False,False
CO1.PCCNTR.4387325,incidental,False,False,False,False,False,2023-01-11,2023-12-26,2023-12-26,True,True,0,0,0,0,False,False,False,False,False,0.0,False,False,False,False,False,False,False,False,False,False,False,,,,,,,,,,,,,,
CO1.PCCNTR.7293154,individual_professional_ai,False,False,False,False,False,2025-01-21,2025-10-01,2026-01-01,True,True,2,2,0,2,True,True,True,True,True,92.0,True,True,True,False,False,False,False,True,True,True,False,,,,,,,,,,,,,,
CO1.PCCNTR.8365521,ai_product_or_platform,True,True,True,True,True,2025-09-25,2026-01-01,2026-01-01,True,True,1,1,0,1,True,False,False,False,False,0.0,False,False,False,False,False,False,False,True,False,False,False,0.0,0.0,False,False,False,False,False,False,False,False,0.0,True,False,False
CO1.PCCNTR.6578494,incidental,False,False,False,False,False,2024-07-31,2025-01-01,2025-01-15,True,True,2,2,1,1,True,True,True,True,True,14.0,True,True,False,False,False,False,False,True,True,True,False,,,,,,,,,,,,,,
CO1.PCCNTR.8581531,individual_professional_ai,False,False,False,False,False,2025-11-12,2026-12-31,2026-12-31,False,False,0,0,0,0,False,False,False,False,False,0.0,False,False,False,False,False,False,False,False,False,False,False,,,,,,,,,,,,,,
CO1.PCCNTR.7933818,ai_product_or_platform,True,True,True,True,True,2025-05-30,2025-09-01,2026-11-01,True,True,4,3,0,3,True,True,True,True,True,426.0,False,False,False,False,False,False,False,True,True,False,False,200.0,26.0,True,True,True,True,True,True,True,True,2.0,True,False,False
CO1.PCCNTR.7088793,ai_development_service,True,True,True,True,True,2024-12-02,2024-12-31,2024-12-31,True,True,0,0,0,0,False,False,False,False,False,0.0,False,False,False,False,False,False,False,False,False,False,False,3.0,1.0,True,True,True,True,True,True,True,True,0.0,True,True,True
CO1.PCCNTR.6038716,incidental,False,False,False,False,False,2024-03-02,2024-07-01,2024-07-31,True,True,1,1,0,1,True,True,True,True,True,30.0,True,True,False,False,False,False,False,True,True,True,False,,,,,,,,,,,,,,
CO1.PCCNTR.9691250,ai_product_or_platform,True,True,True,True,True,2026-07-21,2027-02-09,2027-02-09,False,False,0,0,0,0,False,False,False,False,False,0.0,False,False,False,False,False,False,False,False,False,False,False,2.0,0.0,False,False,False,False,False,False,False,False,0.0,False,False,False
CO1.PCCNTR.8331679,ai_product_or_platform,True,True,True,True,True,2025-09-16,2025-12-15,2025-12-26,True,True,1,1,0,1,True,True,True,True,True,11.0,True,True,False,False,False,False,False,True,True,True,False,3.0,1.0,True,False,True,False,True,False,False,True,0.0,True,False,False
CO1.PCCNTR.6809379,cloud_or_software_nonAI,True,False,True,False,True,2024-09-30,2024-11-16,2024-11-16,True,True,0,0,0,0,False,False,False,False,False,0.0,False,False,False,False,False,False,False,False,False,False,False,0.0,1.0,True,True,False,False,True,True,False,False,0.0,True,True,True
CO1.PCCNTR.9381067,cloud_or_software_nonAI,True,False,True,False,True,2026-03-06,2026-03-23,2026-03-23,True,False,0,0,0,0,False,False,False,False,False,0.0,False,False,False,False,False,False,False,False,False,False,False,0.0,0.0,False,False,False,False,False,False,False,False,0.0,False,False,False
CO1.PCCNTR.8378899,cloud_or_software_nonAI,True,False,True,False,True,2025-10-01,2025-12-31,2025-12-31,True,False,0,0,0,0,False,False,False,False,False,0.0,False,False,False,False,False,False,False,False,False,False,False,1.0,0.0,False,False,False,False,False,False,False,False,0.0,False,False,False
CO1.PCCNTR.8172401,cloud_or_software_nonAI,False,False,False,False,False,2025-08-13,2025-12-31,2025-12-31,True,True,0,0,0,0,False,False,False,False,False,0.0,False,False,False,False,False,False,False,False,False,False,False,,,,,,,,,,,,,,
CO1.PCCNTR.7945312,cloud_or_software_nonAI,False,False,False,False,False,2025-06-06,2026-01-24,2026-01-24,True,True,1,1,1,0,False,False,False,False,False,0.0,False,False,False,False,False,False,False,False,False,False,False,,,,,,,,,,,,,,
CO1.PCCNTR.4607113,cloud_or_software_nonAI,False,False,False,False,False,2023-02-13,2023-12-18,2023-12-18,True,True,2,2,1,1,True,False,False,False,False,0.0,False,False,False,False,False,False,False,True,False,False,False,,,,,,,,,,,,,,
CO1.PCCNTR.6578792,incidental,False,False,False,False,False,2024-07-30,2024-12-20,2024-12-20,True,True,1,1,1,0,False,False,False,False,False,0.0,False,False,False,False,False,False,False,False,False,False,False,,,,,,,,,,,,,,
CO1.PCCNTR.7401731,cloud_or_software_nonAI,False,False,False,False,False,2025-02-07,2025-12-30,2025-12-30,True,True,0,0,0,0,False,False,False,False,False,0.0,False,False,False,False,False,False,False,False,False,False,False,,,,,,,,,,,,,,
CO1.PCCNTR.5029502,cloud_or_software_nonAI,False,False,False,False,False,2023-06-01,2024-01-01,2024-01-01,True,True,1,1,1,0,False,False,False,False,False,0.0,False,False,False,False,False,False,False,False,False,False,False,,,,,,,,,,,,,,
CO1.PCCNTR.6585501,cloud_or_software_nonAI,False,False,False,False,False,2024-07-31,2024-12-20,2024-12-20,True,True,1,1,1,0,False,False,False,False,False,0.0,False,False,False,False,False,False,False,False,False,False,False,,,,,,,,,,,,,,
CO1.PCCNTR.5433290,cloud_or_software_nonAI,False,False,False,False,False,2023-10-04,2023-12-20,2023-12-20,True,True,3,1,1,0,False,False,False,False,False,0.0,False,False,False,False,False,False,False,False,False,False,False,,,,,,,,,,,,,,
CO1.PCCNTR.5214041,incidental,True,False,False,False,False,2023-07-12,2024-01-01,2024-01-01,True,True,3,2,2,0,False,False,False,False,False,0.0,False,False,False,False,False,False,False,False,False,False,False,,,,,,,,,,,,,,
CO1.PCCNTR.5615097,incidental,False,False,False,False,False,2023-12-01,2023-12-31,2023-12-31,True,True,1,1,1,0,False,False,False,False,False,0.0,False,False,False,False,False,False,False,False,False,False,False,,,,,,,,,,,,,,
CO1.PCCNTR.6576720,incidental,False,False,False,False,False,2024-07-29,2024-12-20,2024-12-20,True,True,1,1,1,0,False,False,False,False,False,0.0,False,False,False,False,False,False,False,False,False,False,False,,,,,,,,,,,,,,
CO1.PCCNTR.7031901,cloud_or_software_nonAI,False,False,False,False,False,2024-11-15,2024-12-23,2024-12-23,True,True,1,1,1,0,False,False,False,False,False,0.0,False,False,False,False,False,False,False,False,False,False,False,,,,,,,,,,,,,,
CO1.PCCNTR.8554186,cloud_or_software_nonAI,True,False,True,False,True,2025-11-07,2025-12-20,2025-12-20,True,False,0,0,0,0,False,False,False,False,False,0.0,False,False,False,False,False,False,False,False,False,False,False,0.0,0.0,False,False,False,False,False,False,False,False,0.0,False,False,False
CO1.PCCNTR.6015048,cloud_or_software_nonAI,False,False,False,False,False,2024-02-27,2025-01-01,2025-01-01,True,True,1,1,1,0,False,False,False,False,False,0.0,False,False,False,False,False,False,False,False,False,False,False,,,,,,,,,,,,,,
CO1.PCCNTR.7646546,cloud_or_software_nonAI,True,False,True,False,True,2025-03-14,2025-07-25,2025-12-30,True,True,3,2,1,1,True,True,True,False,True,158.0,False,False,False,False,False,False,False,True,True,False,False,6.0,2.0,True,True,True,True,True,True,True,True,0.0,True,True,False
CO1.PCCNTR.6576628,cloud_or_software_nonAI,False,False,False,False,False,2024-07-29,2024-12-20,2024-12-20,True,True,1,1,1,0,False,False,False,False,False,0.0,False,False,False,False,False,False,False,False,False,False,False,,,,,,,,,,,,,,
CO1.PCCNTR.8805840,cloud_or_software_nonAI,False,False,False,False,False,2026-01-09,2026-12-28,2026-12-28,False,False,0,0,0,0,False,False,False,False,False,0.0,False,False,False,False,False,False,False,False,False,False,False,,,,,,,,,,,,,,
CO1.PCCNTR.6579627,cloud_or_software_nonAI,False,False,False,False,False,2024-07-30,2024-12-19,2024-12-19,True,True,1,1,1,0,False,False,False,False,False,0.0,False,False,False,False,False,False,False,False,False,False,False,,,,,,,,,,,,,,
CO1.PCCNTR.7358406,cloud_or_software_nonAI,False,False,False,False,False,2025-01-30,2025-10-16,2025-10-16,True,True,1,1,1,0,False,False,False,False,False,0.0,False,False,False,False,False,False,False,False,False,False,False,,,,,,,,,,,,,,
CO1.PCCNTR.9053264,incidental,False,False,False,False,False,2026-01-28,2027-01-01,2027-01-01,False,False,1,1,0,1,True,False,False,False,False,0.0,False,False,False,False,False,True,False,True,False,False,False,,,,,,,,,,,,,,
CO1.PCCNTR.8700221,cloud_or_software_nonAI,True,False,True,False,True,2025-12-19,2026-01-01,2026-01-01,True,False,1,1,1,0,False,False,False,False,False,0.0,False,False,False,False,False,False,False,False,False,False,False,1.0,0.0,False,False,False,False,False,False,False,False,0.0,False,False,False
CO1.PCCNTR.5896160,cloud_or_software_nonAI,True,False,True,False,True,2024-02-06,2024-06-08,2024-06-08,True,True,2,1,1,0,False,False,False,False,False,0.0,False,False,False,False,False,False,False,False,False,False,False,3.0,5.0,True,True,True,True,True,True,True,True,0.0,True,True,True
CO1.PCCNTR.7030865,cloud_or_software_nonAI,False,False,False,False,False,2024-11-15,2024-12-24,2024-12-24,True,True,1,1,1,0,False,False,False,False,False,0.0,False,False,False,False,False,False,False,False,False,False,False,,,,,,,,,,,,,,
CO1.PCCNTR.5615364,incidental,False,False,False,False,False,2023-12-01,2023-12-29,2023-12-29,True,True,1,1,1,0,False,False,False,False,False,0.0,False,False,False,False,False,False,False,False,False,False,False,,,,,,,,,,,,,,
CO1.PCCNTR.5487441,incidental,False,False,False,False,False,2023-10-25,2023-12-26,2023-12-26,True,True,1,1,1,0,False,False,False,False,False,0.0,False,False,False,False,False,False,False,False,False,False,False,,,,,,,,,,,,,,
CO1.PCCNTR.8954217,cloud_or_software_nonAI,False,False,False,False,False,2026-01-19,2026-12-31,2026-12-31,False,False,0,0,0,0,False,False,False,False,False,0.0,False,False,False,False,False,False,False,False,False,False,False,,,,,,,,,,,,,,
CO1.PCCNTR.8746327,cloud_or_software_nonAI,True,False,True,False,True,2025-12-31,2026-02-28,2026-02-28,True,False,0,0,0,0,False,False,False,False,False,0.0,False,False,False,False,False,False,False,False,False,False,False,2.0,0.0,False,False,False,False,False,False,False,False,0.0,False,False,False
CO1.PCCNTR.8744209,cloud_or_software_nonAI,True,False,True,False,True,2025-12-30,2025-12-31,2025-12-31,True,False,0,0,0,0,False,False,False,False,False,0.0,False,False,False,False,False,False,False,False,False,False,False,3.0,1.0,True,True,True,True,True,True,False,True,0.0,False,False,False
CO1.PCCNTR.8038916,cloud_or_software_nonAI,False,False,False,False,False,2025-07-03,2025-10-21,2025-10-30,True,True,4,2,1,1,True,True,True,False,True,9.0,True,False,True,False,False,False,False,True,True,True,False,,,,,,,,,,,,,,
CO1.PCCNTR.6576604,cloud_or_software_nonAI,False,False,False,False,False,2024-07-29,2024-12-20,2024-12-20,True,True,1,1,1,0,False,False,False,False,False,0.0,False,False,False,False,False,False,False,False,False,False,False,,,,,,,,,,,,,,
CO1.PCCNTR.8510928,cloud_or_software_nonAI,False,False,False,False,False,2025-10-30,2026-01-01,2026-01-01,True,False,1,1,0,1,True,False,False,False,False,0.0,False,False,False,False,False,False,False,True,False,False,False,,,,,,,,,,,,,,
CO1.PCCNTR.8716585,cloud_or_software_nonAI,True,False,True,False,True,2025-12-23,2026-12-22,2026-12-22,False,False,0,0,0,0,False,False,False,False,False,0.0,False,False,False,False,False,False,False,False,False,False,False,1.0,0.0,False,False,False,False,False,False,False,False,0.0,False,False,False
CO1.PCCNTR.4445693,cloud_or_software_nonAI,False,False,False,False,False,2023-01-23,2024-01-01,2024-01-01,True,True,1,1,1,0,False,False,False,False,False,0.0,False,False,False,False,False,False,False,False,False,False,False,,,,,,,,,,,,,,
CO1.PCCNTR.7031083,cloud_or_software_nonAI,False,False,False,False,False,2024-11-15,2024-12-24,2024-12-24,True,True,1,1,1,0,False,False,False,False,False,0.0,False,False,False,False,False,False,False,False,False,False,False,,,,,,,,,,,,,,
CO1.PCCNTR.8676336,incidental,True,False,False,False,False,2025-12-10,2026-06-24,2026-10-31,True,False,1,1,0,1,True,True,True,True,True,129.0,True,True,True,False,False,False,False,True,True,True,False,,,,,,,,,,,,,,
CO1.PCCNTR.5399007,incidental,False,False,False,False,False,2023-09-27,2023-11-12,2023-11-12,True,True,1,1,1,0,False,False,False,False,False,0.0,False,False,False,False,False,False,False,False,False,False,False,,,,,,,,,,,,,,
CO1.PCCNTR.5575801,cloud_or_software_nonAI,True,False,True,False,True,2023-11-24,2024-01-01,2024-01-31,True,True,1,1,0,1,True,True,True,True,True,30.0,False,False,False,False,False,False,False,True,True,False,False,0.0,0.0,False,False,False,False,False,False,False,False,0.0,True,True,True
CO1.PCCNTR.6576722,cloud_or_software_nonAI,False,False,False,False,False,2024-07-29,2024-12-20,2024-12-20,True,True,1,1,1,0,False,False,False,False,False,0.0,False,False,False,False,False,False,False,False,False,False,False,,,,,,,,,,,,,,
CO1.PCCNTR.5433594,cloud_or_software_nonAI,False,False,False,False,False,2023-10-09,2023-12-20,2023-12-20,True,True,1,1,1,0,False,False,False,False,False,0.0,False,False,False,False,False,False,False,False,False,False,False,,,,,,,,,,,,,,
CO1.PCCNTR.8124266,cloud_or_software_nonAI,True,False,True,False,True,2025-07-28,2026-07-25,2026-07-25,False,True,0,0,0,0,False,False,False,False,False,0.0,False,False,False,False,False,False,False,False,False,False,False,2.0,0.0,False,False,False,False,False,False,False,False,0.0,True,False,False
CO1.PCCNTR.7734611,cloud_or_software_nonAI,True,False,True,False,True,2025-04-04,2025-09-22,2025-09-22,True,True,2,1,1,0,False,False,False,False,False,0.0,False,False,False,False,False,False,False,False,False,False,False,4.0,2.0,True,False,True,False,True,False,False,True,0.0,True,False,False
CO1.PCCNTR.9745425,cloud_or_software_nonAI,False,False,False,False,False,2026-08-03,2026-08-31,2026-08-31,False,False,0,0,0,0,False,False,False,False,False,0.0,False,False,False,False,False,False,False,False,False,False,False,,,,,,,,,,,,,,
CO1.PCCNTR.8844489,cloud_or_software_nonAI,False,False,False,False,False,2026-01-13,2026-09-13,2026-09-13,False,False,0,0,0,0,False,False,False,False,False,0.0,False,False,False,False,False,False,False,False,False,False,False,,,,,,,,,,,,,,
CO1.PCCNTR.7342164,cloud_or_software_nonAI,False,False,False,False,False,2025-01-28,2025-12-01,2026-01-01,True,True,2,2,0,2,True,True,True,True,True,31.0,True,True,True,False,False,True,False,True,True,True,False,,,,,,,,,,,,,,
CO1.PCCNTR.6576606,cloud_or_software_nonAI,False,False,False,False,False,2024-07-29,2024-12-20,2024-12-20,True,True,1,1,1,0,False,False,False,False,False,0.0,False,False,False,False,False,False,False,False,False,False,False,,,,,,,,,,,,,,
CO1.PCCNTR.5991091,cloud_or_software_nonAI,False,False,False,False,False,2024-02-27,2024-07-01,2024-07-01,True,True,2,1,1,0,False,False,False,False,False,0.0,False,False,False,False,False,False,False,False,False,False,False,,,,,,,,,,,,,,
CO1.PCCNTR.8731545,cloud_or_software_nonAI,True,False,True,False,True,2025-12-29,2025-12-31,2025-12-31,True,False,0,0,0,0,False,False,False,False,False,0.0,False,False,False,False,False,False,False,False,False,False,False,0.0,0.0,False,False,False,False,False,False,False,False,0.0,False,False,False
CO1.PCCNTR.4465581,cloud_or_software_nonAI,False,False,False,False,False,2023-01-23,2023-06-01,2023-06-01,True,True,3,2,2,0,False,False,False,False,False,0.0,False,False,False,False,False,False,False,False,False,False,False,,,,,,,,,,,,,,
CO1.PCCNTR.8481684,cloud_or_software_nonAI,True,False,True,False,True,2025-10-22,2026-01-01,2026-01-01,True,False,1,1,1,0,False,False,False,False,False,0.0,False,False,False,False,False,False,False,False,False,False,False,0.0,1.0,True,True,True,True,True,True,True,True,0.0,False,False,False
CO1.PCCNTR.8596460,cloud_or_software_nonAI,True,False,True,False,True,2025-11-19,2025-12-31,2025-12-31,True,False,0,0,0,0,False,False,False,False,False,0.0,False,False,False,False,False,False,False,False,False,False,False,0.0,0.0,False,False,False,False,False,False,False,False,0.0,False,False,False
CO1.PCCNTR.5487370,incidental,False,False,False,False,False,2023-10-25,2023-12-24,2023-12-24,True,True,1,1,1,0,False,False,False,False,False,0.0,False,False,False,False,False,False,False,False,False,False,False,,,,,,,,,,,,,,
CO1.PCCNTR.6582433,cloud_or_software_nonAI,False,False,False,False,False,2024-07-30,2024-12-20,2024-12-20,True,True,1,1,1,0,False,False,False,False,False,0.0,False,False,False,False,False,False,False,False,False,False,False,,,,,,,,,,,,,,
CO1.PCCNTR.6576409,cloud_or_software_nonAI,False,False,False,False,False,2024-07-29,2024-12-20,2024-12-20,True,True,5,3,1,2,True,False,False,False,False,0.0,False,False,False,False,False,True,False,True,False,False,False,,,,,,,,,,,,,,
CO1.PCCNTR.6585502,cloud_or_software_nonAI,False,False,False,False,False,2024-07-31,2024-12-20,2024-12-20,True,True,1,1,1,0,False,False,False,False,False,0.0,False,False,False,False,False,False,False,False,False,False,False,,,,,,,,,,,,,,
CO1.PCCNTR.7880624,cloud_or_software_nonAI,True,False,True,False,True,2025-05-19,2025-08-11,2026-06-29,True,True,2,2,0,2,True,True,True,True,True,322.0,True,True,True,False,False,False,False,True,True,False,False,6.0,1.0,True,True,False,False,True,True,False,False,0.0,True,False,False
CO1.PCCNTR.8871449,cloud_or_software_nonAI,True,False,True,False,True,2026-01-14,2026-08-01,2026-08-01,False,False,0,0,0,0,False,False,False,False,False,0.0,False,False,False,False,False,False,False,False,False,False,False,7.0,1.0,True,True,True,True,True,True,True,True,0.0,False,False,False
CO1.PCCNTR.6576610,incidental,False,False,False,False,False,2024-07-29,2024-12-20,2024-12-20,True,True,1,1,1,0,False,False,False,False,False,0.0,False,False,False,False,False,False,False,False,False,False,False,,,,,,,,,,,,,,
CO1.PCCNTR.7367907,cloud_or_software_nonAI,False,False,False,False,False,2025-01-31,2025-12-31,2025-12-31,True,True,2,2,2,0,False,False,False,False,False,0.0,False,False,False,False,False,False,False,False,False,False,False,,,,,,,,,,,,,,
CO1.PCCNTR.6578607,cloud_or_software_nonAI,False,False,False,False,False,2024-07-29,2024-12-20,2024-12-20,True,True,1,1,1,0,False,False,False,False,False,0.0,False,False,False,False,False,False,True,False,False,False,False,,,,,,,,,,,,,,
CO1.PCCNTR.7059571,cloud_or_software_nonAI,False,False,False,False,False,2024-11-22,2025-01-01,2025-01-01,True,True,1,1,1,0,False,False,False,False,False,0.0,False,False,False,False,False,False,False,False,False,False,False,,,,,,,,,,,,,,
CO1.PCCNTR.5899964,cloud_or_software_nonAI,False,False,False,False,False,2024-02-08,2025-01-01,2025-01-01,True,True,1,1,1,0,False,False,False,False,False,0.0,False,False,False,False,False,False,False,False,False,False,False,,,,,,,,,,,,,,
CO1.PCCNTR.5991105,cloud_or_software_nonAI,True,False,True,False,True,2024-02-22,2024-12-31,2024-12-31,True,True,0,0,0,0,False,False,False,False,False,0.0,False,False,False,False,False,False,False,False,False,False,False,4.0,2.0,True,True,False,False,True,True,False,False,0.0,True,True,True
CO1.PCCNTR.5797116,cloud_or_software_nonAI,False,False,False,False,False,2024-01-24,2024-12-29,2024-12-29,True,True,1,1,1,0,False,False,False,False,False,0.0,False,False,False,False,False,False,False,False,False,False,False,,,,,,,,,,,,,,
CO1.PCCNTR.7359996,cloud_or_software_nonAI,False,False,False,False,False,2025-01-29,2025-10-01,2026-01-01,True,True,2,2,0,2,True,True,True,True,True,92.0,True,True,True,False,False,False,False,True,True,True,False,,,,,,,,,,,,,,
CO1.PCCNTR.5567647,cloud_or_software_nonAI,False,False,False,False,False,2023-11-20,2023-12-31,2023-12-31,True,True,2,0,0,0,False,False,False,False,False,0.0,False,False,False,False,False,False,False,False,False,False,False,,,,,,,,,,,,,,
CO1.PCCNTR.5355548,incidental,False,False,False,False,False,2023-09-06,2023-10-16,2023-10-16,True,True,1,1,0,1,True,False,False,False,False,0.0,False,False,False,False,False,False,False,False,False,False,False,,,,,,,,,,,,,,
CO1.PCCNTR.8851504,cloud_or_software_nonAI,False,False,False,False,False,2026-01-14,2027-01-01,2027-01-01,False,False,1,1,0,1,True,False,False,False,False,0.0,False,False,False,False,False,False,False,True,False,False,False,,,,,,,,,,,,,,
CO1.PCCNTR.4442347,cloud_or_software_nonAI,False,False,False,False,False,2023-01-20,2023-05-21,2023-05-21,True,True,2,2,2,0,False,False,False,False,False,0.0,False,False,False,False,False,False,True,False,False,False,False,,,,,,,,,,,,,,
CO1.PCCNTR.7031007,incidental,False,False,False,False,False,2024-11-15,2024-12-24,2024-12-24,True,True,1,1,1,0,False,False,False,False,False,0.0,False,False,False,False,False,False,False,False,False,False,False,,,,,,,,,,,,,,
CO1.PCCNTR.8695969,cloud_or_software_nonAI,True,False,True,False,True,2025-12-11,2026-01-01,2026-01-01,True,False,1,1,0,1,True,False,False,False,False,0.0,False,False,False,False,False,False,False,True,False,False,False,0.0,0.0,False,False,False,False,False,False,False,False,0.0,False,False,False
CO1.PCCNTR.5615168,incidental,False,False,False,False,False,2023-12-01,2023-12-31,2023-12-31,True,True,1,1,1,0,False,False,False,False,False,0.0,False,False,False,False,False,False,False,False,False,False,False,,,,,,,,,,,,,,
CO1.PCCNTR.7059677,cloud_or_software_nonAI,False,False,False,False,False,2024-11-25,2024-12-31,2024-12-31,True,True,1,1,1,0,False,False,False,False,False,0.0,False,False,False,False,False,False,False,False,False,False,False,,,,,,,,,,,,,,
CO1.PCCNTR.7639238,cloud_or_software_nonAI,True,False,True,False,True,2025-03-12,2025-12-31,2025-12-31,True,True,0,0,0,0,False,False,False,False,False,0.0,False,False,False,False,False,False,False,False,False,False,False,5.0,1.0,True,True,True,True,True,True,True,True,0.0,True,True,False
CO1.PCCNTR.8762205,cloud_or_software_nonAI,False,False,False,False,False,2026-01-05,2026-12-05,2026-12-05,False,False,0,0,0,0,False,False,False,False,False,0.0,False,False,False,False,False,False,False,False,False,False,False,,,,,,,,,,,,,,
CO1.PCCNTR.8887691,cloud_or_software_nonAI,False,False,False,False,False,2026-01-15,2026-12-31,2026-12-31,False,False,0,0,0,0,False,False,False,False,False,0.0,False,False,False,False,False,False,False,False,False,False,False,,,,,,,,,,,,,,
CO1.PCCNTR.9192235,cloud_or_software_nonAI,False,False,False,False,False,2026-01-27,2026-12-31,2026-12-31,False,False,0,0,0,0,False,False,False,False,False,0.0,False,False,False,False,False,False,False,False,False,False,False,,,,,,,,,,,,,,
CO1.PCCNTR.6576608,cloud_or_software_nonAI,False,False,False,False,False,2024-07-29,2024-12-20,2024-12-20,True,True,1,1,1,0,False,False,False,False,False,0.0,False,False,False,False,False,False,False,False,False,False,False,,,,,,,,,,,,,,
CO1.PCCNTR.6576408,cloud_or_software_nonAI,False,False,False,False,False,2024-07-29,2024-12-20,2024-12-20,True,True,1,1,1,0,False,False,False,False,False,0.0,False,False,False,False,False,False,False,False,False,False,False,,,,,,,,,,,,,,
CO1.PCCNTR.9280896,cloud_or_software_nonAI,False,False,False,False,False,2026-01-30,2026-12-31,2026-12-31,False,False,0,0,0,0,False,False,False,False,False,0.0,False,False,False,False,False,False,False,False,False,False,False,,,,,,,,,,,,,,
CO1.PCCNTR.6576611,cloud_or_software_nonAI,False,False,False,False,False,2024-07-29,2024-12-20,2024-12-20,True,True,1,1,1,0,False,False,False,False,False,0.0,False,False,False,False,False,False,False,False,False,False,False,,,,,,,,,,,,,,
CO1.PCCNTR.6582079,cloud_or_software_nonAI,False,False,False,False,False,2024-07-30,2024-12-20,2024-12-20,True,True,1,1,1,0,False,False,False,False,False,0.0,False,False,False,False,False,False,False,False,False,False,False,,,,,,,,,,,,,,
CO1.PCCNTR.6249619,cloud_or_software_nonAI,True,False,True,False,True,2024-04-24,2024-05-18,2024-05-18,True,True,2,1,1,0,False,False,False,False,False,0.0,False,False,False,False,False,False,False,False,False,False,False,0.0,4.0,True,False,True,False,True,False,False,True,0.0,True,True,True
CO1.PCCNTR.9901259,cloud_or_software_nonAI,True,False,True,False,True,2026-09-04,2026-12-31,2026-12-31,False,False,0,0,0,0,False,False,False,False,False,0.0,False,False,False,False,False,False,False,False,False,False,False,8.0,0.0,False,False,False,False,False,False,False,False,0.0,False,False,False
CO1.PCCNTR.5615616,incidental,False,False,False,False,False,2023-12-01,2023-12-31,2023-12-31,True,True,1,1,1,0,False,False,False,False,False,0.0,False,False,False,False,False,False,True,False,False,False,False,,,,,,,,,,,,,,
CO1.PCCNTR.7942636,cloud_or_software_nonAI,True,False,True,False,True,2025-06-04,2027-12-31,2027-12-31,False,True,0,0,0,0,False,False,False,False,False,0.0,False,False,False,False,False,False,False,False,False,False,False,1.0,1.0,True,True,True,True,True,True,False,True,0.0,True,False,False
CO1.PCCNTR.9919923,cloud_or_software_nonAI,False,False,False,False,False,2026-09-09,2026-12-31,2026-12-31,False,False,0,0,0,0,False,False,False,False,False,0.0,False,False,False,False,False,False,False,False,False,False,False,,,,,,,,,,,,,,
CO1.PCCNTR.5548833,cloud_or_software_nonAI,True,False,True,False,True,2023-11-21,2023-12-31,2023-12-31,True,True,1,1,1,0,False,False,False,False,False,0.0,False,False,False,False,False,False,False,False,False,False,False,2.0,6.0,True,True,True,True,True,True,True,True,0.0,True,True,True
CO1.PCCNTR.8726127,cloud_or_software_nonAI,True,False,True,False,True,2025-12-24,2025-12-31,2025-12-31,True,False,0,0,0,0,False,False,False,False,False,0.0,False,False,False,False,False,False,False,False,False,False,False,0.0,1.0,True,False,True,False,True,False,False,True,0.0,False,False,False
CO1.PCCNTR.6096931,cloud_or_software_nonAI,False,False,False,False,False,2024-03-19,2024-10-01,2024-10-18,True,True,3,2,1,1,True,True,True,False,True,17.0,False,False,False,False,False,False,False,True,True,False,False,,,,,,,,,,,,,,
CO1.PCCNTR.9067330,cloud_or_software_nonAI,True,False,True,False,True,2026-01-26,2026-12-31,2026-12-31,False,False,0,0,0,0,False,False,False,False,False,0.0,False,False,False,False,False,False,False,False,False,False,False,6.0,0.0,False,False,False,False,False,False,False,False,0.0,False,False,False
CO1.PCCNTR.8783350,cloud_or_software_nonAI,False,False,False,False,False,2026-01-08,2026-09-01,2027-01-01,False,False,1,1,0,1,True,True,True,True,True,122.0,True,True,True,False,False,False,False,True,True,True,False,,,,,,,,,,,,,,
CO1.PCCNTR.5780339,cloud_or_software_nonAI,False,False,False,False,False,2024-01-21,2025-01-01,2025-01-01,True,True,1,1,1,0,False,False,False,False,False,0.0,False,False,False,False,False,False,False,False,False,False,False,,,,,,,,,,,,,,
CO1.PCCNTR.6576507,incidental,False,False,False,False,False,2024-07-29,2024-12-20,2024-12-20,True,True,1,1,1,0,False,False,False,False,False,0.0,False,False,False,False,False,False,False,False,False,False,False,,,,,,,,,,,,,,
CO1.PCCNTR.5615099,incidental,False,False,False,False,False,2023-12-01,2023-12-31,2023-12-31,True,True,1,1,1,0,False,False,False,False,False,0.0,False,False,False,False,False,False,False,False,False,False,False,,,,,,,,,,,,,,
CO1.PCCNTR.6454444,cloud_or_software_nonAI,True,False,True,False,True,2024-06-25,2024-08-01,2024-08-01,True,True,0,0,0,0,False,False,False,False,False,0.0,False,False,False,False,False,False,False,False,False,False,False,1.0,4.0,True,True,True,True,True,True,False,True,0.0,True,True,True
CO1.PCCNTR.5354755,cloud_or_software_nonAI,False,False,False,False,False,2023-09-06,2023-10-16,2023-10-16,True,True,1,1,0,1,True,False,False,False,False,0.0,False,False,False,False,False,False,False,False,False,False,False,,,,,,,,,,,,,,
CO1.PCCNTR.9366801,cloud_or_software_nonAI,True,False,True,False,True,2026-03-04,2026-12-31,2026-12-31,False,False,0,0,0,0,False,False,False,False,False,0.0,False,False,False,False,False,False,False,False,False,False,False,0.0,0.0,False,False,False,False,False,False,False,False,0.0,False,False,False
CO1.PCCNTR.6578700,cloud_or_software_nonAI,False,False,False,False,False,2024-07-30,2024-12-20,2024-12-20,True,True,1,1,1,0,False,False,False,False,False,0.0,False,False,False,False,False,False,False,False,False,False,False,,,,,,,,,,,,,,
CO1.PCCNTR.7031222,cloud_or_software_nonAI,False,False,False,False,False,2024-11-15,2024-12-24,2024-12-24,True,True,1,1,1,0,False,False,False,False,False,0.0,False,False,False,False,False,False,False,False,False,False,False,,,,,,,,,,,,,,
CO1.PCCNTR.6576410,cloud_or_software_nonAI,False,False,False,False,False,2024-07-29,2024-12-20,2024-12-20,True,True,1,1,1,0,False,False,False,False,False,0.0,False,False,False,False,False,False,False,False,False,False,False,,,,,,,,,,,,,,
CO1.PCCNTR.5761626,cloud_or_software_nonAI,False,False,False,False,False,2024-01-25,2024-12-31,2024-12-31,True,True,1,1,1,0,False,False,False,False,False,0.0,False,False,False,False,False,False,False,False,False,False,False,,,,,,,,,,,,,,
CO1.PCCNTR.6576524,cloud_or_software_nonAI,False,False,False,False,False,2024-07-29,2024-12-20,2024-12-20,True,True,1,1,1,0,False,False,False,False,False,0.0,False,False,False,False,False,False,False,False,False,False,False,,,,,,,,,,,,,,
CO1.PCCNTR.6576418,cloud_or_software_nonAI,False,False,False,False,False,2024-07-29,2024-12-20,2024-12-20,True,True,1,1,1,0,False,False,False,False,False,0.0,False,False,False,False,False,False,False,False,False,False,False,,,,,,,,,,,,,,
CO1.PCCNTR.8481200,cloud_or_software_nonAI,True,False,True,False,True,2025-10-27,2025-11-26,2025-11-26,True,False,0,0,0,0,False,False,False,False,False,0.0,False,False,False,False,False,False,False,False,False,False,False,0.0,2.0,True,False,True,False,True,False,False,True,0.0,False,False,False
CO1.PCCNTR.5848156,cloud_or_software_nonAI,False,False,False,False,False,2024-02-02,2024-12-30,2024-12-30,True,True,0,0,0,0,False,False,False,False,False,0.0,False,False,False,False,False,False,False,False,False,False,False,,,,,,,,,,,,,,
CO1.PCCNTR.9031061,cloud_or_software_nonAI,False,False,False,False,False,2026-01-21,2026-12-23,2026-12-28,False,False,1,1,0,1,True,False,False,False,False,5.0,False,False,False,False,False,False,False,True,False,False,False,,,,,,,,,,,,,,
CO1.PCCNTR.7316325,cloud_or_software_nonAI,True,False,True,False,True,2025-01-23,2025-12-26,2025-12-26,True,True,1,1,0,1,True,False,False,False,False,0.0,False,False,False,False,False,False,False,False,False,False,False,2.0,2.0,True,False,True,False,True,False,False,True,0.0,True,True,False
CO1.PCCNTR.5682929,cloud_or_software_nonAI,True,False,True,False,True,2023-12-20,2023-12-31,2023-12-31,True,True,0,0,0,0,False,False,False,False,False,0.0,False,False,False,False,False,False,False,False,False,False,False,0.0,2.0,True,False,True,False,True,False,False,True,0.0,True,True,True
CO1.PCCNTR.7816614,cloud_or_software_nonAI,True,False,True,False,True,2025-04-28,2025-06-30,2025-06-30,True,True,0,0,0,0,False,False,False,False,False,0.0,False,False,False,False,False,False,False,False,False,False,False,0.0,0.0,False,False,False,False,False,False,False,False,0.0,True,False,False
CO1.PCCNTR.9385300,cloud_or_software_nonAI,True,False,True,False,True,2026-03-11,2026-04-25,2026-04-25,True,False,0,0,0,0,False,False,False,False,False,0.0,False,False,False,False,False,False,False,False,False,False,False,1.0,0.0,False,False,False,False,False,False,False,False,0.0,False,False,False
CO1.PCCNTR.5366029,incidental,False,False,False,False,False,2023-09-11,2023-10-24,2023-10-24,True,True,1,1,0,1,True,False,False,False,False,0.0,False,False,False,False,False,False,False,False,False,False,False,,,,,,,,,,,,,,
CO1.PCCNTR.8976781,cloud_or_software_nonAI,True,False,True,False,True,2026-01-19,2026-09-01,2026-12-30,False,False,1,1,0,1,True,True,True,True,True,120.0,True,True,True,False,False,False,False,True,True,True,False,1.0,0.0,False,False,False,False,False,False,False,False,0.0,False,False,False
CO1.PCCNTR.7093531,cloud_or_software_nonAI,False,False,False,False,False,2024-12-02,2024-12-31,2024-12-31,True,True,0,0,0,0,False,False,False,False,False,0.0,False,False,False,False,False,False,False,False,False,False,False,,,,,,,,,,,,,,
CO1.PCCNTR.8826379,cloud_or_software_nonAI,False,False,False,False,False,2026-01-13,2026-09-30,2026-12-31,False,False,1,1,0,1,True,True,True,True,True,92.0,True,True,True,False,False,False,False,True,True,True,False,,,,,,,,,,,,,,
CO1.PCCNTR.6585601,cloud_or_software_nonAI,False,False,False,False,False,2024-07-31,2024-12-20,2024-12-20,True,True,1,1,1,0,False,False,False,False,False,0.0,False,False,False,False,False,False,False,False,False,False,False,,,,,,,,,,,,,,
CO1.PCCNTR.6577853,cloud_or_software_nonAI,False,False,False,False,False,2024-07-29,2024-12-20,2024-12-20,True,True,1,1,1,0,False,False,False,False,False,0.0,False,False,False,False,False,False,False,False,False,False,False,,,,,,,,,,,,,,
CO1.PCCNTR.6807867,cloud_or_software_nonAI,True,False,True,False,True,2024-09-25,2024-12-29,2024-12-29,True,True,1,1,1,0,False,False,False,False,False,0.0,False,False,False,False,False,False,False,False,False,False,False,5.0,3.0,True,True,True,True,True,True,True,True,0.0,True,True,True
CO1.PCCNTR.6653830,cloud_or_software_nonAI,False,False,False,False,False,2024-08-17,2025-01-01,2025-01-01,True,True,1,1,1,0,False,False,False,False,False,0.0,False,False,False,False,False,False,False,False,False,False,False,,,,,,,,,,,,,,
CO1.PCCNTR.7832217,cloud_or_software_nonAI,False,False,False,False,False,2025-05-01,2026-01-01,2026-01-01,True,True,1,1,0,1,True,False,False,False,False,0.0,False,False,False,False,False,False,False,False,False,False,False,,,,,,,,,,,,,,
CO1.PCCNTR.9278801,cloud_or_software_nonAI,False,False,False,False,False,2026-01-30,2026-12-31,2026-12-31,False,False,0,0,0,0,False,False,False,False,False,0.0,False,False,False,False,False,False,False,False,False,False,False,,,,,,,,,,,,,,
CO1.PCCNTR.9254315,cloud_or_software_nonAI,True,False,True,False,True,2026-01-29,2026-03-30,2026-03-30,True,False,0,0,0,0,False,False,False,False,False,0.0,False,False,False,False,False,False,False,False,False,False,False,3.0,0.0,False,False,False,False,False,False,False,False,0.0,False,False,False
CO1.PCCNTR.5911192,cloud_or_software_nonAI,False,False,False,False,False,2024-02-08,2024-12-27,2024-12-27,True,True,1,1,1,0,False,False,False,False,False,0.0,False,False,False,False,False,False,False,False,False,False,False,,,,,,,,,,,,,,
CO1.PCCNTR.6576417,cloud_or_software_nonAI,False,False,False,False,False,2024-07-29,2024-12-20,2024-12-20,True,True,1,1,0,1,True,False,False,False,False,0.0,False,False,False,False,False,False,False,True,False,False,False,,,,,,,,,,,,,,
CO1.PCCNTR.6578512,incidental,False,False,False,False,False,2024-07-29,2024-12-20,2024-12-20,True,True,1,1,1,0,False,False,False,False,False,0.0,False,False,False,False,False,False,False,False,False,False,False,,,,,,,,,,,,,,
CO1.PCCNTR.6576630,cloud_or_software_nonAI,False,False,False,False,False,2024-07-29,2024-12-20,2024-12-20,True,True,1,1,1,0,False,False,False,False,False,0.0,False,False,False,False,False,False,False,False,False,False,False,,,,,,,,,,,,,,
CO1.PCCNTR.6566486,cloud_or_software_nonAI,False,False,False,False,False,2024-08-01,2024-10-30,2024-10-30,True,True,1,1,1,0,False,False,False,False,False,0.0,False,False,False,False,False,False,False,False,False,False,False,,,,,,,,,,,,,,
CO1.PCCNTR.7243642,cloud_or_software_nonAI,False,False,False,False,False,2025-01-15,2025-12-30,2025-12-30,True,True,0,0,0,0,False,False,False,False,False,0.0,False,False,False,False,False,False,False,False,False,False,False,,,,,,,,,,,,,,
CO1.PCCNTR.6576622,incidental,False,False,False,False,False,2024-07-29,2024-12-20,2024-12-20,True,True,1,1,1,0,False,False,False,False,False,0.0,False,False,False,False,False,False,False,False,False,False,False,,,,,,,,,,,,,,
CO1.PCCNTR.5433278,cloud_or_software_nonAI,False,False,False,False,False,2023-10-04,2023-12-19,2023-12-19,True,True,1,0,0,0,False,False,False,False,False,0.0,False,False,False,False,False,False,False,False,False,False,False,,,,,,,,,,,,,,
CO1.PCCNTR.6578087,incidental,False,False,False,False,False,2024-07-29,2024-12-20,2024-12-20,True,True,1,1,1,0,False,False,False,False,False,0.0,False,False,False,False,False,False,False,False,False,False,False,,,,,,,,,,,,,,
CO1.PCCNTR.5166751,cloud_or_software_nonAI,True,False,False,False,False,2023-06-28,2024-01-01,2024-01-01,True,True,2,2,1,1,True,False,False,False,False,0.0,False,False,False,False,False,False,False,True,False,False,False,1.0,10.0,True,True,True,True,True,True,True,True,0.0,True,True,True
CO1.PCCNTR.6238129,cloud_or_software_nonAI,True,False,True,False,True,2024-04-30,2024-11-25,2025-02-25,True,True,3,3,2,1,True,True,True,True,True,92.0,True,True,False,False,False,False,False,True,True,True,False,0.0,1.0,True,False,True,False,True,False,False,True,0.0,True,True,True
CO1.PCCNTR.6429189,cloud_or_software_nonAI,True,False,True,False,True,2024-06-18,2024-06-25,2024-06-25,True,True,0,0,0,0,False,False,False,False,False,0.0,False,False,False,False,False,False,False,False,False,False,False,2.0,0.0,False,False,False,False,False,False,False,False,0.0,True,True,True
CO1.PCCNTR.6930063,cloud_or_software_nonAI,False,False,False,False,False,2024-10-21,2025-03-24,2025-05-24,True,True,1,1,0,1,True,True,True,True,True,61.0,True,True,False,False,False,False,False,True,True,True,False,,,,,,,,,,,,,,
CO1.PCCNTR.8734732,cloud_or_software_nonAI,True,False,True,False,True,2025-12-30,2026-12-31,2026-12-31,False,False,2,0,0,0,False,False,False,False,False,0.0,False,False,False,False,False,False,False,False,False,False,False,1.0,0.0,False,False,False,False,False,False,False,False,0.0,False,False,False
CO1.PCCNTR.6576728,cloud_or_software_nonAI,False,False,False,False,False,2024-07-29,2024-12-20,2024-12-20,True,True,1,1,1,0,False,False,False,False,False,0.0,False,False,False,False,False,False,False,False,False,False,False,,,,,,,,,,,,,,
CO1.PCCNTR.5305309,cloud_or_software_nonAI,False,False,False,False,False,2023-08-16,2023-12-16,2023-12-31,True,True,2,2,1,1,True,True,True,False,True,15.0,False,False,False,False,False,False,False,True,True,False,False,,,,,,,,,,,,,,
CO1.PCCNTR.6805703,cloud_or_software_nonAI,False,False,False,False,False,2024-09-24,2024-12-25,2025-02-10,True,True,2,2,1,1,True,True,True,True,True,47.0,True,True,False,False,False,False,False,True,True,True,False,,,,,,,,,,,,,,
CO1.PCCNTR.7322412,cloud_or_software_nonAI,False,False,False,False,False,2025-01-27,2025-12-28,2025-12-28,True,True,1,1,1,0,False,False,False,False,False,0.0,False,False,False,False,False,False,False,False,False,False,False,,,,,,,,,,,,,,
CO1.PCCNTR.6578459,cloud_or_software_nonAI,False,False,False,False,False,2024-07-29,2024-12-20,2024-12-20,True,True,1,1,1,0,False,False,False,False,False,0.0,False,False,False,False,False,False,False,False,False,False,False,,,,,,,,,,,,,,
CO1.PCCNTR.8689774,cloud_or_software_nonAI,True,False,True,False,True,2025-12-15,2025-12-08,2025-12-24,True,False,2,2,1,1,True,True,True,False,True,16.0,True,True,False,False,False,False,False,True,True,True,False,0.0,0.0,False,False,False,False,False,False,False,False,0.0,False,False,False
CO1.PCCNTR.7424943,cloud_or_software_nonAI,True,False,True,False,True,2025-02-11,2025-04-24,2025-06-25,True,True,3,2,1,1,True,True,True,False,True,62.0,False,False,False,False,False,False,False,True,True,False,False,1.0,0.0,False,False,False,False,False,False,False,False,0.0,True,True,False
CO1.PCCNTR.5311392,cloud_or_software_nonAI,False,False,False,False,False,2023-08-18,2024-01-01,2024-01-01,True,True,1,1,1,0,False,False,False,False,False,0.0,False,False,False,False,False,False,False,False,False,False,False,,,,,,,,,,,,,,
CO1.PCCNTR.6576509,cloud_or_software_nonAI,False,False,False,False,False,2024-07-29,2024-12-20,2024-12-20,True,True,1,1,1,0,False,False,False,False,False,0.0,False,False,False,False,False,False,False,False,False,False,False,,,,,,,,,,,,,,
CO1.PCCNTR.5369118,incidental,False,False,False,False,False,2023-09-11,2023-10-24,2023-10-24,True,True,1,1,0,1,True,False,False,False,False,0.0,False,False,False,False,False,False,False,False,False,False,False,,,,,,,,,,,,,,
CO1.PCCNTR.7030684,cloud_or_software_nonAI,False,False,False,False,False,2024-11-15,2024-12-24,2024-12-24,True,True,1,1,1,0,False,False,False,False,False,0.0,False,False,False,False,False,False,False,False,False,False,False,,,,,,,,,,,,,,
CO1.PCCNTR.6578076,cloud_or_software_nonAI,False,False,False,False,False,2024-07-29,2024-12-20,2024-12-20,True,True,1,1,1,0,False,False,False,False,False,0.0,False,False,False,False,False,False,False,False,False,False,False,,,,,,,,,,,,,,
CO1.PCCNTR.5851474,cloud_or_software_nonAI,False,False,False,False,False,2024-01-31,2024-12-30,2024-12-30,True,True,0,0,0,0,False,False,False,False,False,0.0,False,False,False,False,False,False,False,False,False,False,False,,,,,,,,,,,,,,
CO1.PCCNTR.6983149,cloud_or_software_nonAI,True,False,True,False,True,2024-11-01,2024-12-01,2024-12-01,True,True,1,1,1,0,False,False,False,False,False,0.0,False,False,False,False,False,False,False,False,False,False,False,1.0,1.0,True,False,False,False,True,False,False,False,0.0,True,True,True
CO1.PCCNTR.9389012,cloud_or_software_nonAI,True,False,True,False,True,2026-03-12,2026-04-16,2026-04-16,True,False,0,0,0,0,False,False,False,False,False,0.0,False,False,False,False,False,False,False,False,False,False,False,1.0,0.0,False,False,False,False,False,False,False,False,0.0,False,False,False
CO1.PCCNTR.5355541,incidental,False,False,False,False,False,2023-09-06,2023-10-16,2023-10-16,True,True,1,1,0,1,True,False,False,False,False,0.0,False,False,False,False,False,False,False,False,False,False,False,,,,,,,,,,,,,,
CO1.PCCNTR.8920628,cloud_or_software_nonAI,True,False,True,False,True,2026-01-16,2026-12-20,2026-12-20,False,False,0,0,0,0,False,False,False,False,False,0.0,False,False,False,False,False,False,False,False,False,False,False,3.0,1.0,True,False,True,False,True,False,False,True,0.0,False,False,False
CO1.PCCNTR.7006322,incidental,False,False,False,False,False,2024-11-08,2025-01-01,2025-01-01,True,True,1,1,1,0,False,False,False,False,False,0.0,False,False,False,False,False,False,False,False,False,False,False,,,,,,,,,,,,,,
CO1.PCCNTR.8637231,cloud_or_software_nonAI,True,False,True,False,True,2025-12-04,2025-12-31,2025-12-31,True,False,0,0,0,0,False,False,False,False,False,0.0,False,False,False,False,False,False,False,False,False,False,False,0.0,0.0,False,False,False,False,False,False,False,False,0.0,False,False,False
CO1.PCCNTR.7925807,cloud_or_software_nonAI,True,False,True,False,True,2025-05-28,2025-06-21,2025-06-21,True,True,1,1,1,0,False,False,False,False,False,0.0,False,False,False,False,False,False,False,False,False,False,False,3.0,1.0,True,False,True,False,True,False,False,True,0.0,True,False,False
CO1.PCCNTR.7517386,cloud_or_software_nonAI,False,False,False,False,False,2025-02-18,2025-12-19,2025-12-19,True,True,0,0,0,0,False,False,False,False,False,0.0,False,False,False,False,False,False,False,False,False,False,False,,,,,,,,,,,,,,
CO1.PCCNTR.5381876,cloud_or_software_nonAI,False,False,False,False,False,2023-09-15,2024-01-01,2024-01-01,True,True,1,1,1,0,False,False,False,False,False,0.0,False,False,False,False,False,False,False,False,False,False,False,,,,,,,,,,,,,,
CO1.PCCNTR.9537536,cloud_or_software_nonAI,True,False,True,False,True,2026-06-02,2026-12-31,2026-12-31,False,False,0,0,0,0,False,False,False,False,False,0.0,False,False,False,False,False,False,False,False,False,False,False,15.0,1.0,True,False,True,False,True,False,False,True,0.0,False,False,False
CO1.PCCNTR.5615242,cloud_or_software_nonAI,False,False,False,False,False,2023-12-01,2023-12-31,2023-12-31,True,True,1,1,1,0,False,False,False,False,False,0.0,False,False,False,False,False,False,False,False,False,False,False,,,,,,,,,,,,,,
CO1.PCCNTR.6094752,cloud_or_software_nonAI,False,False,False,False,False,2024-03-14,2025-01-01,2025-01-01,True,True,1,1,1,0,False,False,False,False,False,0.0,False,False,False,False,False,False,False,False,False,False,False,,,,,,,,,,,,,,
CO1.PCCNTR.6576419,incidental,False,False,False,False,False,2024-07-29,2024-12-20,2024-12-20,True,True,1,1,1,0,False,False,False,False,False,0.0,False,False,False,False,False,False,False,False,False,False,False,,,,,,,,,,,,,,
CO1.PCCNTR.8671279,cloud_or_software_nonAI,True,False,True,False,True,2025-12-04,2026-01-04,2026-01-04,True,False,0,0,0,0,False,False,False,False,False,0.0,False,False,False,False,False,False,False,False,False,False,False,1.0,1.0,True,False,True,False,True,False,False,True,0.0,False,False,False
CO1.PCCNTR.6576807,incidental,False,False,False,False,False,2024-07-29,2024-12-20,2024-12-20,True,True,1,1,1,0,False,False,False,False,False,0.0,False,False,False,False,False,False,False,False,False,False,False,,,,,,,,,,,,,,
CO1.PCCNTR.7551960,cloud_or_software_nonAI,False,False,False,False,False,2025-02-24,2026-01-01,2026-01-01,True,True,1,1,0,1,True,False,False,False,False,0.0,False,False,False,False,False,False,False,False,False,False,False,,,,,,,,,,,,,,
CO1.PCCNTR.8931947,cloud_or_software_nonAI,False,False,False,False,False,2026-01-16,2026-09-01,2026-09-01,False,False,2,1,0,1,True,False,False,False,False,0.0,False,False,False,False,False,True,False,True,False,False,False,,,,,,,,,,,,,,
CO1.PCCNTR.7071883,incidental,False,False,False,False,False,2024-11-28,2025-01-01,2025-01-01,True,True,1,1,1,0,False,False,False,False,False,0.0,False,False,False,False,False,False,False,False,False,False,False,,,,,,,,,,,,,,
CO1.PCCNTR.6576701,cloud_or_software_nonAI,False,False,False,False,False,2024-07-29,2024-12-20,2024-12-20,True,True,1,1,1,0,False,False,False,False,False,0.0,False,False,False,False,False,False,False,False,False,False,False,,,,,,,,,,,,,,
CO1.PCCNTR.5413434,cloud_or_software_nonAI,True,False,True,False,True,2023-10-12,2026-07-01,2027-01-01,True,True,2,2,0,2,True,True,True,True,True,184.0,True,True,True,False,False,False,False,False,False,False,False,1.0,0.0,False,False,False,False,False,False,False,False,0.0,True,True,True
CO1.PCCNTR.4510829,cloud_or_software_nonAI,False,False,False,False,False,2023-01-31,2024-01-01,2024-01-01,True,True,1,1,1,0,False,False,False,False,False,0.0,False,False,False,False,False,False,False,False,False,False,False,,,,,,,,,,,,,,
CO1.PCCNTR.6576727,cloud_or_software_nonAI,False,False,False,False,False,2024-07-29,2024-12-20,2024-12-20,True,True,1,1,1,0,False,False,False,False,False,0.0,False,False,False,False,False,False,False,False,False,False,False,,,,,,,,,,,,,,
CO1.PCCNTR.5976879,cloud_or_software_nonAI,False,False,False,False,False,2024-02-23,2025-01-01,2025-01-01,True,True,1,1,0,1,True,False,False,False,False,0.0,True,True,False,False,False,False,False,True,False,True,False,,,,,,,,,,,,,,
CO1.PCCNTR.6579266,incidental,False,False,False,False,False,2024-07-30,2024-12-20,2024-12-20,True,True,1,1,1,0,False,False,False,False,False,0.0,False,False,False,False,False,False,False,False,False,False,False,,,,,,,,,,,,,,
CO1.PCCNTR.5355188,incidental,False,False,False,False,False,2023-09-06,2023-10-16,2023-10-16,True,True,1,1,1,0,False,False,False,False,False,0.0,False,False,False,False,False,False,False,False,False,False,False,,,,,,,,,,,,,,
CO1.PCCNTR.6576626,cloud_or_software_nonAI,False,False,False,False,False,2024-07-29,2024-12-20,2024-12-20,True,True,1,1,1,0,False,False,False,False,False,0.0,False,False,False,False,False,False,False,False,False,False,False,,,,,,,,,,,,,,
CO1.PCCNTR.5433137,cloud_or_software_nonAI,False,False,False,False,False,2023-10-04,2023-12-20,2023-12-20,True,True,1,1,1,0,False,False,False,False,False,0.0,False,False,False,False,False,False,False,False,False,False,False,,,,,,,,,,,,,,
CO1.PCCNTR.8222166,cloud_or_software_nonAI,False,False,False,False,False,2025-08-25,2025-12-15,2025-12-15,True,True,1,1,1,0,False,False,False,False,False,0.0,False,False,False,False,False,False,False,False,False,False,False,,,,,,,,,,,,,,
CO1.PCCNTR.7161432,cloud_or_software_nonAI,True,False,True,False,True,2024-12-27,2025-12-31,2025-12-31,True,True,1,0,0,0,False,False,False,False,False,0.0,False,False,False,False,False,False,False,False,False,False,False,0.0,1.0,True,True,False,False,True,True,False,False,0.0,True,True,True
CO1.PCCNTR.7008205,cloud_or_software_nonAI,False,False,False,False,False,2024-11-12,2025-01-01,2025-01-01,True,True,2,1,1,0,False,False,False,False,False,0.0,False,False,False,False,False,False,False,False,False,False,False,,,,,,,,,,,,,,
CO1.PCCNTR.4564908,cloud_or_software_nonAI,False,False,False,False,False,2023-02-07,2023-06-08,2023-08-08,True,True,2,2,1,1,True,True,True,False,True,61.0,False,False,False,False,False,False,False,True,True,False,False,,,,,,,,,,,,,,
CO1.PCCNTR.8456805,cloud_or_software_nonAI,False,False,False,False,False,2025-10-16,2025-12-20,2025-12-20,True,False,1,1,1,0,False,False,False,False,False,0.0,False,False,False,False,False,False,False,False,False,False,False,,,,,,,,,,,,,,
CO1.PCCNTR.5355409,cloud_or_software_nonAI,False,False,False,False,False,2023-09-06,2023-10-16,2023-10-16,True,True,1,1,0,1,True,False,False,False,False,0.0,False,False,False,False,False,False,False,False,False,False,False,,,,,,,,,,,,,,
CO1.PCCNTR.6578755,cloud_or_software_nonAI,False,False,False,False,False,2024-07-30,2024-12-20,2024-12-20,True,True,1,1,1,0,False,False,False,False,False,0.0,False,False,False,False,False,False,False,False,False,False,False,,,,,,,,,,,,,,
CO1.PCCNTR.8727120,cloud_or_software_nonAI,True,False,True,False,True,2025-12-22,2026-01-01,2026-01-01,True,False,1,1,1,0,False,False,False,False,False,0.0,False,False,False,False,False,False,False,False,False,False,False,24.0,1.0,True,True,True,True,True,True,False,True,0.0,False,False,False
CO1.PCCNTR.4381809,cloud_or_software_nonAI,False,False,False,False,False,2023-01-10,2024-01-01,2024-01-01,True,True,3,3,2,1,True,False,False,False,False,0.0,False,False,False,False,False,False,False,True,False,False,False,,,,,,,,,,,,,,
CO1.PCCNTR.8190807,cloud_or_software_nonAI,True,False,True,False,True,2025-08-22,2026-08-01,2026-12-01,False,True,1,1,0,1,True,True,True,True,True,122.0,True,True,True,False,False,False,False,True,True,True,False,1.0,0.0,False,False,False,False,False,False,False,False,0.0,True,False,False
CO1.PCCNTR.6831124,cloud_or_software_nonAI,False,False,False,False,False,2024-10-10,2024-12-25,2025-03-25,True,True,1,1,0,1,True,True,True,True,True,90.0,False,False,False,False,False,False,False,True,True,False,False,,,,,,,,,,,,,,
CO1.PCCNTR.5615085,incidental,False,False,False,False,False,2023-12-01,2023-12-30,2023-12-30,True,True,1,1,1,0,False,False,False,False,False,0.0,False,False,False,False,False,False,False,False,False,False,False,,,,,,,,,,,,,,
CO1.PCCNTR.8622661,cloud_or_software_nonAI,True,False,True,False,True,2025-11-21,2026-01-01,2026-01-01,True,False,1,1,1,0,False,False,False,False,False,0.0,False,False,False,False,False,False,False,False,False,False,False,2.0,0.0,False,False,False,False,False,False,False,False,0.0,False,False,False
CO1.PCCNTR.6576627,cloud_or_software_nonAI,False,False,False,False,False,2024-07-30,2024-12-20,2024-12-20,True,True,1,1,1,0,False,False,False,False,False,0.0,False,False,False,False,False,False,False,False,False,False,False,,,,,,,,,,,,,,
CO1.PCCNTR.7808019,cloud_or_software_nonAI,False,False,False,False,False,2025-04-24,2025-12-29,2025-12-29,True,True,1,1,1,0,False,False,False,False,False,0.0,False,False,False,False,False,False,False,False,False,False,False,,,,,,,,,,,,,,
CO1.PCCNTR.5814520,cloud_or_software_nonAI,True,False,True,False,True,2024-01-26,2024-12-29,2024-12-29,True,True,1,0,0,0,False,False,False,False,False,0.0,False,False,False,False,False,False,False,False,False,False,False,1.0,3.0,True,False,True,False,True,False,False,True,0.0,True,True,True
CO1.PCCNTR.4377474,cloud_or_software_nonAI,False,False,False,False,False,2023-01-06,2023-05-11,2023-05-11,True,True,2,2,2,0,False,False,False,False,False,0.0,False,False,False,False,False,False,False,False,False,False,False,,,,,,,,,,,,,,
CO1.PCCNTR.5778076,cloud_or_software_nonAI,False,False,False,False,False,2024-01-25,2024-12-26,2024-12-30,True,True,2,2,1,1,True,False,False,False,False,4.0,False,False,False,False,False,False,False,True,False,False,False,,,,,,,,,,,,,,
CO1.PCCNTR.5615520,incidental,False,False,False,False,False,2023-12-01,2023-12-31,2023-12-31,True,True,1,1,1,0,False,False,False,False,False,0.0,False,False,False,False,False,False,False,False,False,False,False,,,,,,,,,,,,,,
CO1.PCCNTR.7450035,cloud_or_software_nonAI,False,False,False,False,False,2025-02-10,2025-12-26,2025-12-26,True,True,1,1,1,0,False,False,False,False,False,0.0,False,False,False,False,False,False,False,False,False,False,False,,,,,,,,,,,,,,
CO1.PCCNTR.4404937,incidental,False,False,False,False,False,2023-01-17,2023-09-12,2023-12-31,True,True,2,2,1,1,True,True,True,False,True,110.0,False,False,False,False,False,False,False,True,True,False,False,,,,,,,,,,,,,,
CO1.PCCNTR.5998251,cloud_or_software_nonAI,False,False,False,False,False,2024-02-23,2024-12-31,2024-12-31,True,True,1,0,0,0,False,False,False,False,False,0.0,False,False,False,False,False,False,False,False,False,False,False,,,,,,,,,,,,,,
CO1.PCCNTR.7059251,cloud_or_software_nonAI,False,False,False,False,False,2024-11-22,2025-01-01,2025-01-01,True,True,1,1,1,0,False,False,False,False,False,0.0,False,False,False,False,False,False,False,False,False,False,False,,,,,,,,,,,,,,
CO1.PCCNTR.7269859,cloud_or_software_nonAI,False,False,False,False,False,2025-01-17,2025-07-01,2025-07-01,True,True,1,1,1,0,False,False,False,False,False,0.0,False,False,False,False,False,False,False,False,False,False,False,,,,,,,,,,,,,,
CO1.PCCNTR.8726853,cloud_or_software_nonAI,False,False,False,False,False,2025-12-23,2026-12-19,2026-12-19,False,False,2,1,1,0,False,False,False,False,False,0.0,False,False,False,False,False,False,False,False,False,False,False,,,,,,,,,,,,,,
CO1.PCCNTR.6576609,cloud_or_software_nonAI,False,False,False,False,False,2024-07-29,2024-12-20,2024-12-20,True,True,1,1,1,0,False,False,False,False,False,0.0,False,False,False,False,False,False,False,False,False,False,False,,,,,,,,,,,,,,
CO1.PCCNTR.6576525,incidental,False,False,False,False,False,2024-07-29,2024-12-20,2024-12-20,True,True,1,1,1,0,False,False,False,False,False,0.0,False,False,False,False,False,False,False,False,False,False,False,,,,,,,,,,,,,,
CO1.PCCNTR.8489104,cloud_or_software_nonAI,False,False,False,False,False,2025-10-24,2026-10-01,2027-02-01,False,False,3,3,0,3,True,True,True,True,True,123.0,True,True,True,False,False,False,False,True,True,True,False,,,,,,,,,,,,,,
CO1.PCCNTR.6094326,cloud_or_software_nonAI,True,False,True,False,True,2024-03-21,2025-01-01,2025-05-01,True,True,2,2,1,1,True,True,True,True,True,120.0,True,True,False,False,False,False,False,True,True,True,False,1.0,0.0,False,False,False,False,False,False,False,False,0.0,True,True,True
CO1.PCCNTR.8894847,cloud_or_software_nonAI,True,False,True,False,True,2026-01-18,2026-09-15,2026-09-20,False,False,1,1,0,1,True,False,False,False,False,5.0,True,True,True,False,False,False,False,True,False,True,False,2.0,1.0,True,False,True,False,True,False,False,True,0.0,False,False,False
CO1.PCCNTR.6576415,cloud_or_software_nonAI,False,False,False,False,False,2024-07-29,2024-12-20,2024-12-20,True,True,1,1,1,0,False,False,False,False,False,0.0,False,False,False,False,False,False,False,False,False,False,False,,,,,,,,,,,,,,
CO1.PCCNTR.7783630,cloud_or_software_nonAI,False,False,False,False,False,2025-04-14,2026-01-01,2026-01-01,True,True,2,2,1,1,True,False,False,False,False,0.0,False,False,False,False,False,False,False,True,False,False,False,,,,,,,,,,,,,,
CO1.PCCNTR.5615513,incidental,False,False,False,False,False,2023-12-01,2023-12-31,2023-12-31,True,True,1,1,1,0,False,False,False,False,False,0.0,False,False,False,False,False,False,False,False,False,False,False,,,,,,,,,,,,,,
CO1.PCCNTR.6576521,incidental,False,False,False,False,False,2024-07-29,2024-12-20,2024-12-20,True,True,1,1,1,0,False,False,False,False,False,0.0,False,False,False,False,False,False,False,False,False,False,False,,,,,,,,,,,,,,
CO1.PCCNTR.8841872,cloud_or_software_nonAI,False,False,False,False,False,2026-01-15,2026-09-12,2027-01-19,False,False,1,1,0,1,True,True,True,False,True,129.0,True,False,True,False,False,False,False,True,True,True,False,,,,,,,,,,,,,,
CO1.PCCNTR.4990212,cloud_or_software_nonAI,False,False,False,False,False,2023-05-23,2023-12-29,2023-12-29,True,True,4,3,2,1,True,False,False,False,False,0.0,False,False,False,False,False,True,False,True,False,False,False,,,,,,,,,,,,,,
CO1.PCCNTR.4397047,cloud_or_software_nonAI,False,False,False,False,False,2023-01-15,2024-01-01,2024-01-01,True,True,3,3,2,1,True,False,False,False,False,0.0,False,False,False,False,False,False,False,True,False,False,False,,,,,,,,,,,,,,
CO1.PCCNTR.5615128,incidental,False,False,False,False,False,2023-12-01,2023-12-30,2023-12-30,True,True,1,1,1,0,False,False,False,False,False,0.0,False,False,False,False,False,False,False,False,False,False,False,,,,,,,,,,,,,,
CO1.PCCNTR.5615266,cloud_or_software_nonAI,False,False,False,False,False,2023-12-01,2023-12-31,2023-12-31,True,True,1,1,1,0,False,False,False,False,False,0.0,False,False,False,False,False,False,False,False,False,False,False,,,,,,,,,,,,,,
CO1.PCCNTR.6578352,cloud_or_software_nonAI,False,False,False,False,False,2024-07-29,2024-12-20,2024-12-20,True,True,1,1,1,0,False,False,False,False,False,0.0,False,False,False,False,False,False,False,False,False,False,False,,,,,,,,,,,,,,
CO1.PCCNTR.6576430,incidental,False,False,False,False,False,2024-07-29,2024-12-20,2024-12-20,True,True,1,1,1,0,False,False,False,False,False,0.0,False,False,False,False,False,False,False,False,False,False,False,,,,,,,,,,,,,,
CO1.PCCNTR.5115372,cloud_or_software_nonAI,False,False,False,False,False,2023-06-25,2023-11-27,2023-12-30,True,True,1,1,0,1,True,True,True,True,True,33.0,True,True,False,False,False,False,False,True,True,True,False,,,,,,,,,,,,,,
CO1.PCCNTR.6576605,cloud_or_software_nonAI,False,False,False,False,False,2024-07-29,2024-12-20,2024-12-20,True,True,1,1,1,0,False,False,False,False,False,0.0,False,False,False,False,False,False,False,False,False,False,False,,,,,,,,,,,,,,
CO1.PCCNTR.6852707,cloud_or_software_nonAI,True,False,True,False,True,2024-10-18,2024-12-15,2024-12-15,True,True,1,1,1,0,False,False,False,False,False,0.0,False,False,False,False,False,False,False,False,False,False,False,1.0,2.0,True,False,False,False,True,False,False,False,0.0,True,True,True
CO1.PCCNTR.5219734,cloud_or_software_nonAI,False,False,False,False,False,2023-08-23,2025-06-01,2025-09-01,True,True,4,4,1,3,True,True,True,True,True,92.0,True,True,True,False,False,False,False,False,False,False,False,,,,,,,,,,,,,,
CO1.PCCNTR.9196101,cloud_or_software_nonAI,False,False,False,False,False,2026-01-28,2026-12-31,2026-12-31,False,False,0,0,0,0,False,False,False,False,False,0.0,False,False,False,False,False,False,False,False,False,False,False,,,,,,,,,,,,,,
CO1.PCCNTR.9603456,cloud_or_software_nonAI,False,False,False,False,False,2026-06-30,2027-01-01,2027-01-01,False,False,1,1,0,1,True,False,False,False,False,0.0,False,False,False,False,False,False,False,True,False,False,False,,,,,,,,,,,,,,
CO1.PCCNTR.5233312,cloud_or_software_nonAI,True,False,True,False,True,2024-01-23,2024-07-30,2024-07-30,True,True,3,2,0,2,True,False,False,False,False,0.0,True,True,True,False,False,False,False,True,False,True,False,0.0,0.0,False,False,False,False,False,False,False,False,0.0,True,True,True
CO1.PCCNTR.5615291,cloud_or_software_nonAI,False,False,False,False,False,2023-12-01,2023-12-31,2023-12-31,True,True,1,1,1,0,False,False,False,False,False,0.0,False,False,False,False,False,False,False,False,False,False,False,,,,,,,,,,,,,,
CO1.PCCNTR.6673519,cloud_or_software_nonAI,False,False,False,False,False,2024-08-23,2025-01-01,2025-01-01,True,True,2,2,1,1,True,False,False,False,False,0.0,False,False,False,False,False,False,False,True,False,False,False,,,,,,,,,,,,,,
CO1.PCCNTR.7855132,cloud_or_software_nonAI,False,False,False,False,False,2025-05-07,2026-01-01,2026-01-01,True,True,1,1,1,0,False,False,False,False,False,0.0,False,False,False,False,False,False,False,False,False,False,False,,,,,,,,,,,,,,
CO1.PCCNTR.6581555,cloud_or_software_nonAI,False,False,False,False,False,2024-07-30,2024-12-20,2024-12-20,True,True,1,1,1,0,False,False,False,False,False,0.0,False,False,False,False,False,False,False,False,False,False,False,,,,,,,,,,,,,,
CO1.PCCNTR.6582347,cloud_or_software_nonAI,False,False,False,False,False,2024-07-30,2024-12-20,2024-12-20,True,True,1,1,1,0,False,False,False,False,False,0.0,False,False,False,False,False,False,False,False,False,False,False,,,,,,,,,,,,,,
CO1.PCCNTR.8593452,cloud_or_software_nonAI,True,False,True,False,True,2025-11-24,2025-12-31,2025-12-31,True,False,0,0,0,0,False,False,False,False,False,0.0,False,False,False,False,False,False,False,False,False,False,False,2.0,0.0,False,False,False,False,False,False,False,False,0.0,False,False,False
CO1.PCCNTR.4522362,cloud_or_software_nonAI,False,False,False,False,False,2023-01-31,2023-03-30,2023-03-30,True,True,3,3,3,0,False,False,False,False,False,0.0,True,False,True,False,False,False,True,False,False,True,False,,,,,,,,,,,,,,
CO1.PCCNTR.6585503,cloud_or_software_nonAI,False,False,False,False,False,2024-07-31,2024-12-20,2024-12-20,True,True,1,1,1,0,False,False,False,False,False,0.0,False,False,False,False,False,False,False,False,False,False,False,,,,,,,,,,,,,,
CO1.PCCNTR.6409239,cloud_or_software_nonAI,True,False,True,False,True,2024-06-07,2024-09-11,2024-09-11,True,True,1,1,1,0,False,False,False,False,False,0.0,False,False,False,False,False,False,False,False,False,False,False,4.0,4.0,True,True,True,True,True,True,True,True,0.0,True,True,True
CO1.PCCNTR.8696859,cloud_or_software_nonAI,True,False,True,False,True,2025-12-12,2025-12-31,2025-12-31,True,False,0,0,0,0,False,False,False,False,False,0.0,False,False,False,False,False,False,False,False,False,False,False,4.0,0.0,False,False,False,False,False,False,False,False,0.0,False,False,False
CO1.PCCNTR.5365613,incidental,False,False,False,False,False,2023-09-08,2023-10-23,2023-10-23,True,True,1,1,0,1,True,False,False,False,False,0.0,False,False,False,False,False,False,False,False,False,False,False,,,,,,,,,,,,,,
CO1.PCCNTR.4630999,cloud_or_software_nonAI,True,False,True,False,True,2023-02-17,2023-07-16,2023-09-30,True,True,3,3,1,2,True,True,True,False,True,76.0,True,False,True,False,False,False,False,True,True,True,False,1.0,7.0,True,True,True,True,True,True,True,True,0.0,True,True,True
CO1.PCCNTR.5615137,incidental,False,False,False,False,False,2023-12-01,2023-12-30,2023-12-30,True,True,1,1,1,0,False,False,False,False,False,0.0,False,False,False,False,False,False,False,False,False,False,False,,,,,,,,,,,,,,
CO1.PCCNTR.4579340,cloud_or_software_nonAI,True,False,True,False,True,2023-02-08,2023-12-31,2023-12-31,True,True,0,0,0,0,False,False,False,False,False,0.0,False,False,False,False,False,False,False,False,False,False,False,3.0,3.0,True,True,False,False,True,True,False,False,0.0,True,True,True
CO1.PCCNTR.5433334,cloud_or_software_nonAI,False,False,False,False,False,2023-10-04,2023-12-20,2023-12-20,True,True,1,1,1,0,False,False,False,False,False,0.0,False,False,False,False,False,False,True,False,False,False,False,,,,,,,,,,,,,,
CO1.PCCNTR.6576725,cloud_or_software_nonAI,False,False,False,False,False,2024-07-29,2024-12-20,2024-12-20,True,True,1,1,1,0,False,False,False,False,False,0.0,False,False,False,False,False,False,False,False,False,False,False,,,,,,,,,,,,,,
CO1.PCCNTR.5898446,cloud_or_software_nonAI,False,False,False,False,False,2024-02-08,2025-01-01,2025-01-01,True,True,3,2,2,0,False,False,False,False,False,0.0,False,False,False,False,False,False,True,False,False,False,False,,,,,,,,,,,,,,
CO1.PCCNTR.6576413,cloud_or_software_nonAI,False,False,False,False,False,2024-07-29,2024-12-20,2024-12-20,True,True,1,1,1,0,False,False,False,False,False,0.0,False,False,False,False,False,False,False,False,False,False,False,,,,,,,,,,,,,,
CO1.PCCNTR.5432890,cloud_or_software_nonAI,False,False,False,False,False,2023-10-04,2023-12-20,2023-12-20,True,True,1,1,1,0,False,False,False,False,False,0.0,False,False,False,False,False,False,False,False,False,False,False,,,,,,,,,,,,,,
CO1.PCCNTR.8690412,cloud_or_software_nonAI,True,False,True,False,True,2025-12-12,2026-01-30,2026-01-30,True,False,1,1,1,0,False,False,False,False,False,0.0,False,False,False,False,False,False,False,False,False,False,False,1.0,0.0,False,False,False,False,False,False,False,False,0.0,False,False,False
CO1.PCCNTR.6643078,ai_development_service,True,True,True,True,True,2024-08-16,2024-12-28,2024-12-28,True,True,0,0,0,0,False,False,False,False,False,0.0,False,False,False,False,False,False,False,False,False,False,False,0.0,0.0,False,False,False,False,False,False,False,False,0.0,True,True,True
CO1.PCCNTR.7495003,individual_professional_ai,False,False,False,False,False,2025-02-17,2025-12-18,2025-12-31,True,True,3,2,0,2,True,True,True,True,True,13.0,True,True,True,False,False,False,False,True,True,True,False,,,,,,,,,,,,,,
CO1.PCCNTR.6161311,individual_professional_ai,False,False,False,False,False,2024-04-02,2024-12-04,2024-12-31,True,True,2,2,1,1,True,True,True,True,True,27.0,False,False,False,False,False,False,False,True,True,False,False,,,,,,,,,,,,,,
CO1.PCCNTR.4806666,individual_professional_ai,False,False,False,False,False,2023-03-27,2023-06-09,2023-06-09,True,True,2,2,2,0,False,False,False,False,False,0.0,False,False,False,False,False,False,False,False,False,False,False,,,,,,,,,,,,,,
CO1.PCCNTR.8664719,incidental,True,False,False,False,False,2025-12-04,2025-12-31,2025-12-31,True,False,0,0,0,0,False,False,False,False,False,0.0,False,False,False,False,False,False,False,False,False,False,False,,,,,,,,,,,,,,
CO1.PCCNTR.7543686,incidental,True,False,False,False,False,2025-02-24,2025-05-30,2025-05-30,True,True,0,0,0,0,False,False,False,False,False,0.0,False,False,False,False,False,False,False,False,False,False,False,,,,,,,,,,,,,,
CO1.PCCNTR.8696842,individual_professional_ai,False,False,False,False,False,2025-12-12,2025-12-31,2025-12-31,True,False,0,0,0,0,False,False,False,False,False,0.0,False,False,False,False,False,False,False,False,False,False,False,,,,,,,,,,,,,,
CO1.PCCNTR.8894635,individual_professional_ai,False,False,False,False,False,2026-01-15,2026-07-19,2026-07-19,False,False,0,0,0,0,False,False,False,False,False,0.0,False,False,False,False,False,False,False,False,False,False,False,,,,,,,,,,,,,,
CO1.PCCNTR.5368767,ai_development_service,True,True,True,True,True,2023-09-14,2024-01-01,2024-01-01,True,True,3,1,1,0,False,False,False,False,False,0.0,False,False,False,False,False,False,False,False,False,False,False,6.0,1.0,True,True,True,True,True,True,True,True,0.0,True,True,True
CO1.PCCNTR.4533186,individual_professional_ai,False,False,False,False,False,2023-02-01,2023-03-01,2023-03-01,True,True,2,2,2,0,False,False,False,False,False,0.0,False,False,False,False,False,False,False,False,False,False,False,,,,,,,,,,,,,,
CO1.PCCNTR.7702148,individual_professional_ai,False,False,False,False,False,2025-03-26,2025-12-16,2025-12-16,True,True,1,1,1,0,False,False,False,False,False,0.0,False,False,False,False,False,False,False,False,False,False,False,,,,,,,,,,,,,,
CO1.PCCNTR.8675078,incidental,True,False,False,False,False,2025-12-05,2025-12-26,2025-12-26,True,False,0,0,0,0,False,False,False,False,False,0.0,False,False,False,False,False,False,False,False,False,False,False,,,,,,,,,,,,,,
CO1.PCCNTR.8442280,individual_professional_ai,False,False,False,False,False,2025-10-16,2026-10-22,2026-10-22,False,False,0,0,0,0,False,False,False,False,False,0.0,False,False,False,False,False,False,False,False,False,False,False,,,,,,,,,,,,,,
CO1.PCCNTR.7496571,individual_professional_ai,False,False,False,False,False,2025-02-18,2025-11-19,2025-11-19,True,True,1,1,1,0,False,False,False,False,False,0.0,False,False,False,False,False,False,False,False,False,False,False,,,,,,,,,,,,,,
CO1.PCCNTR.6596522,individual_professional_ai,False,False,False,False,False,2024-08-01,2025-01-01,2025-02-28,True,True,2,2,0,2,True,True,True,True,True,58.0,True,True,False,False,False,False,False,True,True,True,False,,,,,,,,,,,,,,
CO1.PCCNTR.8236027,individual_professional_ai,False,False,False,False,False,2025-08-25,2025-12-31,2025-12-31,True,True,0,0,0,0,False,False,False,False,False,0.0,False,False,False,False,False,False,False,False,False,False,False,,,,,,,,,,,,,,
CO1.PCCNTR.6117669,individual_professional_ai,False,False,False,False,False,2024-03-19,2024-12-31,2024-12-31,True,True,0,0,0,0,False,False,False,False,False,0.0,False,False,False,False,False,False,False,False,False,False,False,,,,,,,,,,,,,,
CO1.PCCNTR.4762459,individual_professional_ai,False,False,False,False,False,2023-03-13,2024-01-16,2024-03-31,True,True,2,2,1,1,True,True,True,True,True,75.0,True,True,False,False,False,False,False,True,True,True,False,,,,,,,,,,,,,,
CO1.PCCNTR.5635514,incidental,True,False,False,False,False,2023-12-06,2023-12-23,2023-12-23,True,True,2,2,1,1,True,False,False,False,False,0.0,False,False,False,False,False,False,False,True,False,False,False,,,,,,,,,,,,,,
CO1.PCCNTR.5431116,individual_professional_ai,False,False,False,False,False,2023-10-04,2024-01-01,2024-01-01,True,True,2,2,1,1,True,False,False,False,False,0.0,False,False,False,False,False,False,False,True,False,False,False,,,,,,,,,,,,,,
CO1.PCCNTR.5046103,individual_professional_ai,False,False,False,False,False,2023-06-05,2024-01-01,2024-01-01,True,True,1,1,1,0,False,False,False,False,False,0.0,False,False,False,False,False,False,False,False,False,False,False,,,,,,,,,,,,,,
CO1.PCCNTR.6429305,incidental,True,False,False,False,False,2024-06-24,2024-09-30,2024-09-30,True,True,0,0,0,0,False,False,False,False,False,0.0,False,False,False,False,False,False,False,False,False,False,False,,,,,,,,,,,,,,
CO1.PCCNTR.5395919,individual_professional_ai,False,False,False,False,False,2023-09-25,2023-12-31,2023-12-31,True,True,1,1,1,0,False,False,False,False,False,0.0,False,False,False,False,False,False,False,False,False,False,False,,,,,,,,,,,,,,
CO1.PCCNTR.5382537,individual_professional_ai,False,False,False,False,False,2023-09-19,2023-12-31,2023-12-31,True,True,0,0,0,0,False,False,False,False,False,0.0,False,False,False,False,False,False,False,False,False,False,False,,,,,,,,,,,,,,
CO1.PCCNTR.7506235,individual_professional_ai,False,False,False,False,False,2025-02-18,2025-12-31,2025-12-31,True,True,2,2,1,1,True,False,False,False,False,0.0,False,False,False,False,False,False,False,True,False,False,False,,,,,,,,,,,,,,
CO1.PCCNTR.5798287,individual_professional_ai,False,False,False,False,False,2024-01-24,2024-06-30,2024-06-30,True,True,0,0,0,0,False,False,False,False,False,0.0,False,False,False,False,False,False,False,False,False,False,False,,,,,,,,,,,,,,
CO1.PCCNTR.8973620,individual_professional_ai,False,False,False,False,False,2026-01-19,2026-12-11,2026-12-11,False,False,0,0,0,0,False,False,False,False,False,0.0,False,False,False,False,False,False,False,False,False,False,False,,,,,,,,,,,,,,
CO1.PCCNTR.4751624,individual_professional_ai,False,False,False,False,False,2023-03-14,2023-12-30,2023-12-30,True,True,1,1,1,0,False,False,False,False,False,0.0,False,False,False,False,False,False,False,False,False,False,False,,,,,,,,,,,,,,
CO1.PCCNTR.5350651,individual_professional_ai,False,False,False,False,False,2023-09-04,2023-10-18,2023-10-18,True,True,1,1,0,1,True,False,False,False,False,0.0,False,False,False,False,False,False,False,True,False,False,False,,,,,,,,,,,,,,
CO1.PCCNTR.8800267,individual_professional_ai,False,False,False,False,False,2026-01-09,2026-12-11,2026-12-11,False,False,0,0,0,0,False,False,False,False,False,0.0,False,False,False,False,False,False,False,False,False,False,False,,,,,,,,,,,,,,
CO1.PCCNTR.7877923,incidental,True,False,False,False,False,2025-05-16,2025-07-03,2025-07-03,True,True,0,0,0,0,False,False,False,False,False,0.0,False,False,False,False,False,False,False,False,False,False,False,,,,,,,,,,,,,,
CO1.PCCNTR.5373508,individual_professional_ai,False,False,False,False,False,2023-09-13,2023-12-31,2023-12-31,True,True,1,1,1,0,False,False,False,False,False,0.0,False,False,False,False,False,False,False,False,False,False,False,,,,,,,,,,,,,,
CO1.PCCNTR.5212267,individual_professional_ai,False,False,False,False,False,2023-07-12,2023-11-06,2023-11-06,True,True,2,2,2,0,False,False,False,False,False,0.0,False,False,False,False,False,False,False,False,False,False,False,,,,,,,,,,,,,,
CO1.PCCNTR.5457814,incidental,True,False,False,False,False,2023-10-17,2023-11-17,2023-12-16,True,True,3,3,0,3,True,True,True,True,True,29.0,True,True,False,False,False,False,False,True,True,True,False,,,,,,,,,,,,,,
CO1.PCCNTR.5617095,individual_professional_ai,False,False,False,False,False,2023-12-01,2024-01-01,2024-01-01,True,True,1,1,1,0,False,False,False,False,False,0.0,False,False,False,False,False,False,False,False,False,False,False,,,,,,,,,,,,,,
CO1.PCCNTR.8216992,individual_professional_ai,False,False,False,False,False,2025-08-21,2025-12-31,2025-12-31,True,True,0,0,0,0,False,False,False,False,False,0.0,False,False,False,False,False,False,False,False,False,False,False,,,,,,,,,,,,,,
CO1.PCCNTR.5296335,incidental,False,False,False,False,False,2023-08-15,2023-09-14,2023-09-14,True,True,0,0,0,0,False,False,False,False,False,0.0,False,False,False,False,False,False,False,False,False,False,False,,,,,,,,,,,,,,
CO1.PCCNTR.8047428,individual_professional_ai,False,False,False,False,False,2025-07-04,2025-12-31,2025-12-31,True,True,1,0,0,0,False,False,False,False,False,0.0,False,False,False,False,False,False,False,False,False,False,False,,,,,,,,,,,,,,
CO1.PCCNTR.4806848,individual_professional_ai,False,False,False,False,False,2023-03-28,2023-12-31,2023-12-31,True,True,2,2,2,0,False,False,False,False,False,0.0,False,False,False,False,False,False,False,False,False,False,False,,,,,,,,,,,,,,
CO1.PCCNTR.8854496,individual_professional_ai,False,False,False,False,False,2026-01-13,2026-12-11,2026-12-11,False,False,0,0,0,0,False,False,False,False,False,0.0,False,False,False,False,False,False,False,False,False,False,False,,,,,,,,,,,,,,
CO1.PCCNTR.4806954,individual_professional_ai,False,False,False,False,False,2023-03-28,2023-12-31,2023-12-31,True,True,2,2,2,0,False,False,False,False,False,0.0,False,False,False,False,False,False,False,False,False,False,False,,,,,,,,,,,,,,
CO1.PCCNTR.4752217,individual_professional_ai,False,False,False,False,False,2023-03-16,2023-12-30,2023-12-30,True,True,1,1,1,0,False,False,False,False,False,0.0,False,False,False,False,False,False,False,False,False,False,False,,,,,,,,,,,,,,
CO1.PCCNTR.9733861,individual_professional_ai,False,False,False,False,False,2026-07-30,2026-10-29,2026-10-29,False,False,0,0,0,0,False,False,False,False,False,0.0,False,False,False,False,False,False,False,False,False,False,False,,,,,,,,,,,,,,
CO1.PCCNTR.7610430,individual_professional_ai,False,False,False,False,False,2025-03-06,2026-01-01,2026-01-01,True,True,1,1,1,0,False,False,False,False,False,0.0,False,False,False,False,False,False,False,False,False,False,False,,,,,,,,,,,,,,
CO1.PCCNTR.5352136,individual_professional_ai,False,False,False,False,False,2023-09-04,2023-10-17,2023-10-17,True,True,1,1,0,1,True,False,False,False,False,0.0,False,False,False,False,False,False,False,True,False,False,False,,,,,,,,,,,,,,
CO1.PCCNTR.5869364,individual_professional_ai,False,False,False,False,False,2024-02-01,2024-12-04,2024-12-04,True,True,1,1,1,0,False,False,False,False,False,0.0,False,False,False,False,False,False,False,False,False,False,False,,,,,,,,,,,,,,
CO1.PCCNTR.8296206,incidental,True,False,False,False,False,2025-09-15,2025-10-20,2025-10-20,True,True,0,0,0,0,False,False,False,False,False,0.0,False,False,False,False,False,False,False,False,False,False,False,,,,,,,,,,,,,,
CO1.PCCNTR.4713578,individual_professional_ai,False,False,False,False,False,2023-03-01,2023-06-01,2023-06-01,True,True,1,1,1,0,False,False,False,False,False,0.0,False,False,False,False,False,False,False,False,False,False,False,,,,,,,,,,,,,,
CO1.PCCNTR.6534433,individual_professional_ai,False,False,False,False,False,2024-07-16,2025-01-01,2025-01-01,True,True,1,1,1,0,False,False,False,False,False,0.0,False,False,False,False,False,False,False,False,False,False,False,,,,,,,,,,,,,,
CO1.PCCNTR.8973733,individual_professional_ai,False,False,False,False,False,2026-01-19,2026-12-19,2026-12-24,False,False,1,1,1,0,False,False,False,False,False,5.0,False,False,False,False,False,False,True,False,False,False,False,,,,,,,,,,,,,,
CO1.PCCNTR.9106902,individual_professional_ai,False,False,False,False,False,2026-01-23,2026-07-10,2026-07-10,False,False,0,0,0,0,False,False,False,False,False,0.0,False,False,False,False,False,False,False,False,False,False,False,,,,,,,,,,,,,,
CO1.PCCNTR.5309732,individual_professional_ai,False,False,False,False,False,2023-08-17,2023-12-18,2024-02-18,True,True,2,2,0,2,True,True,True,False,True,62.0,True,False,True,False,False,False,False,True,True,True,False,,,,,,,,,,,,,,
CO1.PCCNTR.5086318,individual_professional_ai,False,False,False,False,False,2023-06-15,2023-10-16,2023-12-16,True,True,2,2,1,1,True,True,True,True,True,61.0,True,True,False,False,False,False,False,True,True,True,False,,,,,,,,,,,,,,
CO1.PCCNTR.5187020,individual_professional_ai,False,False,False,False,False,2023-07-04,2024-01-01,2024-01-01,True,True,1,1,1,0,False,False,False,False,False,0.0,False,False,False,False,False,False,False,False,False,False,False,,,,,,,,,,,,,,
CO1.PCCNTR.6207902,individual_professional_ai,False,False,False,False,False,2024-04-12,2024-12-31,2025-03-01,True,True,3,3,1,2,True,True,True,True,True,60.0,True,True,False,False,False,False,False,True,True,True,False,,,,,,,,,,,,,,
CO1.PCCNTR.6523650,incidental,True,False,False,False,False,2024-07-12,2024-12-11,2024-12-15,True,True,1,1,1,0,False,False,False,False,False,4.0,False,False,False,False,False,False,False,False,False,False,False,,,,,,,,,,,,,,
CO1.PCCNTR.6097049,individual_professional_ai,False,False,False,False,False,2024-03-14,2024-12-31,2024-12-31,True,True,0,0,0,0,False,False,False,False,False,0.0,False,False,False,False,False,False,False,False,False,False,False,,,,,,,,,,,,,,
CO1.PCCNTR.5170857,incidental,True,False,False,False,False,2023-06-28,2023-12-16,2023-12-16,True,True,1,1,1,0,False,False,False,False,False,0.0,False,False,False,False,False,False,False,False,False,False,False,,,,,,,,,,,,,,
CO1.PCCNTR.5204673,incidental,False,False,False,False,False,2023-07-11,2023-08-11,2023-08-26,True,True,2,1,0,1,True,True,True,True,True,15.0,False,False,False,False,False,False,False,True,True,False,False,,,,,,,,,,,,,,
CO1.PCCNTR.5364181,unclear,True,False,False,True,True,2023-09-08,2026-09-11,2026-09-11,False,True,0,0,0,0,False,False,False,False,False,0.0,False,False,False,False,False,False,False,False,False,False,False,2.0,0.0,False,False,False,False,False,False,False,False,0.0,True,True,True
CO1.PCCNTR.7062424,incidental,True,False,False,False,False,2024-11-23,2024-12-31,2024-12-31,True,True,0,0,0,0,False,False,False,False,False,0.0,False,False,False,False,False,False,False,False,False,False,False,,,,,,,,,,,,,,
CO1.PCCNTR.7221633,individual_professional_ai,False,False,False,False,False,2025-01-10,2025-06-26,2025-06-26,True,True,0,0,0,0,False,False,False,False,False,0.0,False,False,False,False,False,False,False,False,False,False,False,,,,,,,,,,,,,,
CO1.PCCNTR.8959469,individual_professional_ai,False,False,False,False,False,2026-01-19,2026-12-05,2026-12-05,False,False,2,2,0,2,True,False,False,False,False,0.0,False,False,False,True,True,False,False,True,False,False,True,,,,,,,,,,,,,,
CO1.PCCNTR.8604761,individual_professional_ai,False,False,False,False,False,2025-11-27,2025-12-31,2025-12-31,True,False,0,0,0,0,False,False,False,False,False,0.0,False,False,False,False,False,False,False,False,False,False,False,,,,,,,,,,,,,,
CO1.PCCNTR.6059734,individual_professional_ai,False,False,False,False,False,2024-03-07,2024-07-07,2024-09-07,True,True,3,3,1,2,True,True,True,True,True,62.0,True,True,True,False,False,False,True,True,True,True,False,,,,,,,,,,,,,,
CO1.PCCNTR.5515266,individual_professional_ai,False,False,False,False,False,2023-11-03,2023-12-31,2023-12-31,True,True,0,0,0,0,False,False,False,False,False,0.0,False,False,False,False,False,False,False,False,False,False,False,,,,,,,,,,,,,,
CO1.PCCNTR.5244449,individual_professional_ai,False,False,False,False,False,2023-07-25,2023-11-27,2023-12-23,True,True,1,1,0,1,True,True,True,True,True,26.0,True,True,False,False,False,False,False,True,True,True,False,,,,,,,,,,,,,,
CO1.PCCNTR.8805474,individual_professional_ai,False,False,False,False,False,2026-01-09,2026-12-13,2026-12-15,False,False,1,1,0,1,True,False,False,False,False,2.0,False,False,False,False,False,False,False,True,False,False,False,,,,,,,,,,,,,,
CO1.PCCNTR.8554914,individual_professional_ai,False,False,False,False,False,2025-11-13,2026-01-01,2026-01-01,True,False,1,1,0,1,True,False,False,False,False,0.0,False,False,False,False,False,False,False,True,False,False,False,,,,,,,,,,,,,,
CO1.PCCNTR.8554701,individual_professional_ai,False,False,False,False,False,2025-11-13,2026-01-01,2026-01-01,True,False,1,1,0,1,True,False,False,False,False,0.0,False,False,False,False,False,False,False,True,False,False,False,,,,,,,,,,,,,,
CO1.PCCNTR.8773072,individual_professional_ai,False,False,False,False,False,2026-01-07,2026-12-31,2026-12-31,False,False,0,0,0,0,False,False,False,False,False,0.0,False,False,False,False,False,False,False,False,False,False,False,,,,,,,,,,,,,,
CO1.PCCNTR.4493759,individual_professional_ai,False,False,False,False,False,2023-01-30,2023-05-31,2023-05-31,True,True,2,2,2,0,False,False,False,False,False,0.0,False,False,False,False,False,False,False,False,False,False,False,,,,,,,,,,,,,,
CO1.PCCNTR.7463824,individual_professional_ai,False,False,False,False,False,2025-02-11,2025-10-12,2026-01-01,True,True,5,5,0,5,True,True,True,True,True,81.0,True,True,True,True,True,True,False,True,True,True,True,,,,,,,,,,,,,,
CO1.PCCNTR.6083907,individual_professional_ai,False,False,False,False,False,2024-03-13,2024-08-15,2024-08-15,True,True,1,1,1,0,False,False,False,False,False,0.0,False,False,False,False,False,False,False,False,False,False,False,,,,,,,,,,,,,,
CO1.PCCNTR.5020632,individual_professional_ai,False,False,False,False,False,2023-05-31,2024-01-01,2024-01-01,True,True,1,1,1,0,False,False,False,False,False,0.0,False,False,False,False,False,False,False,False,False,False,False,,,,,,,,,,,,,,
CO1.PCCNTR.7424304,individual_professional_ai,False,False,False,False,False,2025-02-06,2026-01-01,2026-01-01,True,True,1,1,0,1,True,False,False,False,False,0.0,False,False,False,False,False,False,False,True,False,False,False,,,,,,,,,,,,,,
CO1.PCCNTR.5362518,individual_professional_ai,False,False,False,False,False,2023-09-08,2023-12-31,2023-12-31,True,True,1,1,1,0,False,False,False,False,False,0.0,False,False,False,False,False,False,False,False,False,False,False,,,,,,,,,,,,,,
CO1.PCCNTR.6070623,individual_professional_ai,False,False,False,False,False,2024-03-08,2024-06-30,2024-06-30,True,True,0,0,0,0,False,False,False,False,False,0.0,False,False,False,False,False,False,False,False,False,False,False,,,,,,,,,,,,,,
CO1.PCCNTR.5017368,individual_professional_ai,False,False,False,False,False,2023-05-30,2024-01-01,2024-01-01,True,True,2,1,1,0,False,False,False,False,False,0.0,False,False,False,False,False,False,False,False,False,False,False,,,,,,,,,,,,,,
CO1.PCCNTR.6913901,individual_professional_ai,False,False,False,False,False,2024-10-17,2024-12-31,2024-12-31,True,True,1,1,1,0,False,False,False,False,False,0.0,False,False,False,False,False,False,False,False,False,False,False,,,,,,,,,,,,,,
CO1.PCCNTR.8235850,individual_professional_ai,False,False,False,False,False,2025-08-27,2026-09-02,2026-09-02,False,True,0,0,0,0,False,False,False,False,False,0.0,False,False,False,False,False,False,False,False,False,False,False,,,,,,,,,,,,,,
CO1.PCCNTR.8958093,individual_professional_ai,False,False,False,False,False,2026-01-19,2026-09-21,2026-09-26,False,False,1,1,1,0,False,False,False,False,False,5.0,False,False,False,False,False,False,False,False,False,False,False,,,,,,,,,,,,,,
CO1.PCCNTR.4719732,individual_professional_ai,False,False,False,False,False,2023-03-02,2023-07-02,2023-07-02,True,True,1,0,0,0,False,False,False,False,False,0.0,False,False,False,False,False,False,False,False,False,False,False,,,,,,,,,,,,,,
CO1.PCCNTR.5781846,individual_professional_ai,False,False,False,False,False,2024-01-23,2024-08-31,2024-08-31,True,True,2,2,1,1,True,False,False,False,False,0.0,False,False,False,False,False,False,False,True,False,False,False,,,,,,,,,,,,,,
CO1.PCCNTR.5180789,individual_professional_ai,False,False,False,False,False,2023-07-04,2024-01-01,2024-01-01,True,True,1,1,1,0,False,False,False,False,False,0.0,False,False,False,False,False,False,False,False,False,False,False,,,,,,,,,,,,,,
CO1.PCCNTR.7542120,individual_professional_ai,False,False,False,False,False,2025-02-25,2026-01-01,2026-01-01,True,True,1,1,1,0,False,False,False,False,False,0.0,False,False,False,False,False,False,False,False,False,False,False,,,,,,,,,,,,,,
CO1.PCCNTR.6390402,individual_professional_ai,False,False,False,False,False,2024-06-06,2024-10-12,2024-10-12,True,True,4,3,1,2,True,False,False,False,False,0.0,False,False,False,False,False,True,False,True,False,False,False,,,,,,,,,,,,,,
CO1.PCCNTR.7081215,individual_professional_ai,False,False,False,False,False,2024-11-28,2025-01-01,2025-01-01,True,True,1,1,1,0,False,False,False,False,False,0.0,False,False,False,False,False,False,False,False,False,False,False,,,,,,,,,,,,,,
CO1.PCCNTR.4473042,individual_professional_ai,False,False,False,False,False,2023-01-25,2023-05-27,2023-05-27,True,True,2,2,2,0,False,False,False,False,False,0.0,False,False,False,False,False,False,False,False,False,False,False,,,,,,,,,,,,,,
CO1.PCCNTR.5495833,individual_professional_ai,False,False,False,False,False,2023-10-30,2024-01-01,2024-01-01,True,True,1,1,1,0,False,False,False,False,False,0.0,False,False,False,False,False,False,False,False,False,False,False,,,,,,,,,,,,,,
CO1.PCCNTR.8856629,individual_professional_ai,False,False,False,False,False,2026-01-14,2026-09-15,2026-11-15,False,False,1,1,0,1,True,True,True,True,True,61.0,True,True,True,False,False,False,False,True,True,True,False,,,,,,,,,,,,,,
CO1.PCCNTR.5020323,individual_professional_ai,False,False,False,False,False,2023-05-31,2024-01-01,2024-01-01,True,True,1,1,1,0,False,False,False,False,False,0.0,False,False,False,False,False,False,False,False,False,False,False,,,,,,,,,,,,,,
CO1.PCCNTR.8774124,individual_professional_ai,False,False,False,False,False,2026-01-09,2027-01-01,2027-01-01,False,False,1,1,0,1,True,False,False,False,False,0.0,False,False,False,False,False,False,False,True,False,False,False,,,,,,,,,,,,,,
CO1.PCCNTR.5854326,individual_professional_ai,False,False,False,False,False,2024-01-31,2024-12-31,2024-12-31,True,True,0,0,0,0,False,False,False,False,False,0.0,False,False,False,False,False,False,False,False,False,False,False,,,,,,,,,,,,,,
CO1.PCCNTR.6875359,individual_professional_ai,False,False,False,False,False,2024-10-09,2024-12-31,2024-12-31,True,True,2,2,2,0,False,False,False,False,False,0.0,False,False,False,False,False,False,False,False,False,False,False,,,,,,,,,,,,,,
CO1.PCCNTR.5846106,individual_professional_ai,False,False,False,False,False,2024-01-31,2024-09-01,2025-01-01,True,True,2,2,1,1,True,True,True,True,True,122.0,True,True,False,False,False,False,False,True,True,True,False,,,,,,,,,,,,,,
CO1.PCCNTR.5841073,individual_professional_ai,False,False,False,False,False,2024-01-30,2024-12-31,2024-12-31,True,True,0,0,0,0,False,False,False,False,False,0.0,False,False,False,False,False,False,False,False,False,False,False,,,,,,,,,,,,,,
CO1.PCCNTR.6390852,individual_professional_ai,False,False,False,False,False,2024-06-06,2024-10-07,2024-10-07,True,True,1,1,1,0,False,False,False,False,False,0.0,False,False,False,False,False,False,False,False,False,False,False,,,,,,,,,,,,,,
CO1.PCCNTR.5854341,individual_professional_ai,False,False,False,False,False,2024-01-31,2025-01-01,2025-01-01,True,True,1,1,1,0,False,False,False,False,False,0.0,False,False,False,False,False,False,False,False,False,False,False,,,,,,,,,,,,,,
CO1.PCCNTR.5531967,individual_professional_ai,False,False,False,False,False,2023-11-10,2023-12-31,2023-12-31,True,True,1,1,1,0,False,False,False,False,False,0.0,False,False,False,False,False,False,False,False,False,False,False,,,,,,,,,,,,,,
CO1.PCCNTR.6870895,individual_professional_ai,False,False,False,False,False,2024-10-08,2025-01-01,2025-01-01,True,True,1,1,1,0,False,False,False,False,False,0.0,False,False,False,False,False,False,False,False,False,False,False,,,,,,,,,,,,,,
CO1.PCCNTR.7551299,individual_professional_ai,False,False,False,False,False,2025-02-25,2025-12-31,2025-12-31,True,True,2,2,1,1,True,False,False,False,False,0.0,False,False,False,False,False,False,False,True,False,False,False,,,,,,,,,,,,,,
CO1.PCCNTR.5828297,individual_professional_ai,False,False,False,False,False,2024-01-29,2024-12-31,2024-12-31,True,True,0,0,0,0,False,False,False,False,False,0.0,False,False,False,False,False,False,False,False,False,False,False,,,,,,,,,,,,,,
CO1.PCCNTR.8142442,individual_professional_ai,False,False,False,False,False,2025-07-31,2026-01-01,2026-01-01,True,True,1,1,1,0,False,False,False,False,False,0.0,False,False,False,False,False,False,False,False,False,False,False,,,,,,,,,,,,,,
CO1.PCCNTR.6654713,individual_professional_ai,False,False,False,False,False,2024-08-16,2025-01-01,2025-01-01,True,True,1,1,1,0,False,False,False,False,False,0.0,False,False,False,False,False,False,False,False,False,False,False,,,,,,,,,,,,,,
CO1.PCCNTR.8424053,individual_professional_ai,False,False,False,False,False,2025-10-10,2026-01-01,2026-01-01,True,False,1,1,0,1,True,False,False,False,False,0.0,False,False,False,False,False,False,False,True,False,False,False,,,,,,,,,,,,,,
CO1.PCCNTR.5362510,individual_professional_ai,False,False,False,False,False,2023-09-08,2023-12-31,2023-12-31,True,True,1,1,1,0,False,False,False,False,False,0.0,False,False,False,False,False,False,False,False,False,False,False,,,,,,,,,,,,,,
CO1.PCCNTR.7141735,incidental,False,False,False,False,False,2024-12-13,2024-12-21,2024-12-21,True,True,1,1,1,0,False,False,False,False,False,0.0,False,False,False,False,False,False,False,False,False,False,False,,,,,,,,,,,,,,
CO1.PCCNTR.7463934,individual_professional_ai,False,False,False,False,False,2025-02-12,2025-10-13,2026-01-01,True,True,4,4,1,3,True,True,True,True,True,80.0,True,True,True,False,False,False,False,True,True,True,False,,,,,,,,,,,,,,
CO1.PCCNTR.5111002,individual_professional_ai,False,False,False,False,False,2023-06-21,2023-12-31,2023-12-31,True,True,0,0,0,0,False,False,False,False,False,0.0,False,False,False,False,False,False,False,False,False,False,False,,,,,,,,,,,,,,
CO1.PCCNTR.6618456,individual_professional_ai,False,False,False,False,False,2024-08-08,2024-12-31,2024-12-31,True,True,0,0,0,0,False,False,False,False,False,0.0,False,False,False,False,False,False,False,False,False,False,False,,,,,,,,,,,,,,
CO1.PCCNTR.8992980,individual_professional_ai,False,False,False,False,False,2026-01-20,2026-12-31,2026-12-31,False,False,0,0,0,0,False,False,False,False,False,0.0,False,False,False,False,False,False,False,False,False,False,False,,,,,,,,,,,,,,
CO1.PCCNTR.9177981,individual_professional_ai,False,False,False,False,False,2026-01-27,2026-09-27,2026-09-27,False,False,0,0,0,0,False,False,False,False,False,0.0,False,False,False,False,False,False,False,False,False,False,False,,,,,,,,,,,,,,
CO1.PCCNTR.6675445,individual_professional_ai,False,False,False,False,False,2024-08-23,2025-01-01,2025-01-01,True,True,1,1,1,0,False,False,False,False,False,0.0,False,False,False,False,False,False,False,False,False,False,False,,,,,,,,,,,,,,
CO1.PCCNTR.7463915,individual_professional_ai,False,False,False,False,False,2025-02-11,2025-10-12,2026-01-01,True,True,6,6,1,5,True,True,True,True,True,81.0,True,True,True,True,True,True,False,True,True,True,True,,,,,,,,,,,,,,
CO1.PCCNTR.7307679,individual_professional_ai,False,False,False,False,False,2025-01-23,2026-01-01,2026-01-01,True,True,1,1,0,1,True,False,False,False,False,0.0,False,False,False,False,False,False,False,True,False,False,False,,,,,,,,,,,,,,
CO1.PCCNTR.7558186,individual_professional_ai,False,False,False,False,False,2025-02-25,2025-05-31,2025-05-31,True,True,0,0,0,0,False,False,False,False,False,0.0,False,False,False,False,False,False,False,False,False,False,False,,,,,,,,,,,,,,
CO1.PCCNTR.6390948,individual_professional_ai,False,False,False,False,False,2024-06-06,2024-10-07,2024-10-07,True,True,2,1,1,0,False,False,False,False,False,0.0,False,False,False,False,False,False,False,False,False,False,False,,,,,,,,,,,,,,
CO1.PCCNTR.7423672,individual_professional_ai,False,False,False,False,False,2025-02-06,2026-01-01,2026-01-01,True,True,1,1,0,1,True,False,False,False,False,0.0,False,False,False,False,False,False,False,True,False,False,False,,,,,,,,,,,,,,
CO1.PCCNTR.8778725,individual_professional_ai,False,False,False,False,False,2026-01-08,2026-12-31,2026-12-31,False,False,0,0,0,0,False,False,False,False,False,0.0,False,False,False,False,False,False,False,False,False,False,False,,,,,,,,,,,,,,
CO1.PCCNTR.4493486,individual_professional_ai,False,False,False,False,False,2023-01-27,2023-05-30,2023-05-30,True,True,2,2,2,0,False,False,False,False,False,0.0,False,False,False,False,False,False,False,False,False,False,False,,,,,,,,,,,,,,
CO1.PCCNTR.5828561,individual_professional_ai,False,False,False,False,False,2024-01-29,2025-01-01,2025-01-01,True,True,1,1,1,0,False,False,False,False,False,0.0,False,False,False,False,False,False,False,False,False,False,False,,,,,,,,,,,,,,
CO1.PCCNTR.5520037,individual_professional_ai,False,False,False,False,False,2023-11-07,2023-12-31,2023-12-31,True,True,0,0,0,0,False,False,False,False,False,0.0,False,False,False,False,False,False,False,False,False,False,False,,,,,,,,,,,,,,
CO1.PCCNTR.8853946,individual_professional_ai,False,False,False,False,False,2026-01-13,2026-09-14,2026-09-14,False,False,1,1,0,1,True,False,False,False,False,0.0,False,False,False,False,False,False,True,True,False,False,False,,,,,,,,,,,,,,
CO1.PCCNTR.8866349,individual_professional_ai,False,False,False,False,False,2026-01-14,2026-12-15,2026-12-15,False,False,0,0,0,0,False,False,False,False,False,0.0,False,False,False,False,False,False,False,False,False,False,False,,,,,,,,,,,,,,
CO1.PCCNTR.9093231,individual_professional_ai,False,False,False,False,False,2026-01-23,2026-07-24,2026-11-25,False,False,2,2,0,2,True,True,True,True,True,124.0,True,True,True,False,False,False,False,True,True,True,False,,,,,,,,,,,,,,
CO1.PCCNTR.7285073,individual_professional_ai,False,False,False,False,False,2025-01-20,2026-01-01,2026-01-01,True,True,1,1,0,1,True,False,False,False,False,0.0,False,False,False,False,False,False,False,True,False,False,False,,,,,,,,,,,,,,
CO1.PCCNTR.6444799,individual_professional_ai,False,False,False,False,False,2024-06-20,2024-12-31,2024-12-31,True,True,1,1,1,0,False,False,False,False,False,0.0,False,False,False,False,False,False,False,False,False,False,False,,,,,,,,,,,,,,
CO1.PCCNTR.8142273,individual_professional_ai,False,False,False,False,False,2025-07-31,2026-01-01,2026-01-01,True,True,3,2,1,1,True,False,False,False,False,0.0,False,False,False,False,False,False,False,True,False,False,False,,,,,,,,,,,,,,
CO1.PCCNTR.8879698,individual_professional_ai,False,False,False,False,False,2026-01-15,2026-09-15,2026-09-15,False,False,0,0,0,0,False,False,False,False,False,0.0,False,False,False,False,False,False,False,False,False,False,False,,,,,,,,,,,,,,
CO1.PCCNTR.8987921,individual_professional_ai,False,False,False,False,False,2026-01-19,2026-12-31,2026-12-31,False,False,0,0,0,0,False,False,False,False,False,0.0,False,False,False,False,False,False,False,False,False,False,False,,,,,,,,,,,,,,
CO1.PCCNTR.4494014,individual_professional_ai,False,False,False,False,False,2023-01-27,2023-05-31,2023-05-31,True,True,1,1,1,0,False,False,False,False,False,0.0,False,False,False,False,False,False,False,False,False,False,False,,,,,,,,,,,,,,
CO1.PCCNTR.7168882,ai_product_or_platform,True,True,True,True,True,2024-12-24,2024-12-31,2024-12-31,True,True,0,0,0,0,False,False,False,False,False,0.0,False,False,False,False,False,False,False,False,False,False,False,0.0,3.0,True,True,True,True,True,True,True,True,0.0,True,True,True
CO1.PCCNTR.7682632,individual_professional_ai,False,False,False,False,False,2025-03-20,2025-04-01,2025-04-01,True,True,1,1,0,1,True,False,False,False,False,0.0,False,False,False,False,False,False,False,False,False,False,False,,,,,,,,,,,,,,
CO1.PCCNTR.8251703,incidental,True,False,False,False,False,2025-09-01,2025-11-30,2025-11-30,True,True,1,1,0,1,True,False,False,False,False,0.0,False,False,False,False,False,False,False,True,False,False,False,,,,,,,,,,,,,,
CO1.PCCNTR.8502760,ai_product_or_platform,True,True,True,True,True,2025-10-27,2026-10-29,2026-10-29,False,False,0,0,0,0,False,False,False,False,False,0.0,False,False,False,False,False,False,False,False,False,False,False,0.0,0.0,False,False,False,False,False,False,False,False,0.0,False,False,False
CO1.PCCNTR.8386549,ai_product_or_platform,True,True,True,True,True,2025-10-03,2025-11-30,2025-11-30,True,False,0,0,0,0,False,False,False,False,False,0.0,False,False,False,False,False,False,False,False,False,False,False,0.0,2.0,True,False,True,False,True,False,False,True,0.0,False,False,False
CO1.PCCNTR.6363631,incidental,False,False,False,False,False,2024-05-24,2024-12-31,2024-12-31,True,True,0,0,0,0,False,False,False,False,False,0.0,False,False,False,False,False,False,False,False,False,False,False,,,,,,,,,,,,,,
CO1.PCCNTR.4782676,incidental,False,False,False,False,False,2023-03-21,2023-07-22,2023-07-22,True,True,1,1,1,0,False,False,False,False,False,0.0,False,False,False,False,False,False,False,False,False,False,False,,,,,,,,,,,,,,
CO1.PCCNTR.6018960,incidental,True,False,False,False,False,2024-03-01,2024-12-28,2024-12-28,True,True,2,1,1,0,False,False,False,False,False,0.0,False,False,False,False,False,False,False,False,False,False,False,,,,,,,,,,,,,,
CO1.PCCNTR.7759377,incidental,False,False,False,False,False,2025-04-08,2025-12-31,2025-12-31,True,True,0,0,0,0,False,False,False,False,False,0.0,False,False,False,False,False,False,False,False,False,False,False,,,,,,,,,,,,,,
CO1.PCCNTR.9278847,ai_product_or_platform,True,True,True,True,True,2026-01-30,2026-03-10,2026-03-10,True,False,0,0,0,0,False,False,False,False,False,0.0,False,False,False,False,False,False,False,False,False,False,False,1.0,0.0,False,False,False,False,False,False,False,False,0.0,False,False,False
CO1.PCCNTR.4874561,incidental,True,False,False,False,False,2023-04-28,2023-06-30,2023-06-30,True,True,0,0,0,0,False,False,False,False,False,0.0,False,False,False,False,False,False,False,False,False,False,False,,,,,,,,,,,,,,
CO1.PCCNTR.8728024,ai_product_or_platform,True,True,True,True,True,2025-12-26,2025-12-31,2025-12-31,True,False,0,0,0,0,False,False,False,False,False,0.0,False,False,False,False,False,False,False,False,False,False,False,0.0,0.0,False,False,False,False,False,False,False,False,0.0,False,False,False
CO1.PCCNTR.4933955,incidental,False,False,False,False,False,2023-05-12,2023-12-31,2023-12-31,True,True,0,0,0,0,False,False,False,False,False,0.0,False,False,False,False,False,False,False,False,False,False,False,,,,,,,,,,,,,,
CO1.PCCNTR.8184190,incidental,True,False,False,False,False,2025-08-26,2025-12-31,2025-12-31,True,True,0,0,0,0,False,False,False,False,False,0.0,False,False,False,False,False,False,False,False,False,False,False,,,,,,,,,,,,,,
CO1.PCCNTR.7733436,incidental,False,False,False,False,False,2025-04-02,2025-12-31,2025-12-31,True,True,0,0,0,0,False,False,False,False,False,0.0,False,False,False,False,False,False,False,False,False,False,False,,,,,,,,,,,,,,
CO1.PCCNTR.4933409,incidental,False,False,False,False,False,2023-05-12,2023-12-31,2023-12-31,True,True,0,0,0,0,False,False,False,False,False,0.0,False,False,False,False,False,False,False,False,False,False,False,,,,,,,,,,,,,,
CO1.PCCNTR.7135967,ai_product_or_platform,True,True,True,True,True,2024-12-20,2024-12-31,2024-12-31,True,True,0,0,0,0,False,False,False,False,False,0.0,False,False,False,False,False,False,False,False,False,False,False,2.0,0.0,False,False,False,False,False,False,False,False,0.0,True,True,True
CO1.PCCNTR.9490553,incidental,True,False,False,False,False,2026-05-13,2026-07-24,2026-07-24,False,False,0,0,0,0,False,False,False,False,False,0.0,False,False,False,False,False,False,False,False,False,False,False,,,,,,,,,,,,,,
CO1.PCCNTR.9163718,incidental,False,False,False,False,False,2026-01-28,2027-01-01,2027-01-01,False,False,1,1,0,1,True,False,False,False,False,0.0,False,False,False,False,False,True,False,True,False,False,False,,,,,,,,,,,,,,
CO1.PCCNTR.7142021,ai_product_or_platform,True,True,True,True,True,2024-12-19,2026-01-01,2026-01-01,True,True,1,1,1,0,False,False,False,False,False,0.0,False,False,False,False,False,False,False,False,False,False,False,0.0,0.0,False,False,False,False,False,False,False,False,0.0,True,True,True
CO1.PCCNTR.7030880,ai_product_or_platform,True,True,True,True,True,2024-11-18,2024-12-17,2024-12-17,True,True,1,0,0,0,False,False,False,False,False,0.0,False,False,False,False,False,False,False,False,False,False,False,0.0,1.0,True,False,False,False,True,False,False,False,0.0,True,True,True
CO1.PCCNTR.6117476,incidental,True,False,False,False,False,2024-03-19,2024-04-22,2024-04-22,True,True,3,2,1,1,True,False,False,False,False,0.0,False,False,False,False,False,False,False,False,False,False,False,,,,,,,,,,,,,,
CO1.PCCNTR.5239683,incidental,False,False,False,False,False,2023-07-24,2023-11-24,2024-01-23,True,True,3,3,1,2,True,True,True,False,True,60.0,True,False,True,False,False,False,False,True,True,True,False,,,,,,,,,,,,,,
CO1.PCCNTR.7161717,ai_product_or_platform,True,True,True,True,True,2024-12-24,2024-12-30,2024-12-30,True,True,1,0,0,0,False,False,False,False,False,0.0,False,False,False,False,False,False,False,False,False,False,False,0.0,0.0,False,False,False,False,False,False,False,False,0.0,True,True,True
CO1.PCCNTR.9985078,ai_product_or_platform,True,True,True,True,True,2026-09-24,2026-12-31,2026-12-31,False,False,0,0,0,0,False,False,False,False,False,0.0,False,False,False,False,False,False,False,False,False,False,False,18.0,0.0,False,False,False,False,False,False,False,False,0.0,False,False,False
CO1.PCCNTR.8982811,incidental,False,False,False,False,False,2026-01-19,2026-10-21,2026-10-21,False,False,0,0,0,0,False,False,False,False,False,0.0,False,False,False,False,False,False,False,False,False,False,False,,,,,,,,,,,,,,
CO1.PCCNTR.6379635,incidental,False,False,False,False,False,2024-05-30,2024-12-31,2024-12-31,True,True,0,0,0,0,False,False,False,False,False,0.0,False,False,False,False,False,False,False,False,False,False,False,,,,,,,,,,,,,,
CO1.PCCNTR.9430743,cloud_or_software_nonAI,True,False,True,False,True,2026-04-06,2026-12-31,2026-12-31,False,False,0,0,0,0,False,False,False,False,False,0.0,False,False,False,False,False,False,False,False,False,False,False,0.0,0.0,False,False,False,False,False,False,False,False,0.0,False,False,False
CO1.PCCNTR.5551757,cloud_or_software_nonAI,False,False,False,False,False,2023-11-16,2024-05-20,2024-05-20,True,True,2,1,1,0,False,False,False,False,False,0.0,False,False,False,False,False,False,False,False,False,False,False,,,,,,,,,,,,,,
CO1.PCCNTR.5108243,cloud_or_software_nonAI,True,False,True,False,True,2023-06-23,2023-09-21,2023-09-21,True,True,1,1,1,0,False,False,False,False,False,0.0,False,False,False,False,False,False,False,False,False,False,False,0.0,2.0,True,False,True,False,True,False,False,True,0.0,True,True,True
CO1.PCCNTR.6362224,cloud_or_software_nonAI,False,False,False,False,False,2024-05-23,2025-03-23,2025-03-23,True,True,2,1,1,0,False,False,False,False,False,0.0,False,False,False,False,False,False,False,False,False,False,False,,,,,,,,,,,,,,
CO1.PCCNTR.4565058,cloud_or_software_nonAI,False,False,False,False,False,2023-02-06,2023-12-16,2023-12-31,True,True,2,2,1,1,True,True,True,True,True,15.0,True,True,False,False,False,False,False,True,True,True,False,,,,,,,,,,,,,,
CO1.PCCNTR.5221145,incidental,True,False,False,False,False,2023-07-19,2023-12-01,2023-12-01,True,True,2,2,1,1,True,False,False,False,False,0.0,False,False,False,False,False,False,False,True,False,False,False,,,,,,,,,,,,,,
CO1.PCCNTR.9494118,cloud_or_software_nonAI,True,False,True,False,True,2026-05-15,2027-05-20,2027-05-20,False,False,0,0,0,0,False,False,False,False,False,0.0,False,False,False,False,False,False,False,False,False,False,False,42.0,1.0,True,False,True,False,True,False,False,True,0.0,False,False,False
CO1.PCCNTR.8850623,cloud_or_software_nonAI,False,False,False,False,False,2026-01-13,2026-12-14,2026-12-14,False,False,0,0,0,0,False,False,False,False,False,0.0,False,False,False,False,False,False,False,False,False,False,False,,,,,,,,,,,,,,
CO1.PCCNTR.7769371,incidental,False,False,False,False,False,2025-04-11,2025-06-30,2025-06-30,True,True,0,0,0,0,False,False,False,False,False,0.0,False,False,False,False,False,False,False,False,False,False,False,,,,,,,,,,,,,,
CO1.PCCNTR.5350844,cloud_or_software_nonAI,True,False,True,False,True,2023-09-06,2024-01-01,2024-01-01,True,True,1,1,1,0,False,False,False,False,False,0.0,False,False,False,False,False,False,False,False,False,False,False,1.0,1.0,True,False,True,False,True,False,False,True,0.0,True,True,True
CO1.PCCNTR.8586508,cloud_or_software_nonAI,False,False,False,False,False,2025-11-13,2025-12-31,2025-12-31,True,False,0,0,0,0,False,False,False,False,False,0.0,False,False,False,False,False,False,False,False,False,False,False,,,,,,,,,,,,,,
CO1.PCCNTR.9577604,cloud_or_software_nonAI,True,False,True,False,True,2026-06-19,2026-12-22,2026-12-22,False,False,0,0,0,0,False,False,False,False,False,0.0,False,False,False,False,False,False,False,False,False,False,False,0.0,0.0,False,False,False,False,False,False,False,False,0.0,False,False,False
CO1.PCCNTR.8437338,cloud_or_software_nonAI,True,False,True,False,True,2025-10-10,2025-10-13,2026-10-30,True,False,4,4,0,4,True,True,True,True,True,382.0,True,True,True,False,False,False,False,True,True,True,False,13.0,0.0,False,False,False,False,False,False,False,False,0.0,False,False,False
CO1.PCCNTR.6500190,cloud_or_software_nonAI,True,False,True,False,True,2024-07-06,2025-01-01,2025-01-01,True,True,2,1,0,1,True,False,False,False,False,0.0,False,False,False,False,False,False,False,True,False,False,False,2.0,0.0,False,False,False,False,False,False,False,False,0.0,True,True,True
CO1.PCCNTR.8729873,cloud_or_software_nonAI,True,False,True,False,True,2025-12-24,2026-01-01,2026-01-01,True,False,3,2,0,2,True,False,False,False,False,0.0,True,True,True,False,False,False,False,True,False,True,False,0.0,0.0,False,False,False,False,False,False,False,False,0.0,False,False,False
CO1.PCCNTR.6359265,cloud_or_software_nonAI,True,False,True,False,True,2024-05-23,2025-01-01,2025-01-31,True,True,1,1,0,1,True,True,True,False,True,30.0,False,False,False,False,False,False,False,True,True,False,False,1.0,0.0,False,False,False,False,False,False,False,False,0.0,True,True,True
CO1.PCCNTR.8474365,incidental,True,False,False,False,False,2025-10-22,2025-12-28,2025-12-28,True,False,0,0,0,0,False,False,False,False,False,0.0,False,False,False,False,False,False,False,False,False,False,False,,,,,,,,,,,,,,
CO1.PCCNTR.6849995,cloud_or_software_nonAI,True,False,True,False,True,2024-10-22,2026-10-14,2026-10-14,False,True,0,0,0,0,False,False,False,False,False,0.0,False,False,False,False,False,False,False,False,False,False,False,0.0,0.0,False,False,False,False,False,False,False,False,0.0,True,True,True
CO1.PCCNTR.9187741,cloud_or_software_nonAI,True,False,True,False,True,2026-01-27,2026-11-28,2026-11-28,False,False,0,0,0,0,False,False,False,False,False,0.0,False,False,False,False,False,False,False,False,False,False,False,3.0,0.0,False,False,False,False,False,False,False,False,0.0,False,False,False
CO1.PCCNTR.7119131,cloud_or_software_nonAI,True,False,True,False,True,2024-12-10,2024-12-31,2024-12-31,True,True,0,0,0,0,False,False,False,False,False,0.0,False,False,False,False,False,False,False,False,False,False,False,1.0,0.0,False,False,False,False,False,False,False,False,0.0,True,True,True
CO1.PCCNTR.4521922,cloud_or_software_nonAI,True,False,True,False,True,2023-02-14,2023-08-01,2023-11-01,True,True,4,2,1,1,True,True,True,True,True,92.0,True,True,True,False,False,False,False,True,True,True,False,1.0,0.0,False,False,False,False,False,False,False,False,0.0,True,True,True
CO1.PCCNTR.4863585,cloud_or_software_nonAI,True,False,True,False,True,2023-04-14,2023-12-31,2023-12-31,True,True,0,0,0,0,False,False,False,False,False,0.0,False,False,False,False,False,False,False,False,False,False,False,0.0,1.0,True,False,False,False,True,False,False,False,0.0,True,True,True
CO1.PCCNTR.9256824,cloud_or_software_nonAI,True,False,True,False,True,2026-01-29,2026-12-31,2026-12-31,False,False,0,0,0,0,False,False,False,False,False,0.0,False,False,False,False,False,False,False,False,False,False,False,1.0,0.0,False,False,False,False,False,False,False,False,0.0,False,False,False
CO1.PCCNTR.6232841,cloud_or_software_nonAI,True,False,True,False,True,2024-04-24,2025-01-01,2025-01-01,True,True,2,1,1,0,False,False,False,False,False,0.0,False,False,False,False,False,False,False,False,False,False,False,1.0,0.0,False,False,False,False,False,False,False,False,0.0,True,True,True
CO1.PCCNTR.9726981,cloud_or_software_nonAI,True,False,True,False,True,2026-08-03,2027-07-30,2027-07-30,False,False,0,0,0,0,False,False,False,False,False,0.0,False,False,False,False,False,False,False,False,False,False,False,12.0,2.0,True,True,True,True,True,True,True,True,1.0,False,False,False
CO1.PCCNTR.7713503,cloud_or_software_nonAI,True,False,True,False,True,2025-03-29,2026-01-01,2026-01-01,True,True,1,1,0,1,True,False,False,False,False,0.0,True,True,False,False,False,False,False,True,False,True,False,2.0,1.0,True,True,True,True,True,True,True,True,0.0,True,True,False
CO1.PCCNTR.9259801,cloud_or_software_nonAI,True,False,True,False,True,2026-01-29,2026-12-31,2026-12-31,False,False,0,0,0,0,False,False,False,False,False,0.0,False,False,False,False,False,False,False,False,False,False,False,3.0,0.0,False,False,False,False,False,False,False,False,0.0,False,False,False
CO1.PCCNTR.9377910,cloud_or_software_nonAI,True,False,True,False,True,2026-03-11,2026-12-31,2026-12-31,False,False,0,0,0,0,False,False,False,False,False,0.0,False,False,False,False,False,False,False,False,False,False,False,1.0,0.0,False,False,False,False,False,False,False,False,0.0,False,False,False
CO1.PCCNTR.6232842,cloud_or_software_nonAI,True,False,True,False,True,2024-04-24,2025-01-01,2025-01-01,True,True,2,1,1,0,False,False,False,False,False,0.0,False,False,False,False,False,False,False,False,False,False,False,5.0,4.0,True,True,True,True,True,True,True,True,0.0,True,True,True
