id_contrato,nombre_entidad,orden,sector,departamento,tipo_de_contrato,modalidad_de_contratacion,tipodocproveedor,fecha_de_firma,fecha_de_inicio_del_contrato,fecha_de_fin_del_contrato,valor_del_contrato,dias_adicionados,el_contrato_puede_ser_prorrogado,estado_contrato,origen_de_los_recursos,destino_gasto,urlproceso,proceso_de_compra,llm_category,llm_foreign_platform,llm_service_to_public,llm_conf
CO1.PCCNTR.7658275,REDDI COLOMBIA,Corporación Autónoma,Ciencia Tecnología,Valle del Cauca,Prestación de servicios,Contratación régimen especial,Cédula de Ciudadanía,2025-03-20T00:00:00.000,2025-03-20T00:00:00.000,2025-06-30T00:00:00.000,4000000,0,No,Cerrado,Distribuido,Inversión,https://community.secop.gov.co/Public/Tendering/OpportunityDetail/Index?noticeUID=CO1.NTC.7842255&isFromPublicArea=True&isModal=true&asPopupView=true,CO1.BDOS.7827323,individual_professional_ai,False,False,0.96
CO1.PCCNTR.8075806,Unidad de Busqueda de Personas Desaparecidas,Nacional,Ley de Justicia,Distrito Capital de Bogotá,Prestación de servicios,Contratación directa,Cédula de Ciudadanía,2025-07-11T00:00:00.000,2025-07-14T00:00:00.000,2025-12-19T00:00:00.000,21126967,0,No,Cerrado,Distribuido,Inversión,https://community.secop.gov.co/Public/Tendering/OpportunityDetail/Index?noticeUID=CO1.NTC.8424955&isFromPublicArea=True&isModal=true&asPopupView=true,CO1.BDOS.8403104,individual_professional_ai,False,False,0.98
CO1.PCCNTR.7545378,FISCALÍA GENERAL DE LA NACIÓN NIVEL CENTRAL.,Nacional,Ley de Justicia,Distrito Capital de Bogotá,Prestación de servicios,Contratación directa,Cédula de Ciudadanía,2025-02-24T00:00:00.000,2025-02-24T00:00:00.000,2025-12-31T00:00:00.000,187200000,0,No,En ejecución,Distribuido,Funcionamiento,https://community.secop.gov.co/Public/Tendering/OpportunityDetail/Index?noticeUID=CO1.NTC.7696829&isFromPublicArea=True&isModal=true&asPopupView=true,CO1.BDOS.7681634,individual_professional_ai,False,False,0.98
CO1.PCCNTR.8173401,MINCIENCIAS,Nacional,Ciencia Tecnología,Distrito Capital de Bogotá,Prestación de servicios,Contratación directa,Cédula de Ciudadanía,2025-08-06T00:00:00.000,2025-08-08T00:00:00.000,2025-12-31T00:00:00.000,27000000,0,Si,En ejecución,Distribuido,Inversión,https://community.secop.gov.co/Public/Tendering/OpportunityDetail/Index?noticeUID=CO1.NTC.8566299&isFromPublicArea=True&isModal=true&asPopupView=true,CO1.BDOS.8544510,incidental,False,False,0.92
CO1.PCCNTR.7651207,SENA REGIONAL ATLANTICO Intercentros,Nacional,Transporte,Atlántico,Compraventa,Mínima cuantía,NIT,2025-03-14T00:00:00.000,2025-03-19T00:00:00.000,2025-05-19T00:00:00.000,129907992,0,Si,terminado,Distribuido,Inversión,https://community.secop.gov.co/Public/Tendering/OpportunityDetail/Index?noticeUID=CO1.NTC.7719480&isFromPublicArea=True&isModal=true&asPopupView=true,CO1.BDOS.7693169,incidental,False,False,0.91
CO1.PCCNTR.6942068,FONDO UNICO DE TECNOLOGÍAS DE LA INFORMACIÓN Y LAS COMUNICACIONES,Nacional,Tecnologías de la Información y las Comunicaciones,Distrito Capital de Bogotá,Otro,Contratación directa,NIT,2024-10-24T00:00:00.000,2024-11-01T00:00:00.000,2024-12-16T00:00:00.000,3540000000,0,No,En ejecución,Distribuido,Inversión,https://community.secop.gov.co/Public/Tendering/OpportunityDetail/Index?noticeUID=CO1.NTC.6939354&isFromPublicArea=True&isModal=true&asPopupView=true,CO1.BDOS.6927305,incidental,False,False,0.91
CO1.PCCNTR.6667312,UNIDAD AESPE,Nacional,Trabajo,Distrito Capital de Bogotá,Prestación de servicios,Contratación directa,Cédula de Ciudadanía,2024-08-23T00:00:00.000,2024-08-26T00:00:00.000,2024-12-27T00:00:00.000,31500000,0,No,Cerrado,Distribuido,Inversión,https://community.secop.gov.co/Public/Tendering/OpportunityDetail/Index?noticeUID=CO1.NTC.6583847&isFromPublicArea=True&isModal=true&asPopupView=true,CO1.BDOS.6571167,individual_professional_ai,False,False,0.98
CO1.PCCNTR.5806366,MINCIENCIAS,Nacional,Ciencia Tecnología,Distrito Capital de Bogotá,Prestación de servicios,Contratación directa,Cédula de Ciudadanía,2024-01-24T00:00:00.000,2024-01-26T00:00:00.000,2024-07-25T00:00:00.000,42000000,0,Si,Cerrado,Distribuido,Inversión,https://community.secop.gov.co/Public/Tendering/OpportunityDetail/Index?noticeUID=CO1.NTC.5505300&isFromPublicArea=True&isModal=true&asPopupView=true,CO1.BDOS.5494217,individual_professional_ai,False,False,0.88
CO1.PCCNTR.5939519,SUPERINTENDENCIA DE NOTARIADO Y REGISTRO,Nacional,Ley de Justicia,Distrito Capital de Bogotá,Prestación de servicios,Contratación directa,NIT,2024-02-19T00:00:00.000,2024-02-19T00:00:00.000,2024-12-15T00:00:00.000,67313299,0,No,En ejecución,Distribuido,Funcionamiento,https://community.secop.gov.co/Public/Tendering/OpportunityDetail/Index?noticeUID=CO1.NTC.5650030&isFromPublicArea=True&isModal=true&asPopupView=true,CO1.BDOS.5639905,ai_product_or_platform,False,False,0.86
CO1.PCCNTR.8773112,SERVICIO GEOLOGICO COLOMBIANO**,Nacional,Minas y Energía,Distrito Capital de Bogotá,Prestación de servicios,Contratación directa,Cédula de Ciudadanía,2026-01-06T00:00:00.000,2026-01-07T00:00:00.000,2026-12-05T00:00:00.000,135300000,0,No,En ejecución,Distribuido,Funcionamiento,https://community.secop.gov.co/Public/Tendering/OpportunityDetail/Index?noticeUID=CO1.NTC.9391995&isFromPublicArea=True&isModal=true&asPopupView=true,CO1.BDOS.9288172,individual_professional_ai,False,False,0.96
CO1.PCCNTR.8822433,UNIDAD ADMINISTRATIVA ESPECIAL DE GESTION DE RESTITUCION DE TIERRAS DESPOJADAS**,Nacional,Inclusión Social y Reconciliación,Distrito Capital de Bogotá,Prestación de servicios,Contratación directa,Cédula de Ciudadanía,2026-01-13T00:00:00.000,2026-01-13T00:00:00.000,2026-12-31T00:00:00.000,30906000,31,No,Modificado,Distribuido,Inversión,https://community.secop.gov.co/Public/Tendering/OpportunityDetail/Index?noticeUID=CO1.NTC.9452650&isFromPublicArea=True&isModal=true&asPopupView=true,CO1.BDOS.9438871,individual_professional_ai,False,False,0.96
CO1.PCCNTR.7895442,SENA REGIONAL DISTRITO CAPITAL Grupo de Apoyo Administrativo Mixto CSF,Nacional,Trabajo,Distrito Capital de Bogotá,Prestación de servicios,Contratación directa,Cédula de Ciudadanía,2025-05-20T00:00:00.000,2025-05-22T00:00:00.000,2025-12-30T00:00:00.000,20250000,0,No,Cerrado,Distribuido,No Definido,https://community.secop.gov.co/Public/Tendering/OpportunityDetail/Index?noticeUID=CO1.NTC.8162658&isFromPublicArea=True&isModal=true&asPopupView=true,CO1.BDOS.8142503,individual_professional_ai,False,False,0.98
CO1.PCCNTR.8641233,CONCEJO DISTRITAL DE SANTIAGO DE CALI,Territorial,No aplica/No pertenece,Valle del Cauca,Prestación de servicios,Mínima cuantía,NIT,2025-11-26T00:00:00.000,2025-11-27T00:00:00.000,2025-12-31T00:00:00.000,16541000,0,No,terminado,Distribuido,Funcionamiento,https://community.secop.gov.co/Public/Tendering/OpportunityDetail/Index?noticeUID=CO1.NTC.9132288&isFromPublicArea=True&isModal=true&asPopupView=true,CO1.BDOS.9098801,incidental,False,False,0.92
CO1.PCCNTR.9225537,FONDO UNICO DE TECNOLOGÍAS DE LA INFORMACIÓN Y LAS COMUNICACIONES,Nacional,Tecnologías de la Información y las Comunicaciones,Distrito Capital de Bogotá,Otro,Contratación directa,NIT,2026-01-29T00:00:00.000,2026-02-06T00:00:00.000,2026-12-31T00:00:00.000,9620000000,0,No,En ejecución,Distribuido,Inversión,https://community.secop.gov.co/Public/Tendering/OpportunityDetail/Index?noticeUID=CO1.NTC.9858138&isFromPublicArea=True&isModal=true&asPopupView=true,CO1.BDOS.9812549,unclear,False,False,0.84
CO1.PCCNTR.9102999,PROCURADURIA GENERAL DE LA NACION,Nacional,No aplica/No pertenece,Distrito Capital de Bogotá,Prestación de servicios,Contratación directa,Cédula de Ciudadanía,2026-01-23T00:00:00.000,2026-01-29T00:00:00.000,2026-06-30T00:00:00.000,76500000,0,No,terminado,Distribuido,Inversión,https://community.secop.gov.co/Public/Tendering/OpportunityDetail/Index?noticeUID=CO1.NTC.9739352&isFromPublicArea=True&isModal=true&asPopupView=true,CO1.BDOS.9710085,individual_professional_ai,False,False,0.98
CO1.PCCNTR.6917443,IGAC Sede Central *,Nacional,Información Estadística,Distrito Capital de Bogotá,Compraventa,Mínima cuantía,NIT,2024-10-21T00:00:00.000,2024-10-30T00:00:00.000,2024-11-30T00:00:00.000,4514100,10,No,Modificado,Distribuido,Inversión,https://community.secop.gov.co/Public/Tendering/OpportunityDetail/Index?noticeUID=CO1.NTC.6782442&isFromPublicArea=True&isModal=true&asPopupView=true,CO1.BDOS.6755611,ai_product_or_platform,True,False,0.99
CO1.PCCNTR.5234575,CENTRO DE DIAGNOSTICO AUTOMOTOR DEL VALLE LIMITADA,Territorial,Transporte,Valle del Cauca,Prestación de servicios,Contratación directa,NIT,2023-07-19T00:00:00.000,2023-07-24T00:00:00.000,2024-06-30T00:00:00.000,407804400,0,No,En ejecución,Recursos Propios,Funcionamiento,https://community.secop.gov.co/Public/Tendering/OpportunityDetail/Index?noticeUID=CO1.NTC.4755450&isFromPublicArea=True&isModal=true&asPopupView=true,CO1.BDOS.4743181,ai_product_or_platform,False,True,0.91
CO1.PCCNTR.8923546,IGAC Sede Central *,Nacional,Información Estadística,Distrito Capital de Bogotá,Prestación de servicios,Contratación directa,Cédula de Ciudadanía,2026-01-19T00:00:00.000,2026-01-22T00:00:00.000,2026-09-21T00:00:00.000,103200000,0,No,En ejecución,Distribuido,Inversión,https://community.secop.gov.co/Public/Tendering/OpportunityDetail/Index?noticeUID=CO1.NTC.9556766&isFromPublicArea=True&isModal=true&asPopupView=true,CO1.BDOS.9543444,individual_professional_ai,False,False,0.91
CO1.PCCNTR.8536891,AREA METROPOLITANA CENTRO OCCIDENTE,Territorial,Planeación,Risaralda,Compraventa,Selección Abreviada de Menor Cuantía,NIT,2025-11-04T00:00:00.000,2025-11-10T00:00:00.000,2026-11-09T00:00:00.000,370000000,0,Si,En ejecución,Recursos Propios,Inversión,https://community.secop.gov.co/Public/Tendering/OpportunityDetail/Index?noticeUID=CO1.NTC.8950621&isFromPublicArea=True&isModal=true&asPopupView=true,CO1.BDOS.8858950,ai_product_or_platform,False,False,0.84
CO1.PCCNTR.4451275,INSTITUTO COLOMBIANO PARA LA EVALUACIÓN DE LA EDUCACIÓN - ICFES,Nacional,Educación Nacional,Distrito Capital de Bogotá,Prestación de servicios,Contratación régimen especial,Cédula de Ciudadanía,2023-01-23T00:00:00.000,2023-01-25T00:00:00.000,2023-05-24T00:00:00.000,28000000,0,No,Cerrado,Recursos Propios,Funcionamiento,https://community.secop.gov.co/Public/Tendering/OpportunityDetail/Index?noticeUID=CO1.NTC.3811541&isFromPublicArea=True&isModal=true&asPopupView=true,CO1.BDOS.3810233,individual_professional_ai,False,False,0.96
CO1.PCCNTR.6069649,INSTITUCIÓN UNIVERSITARIA ITM,Nacional,Educación Nacional,Antioquia,Prestación de servicios,Contratación directa,Cédula de Ciudadanía,2024-03-08T00:00:00.000,2024-03-08T00:00:00.000,2024-06-30T00:00:00.000,28988353,0,No,En ejecución,Recursos Propios,Funcionamiento,https://community.secop.gov.co/Public/Tendering/OpportunityDetail/Index?noticeUID=CO1.NTC.5804979&isFromPublicArea=True&isModal=true&asPopupView=true,CO1.BDOS.5797793,individual_professional_ai,False,False,0.94
CO1.PCCNTR.4660339,SERVICIO GEOLOGICO COLOMBIANO**,Nacional,Minas y Energía,Distrito Capital de Bogotá,Prestación de servicios,Contratación directa,Cédula de Ciudadanía,2023-02-21T00:00:00.000,2023-03-03T00:00:00.000,2023-07-01T00:00:00.000,41608000,31,No,Modificado,Distribuido,Funcionamiento,https://community.secop.gov.co/Public/Tendering/OpportunityDetail/Index?noticeUID=CO1.NTC.4038791&isFromPublicArea=True&isModal=true&asPopupView=true,CO1.BDOS.4022499,individual_professional_ai,False,False,0.97
CO1.PCCNTR.9983183,MUNICIPIO DE ALGARROBO,Territorial,Servicio Público,Magdalena,Prestación de servicios,Contratación directa,Cédula de Ciudadanía,2026-09-23T00:00:00.000,2026-09-23T00:00:00.000,2026-12-31T00:00:00.000,12667000,0,No,En ejecución,Distribuido,Inversión,https://community.secop.gov.co/Public/Tendering/OpportunityDetail/Index?noticeUID=CO1.NTC.10947523&isFromPublicArea=True&isModal=true&asPopupView=true,CO1.BDOS.10906371,individual_professional_ai,False,False,0.96
CO1.PCCNTR.9744588,JEP,Nacional,No aplica/No pertenece,Distrito Capital de Bogotá,Prestación de servicios,Contratación régimen especial,Cédula de Ciudadanía,2026-08-04T00:00:00.000,2026-08-05T00:00:00.000,2026-12-31T00:00:00.000,95368924,0,No,En ejecución,Distribuido,Inversión,https://community.secop.gov.co/Public/Tendering/OpportunityDetail/Index?noticeUID=CO1.NTC.10621469&isFromPublicArea=True&isModal=true&asPopupView=true,CO1.BDOS.10583031,individual_professional_ai,False,False,0.92
CO1.PCCNTR.9100900,ESCUELA NACIONAL DE CARABINEROS POLICIA NACIONAL,Nacional,defensa,Cundinamarca,Prestación de servicios,Contratación directa,Cédula de Ciudadanía,2026-01-26T00:00:00.000,2026-02-01T00:00:00.000,2026-11-30T00:00:00.000,63000000,0,No,Modificado,Recursos Propios,Funcionamiento,https://community.secop.gov.co/Public/Tendering/OpportunityDetail/Index?noticeUID=CO1.NTC.9737501&isFromPublicArea=True&isModal=true&asPopupView=true,CO1.BDOS.9717296,individual_professional_ai,False,False,0.88
CO1.PCCNTR.8622937,GOBVALLE - HACIENDA,Territorial,Hacienda y Crédito Público,Valle del Cauca,Prestación de servicios,Contratación directa,NIT,2025-11-21T00:00:00.000,2025-11-25T00:00:00.000,2027-12-31T00:00:00.000,8000000000,0,No,Modificado,Distribuido,Inversión,https://community.secop.gov.co/Public/Tendering/OpportunityDetail/Index?noticeUID=CO1.NTC.9173251&isFromPublicArea=True&isModal=true&asPopupView=true,CO1.BDOS.9147871,ai_product_or_platform,False,False,0.94
CO1.PCCNTR.8137168,IGAC Sede Central *,Nacional,Información Estadística,Distrito Capital de Bogotá,Prestación de servicios,Contratación directa,Cédula de Ciudadanía,2025-08-04T00:00:00.000,2025-08-04T00:00:00.000,2025-12-28T00:00:00.000,62156667,0,No,Cerrado,Distribuido,Inversión,https://community.secop.gov.co/Public/Tendering/OpportunityDetail/Index?noticeUID=CO1.NTC.8515794&isFromPublicArea=True&isModal=true&asPopupView=true,CO1.BDOS.8492146,individual_professional_ai,True,False,0.86
CO1.PCCNTR.8832426,DEPARTAMENTO ADMINISTRATIVO NACIONAL DE ESTADISTICA (DANE),Nacional,Información Estadística,Distrito Capital de Bogotá,Prestación de servicios,Contratación directa,Cédula de Ciudadanía,2026-01-11T00:00:00.000,2026-01-16T00:00:00.000,2026-10-30T00:00:00.000,87400000,0,No,En ejecución,Distribuido,Inversión,https://community.secop.gov.co/Public/Tendering/OpportunityDetail/Index?noticeUID=CO1.NTC.9462729&isFromPublicArea=True&isModal=true&asPopupView=true,CO1.BDOS.9254947,individual_professional_ai,False,False,0.85
CO1.PCCNTR.9080403,MINISTERIO DE MINAS Y ENERGIA,Nacional,Minas y Energía,Distrito Capital de Bogotá,Prestación de servicios,Contratación directa,Cédula de Ciudadanía,2026-01-23T00:00:00.000,2026-01-26T00:00:00.000,2026-12-25T00:00:00.000,99000000,0,No,En ejecución,Distribuido,Inversión,https://community.secop.gov.co/Public/Tendering/OpportunityDetail/Index?noticeUID=CO1.NTC.9712148&isFromPublicArea=True&isModal=true&asPopupView=true,CO1.BDOS.9631566,individual_professional_ai,False,False,0.94
CO1.PCCNTR.6516909,DEPARTAMENTO NACIONAL DE PLANEACIÓN,Nacional,Planeación,Distrito Capital de Bogotá,Prestación de servicios,Contratación directa,Cédula de Ciudadanía,2024-07-10T00:00:00.000,2024-07-12T00:00:00.000,2024-12-31T00:00:00.000,74966659,0,No,En ejecución,Distribuido,Inversión,https://community.secop.gov.co/Public/Tendering/OpportunityDetail/Index?noticeUID=CO1.NTC.6381647&isFromPublicArea=True&isModal=true&asPopupView=true,CO1.BDOS.6371802,individual_professional_ai,False,False,0.98
CO1.PCCNTR.8845028,FONDO UNICO DE TECNOLOGÍAS DE LA INFORMACIÓN Y LAS COMUNICACIONES,Nacional,Tecnologías de la Información y las Comunicaciones,Distrito Capital de Bogotá,Prestación de servicios,Contratación directa,Cédula de Ciudadanía,2026-01-12T00:00:00.000,2026-01-14T00:00:00.000,2026-10-13T00:00:00.000,109251450,2,No,Modificado,Distribuido,Inversión,https://community.secop.gov.co/Public/Tendering/OpportunityDetail/Index?noticeUID=CO1.NTC.9474434&isFromPublicArea=True&isModal=true&asPopupView=true,CO1.BDOS.9461563,individual_professional_ai,False,False,0.78
CO1.PCCNTR.9220206,ESAP SEDE CENTRAL (Cuenta Oficial),Nacional,Servicio Público,Distrito Capital de Bogotá,Prestación de servicios,Contratación directa,Cédula de Ciudadanía,2026-01-30T00:00:00.000,2026-02-03T00:00:00.000,2026-10-02T00:00:00.000,98576000,0,No,Modificado,Recursos Propios,Inversión,https://community.secop.gov.co/Public/Tendering/OpportunityDetail/Index?noticeUID=CO1.NTC.9852398&isFromPublicArea=True&isModal=true&asPopupView=true,CO1.BDOS.9833756,individual_professional_ai,False,False,0.98
CO1.PCCNTR.7280115,JEP,Nacional,No aplica/No pertenece,Distrito Capital de Bogotá,Prestación de servicios,Contratación régimen especial,Cédula de Ciudadanía,2025-01-21T00:00:00.000,2025-01-22T00:00:00.000,2025-12-31T00:00:00.000,121900113,31,No,Modificado,Distribuido,Inversión,https://community.secop.gov.co/Public/Tendering/OpportunityDetail/Index?noticeUID=CO1.NTC.7388433&isFromPublicArea=True&isModal=true&asPopupView=true,CO1.BDOS.7372852,individual_professional_ai,False,False,0.74
CO1.PCCNTR.9196822,TRANSMILENIO S.A.,Territorial,Transporte,Distrito Capital de Bogotá,Prestación de servicios,Contratación directa,Cédula de Ciudadanía,2026-01-28T00:00:00.000,2026-02-02T00:00:00.000,2027-01-16T00:00:00.000,77326000,97,No,Modificado,Recursos Propios,Inversión,https://community.secop.gov.co/Public/Tendering/OpportunityDetail/Index?noticeUID=CO1.NTC.9829144&isFromPublicArea=True&isModal=true&asPopupView=true,CO1.BDOS.9267034,individual_professional_ai,False,False,0.98
CO1.PCCNTR.7947861,ALCALDIA MUNICIPIO DE CAMPOALEGRE,Territorial,Servicio Público,Huila,Consultoría,Mínima cuantía,NIT,2025-06-05T00:00:00.000,2025-06-05T00:00:00.000,2025-08-04T00:00:00.000,37500000,0,Si,En ejecución,Distribuido,Inversión,https://community.secop.gov.co/Public/Tendering/OpportunityDetail/Index?noticeUID=CO1.NTC.8197062&isFromPublicArea=True&isModal=true&asPopupView=true,CO1.BDOS.8175796,ai_product_or_platform,False,False,0.88
CO1.PCCNTR.7506785,MINISTERIO DE JUSTICIA Y DEL DERECHO.,Nacional,Ley de Justicia,Distrito Capital de Bogotá,Prestación de servicios,Contratación directa,Cédula de Ciudadanía,2025-02-17T00:00:00.000,2025-02-17T00:00:00.000,2025-12-31T00:00:00.000,64168000,0,No,Cerrado,Distribuido,Inversión,https://community.secop.gov.co/Public/Tendering/OpportunityDetail/Index?noticeUID=CO1.NTC.7650092&isFromPublicArea=True&isModal=true&asPopupView=true,CO1.BDOS.7632148,individual_professional_ai,False,False,0.99
CO1.PCCNTR.7003484,IGAC Sede Central *,Nacional,Información Estadística,Distrito Capital de Bogotá,Prestación de servicios,Contratación directa,Cédula de Ciudadanía,2024-11-12T00:00:00.000,2024-11-15T00:00:00.000,2024-12-30T00:00:00.000,15350000,0,No,Cerrado,Distribuido,Inversión,https://community.secop.gov.co/Public/Tendering/OpportunityDetail/Index?noticeUID=CO1.NTC.7019657&isFromPublicArea=True&isModal=true&asPopupView=true,CO1.BDOS.7006697,individual_professional_ai,False,False,0.98
CO1.PCCNTR.9836137,COMISIÓN DE REGULACIÓN DE AGUA POTABLE Y SANEAMIENTO BÁSICO.,Nacional,"Vivienda, Ciudad y Territorio",Distrito Capital de Bogotá,Prestación de servicios,Contratación directa,Cédula de Ciudadanía,2026-08-20T00:00:00.000,2026-08-21T00:00:00.000,2026-12-21T00:00:00.000,48000000,0,No,En ejecución,Distribuido,Inversión,https://community.secop.gov.co/Public/Tendering/OpportunityDetail/Index?noticeUID=CO1.NTC.10743186&isFromPublicArea=True&isModal=true&asPopupView=true,CO1.BDOS.10705038,individual_professional_ai,False,False,0.95
CO1.PCCNTR.7767291,JEP,Nacional,No aplica/No pertenece,Distrito Capital de Bogotá,Prestación de servicios,Contratación régimen especial,Cédula de Ciudadanía,2025-04-25T00:00:00.000,2025-04-29T00:00:00.000,2025-12-31T00:00:00.000,108845090,0,No,En ejecución,Distribuido,Inversión,https://community.secop.gov.co/Public/Tendering/OpportunityDetail/Index?noticeUID=CO1.NTC.7981290&isFromPublicArea=True&isModal=true&asPopupView=true,CO1.BDOS.7964545,individual_professional_ai,False,False,0.97
CO1.PCCNTR.6033347,GOBERNACIÓN DEL CAUCA,Territorial,Servicio Público,Cauca,Prestación de servicios,Contratación directa,Cédula de Ciudadanía,2024-03-05T00:00:00.000,2024-03-07T00:00:00.000,2024-07-07T00:00:00.000,16800000,0,No,Cerrado,Distribuido,Inversión,https://community.secop.gov.co/Public/Tendering/OpportunityDetail/Index?noticeUID=CO1.NTC.5763024&isFromPublicArea=True&isModal=true&asPopupView=true,CO1.BDOS.5747738,individual_professional_ai,False,False,0.78
CO1.PCCNTR.7949209,INSTITUCIÓN UNIVERSITARIA ITM,Nacional,Educación Nacional,Antioquia,Prestación de servicios,Contratación directa,Cédula de Ciudadanía,2025-06-04T00:00:00.000,2025-06-04T00:00:00.000,2025-06-30T00:00:00.000,1846764,0,Si,terminado,Recursos Propios,Inversión,https://community.secop.gov.co/Public/Tendering/OpportunityDetail/Index?noticeUID=CO1.NTC.8239196&isFromPublicArea=True&isModal=true&asPopupView=true,CO1.BDOS.8217018,individual_professional_ai,False,False,0.86
CO1.PCCNTR.9071596,ADRES,Nacional,Salud y Protección Social,Distrito Capital de Bogotá,Prestación de servicios,Contratación directa,Cédula de Ciudadanía,2026-01-27T00:00:00.000,2026-01-28T00:00:00.000,2026-11-27T00:00:00.000,126000000,66,No,Modificado,Recursos Propios,Funcionamiento,https://community.secop.gov.co/Public/Tendering/OpportunityDetail/Index?noticeUID=CO1.NTC.9682914&isFromPublicArea=True&isModal=true&asPopupView=true,CO1.BDOS.9663328,individual_professional_ai,False,False,0.97
CO1.PCCNTR.5421583,ALCALDIA MUNICIPIO DE ZIPAQUIRA,Territorial,Servicio Público,Cundinamarca,Prestación de servicios,Contratación directa,NIT,2023-09-29T00:00:00.000,2023-09-29T00:00:00.000,2023-10-13T00:00:00.000,8330000,0,No,terminado,Distribuido,Funcionamiento,https://community.secop.gov.co/Public/Tendering/OpportunityDetail/Index?noticeUID=CO1.NTC.5010124&isFromPublicArea=True&isModal=true&asPopupView=true,CO1.BDOS.4999642,incidental,False,False,0.99
CO1.PCCNTR.8689792,FONDO ROTATORIO DE LA REGISTRADURIA,Nacional,No aplica/No pertenece,Distrito Capital de Bogotá,Suministros,Selección abreviada subasta inversa,NIT,2025-12-17T00:00:00.000,2025-12-18T00:00:00.000,2026-02-27T00:00:00.000,1180480900,62,No,terminado,Distribuido,Inversión,https://community.secop.gov.co/Public/Tendering/OpportunityDetail/Index?noticeUID=CO1.NTC.9172950&isFromPublicArea=True&isModal=true&asPopupView=true,CO1.BDOS.9050168,incidental,False,False,0.97
CO1.PCCNTR.9896474,ALCALDIA DE FILANDIA,Territorial,Servicio Público,Quindío,Prestación de servicios,Contratación directa,Cédula de Ciudadanía,2026-09-03T00:00:00.000,2026-09-04T00:00:00.000,2026-12-31T00:00:00.000,84000000,0,No,En ejecución,Distribuido,Inversión,https://community.secop.gov.co/Public/Tendering/OpportunityDetail/Index?noticeUID=CO1.NTC.10827285&isFromPublicArea=True&isModal=true&asPopupView=true,CO1.BDOS.10748759,ai_product_or_platform,False,False,0.91
CO1.PCCNTR.9130981,ADRES,Nacional,Salud y Protección Social,Distrito Capital de Bogotá,Prestación de servicios,Contratación directa,Cédula de Ciudadanía,2026-01-25T00:00:00.000,2026-01-27T00:00:00.000,2026-11-26T00:00:00.000,110000000,63,No,Modificado,Recursos Propios,Funcionamiento,https://community.secop.gov.co/Public/Tendering/OpportunityDetail/Index?noticeUID=CO1.NTC.9668733&isFromPublicArea=True&isModal=true&asPopupView=true,CO1.BDOS.9653356,individual_professional_ai,False,False,0.98
CO1.PCCNTR.8273228,UNP,Nacional,defensa,Distrito Capital de Bogotá,Prestación de servicios,Contratación directa,Cédula de Ciudadanía,2025-09-02T00:00:00.000,2025-09-03T00:00:00.000,2025-12-31T00:00:00.000,24800000,0,No,En ejecución,Distribuido,Funcionamiento,https://community.secop.gov.co/Public/Tendering/OpportunityDetail/Index?noticeUID=CO1.NTC.8707410&isFromPublicArea=True&isModal=true&asPopupView=true,CO1.BDOS.8682562,individual_professional_ai,False,False,0.98
CO1.PCCNTR.7529705,IGAC Sede Central *,Nacional,Información Estadística,Distrito Capital de Bogotá,Prestación de servicios,Contratación directa,Cédula de Ciudadanía,2025-02-21T00:00:00.000,2025-02-24T00:00:00.000,2025-12-23T00:00:00.000,64286900,0,No,Cerrado,Distribuido,Inversión,https://community.secop.gov.co/Public/Tendering/OpportunityDetail/Index?noticeUID=CO1.NTC.7678271&isFromPublicArea=True&isModal=true&asPopupView=true,CO1.BDOS.7662958,individual_professional_ai,False,False,0.96
CO1.PCCNTR.6311647,MUNICIPIO DE SOGAMOSO,Territorial,Servicio Público,Boyacá,Prestación de servicios,Contratación directa,Cédula de Ciudadanía,2024-05-09T00:00:00.000,2024-05-14T00:00:00.000,2024-11-13T00:00:00.000,21622998,0,No,En ejecución,Distribuido,Inversión,https://community.secop.gov.co/Public/Tendering/OpportunityDetail/Index?noticeUID=CO1.NTC.6104780&isFromPublicArea=True&isModal=true&asPopupView=true,CO1.BDOS.6080814,individual_professional_ai,False,False,0.91
CO1.PCCNTR.8576840,INSTITUCIÓN UNIVERSITARIA ITM,Nacional,Educación Nacional,Antioquia,Prestación de servicios,Contratación directa,Cédula de Ciudadanía,2025-11-11T00:00:00.000,2025-11-11T00:00:00.000,2025-12-12T00:00:00.000,9752400,0,Si,En ejecución,Recursos Propios,Funcionamiento,https://community.secop.gov.co/Public/Tendering/OpportunityDetail/Index?noticeUID=CO1.NTC.9107423&isFromPublicArea=True&isModal=true&asPopupView=true,CO1.BDOS.9082528,individual_professional_ai,False,False,0.87
CO1.PCCNTR.9085807,DEPARTAMENTO DEL META,Territorial,Servicio Público,Meta,Prestación de servicios,Contratación directa,Cédula de Ciudadanía,2026-01-23T00:00:00.000,2026-01-26T00:00:00.000,2026-07-25T00:00:00.000,34515000,0,No,En ejecución,Distribuido,Inversión,https://community.secop.gov.co/Public/Tendering/OpportunityDetail/Index?noticeUID=CO1.NTC.9720302&isFromPublicArea=True&isModal=true&asPopupView=true,CO1.BDOS.9705323,individual_professional_ai,False,False,0.94
CO1.PCCNTR.9917759,SECRETARIA DE EDUCACION DEL DISTRITO,Territorial,Educación Nacional,Distrito Capital de Bogotá,Prestación de servicios,Contratación directa,Cédula de Ciudadanía,2026-09-15T00:00:00.000,2026-09-21T00:00:00.000,2026-12-31T00:00:00.000,30000000,0,No,En ejecución,Distribuido,Inversión,https://community.secop.gov.co/Public/Tendering/OpportunityDetail/Index?noticeUID=CO1.NTC.10857157&isFromPublicArea=True&isModal=true&asPopupView=true,CO1.BDOS.10808943,individual_professional_ai,False,False,0.98
CO1.PCCNTR.6191565,FONDO UNICO DE TECNOLOGÍAS DE LA INFORMACIÓN Y LAS COMUNICACIONES,Nacional,Tecnologías de la Información y las Comunicaciones,Distrito Capital de Bogotá,Prestación de servicios,Contratación directa,Cédula de Ciudadanía,2024-04-11T00:00:00.000,2024-04-15T00:00:00.000,2024-12-31T00:00:00.000,104049000,0,No,En ejecución,Distribuido,Inversión,https://community.secop.gov.co/Public/Tendering/OpportunityDetail/Index?noticeUID=CO1.NTC.5954596&isFromPublicArea=True&isModal=true&asPopupView=true,CO1.BDOS.5947227,individual_professional_ai,False,False,0.85
CO1.PCCNTR.6735989,FONDO UNICO DE TECNOLOGÍAS DE LA INFORMACIÓN Y LAS COMUNICACIONES,Nacional,Tecnologías de la Información y las Comunicaciones,Distrito Capital de Bogotá,Prestación de servicios,Contratación directa,Cédula de Ciudadanía,2024-09-10T00:00:00.000,2024-09-11T00:00:00.000,2024-12-31T00:00:00.000,17656800,0,No,Cerrado,Distribuido,Inversión,https://community.secop.gov.co/Public/Tendering/OpportunityDetail/Index?noticeUID=CO1.NTC.6674399&isFromPublicArea=True&isModal=true&asPopupView=true,CO1.BDOS.6665287,individual_professional_ai,False,False,0.98
CO1.PCCNTR.5636263,Sena Regional Boyaca Grupo de Apoyo Administrativo Mixto,Nacional,Trabajo,Boyacá,Compraventa,Mínima cuantía,Cédula de Ciudadanía,2023-12-07T00:00:00.000,2023-12-11T00:00:00.000,2023-12-30T00:00:00.000,12025000,0,No,En ejecución,Distribuido,Inversión,https://community.secop.gov.co/Public/Tendering/OpportunityDetail/Index?noticeUID=CO1.NTC.5240593&isFromPublicArea=True&isModal=true&asPopupView=true,CO1.BDOS.5227087,incidental,False,False,0.97
CO1.PCCNTR.6695054,VEEDURIA DISTRITAL,Territorial,Servicio Público,Distrito Capital de Bogotá,Prestación de servicios,Contratación directa,Cédula de Ciudadanía,2024-08-29T00:00:00.000,2024-09-06T00:00:00.000,2024-12-31T00:00:00.000,32500000,0,No,En ejecución,Distribuido,Inversión,https://community.secop.gov.co/Public/Tendering/OpportunityDetail/Index?noticeUID=CO1.NTC.6620020&isFromPublicArea=True&isModal=true&asPopupView=true,CO1.BDOS.6608832,individual_professional_ai,False,False,0.95
CO1.PCCNTR.7903389,SENA REGIONAL ATLANTICO Intercentros,Nacional,Transporte,Atlántico,Prestación de servicios,Contratación directa,Cédula de Ciudadanía,2025-05-22T00:00:00.000,2025-05-23T00:00:00.000,2025-12-22T00:00:00.000,19268683,0,Si,En ejecución,Recursos Propios,Inversión,https://community.secop.gov.co/Public/Tendering/OpportunityDetail/Index?noticeUID=CO1.NTC.8175474&isFromPublicArea=True&isModal=true&asPopupView=true,CO1.BDOS.8153617,individual_professional_ai,False,False,0.95
CO1.PCCNTR.8151536,SENA REGIONAL BOLIVAR Centro para la Industria Petroquímica,Nacional,Trabajo,Bolívar,Prestación de servicios,Contratación directa,Cédula de Ciudadanía,2025-08-01T00:00:00.000,2025-08-02T00:00:00.000,2025-12-30T00:00:00.000,27626667,0,No,terminado,Distribuido,Inversión,https://community.secop.gov.co/Public/Tendering/OpportunityDetail/Index?noticeUID=CO1.NTC.7802694&isFromPublicArea=True&isModal=true&asPopupView=true,CO1.BDOS.7788047,individual_professional_ai,False,False,0.98
CO1.PCCNTR.9151884,AEROCIVIL,Nacional,Transporte,Distrito Capital de Bogotá,Prestación de servicios,Contratación directa,Cédula de Ciudadanía,2026-01-27T00:00:00.000,2026-01-28T00:00:00.000,2026-12-31T00:00:00.000,188493333,0,No,En ejecución,Distribuido,Inversión,https://community.secop.gov.co/Public/Tendering/OpportunityDetail/Index?noticeUID=CO1.NTC.9765010&isFromPublicArea=True&isModal=true&asPopupView=true,CO1.BDOS.9746455,individual_professional_ai,False,False,0.91
CO1.PCCNTR.8897515,SERVICIO GEOLOGICO COLOMBIANO**,Nacional,Minas y Energía,Distrito Capital de Bogotá,Prestación de servicios,Contratación directa,Cédula de Ciudadanía,2026-01-15T00:00:00.000,2026-01-22T00:00:00.000,2026-12-20T00:00:00.000,111337600,0,No,En ejecución,Distribuido,Inversión,https://community.secop.gov.co/Public/Tendering/OpportunityDetail/Index?noticeUID=CO1.NTC.9530156&isFromPublicArea=True&isModal=true&asPopupView=true,CO1.BDOS.9357600,individual_professional_ai,False,False,0.95
CO1.PCCNTR.7138577,TRANSMILENIO S.A.,Territorial,Transporte,Distrito Capital de Bogotá,Prestación de servicios,Selección Abreviada de Menor Cuantía,NIT,2024-12-18T00:00:00.000,2024-12-27T00:00:00.000,2025-02-26T00:00:00.000,429000950,0,No,En ejecución,Recursos Propios,Inversión,https://community.secop.gov.co/Public/Tendering/OpportunityDetail/Index?noticeUID=CO1.NTC.7103856&isFromPublicArea=True&isModal=true&asPopupView=true,CO1.BDOS.6926506,ai_product_or_platform,False,False,0.96
CO1.PCCNTR.6006808,SERVICIO GEOLOGICO COLOMBIANO**,Nacional,Minas y Energía,Distrito Capital de Bogotá,Prestación de servicios,Contratación directa,Cédula de Ciudadanía,2024-02-26T00:00:00.000,2024-02-27T00:00:00.000,2024-08-26T00:00:00.000,48975255,0,No,terminado,Distribuido,Funcionamiento,https://community.secop.gov.co/Public/Tendering/OpportunityDetail/Index?noticeUID=CO1.NTC.5731620&isFromPublicArea=True&isModal=true&asPopupView=true,CO1.BDOS.5723011,individual_professional_ai,False,False,0.98
CO1.PCCNTR.8871316,"AGENCIA DISTRITAL PARA LA EDUCACIÓN SUPERIOR, LA CIENCIA Y LA TECNOLOGÍA, ATENEA",Territorial,Educación Nacional,Distrito Capital de Bogotá,Prestación de servicios,Contratación directa,Cédula de Ciudadanía,2026-01-14T00:00:00.000,2026-01-16T00:00:00.000,2026-12-15T00:00:00.000,165000000,0,No,terminado,Recursos Propios,Inversión,https://community.secop.gov.co/Public/Tendering/OpportunityDetail/Index?noticeUID=CO1.NTC.9501276&isFromPublicArea=True&isModal=true&asPopupView=true,CO1.BDOS.9457578,individual_professional_ai,False,False,0.97
CO1.PCCNTR.6461166,GOBERNACIÓN DEL CAUCA,Territorial,Servicio Público,Cauca,Prestación de servicios,Contratación directa,Cédula de Ciudadanía,2024-07-04T00:00:00.000,2024-07-05T00:00:00.000,2024-12-25T00:00:00.000,22800000,0,No,Cerrado,Distribuido,Inversión,https://community.secop.gov.co/Public/Tendering/OpportunityDetail/Index?noticeUID=CO1.NTC.6305853&isFromPublicArea=True&isModal=true&asPopupView=true,CO1.BDOS.6291104,incidental,False,False,0.87
CO1.PCCNTR.5467992,FONDO UNICO DE TECNOLOGÍAS DE LA INFORMACIÓN Y LAS COMUNICACIONES,Nacional,Tecnologías de la Información y las Comunicaciones,Distrito Capital de Bogotá,Prestación de servicios,Contratación directa,Cédula de Ciudadanía,2023-10-20T00:00:00.000,2023-10-23T00:00:00.000,2023-12-31T00:00:00.000,31250000,0,No,En ejecución,Distribuido,Inversión,https://community.secop.gov.co/Public/Tendering/OpportunityDetail/Index?noticeUID=CO1.NTC.5075660&isFromPublicArea=True&isModal=true&asPopupView=true,CO1.BDOS.5063325,individual_professional_ai,False,False,0.98
CO1.PCCNTR.8091986,CONCEJO MUNICIPAL DE MEDELLIN,Territorial,No aplica/No pertenece,Antioquia,Prestación de servicios,Contratación directa,NIT,2025-07-16T00:00:00.000,2025-07-24T00:00:00.000,2025-12-31T00:00:00.000,124950000,0,No,En ejecución,Distribuido,Funcionamiento,https://community.secop.gov.co/Public/Tendering/OpportunityDetail/Index?noticeUID=CO1.NTC.8446981&isFromPublicArea=True&isModal=true&asPopupView=true,CO1.BDOS.8419357,ai_development_service,False,True,0.84
CO1.PCCNTR.7032699,SANTIAGO DE CALI DISTRITO ESPECIAL - DEPARTAMENTO ADMINISTRATIVO DE TECNOLOGIAS DE LA INFORMACION Y LAS COMUNICACIONES,Territorial,Tecnologías de la Información y las Comunicaciones,Valle del Cauca,Otro,Contratación Directa (con ofertas),NIT,2024-11-20T00:00:00.000,2024-11-28T00:00:00.000,2024-12-31T00:00:00.000,469693000,0,No,En ejecución,Distribuido,Inversión,https://community.secop.gov.co/Public/Tendering/OpportunityDetail/Index?noticeUID=CO1.NTC.7032556&isFromPublicArea=True&isModal=true&asPopupView=true,CO1.BDOS.6974097,ai_product_or_platform,False,False,0.72
CO1.PCCNTR.4547541,SECRETARIA DISTRITAL DE DESARROLLO ECONOMICO - ALCALDIA BOGOTÁ,Territorial,Industria,Distrito Capital de Bogotá,Prestación de servicios,Contratación directa,Cédula de Ciudadanía,2023-02-02T00:00:00.000,2023-02-07T00:00:00.000,2024-02-28T00:00:00.000,96773333,53,No,Modificado,Distribuido,Inversión,https://community.secop.gov.co/Public/Tendering/OpportunityDetail/Index?noticeUID=CO1.NTC.3913964&isFromPublicArea=True&isModal=true&asPopupView=true,CO1.BDOS.3912580,individual_professional_ai,False,False,0.97
CO1.PCCNTR.7643034,"AGENCIA DISTRITAL PARA LA EDUCACIÓN SUPERIOR, LA CIENCIA Y LA TECNOLOGÍA, ATENEA",Territorial,Educación Nacional,Distrito Capital de Bogotá,Prestación de servicios,Contratación directa,Cédula de Ciudadanía,2025-03-13T00:00:00.000,2025-03-17T00:00:00.000,2026-01-16T00:00:00.000,90000000,0,No,En ejecución,Recursos Propios,Inversión,https://community.secop.gov.co/Public/Tendering/OpportunityDetail/Index?noticeUID=CO1.NTC.7823040&isFromPublicArea=True&isModal=true&asPopupView=true,CO1.BDOS.7803863,individual_professional_ai,False,False,0.94
CO1.PCCNTR.4582989,SENA DISTRITO CAPITAL GRUPO DE APOYO ADMINISTRATIVO - CGI,Nacional,Trabajo,Distrito Capital de Bogotá,Prestación de servicios,Contratación directa,Cédula de Ciudadanía,2023-02-08T00:00:00.000,2023-02-09T00:00:00.000,2023-12-15T00:00:00.000,42178500,0,Si,Cerrado,Distribuido,Inversión,https://community.secop.gov.co/Public/Tendering/OpportunityDetail/Index?noticeUID=CO1.NTC.3897702&isFromPublicArea=True&isModal=true&asPopupView=true,CO1.BDOS.3893600,individual_professional_ai,False,False,0.95
CO1.PCCNTR.8384683,JEP,Nacional,No aplica/No pertenece,Distrito Capital de Bogotá,Prestación de servicios,Contratación régimen especial,Cédula de Ciudadanía,2025-10-10T00:00:00.000,2025-10-16T00:00:00.000,2026-07-31T00:00:00.000,124631790,0,No,En ejecución,Distribuido,Inversión,https://community.secop.gov.co/Public/Tendering/OpportunityDetail/Index?noticeUID=CO1.NTC.8856176&isFromPublicArea=True&isModal=true&asPopupView=true,CO1.BDOS.8775893,individual_professional_ai,False,False,0.99
CO1.PCCNTR.9124046,ESAP TERRITORIAL ANTIOQUIA,Nacional,Educación Nacional,Antioquia,Prestación de servicios,Contratación directa,Cédula de Ciudadanía,2026-01-24T00:00:00.000,2026-02-01T00:00:00.000,2026-10-31T00:00:00.000,10400000,31,No,Modificado,Recursos Propios,Inversión,https://community.secop.gov.co/Public/Tendering/OpportunityDetail/Index?noticeUID=CO1.NTC.9759653&isFromPublicArea=True&isModal=true&asPopupView=true,CO1.BDOS.9741100,individual_professional_ai,False,False,0.97
CO1.PCCNTR.7735147,MINCIENCIAS,Nacional,Ciencia Tecnología,Distrito Capital de Bogotá,Prestación de servicios,Contratación directa,Cédula de Ciudadanía,2025-04-02T00:00:00.000,2025-04-04T00:00:00.000,2025-12-31T00:00:00.000,63252300,89,Si,Modificado,Distribuido,Inversión,https://community.secop.gov.co/Public/Tendering/OpportunityDetail/Index?noticeUID=CO1.NTC.7938628&isFromPublicArea=True&isModal=true&asPopupView=true,CO1.BDOS.7920138,individual_professional_ai,False,False,0.92
CO1.PCCNTR.8185804,DEPARTAMENTO DEL META,Territorial,Servicio Público,Meta,Prestación de servicios,Mínima cuantía,Cédula de Ciudadanía,2025-08-12T00:00:00.000,2025-08-12T00:00:00.000,2025-08-18T00:00:00.000,20000000,0,No,En ejecución,Distribuido,Inversión,https://community.secop.gov.co/Public/Tendering/OpportunityDetail/Index?noticeUID=CO1.NTC.8560265&isFromPublicArea=True&isModal=true&asPopupView=true,CO1.BDOS.8537398,incidental,False,False,0.99
CO1.PCCNTR.5894406,FONDO UNICO DE TECNOLOGÍAS DE LA INFORMACIÓN Y LAS COMUNICACIONES,Nacional,Tecnologías de la Información y las Comunicaciones,Distrito Capital de Bogotá,Prestación de servicios,Contratación directa,Cédula de Ciudadanía,2024-02-06T00:00:00.000,2024-02-12T00:00:00.000,2024-08-11T00:00:00.000,78825000,0,No,Cerrado,Distribuido,Inversión,https://community.secop.gov.co/Public/Tendering/OpportunityDetail/Index?noticeUID=CO1.NTC.5595058&isFromPublicArea=True&isModal=true&asPopupView=true,CO1.BDOS.5587314,individual_professional_ai,False,False,0.97
CO1.PCCNTR.8236637,DIRECCIÓN DE INCORPORACIÓN-DINCO,Nacional,defensa,Distrito Capital de Bogotá,Prestación de servicios,Contratación directa,NIT,2025-08-27T00:00:00.000,2025-08-27T00:00:00.000,2025-12-31T00:00:00.000,48399800,0,No,terminado,Distribuido,Funcionamiento,https://community.secop.gov.co/Public/Tendering/OpportunityDetail/Index?noticeUID=CO1.NTC.8657175&isFromPublicArea=True&isModal=true&asPopupView=true,CO1.BDOS.8632035,incidental,False,False,0.93
CO1.PCCNTR.8359381,SENA REGIONAL CALDAS CENTRO PARA LA FORMACION CAFETERA,Nacional,Trabajo,Caldas,Prestación de servicios,Contratación directa,Cédula de Ciudadanía,2025-09-23T00:00:00.000,2025-09-25T00:00:00.000,2025-12-30T00:00:00.000,13318400,0,No,Cerrado,Distribuido,Inversión,https://community.secop.gov.co/Public/Tendering/OpportunityDetail/Index?noticeUID=CO1.NTC.8824715&isFromPublicArea=True&isModal=true&asPopupView=true,CO1.BDOS.8799068,individual_professional_ai,False,False,0.98
CO1.PCCNTR.6086813,AGENCIA NACIONAL DE DEFENSA JURÍDICA DEL ESTADO,Nacional,Ley de Justicia,Distrito Capital de Bogotá,Prestación de servicios,Contratación directa,Cédula de Ciudadanía,2024-03-15T00:00:00.000,2024-03-18T00:00:00.000,2024-12-20T00:00:00.000,98432260,0,No,En ejecución,Distribuido,Funcionamiento,https://community.secop.gov.co/Public/Tendering/OpportunityDetail/Index?noticeUID=CO1.NTC.5826720&isFromPublicArea=True&isModal=true&asPopupView=true,CO1.BDOS.5819374,individual_professional_ai,False,False,0.97
CO1.PCCNTR.4545322,SENA DISTRITO CAPITAL GRUPO DE APOYO ADMINISTRATIVO - CGI,Nacional,Trabajo,Distrito Capital de Bogotá,Prestación de servicios,Contratación directa,Cédula de Ciudadanía,2023-02-02T00:00:00.000,2023-02-02T00:00:00.000,2023-12-15T00:00:00.000,42178500,0,Si,Cerrado,Distribuido,Inversión,https://community.secop.gov.co/Public/Tendering/OpportunityDetail/Index?noticeUID=CO1.NTC.3897523&isFromPublicArea=True&isModal=true&asPopupView=true,CO1.BDOS.3893729,individual_professional_ai,False,False,0.94
CO1.PCCNTR.9616808,ARMADA NACIONAL BASE NAVAL No. 6 ARC BOGOTA,Nacional,defensa,Distrito Capital de Bogotá,Prestación de servicios,Mínima cuantía,NIT,2026-07-06T00:00:00.000,2026-07-06T00:00:00.000,2026-12-31T00:00:00.000,71190000,0,No,En ejecución,Distribuido,Funcionamiento,https://community.secop.gov.co/Public/Tendering/OpportunityDetail/Index?noticeUID=CO1.NTC.10354141&isFromPublicArea=True&isModal=true&asPopupView=true,CO1.BDOS.10317856,ai_product_or_platform,False,True,0.72
CO1.PCCNTR.8638978,INSTITUCIÓN UNIVERSITARIA ITM,Nacional,Educación Nacional,Antioquia,Prestación de servicios,Contratación directa,Cédula de Ciudadanía,2025-11-26T00:00:00.000,2025-11-26T00:00:00.000,2025-12-03T00:00:00.000,2476800,0,Si,En ejecución,Recursos Propios,Inversión,https://community.secop.gov.co/Public/Tendering/OpportunityDetail/Index?noticeUID=CO1.NTC.9195847&isFromPublicArea=True&isModal=true&asPopupView=true,CO1.BDOS.9171211,individual_professional_ai,False,False,0.78
CO1.PCCNTR.9109162,DIRECCIÓN DE INCORPORACIÓN-DINCO,Nacional,defensa,Distrito Capital de Bogotá,Prestación de servicios,Contratación directa,Cédula de Ciudadanía,2026-01-24T00:00:00.000,2026-01-24T00:00:00.000,2026-11-23T00:00:00.000,64800000,0,No,En ejecución,Distribuido,Funcionamiento,https://community.secop.gov.co/Public/Tendering/OpportunityDetail/Index?noticeUID=CO1.NTC.9745154&isFromPublicArea=True&isModal=true&asPopupView=true,CO1.BDOS.9727625,individual_professional_ai,False,False,0.95
CO1.PCCNTR.9608118,INSTITUTO COLOMBIANO DE CREDITO EDUCATIVO Y ESTUDIO TÉCNICOS EN EL EXTERIOR MARIANO OSPINA PEREZ.,Nacional,Educación Nacional,Distrito Capital de Bogotá,Prestación de servicios,Contratación régimen especial,Cédula de Ciudadanía,2026-07-02T00:00:00.000,2026-07-02T00:00:00.000,2026-12-31T00:00:00.000,55494000,0,No,En ejecución,Recursos Propios,Funcionamiento,https://community.secop.gov.co/Public/Tendering/OpportunityDetail/Index?noticeUID=CO1.NTC.10435355&isFromPublicArea=True&isModal=true&asPopupView=true,CO1.BDOS.10398934,individual_professional_ai,False,False,0.97
CO1.PCCNTR.7394541,MINVIVIENDA,Nacional,"Vivienda, Ciudad y Territorio",No Definido,Prestación de servicios,Contratación directa,Cédula de Ciudadanía,2025-02-04T00:00:00.000,2025-02-07T00:00:00.000,2025-12-21T00:00:00.000,178532876,106,No,Modificado,Distribuido,Inversión,https://community.secop.gov.co/Public/Tendering/OpportunityDetail/Index?noticeUID=CO1.NTC.7516029&isFromPublicArea=True&isModal=true&asPopupView=true,CO1.BDOS.7499232,individual_professional_ai,False,False,0.92
CO1.PCCNTR.7130162,"INSTITUTO DEL DEPORTE, LA EDUCACIÓN FÍSICA Y LA RECREACIÒN DEL VALLE DEL CAUCA (INDERVALLE)",Territorial,deportes,Valle del Cauca,Prestación de servicios,Contratación directa,NIT,2024-12-10T00:00:00.000,2024-12-11T00:00:00.000,2024-12-31T00:00:00.000,55000000,0,No,En ejecución,Distribuido,Funcionamiento,https://community.secop.gov.co/Public/Tendering/OpportunityDetail/Index?noticeUID=CO1.NTC.7188287&isFromPublicArea=True&isModal=true&asPopupView=true,CO1.BDOS.7165498,ai_product_or_platform,False,False,0.7
CO1.PCCNTR.9119481,UNP,Nacional,defensa,Distrito Capital de Bogotá,Prestación de servicios,Contratación directa,Cédula de Ciudadanía,2026-01-24T00:00:00.000,2026-01-26T00:00:00.000,2026-12-31T00:00:00.000,55854000,0,No,En ejecución,Distribuido,Funcionamiento,https://community.secop.gov.co/Public/Tendering/OpportunityDetail/Index?noticeUID=CO1.NTC.9752370&isFromPublicArea=True&isModal=true&asPopupView=true,CO1.BDOS.9732517,individual_professional_ai,False,False,0.97
CO1.PCCNTR.8193578,SENA REGIONAL CALDAS CENTRO PARA LA FORMACION CAFETERA,Nacional,Trabajo,Caldas,Prestación de servicios,Contratación directa,Cédula de Ciudadanía,2025-08-13T00:00:00.000,2025-08-15T00:00:00.000,2025-12-30T00:00:00.000,29466667,0,No,Cerrado,Distribuido,Inversión,https://community.secop.gov.co/Public/Tendering/OpportunityDetail/Index?noticeUID=CO1.NTC.8597477&isFromPublicArea=True&isModal=true&asPopupView=true,CO1.BDOS.8574463,individual_professional_ai,False,False,0.88
CO1.PCCNTR.7695270,SENA REGIONAL BOLIVAR Grupo de Apoyo Administrativo Mixto,Nacional,Trabajo,Bolívar,Prestación de servicios,Contratación directa,Cédula de Ciudadanía,2025-03-25T00:00:00.000,2025-03-25T00:00:00.000,2025-12-31T00:00:00.000,51520000,0,No,En ejecución,Distribuido,Inversión,https://community.secop.gov.co/Public/Tendering/OpportunityDetail/Index?noticeUID=CO1.NTC.7889862&isFromPublicArea=True&isModal=true&asPopupView=true,CO1.BDOS.7873809,individual_professional_ai,False,False,0.94
CO1.PCCNTR.8422441,LOTERIA DE CUNDINAMARCA,Territorial,No aplica/No pertenece,Distrito Capital de Bogotá,Prestación de servicios,Contratación régimen especial,NIT,2025-10-16T00:00:00.000,2025-10-17T00:00:00.000,2025-12-16T00:00:00.000,4578698,0,No,Cerrado,Recursos Propios,Funcionamiento,https://community.secop.gov.co/Public/Tendering/OpportunityDetail/Index?noticeUID=CO1.NTC.8904308&isFromPublicArea=True&isModal=true&asPopupView=true,CO1.BDOS.8875565,incidental,False,False,0.96
CO1.PCCNTR.9665639,ALCALDIA ORITO,Territorial,Servicio Público,Putumayo,Prestación de servicios,Mínima cuantía,NIT,2026-07-15T00:00:00.000,2026-07-17T00:00:00.000,2026-08-16T00:00:00.000,48770000,0,No,En ejecución,Distribuido,Inversión,https://community.secop.gov.co/Public/Tendering/OpportunityDetail/Index?noticeUID=CO1.NTC.10421719&isFromPublicArea=True&isModal=true&asPopupView=true,CO1.BDOS.10384769,incidental,False,False,0.97
CO1.PCCNTR.9755620,EMPRESA SOCIAL DEL ESTADO DEL MUNICIPIO DE VILLAVICENCIO,Territorial,Salud y Protección Social,Meta,Decreto 092 de 2017,Contratación régimen especial,NIT,2026-08-13T00:00:00.000,2026-08-13T00:00:00.000,2026-12-31T00:00:00.000,64094180,0,No,En ejecución,Recursos Propios,Funcionamiento,https://community.secop.gov.co/Public/Tendering/OpportunityDetail/Index?noticeUID=CO1.NTC.10633494&isFromPublicArea=True&isModal=true&asPopupView=true,CO1.BDOS.10596403,ai_product_or_platform,False,True,0.74
CO1.PCCNTR.7401156,UPME,Nacional,Minas y Energía,Distrito Capital de Bogotá,Prestación de servicios,Contratación régimen especial,Cédula de Ciudadanía,2025-02-06T00:00:00.000,2025-02-07T00:00:00.000,2025-12-28T00:00:00.000,64400000,0,No,Cerrado,Recursos Propios,Inversión,https://community.secop.gov.co/Public/Tendering/OpportunityDetail/Index?noticeUID=CO1.NTC.7526679&isFromPublicArea=True&isModal=true&asPopupView=true,CO1.BDOS.7512582,individual_professional_ai,False,False,0.98
CO1.PCCNTR.4545405,SENA DISTRITO CAPITAL GRUPO DE APOYO ADMINISTRATIVO - CGI,Nacional,Trabajo,Distrito Capital de Bogotá,Prestación de servicios,Contratación directa,Cédula de Ciudadanía,2023-02-02T00:00:00.000,2023-02-02T00:00:00.000,2023-12-15T00:00:00.000,42178500,0,Si,Cerrado,Distribuido,Inversión,https://community.secop.gov.co/Public/Tendering/OpportunityDetail/Index?noticeUID=CO1.NTC.3897292&isFromPublicArea=True&isModal=true&asPopupView=true,CO1.BDOS.3894515,individual_professional_ai,False,False,0.91
CO1.PCCNTR.6273672,SENA REGIONAL CASANARE Grupo Administrativo Mixto,Nacional,Trabajo,Casanare,Prestación de servicios,Contratación directa,Cédula de Ciudadanía,2024-05-02T00:00:00.000,2024-05-03T00:00:00.000,2024-12-31T00:00:00.000,17976933,0,No,terminado,Distribuido,Inversión,https://community.secop.gov.co/Public/Tendering/OpportunityDetail/Index?noticeUID=CO1.NTC.6055087&isFromPublicArea=True&isModal=true&asPopupView=true,CO1.BDOS.6045179,incidental,False,False,0.82
CO1.PCCNTR.8566210,MINISTERIO DE MINAS Y ENERGIA,Nacional,Minas y Energía,Distrito Capital de Bogotá,Otro,Contratación Directa (con ofertas),NIT,2025-11-18T00:00:00.000,2025-11-24T00:00:00.000,2026-04-30T00:00:00.000,840000000,120,No,Modificado,Distribuido,Inversión,https://community.secop.gov.co/Public/Tendering/OpportunityDetail/Index?noticeUID=CO1.NTC.9093190&isFromPublicArea=True&isModal=true&asPopupView=true,CO1.BDOS.9068136,ai_development_service,False,False,0.92
CO1.PCCNTR.8957145,ADRES,Nacional,Salud y Protección Social,Distrito Capital de Bogotá,Prestación de servicios,Contratación directa,Cédula de Ciudadanía,2026-01-17T00:00:00.000,2026-01-20T00:00:00.000,2026-09-19T00:00:00.000,48350400,0,No,En ejecución,Recursos Propios,Funcionamiento,https://community.secop.gov.co/Public/Tendering/OpportunityDetail/Index?noticeUID=CO1.NTC.9583969&isFromPublicArea=True&isModal=true&asPopupView=true,CO1.BDOS.9570224,individual_professional_ai,False,False,0.92
CO1.PCCNTR.7004996,IGAC Sede Central *,Nacional,Información Estadística,Distrito Capital de Bogotá,Prestación de servicios,Contratación directa,Cédula de Ciudadanía,2024-11-08T00:00:00.000,2024-11-22T00:00:00.000,2024-12-30T00:00:00.000,15352666,0,No,Cerrado,Distribuido,Inversión,https://community.secop.gov.co/Public/Tendering/OpportunityDetail/Index?noticeUID=CO1.NTC.7021951&isFromPublicArea=True&isModal=true&asPopupView=true,CO1.BDOS.7010007,individual_professional_ai,False,False,0.97
CO1.PCCNTR.9187255,FONDO NACIONAL AMBIENTAL - ANLA,Nacional,Ambiente y Desarrollo Sostenible,Distrito Capital de Bogotá,Prestación de servicios,Contratación directa,Cédula de Ciudadanía,2026-01-27T00:00:00.000,2026-01-27T00:00:00.000,2026-12-31T00:00:00.000,68136000,0,No,En ejecución,Recursos Propios,Inversión,https://community.secop.gov.co/Public/Tendering/OpportunityDetail/Index?noticeUID=CO1.NTC.9819696&isFromPublicArea=True&isModal=true&asPopupView=true,CO1.BDOS.9801034,incidental,False,False,0.86
CO1.PCCNTR.8406890,IGAC Sede Central *,Nacional,Información Estadística,Distrito Capital de Bogotá,Prestación de servicios,Contratación directa,Cédula de Ciudadanía,2025-10-07T00:00:00.000,2025-10-10T00:00:00.000,2025-12-31T00:00:00.000,12045726,0,No,En ejecución,Distribuido,Inversión,https://community.secop.gov.co/Public/Tendering/OpportunityDetail/Index?noticeUID=CO1.NTC.8883381&isFromPublicArea=True&isModal=true&asPopupView=true,CO1.BDOS.8858189,individual_professional_ai,False,False,0.94
CO1.PCCNTR.9016491,FONDO UNICO DE TECNOLOGÍAS DE LA INFORMACIÓN Y LAS COMUNICACIONES,Nacional,Tecnologías de la Información y las Comunicaciones,Distrito Capital de Bogotá,Prestación de servicios,Contratación directa,Cédula de Ciudadanía,2026-01-22T00:00:00.000,2026-01-26T00:00:00.000,2026-10-24T00:00:00.000,109251450,0,No,En ejecución,Distribuido,Inversión,https://community.secop.gov.co/Public/Tendering/OpportunityDetail/Index?noticeUID=CO1.NTC.9650208&isFromPublicArea=True&isModal=true&asPopupView=true,CO1.BDOS.9635274,individual_professional_ai,False,False,0.94
CO1.PCCNTR.7494456,SENA REGIONAL CESAR Grupo de Apoyo Administrativo Mixto,Nacional,Trabajo,Cesar,Prestación de servicios,Contratación directa,Cédula de Ciudadanía,2025-02-15T00:00:00.000,2025-02-17T00:00:00.000,2025-12-31T00:00:00.000,58240000,0,No,terminado,Distribuido,Inversión,https://community.secop.gov.co/Public/Tendering/OpportunityDetail/Index?noticeUID=CO1.NTC.7635216&isFromPublicArea=True&isModal=true&asPopupView=true,CO1.BDOS.7620629,individual_professional_ai,False,False,0.97
CO1.PCCNTR.5743200,AGENCIA NACIONAL DE TIERRAS - ANT,Nacional,agricultura,Distrito Capital de Bogotá,Prestación de servicios,Contratación directa,Cédula de Ciudadanía,2024-01-15T00:00:00.000,2024-01-23T00:00:00.000,2024-09-30T00:00:00.000,103140000,0,No,Modificado,Distribuido,Inversión,https://community.secop.gov.co/Public/Tendering/OpportunityDetail/Index?noticeUID=CO1.NTC.5436141&isFromPublicArea=True&isModal=true&asPopupView=true,CO1.BDOS.5425049,individual_professional_ai,False,False,0.93
CO1.PCCNTR.9704525,INSTITUCIÓN UNIVERSITARIA ITM,Nacional,Educación Nacional,Antioquia,Prestación de servicios,Contratación directa,Cédula de Ciudadanía,2026-07-23T00:00:00.000,2026-07-23T00:00:00.000,2026-09-05T00:00:00.000,3750000,0,Si,Modificado,Recursos Propios,Inversión,https://community.secop.gov.co/Public/Tendering/OpportunityDetail/Index?noticeUID=CO1.NTC.10565479&isFromPublicArea=True&isModal=true&asPopupView=true,CO1.BDOS.10528643,incidental,False,False,0.97
CO1.PCCNTR.8913923,SENA REGIONAL NARIÑO CENTRO SUR COLOMBIANO DE LOGISTICA INTERNACIONAL,Nacional,Trabajo,Nariño,Prestación de servicios,Contratación directa,Cédula de Ciudadanía,2026-01-15T00:00:00.000,2026-01-16T00:00:00.000,2026-12-15T00:00:00.000,66699996,0,No,En ejecución,Distribuido,Inversión,https://community.secop.gov.co/Public/Tendering/OpportunityDetail/Index?noticeUID=CO1.NTC.9546960&isFromPublicArea=True&isModal=true&asPopupView=true,CO1.BDOS.9529222,individual_professional_ai,False,False,0.91
CO1.PCCNTR.9216238,MUNICIPIO DE ANDES,Territorial,Servicio Público,Antioquia,Prestación de servicios,Contratación directa,NIT,2026-01-28T00:00:00.000,2026-02-02T00:00:00.000,2026-12-30T00:00:00.000,20566930.01,0,No,En ejecución,Distribuido,Funcionamiento,https://community.secop.gov.co/Public/Tendering/OpportunityDetail/Index?noticeUID=CO1.NTC.9848811&isFromPublicArea=True&isModal=true&asPopupView=true,CO1.BDOS.9828883,cloud_or_software_nonAI,True,False,0.91
CO1.PCCNTR.9026039,MINTRABAJO NIVEL CENTRAL*/,Nacional,Trabajo,Distrito Capital de Bogotá,Prestación de servicios,Contratación directa,Cédula de Ciudadanía,2026-01-20T00:00:00.000,2026-01-22T00:00:00.000,2026-09-21T00:00:00.000,56000000,0,No,En ejecución,Distribuido,Inversión,https://community.secop.gov.co/Public/Tendering/OpportunityDetail/Index?noticeUID=CO1.NTC.9659076&isFromPublicArea=True&isModal=true&asPopupView=true,CO1.BDOS.9644558,individual_professional_ai,False,False,0.96
CO1.PCCNTR.7872345,COMISIÓN DE REGULACIÓN DE AGUA POTABLE Y SANEAMIENTO BÁSICO.,Nacional,"Vivienda, Ciudad y Territorio",Distrito Capital de Bogotá,Prestación de servicios,Contratación directa,Cédula de Ciudadanía,2025-05-13T00:00:00.000,2025-05-14T00:00:00.000,2025-12-31T00:00:00.000,96000000,0,No,Cerrado,Distribuido,Inversión,https://community.secop.gov.co/Public/Tendering/OpportunityDetail/Index?noticeUID=CO1.NTC.8128234&isFromPublicArea=True&isModal=true&asPopupView=true,CO1.BDOS.8108387,individual_professional_ai,False,False,0.98
CO1.PCCNTR.6070380,INSTITUCIÓN UNIVERSITARIA ITM,Nacional,Educación Nacional,Antioquia,Prestación de servicios,Contratación directa,Cédula de Ciudadanía,2024-03-08T00:00:00.000,2024-03-08T00:00:00.000,2024-06-30T00:00:00.000,22708585,0,No,En ejecución,Recursos Propios,Funcionamiento,https://community.secop.gov.co/Public/Tendering/OpportunityDetail/Index?noticeUID=CO1.NTC.5806149&isFromPublicArea=True&isModal=true&asPopupView=true,CO1.BDOS.5799333,individual_professional_ai,False,False,0.93
CO1.PCCNTR.8508574,SENA REGIONAL CESAR Grupo de Apoyo Administrativo Mixto,Nacional,Trabajo,Cesar,Compraventa,Mínima cuantía,NIT,2025-10-28T00:00:00.000,2025-10-31T00:00:00.000,2025-12-19T00:00:00.000,75990924,0,No,terminado,Distribuido,Inversión,https://community.secop.gov.co/Public/Tendering/OpportunityDetail/Index?noticeUID=CO1.NTC.8986612&isFromPublicArea=True&isModal=true&asPopupView=true,CO1.BDOS.8957185,incidental,False,False,0.99
CO1.PCCNTR.6286393,CAJA DE SUELDOS DE RETIRO DE LA POLICIA NACIONAL,Nacional,defensa,Distrito Capital de Bogotá,Otro,Contratación Directa (con ofertas),NIT,2024-05-08T00:00:00.000,2024-05-08T00:00:00.000,2024-12-31T00:00:00.000,150000000,0,No,Modificado,Distribuido,Inversión,https://community.secop.gov.co/Public/Tendering/OpportunityDetail/Index?noticeUID=CO1.NTC.6056456&isFromPublicArea=True&isModal=true&asPopupView=true,CO1.BDOS.6048220,ai_product_or_platform,False,True,0.94
CO1.PCCNTR.7808423,"INSTITUTO DE FINANCIAMIENTO, PROMOCION Y DESARROLLO DE CALDAS",Territorial,No aplica/No pertenece,Caldas,Prestación de servicios,Contratación directa,Cédula de Ciudadanía,2025-04-25T00:00:00.000,2025-04-25T00:00:00.000,2025-10-31T00:00:00.000,34595681,0,No,Cerrado,Recursos Propios,Funcionamiento,https://community.secop.gov.co/Public/Tendering/OpportunityDetail/Index?noticeUID=CO1.NTC.8034185&isFromPublicArea=True&isModal=true&asPopupView=true,CO1.BDOS.8016887,individual_professional_ai,False,False,0.98
CO1.PCCNTR.7178246,MUNICIPIO DE PEREIRA- OFICIAL,Territorial,Servicio Público,Risaralda,Otro,Contratación directa,NIT,2024-12-30T00:00:00.000,2024-12-30T00:00:00.000,2026-07-26T00:00:00.000,1,0,Si,En ejecución,Distribuido,Inversión,https://community.secop.gov.co/Public/Tendering/OpportunityDetail/Index?noticeUID=CO1.NTC.7245897&isFromPublicArea=True&isModal=true&asPopupView=true,CO1.BDOS.7215850,incidental,False,False,0.88
CO1.PCCNTR.8404245,SENA REGIONAL NARIÑO CENTRO SUR COLOMBIANO DE LOGISTICA INTERNACIONAL,Nacional,Trabajo,Nariño,Compraventa,Mínima cuantía,Cédula de Ciudadanía,2025-10-02T00:00:00.000,2025-10-07T00:00:00.000,2025-11-05T00:00:00.000,26141414,0,No,Modificado,Distribuido,Inversión,https://community.secop.gov.co/Public/Tendering/OpportunityDetail/Index?noticeUID=CO1.NTC.8842336&isFromPublicArea=True&isModal=true&asPopupView=true,CO1.BDOS.8813834,incidental,False,False,0.97
CO1.PCCNTR.7971715,INSTITUCIÓN UNIVERSITARIA ITM,Nacional,Educación Nacional,Antioquia,Prestación de servicios,Contratación directa,Cédula de Ciudadanía,2025-06-12T00:00:00.000,2025-06-12T00:00:00.000,2025-07-26T00:00:00.000,3000000,0,Si,En ejecución,Recursos Propios,Funcionamiento,https://community.secop.gov.co/Public/Tendering/OpportunityDetail/Index?noticeUID=CO1.NTC.8273146&isFromPublicArea=True&isModal=true&asPopupView=true,CO1.BDOS.8251415,individual_professional_ai,False,False,0.95
CO1.PCCNTR.7210897,SENA SECRETARIA GENERAL,Nacional,Trabajo,Distrito Capital de Bogotá,Prestación de servicios,Contratación directa,Cédula de Ciudadanía,2025-01-13T00:00:00.000,2025-01-13T00:00:00.000,2025-12-31T00:00:00.000,155770333,0,No,terminado,Distribuido,Inversión,https://community.secop.gov.co/Public/Tendering/OpportunityDetail/Index?noticeUID=CO1.NTC.7301492&isFromPublicArea=True&isModal=true&asPopupView=true,CO1.BDOS.7284570,individual_professional_ai,False,False,0.91
CO1.PCCNTR.9152761,TRANSMILENIO S.A.,Territorial,Transporte,Distrito Capital de Bogotá,Prestación de servicios,Contratación directa,Cédula de Ciudadanía,2026-01-27T00:00:00.000,2026-02-02T00:00:00.000,2027-01-16T00:00:00.000,104556988,0,No,En ejecución,Recursos Propios,Funcionamiento,https://community.secop.gov.co/Public/Tendering/OpportunityDetail/Index?noticeUID=CO1.NTC.9785052&isFromPublicArea=True&isModal=true&asPopupView=true,CO1.BDOS.9762471,individual_professional_ai,False,False,0.96
CO1.PCCNTR.6480657,MINCIENCIAS,Nacional,Ciencia Tecnología,Distrito Capital de Bogotá,Otro,Contratación Directa (con ofertas),NIT,2024-07-02T00:00:00.000,2024-07-03T00:00:00.000,2024-12-31T00:00:00.000,99487395,0,Si,En ejecución,Distribuido,Inversión,https://community.secop.gov.co/Public/Tendering/OpportunityDetail/Index?noticeUID=CO1.NTC.6331137&isFromPublicArea=True&isModal=true&asPopupView=true,CO1.BDOS.6321410,unclear,False,False,0.91
CO1.PCCNTR.9757599,UNIAJC,Territorial,Educación Nacional,Valle del Cauca,Prestación de servicios,Contratación directa,Cédula de Ciudadanía,2026-08-06T00:00:00.000,2026-08-21T00:00:00.000,2026-10-30T00:00:00.000,12450000,0,No,En ejecución,Recursos Propios,Inversión,https://community.secop.gov.co/Public/Tendering/OpportunityDetail/Index?noticeUID=CO1.NTC.10636409&isFromPublicArea=True&isModal=true&asPopupView=true,CO1.BDOS.10595989,individual_professional_ai,False,False,0.88
CO1.PCCNTR.6281909,ESAP SEDE CENTRAL (Cuenta Oficial),Nacional,Servicio Público,Distrito Capital de Bogotá,Prestación de servicios,Contratación directa,Cédula de Ciudadanía,2024-05-03T00:00:00.000,2024-05-03T00:00:00.000,2024-12-31T00:00:00.000,38984400,0,No,En ejecución,Recursos Propios,Inversión,https://community.secop.gov.co/Public/Tendering/OpportunityDetail/Index?noticeUID=CO1.NTC.6064810&isFromPublicArea=True&isModal=true&asPopupView=true,CO1.BDOS.6056593,individual_professional_ai,False,False,0.79
CO1.PCCNTR.7930623,INSTITUCIÓN UNIVERSITARIA ITM,Nacional,Educación Nacional,Antioquia,Prestación de servicios,Contratación directa,Cédula de Ciudadanía,2025-05-29T00:00:00.000,2025-05-29T00:00:00.000,2025-12-31T00:00:00.000,26180373,0,Si,Modificado,Recursos Propios,Inversión,https://community.secop.gov.co/Public/Tendering/OpportunityDetail/Index?noticeUID=CO1.NTC.8214368&isFromPublicArea=True&isModal=true&asPopupView=true,CO1.BDOS.8193472,incidental,False,False,0.98
CO1.PCCNTR.7659903,SERVICIO GEOLOGICO COLOMBIANO**,Nacional,Minas y Energía,Distrito Capital de Bogotá,Prestación de servicios,Contratación directa,Cédula de Ciudadanía,2025-03-17T00:00:00.000,2025-03-19T00:00:00.000,2025-12-31T00:00:00.000,123575760,0,No,Cerrado,Distribuido,Inversión,https://community.secop.gov.co/Public/Tendering/OpportunityDetail/Index?noticeUID=CO1.NTC.7844206&isFromPublicArea=True&isModal=true&asPopupView=true,CO1.BDOS.7828430,individual_professional_ai,False,False,0.98
CO1.PCCNTR.5341985,ESAP SEDE CENTRAL (Cuenta Oficial),Nacional,Servicio Público,Distrito Capital de Bogotá,Prestación de servicios,Contratación directa,Cédula de Ciudadanía,2023-09-01T00:00:00.000,2023-09-05T00:00:00.000,2023-12-31T00:00:00.000,46160000,0,No,Cerrado,Recursos Propios,Inversión,https://community.secop.gov.co/Public/Tendering/OpportunityDetail/Index?noticeUID=CO1.NTC.4901166&isFromPublicArea=True&isModal=true&asPopupView=true,CO1.BDOS.4891712,individual_professional_ai,False,False,0.79
CO1.PCCNTR.4531267,FONDO UNICO DE TECNOLOGÍAS DE LA INFORMACIÓN Y LAS COMUNICACIONES,Nacional,Tecnologías de la Información y las Comunicaciones,Distrito Capital de Bogotá,Prestación de servicios,Contratación directa,Cédula de Ciudadanía,2023-02-01T00:00:00.000,2023-02-03T00:00:00.000,2023-12-31T00:00:00.000,137916667,0,No,En ejecución,Distribuido,Inversión,https://community.secop.gov.co/Public/Tendering/OpportunityDetail/Index?noticeUID=CO1.NTC.3896476&isFromPublicArea=True&isModal=true&asPopupView=true,CO1.BDOS.3895412,individual_professional_ai,False,False,0.98
CO1.PCCNTR.8206883,CVC,Nacional,Ambiente y Desarrollo Sostenible,Valle del Cauca,Prestación de servicios,Contratación directa,NIT,2025-08-19T00:00:00.000,2025-08-26T00:00:00.000,2026-03-31T00:00:00.000,434633333,90,No,Modificado,Recursos Propios,Inversión,https://community.secop.gov.co/Public/Tendering/OpportunityDetail/Index?noticeUID=CO1.NTC.8483810&isFromPublicArea=True&isModal=true&asPopupView=true,CO1.BDOS.8458758,incidental,False,False,0.84
CO1.PCCNTR.4545597,SENA DISTRITO CAPITAL GRUPO DE APOYO ADMINISTRATIVO - CGI,Nacional,Trabajo,Distrito Capital de Bogotá,Prestación de servicios,Contratación directa,Cédula de Ciudadanía,2023-02-02T00:00:00.000,2023-02-02T00:00:00.000,2023-12-15T00:00:00.000,42178500,0,Si,Cerrado,Distribuido,Inversión,https://community.secop.gov.co/Public/Tendering/OpportunityDetail/Index?noticeUID=CO1.NTC.3897510&isFromPublicArea=True&isModal=true&asPopupView=true,CO1.BDOS.3894440,individual_professional_ai,False,False,0.97
CO1.PCCNTR.6667052,INSTITUCIÓN UNIVERSITARIA ITM,Nacional,Educación Nacional,Antioquia,Prestación de servicios,Contratación directa,Cédula de Ciudadanía,2024-08-21T00:00:00.000,2024-08-21T00:00:00.000,2024-12-31T00:00:00.000,15566377,0,Si,En ejecución,Recursos Propios,Funcionamiento,https://community.secop.gov.co/Public/Tendering/OpportunityDetail/Index?noticeUID=CO1.NTC.6583835&isFromPublicArea=True&isModal=true&asPopupView=true,CO1.BDOS.6573453,individual_professional_ai,False,False,0.94
CO1.PCCNTR.9029022,JEP,Nacional,No aplica/No pertenece,Distrito Capital de Bogotá,Prestación de servicios,Contratación régimen especial,Cédula de Ciudadanía,2026-01-26T00:00:00.000,2026-01-28T00:00:00.000,2026-12-31T00:00:00.000,122975700,0,No,En ejecución,Distribuido,Inversión,https://community.secop.gov.co/Public/Tendering/OpportunityDetail/Index?noticeUID=CO1.NTC.9662579&isFromPublicArea=True&isModal=true&asPopupView=true,CO1.BDOS.9587574,individual_professional_ai,False,False,0.78
CO1.PCCNTR.7955021,SUPERINTENDENCIA DE SERVICIOS PÚBLICOS DOMICILIARIOS,Nacional,Planeación,Distrito Capital de Bogotá,Prestación de servicios,Contratación directa,Cédula de Ciudadanía,2025-06-06T00:00:00.000,2025-06-10T00:00:00.000,2025-12-23T00:00:00.000,105820000,0,No,En ejecución,Distribuido,Inversión,https://community.secop.gov.co/Public/Tendering/OpportunityDetail/Index?noticeUID=CO1.NTC.8249149&isFromPublicArea=True&isModal=true&asPopupView=true,CO1.BDOS.8225616,individual_professional_ai,False,False,0.98
CO1.PCCNTR.7430679,INSTITUCIÓN UNIVERSITARIA ITM,Nacional,Educación Nacional,Antioquia,Prestación de servicios,Contratación directa,Cédula de Ciudadanía,2025-02-06T00:00:00.000,2025-02-06T00:00:00.000,2025-12-31T00:00:00.000,40700000,0,Si,Modificado,Recursos Propios,Funcionamiento,https://community.secop.gov.co/Public/Tendering/OpportunityDetail/Index?noticeUID=CO1.NTC.7561748&isFromPublicArea=True&isModal=true&asPopupView=true,CO1.BDOS.7548529,individual_professional_ai,False,False,0.76
CO1.PCCNTR.4590518,SENA DISTRITO CAPITAL GRUPO DE APOYO ADMINISTRATIVO - CGI,Nacional,Trabajo,Distrito Capital de Bogotá,Prestación de servicios,Contratación directa,Cédula de Ciudadanía,2023-02-09T00:00:00.000,2023-02-09T00:00:00.000,2023-10-31T00:00:00.000,36153000,0,Si,Cerrado,Distribuido,Inversión,https://community.secop.gov.co/Public/Tendering/OpportunityDetail/Index?noticeUID=CO1.NTC.3897463&isFromPublicArea=True&isModal=true&asPopupView=true,CO1.BDOS.3895406,individual_professional_ai,False,False,0.97
CO1.PCCNTR.6644403,MINCIENCIAS,Nacional,Ciencia Tecnología,Distrito Capital de Bogotá,Prestación de servicios,Contratación directa,Cédula de Ciudadanía,2024-08-15T00:00:00.000,2024-08-16T00:00:00.000,2024-12-31T00:00:00.000,18000000,0,Si,Cerrado,Distribuido,Inversión,https://community.secop.gov.co/Public/Tendering/OpportunityDetail/Index?noticeUID=CO1.NTC.6552221&isFromPublicArea=True&isModal=true&asPopupView=true,CO1.BDOS.6541712,individual_professional_ai,False,False,0.98
CO1.PCCNTR.8979541,INSTITUTO COLOMBIANO DE CREDITO EDUCATIVO Y ESTUDIO TÉCNICOS EN EL EXTERIOR MARIANO OSPINA PEREZ.,Nacional,Educación Nacional,Distrito Capital de Bogotá,Prestación de servicios,Contratación régimen especial,Cédula de Ciudadanía,2026-01-19T00:00:00.000,2026-01-19T00:00:00.000,2026-12-31T00:00:00.000,93917856,0,No,En ejecución,Recursos Propios,Funcionamiento,https://community.secop.gov.co/Public/Tendering/OpportunityDetail/Index?noticeUID=CO1.NTC.9610162&isFromPublicArea=True&isModal=true&asPopupView=true,CO1.BDOS.9596567,individual_professional_ai,False,False,0.96
CO1.PCCNTR.7930515,INSTITUCIÓN UNIVERSITARIA ITM,Nacional,Educación Nacional,Antioquia,Prestación de servicios,Contratación directa,Cédula de Ciudadanía,2025-05-29T00:00:00.000,2025-05-29T00:00:00.000,2025-12-31T00:00:00.000,18083333,0,Si,En ejecución,Recursos Propios,Inversión,https://community.secop.gov.co/Public/Tendering/OpportunityDetail/Index?noticeUID=CO1.NTC.8214303&isFromPublicArea=True&isModal=true&asPopupView=true,CO1.BDOS.8193047,incidental,False,False,0.97
CO1.PCCNTR.8768727,UNIDAD ADMINISTRATIVA ESPECIAL DE GESTION DE RESTITUCION DE TIERRAS DESPOJADAS**,Nacional,Inclusión Social y Reconciliación,Distrito Capital de Bogotá,Prestación de servicios,Contratación directa,Cédula de Ciudadanía,2026-01-07T00:00:00.000,2026-01-08T00:00:00.000,2026-12-31T00:00:00.000,179254800,0,No,En ejecución,Distribuido,Inversión,https://community.secop.gov.co/Public/Tendering/OpportunityDetail/Index?noticeUID=CO1.NTC.9385339&isFromPublicArea=True&isModal=true&asPopupView=true,CO1.BDOS.9370345,individual_professional_ai,False,False,0.98
CO1.PCCNTR.9723598,INSTITUCIÓN UNIVERSITARIA ITM,Nacional,Educación Nacional,Antioquia,Prestación de servicios,Contratación directa,NIT,2026-07-28T00:00:00.000,2026-07-28T00:00:00.000,2026-08-15T00:00:00.000,50000000,0,No,En ejecución,Recursos Propios,Funcionamiento,https://community.secop.gov.co/Public/Tendering/OpportunityDetail/Index?noticeUID=CO1.NTC.10593270&isFromPublicArea=True&isModal=true&asPopupView=true,CO1.BDOS.10555741,ai_development_service,False,False,0.97
CO1.PCCNTR.8480533,FEDERACION COLOMBIANA DE MUNICIPIOS,Corporación Autónoma,No aplica/No pertenece,Distrito Capital de Bogotá,Prestación de servicios,Contratación directa,Cédula de Ciudadanía,2025-10-22T00:00:00.000,2025-10-28T00:00:00.000,2025-12-29T00:00:00.000,26949000,0,No,En ejecución,Recursos Propios,Inversión,https://community.secop.gov.co/Public/Tendering/OpportunityDetail/Index?noticeUID=CO1.NTC.8984957&isFromPublicArea=True&isModal=true&asPopupView=true,CO1.BDOS.8959583,individual_professional_ai,False,False,0.91
CO1.PCCNTR.7521551,IGAC Sede Central *,Nacional,Información Estadística,Distrito Capital de Bogotá,Prestación de servicios,Contratación directa,Cédula de Ciudadanía,2025-02-19T00:00:00.000,2025-02-20T00:00:00.000,2025-12-31T00:00:00.000,66644086,0,No,Cerrado,Distribuido,Inversión,https://community.secop.gov.co/Public/Tendering/OpportunityDetail/Index?noticeUID=CO1.NTC.7668256&isFromPublicArea=True&isModal=true&asPopupView=true,CO1.BDOS.7653306,individual_professional_ai,False,False,0.97
CO1.PCCNTR.8359429,Patrimonio Autónomo-Fondo De Seguridad Vial,Nacional,Hacienda y Crédito Público,No Definido,Decreto 092 de 2017,Contratación régimen especial,Cédula de Ciudadanía,2025-09-29T00:00:00.000,2025-10-06T00:00:00.000,2026-10-05T00:00:00.000,138000000,0,No,Modificado,Recursos Propios,Inversión,https://community.secop.gov.co/Public/Tendering/OpportunityDetail/Index?noticeUID=CO1.NTC.8824521&isFromPublicArea=True&isModal=true&asPopupView=true,CO1.BDOS.8799088,individual_professional_ai,False,False,0.82
CO1.PCCNTR.5392501,SENA DISTRITO CAPITAL GRUPO DE APOYO ADMINISTRATIVO - CGI,Nacional,Trabajo,Distrito Capital de Bogotá,Prestación de servicios,Contratación directa,Cédula de Ciudadanía,2023-09-19T00:00:00.000,2023-09-19T00:00:00.000,2023-12-16T00:00:00.000,11783200,0,No,Cerrado,Distribuido,Inversión,https://community.secop.gov.co/Public/Tendering/OpportunityDetail/Index?noticeUID=CO1.NTC.4972383&isFromPublicArea=True&isModal=true&asPopupView=true,CO1.BDOS.4962049,individual_professional_ai,False,False,0.96
CO1.PCCNTR.7812435,UNIDAD CENTRAL DEL VALLE DEL CAUCA,Territorial,Educación Nacional,Valle del Cauca,Compraventa,Contratación Directa (con ofertas),NIT,2025-04-25T00:00:00.000,2025-04-29T00:00:00.000,2025-08-29T00:00:00.000,439717799,30,No,Modificado,Recursos Propios,Inversión,https://community.secop.gov.co/Public/Tendering/OpportunityDetail/Index?noticeUID=CO1.NTC.8018853&isFromPublicArea=True&isModal=true&asPopupView=true,CO1.BDOS.8000997,ai_development_service,False,False,0.78
CO1.PCCNTR.7448843,IGAC Sede Central *,Nacional,Información Estadística,Distrito Capital de Bogotá,Prestación de servicios,Contratación directa,Cédula de Ciudadanía,2025-02-12T00:00:00.000,2025-02-14T00:00:00.000,2025-08-13T00:00:00.000,93000000,0,No,Cerrado,Distribuido,Inversión,https://community.secop.gov.co/Public/Tendering/OpportunityDetail/Index?noticeUID=CO1.NTC.7581124&isFromPublicArea=True&isModal=true&asPopupView=true,CO1.BDOS.7567338,individual_professional_ai,False,False,0.96
CO1.PCCNTR.9697003,JEP,Nacional,No aplica/No pertenece,Distrito Capital de Bogotá,Prestación de servicios,Contratación régimen especial,Cédula de Ciudadanía,2026-07-27T00:00:00.000,2026-08-03T00:00:00.000,2026-12-31T00:00:00.000,53420913,0,No,terminado,Distribuido,Inversión,https://community.secop.gov.co/Public/Tendering/OpportunityDetail/Index?noticeUID=CO1.NTC.10554102&isFromPublicArea=True&isModal=true&asPopupView=true,CO1.BDOS.10516801,individual_professional_ai,False,False,0.78
CO1.PCCNTR.8391615,SENA REGIONAL RISARALDA Grupo de Apoyo Administrativo Mixto//,Nacional,Educación Nacional,Risaralda,Prestación de servicios,Mínima cuantía,NIT,2025-10-02T00:00:00.000,2025-10-10T00:00:00.000,2025-11-10T00:00:00.000,35700000,0,No,En ejecución,Recursos Propios,Inversión,https://community.secop.gov.co/Public/Tendering/OpportunityDetail/Index?noticeUID=CO1.NTC.8776714&isFromPublicArea=True&isModal=true&asPopupView=true,CO1.BDOS.8748788,incidental,False,False,0.97
CO1.PCCNTR.7485482,SENA REGIONAL RISARALDA Grupo de Apoyo Administrativo Mixto//,Nacional,Educación Nacional,Risaralda,Prestación de servicios,Contratación directa,Cédula de Ciudadanía,2025-02-14T00:00:00.000,2025-02-17T00:00:00.000,2025-12-31T00:00:00.000,58240000,0,No,Cerrado,Distribuido,Inversión,https://community.secop.gov.co/Public/Tendering/OpportunityDetail/Index?noticeUID=CO1.NTC.7624833&isFromPublicArea=True&isModal=true&asPopupView=true,CO1.BDOS.7609518,individual_professional_ai,False,False,0.83
CO1.PCCNTR.7648664,FEDERACION COLOMBIANA DE MUNICIPIOS,Corporación Autónoma,No aplica/No pertenece,Distrito Capital de Bogotá,Prestación de servicios,Contratación directa,Cédula de Ciudadanía,2025-03-14T00:00:00.000,2025-03-21T00:00:00.000,2025-12-26T00:00:00.000,59400000,0,No,En ejecución,Recursos Propios,Funcionamiento,https://community.secop.gov.co/Public/Tendering/OpportunityDetail/Index?noticeUID=CO1.NTC.7829851&isFromPublicArea=True&isModal=true&asPopupView=true,CO1.BDOS.7815163,individual_professional_ai,False,False,0.96
CO1.PCCNTR.8527079,MUNICIPIO DE SANTA ROSA DE CABAL,Territorial,Servicio Público,Risaralda,Prestación de servicios,Contratación directa,Cédula de Ciudadanía,2025-10-31T00:00:00.000,2025-11-05T00:00:00.000,2025-12-31T00:00:00.000,8400000,0,No,Cerrado,Distribuido,Inversión,https://community.secop.gov.co/Public/Tendering/OpportunityDetail/Index?noticeUID=CO1.NTC.9044977&isFromPublicArea=True&isModal=true&asPopupView=true,CO1.BDOS.9020577,individual_professional_ai,False,False,0.94
CO1.PCCNTR.9243079,IUOC,Territorial,Educación Nacional,Caldas,Prestación de servicios,Contratación directa,Cédula de Ciudadanía,2026-01-29T00:00:00.000,2026-01-30T00:00:00.000,2026-07-29T00:00:00.000,20529036,30,No,Modificado,Distribuido,Funcionamiento,https://community.secop.gov.co/Public/Tendering/OpportunityDetail/Index?noticeUID=CO1.NTC.9875390&isFromPublicArea=True&isModal=true&asPopupView=true,CO1.BDOS.9855889,individual_professional_ai,False,False,0.91
CO1.PCCNTR.6637405,MUNICIPIO DE PEREIRA- OFICIAL,Territorial,Servicio Público,Risaralda,Prestación de servicios,Contratación directa,NIT,2024-08-14T00:00:00.000,2024-08-21T00:00:00.000,2024-12-31T00:00:00.000,800000000,0,No,En ejecución,Distribuido,Inversión,https://community.secop.gov.co/Public/Tendering/OpportunityDetail/Index?noticeUID=CO1.NTC.6537772&isFromPublicArea=True&isModal=true&asPopupView=true,CO1.BDOS.6527742,ai_development_service,False,False,0.94
CO1.PCCNTR.6947155,FONDO UNICO DE TECNOLOGÍAS DE LA INFORMACIÓN Y LAS COMUNICACIONES,Nacional,Tecnologías de la Información y las Comunicaciones,Distrito Capital de Bogotá,Compraventa,Selección abreviada subasta inversa,NIT,2024-11-05T00:00:00.000,2024-11-19T00:00:00.000,2024-12-15T00:00:00.000,1532670190,0,No,En ejecución,Distribuido,Inversión,https://community.secop.gov.co/Public/Tendering/OpportunityDetail/Index?noticeUID=CO1.NTC.6810053&isFromPublicArea=True&isModal=true&asPopupView=true,CO1.BDOS.6723706,ai_product_or_platform,False,False,0.96
CO1.PCCNTR.5833210,DEPARTAMENTO NACIONAL DE PLANEACIÓN,Nacional,Planeación,Distrito Capital de Bogotá,Prestación de servicios,Contratación directa,Cédula de Ciudadanía,2024-01-29T00:00:00.000,2024-01-30T00:00:00.000,2024-12-31T00:00:00.000,163381050,0,No,Cerrado,Distribuido,Inversión,https://community.secop.gov.co/Public/Tendering/OpportunityDetail/Index?noticeUID=CO1.NTC.5529340&isFromPublicArea=True&isModal=true&asPopupView=true,CO1.BDOS.5519288,individual_professional_ai,False,False,0.98
CO1.PCCNTR.9260816,UNIDAD ADMINISTRATIVA ESPECIAL DE LA JUSTICIA PENAL MILITAR Y POLICIAL,Nacional,defensa,Distrito Capital de Bogotá,Prestación de servicios,Contratación directa,Cédula de Ciudadanía,2026-01-29T00:00:00.000,2026-02-02T00:00:00.000,2026-11-30T00:00:00.000,164450000,0,Si,En ejecución,Distribuido,Funcionamiento,https://community.secop.gov.co/Public/Tendering/OpportunityDetail/Index?noticeUID=CO1.NTC.9893065&isFromPublicArea=True&isModal=true&asPopupView=true,CO1.BDOS.9869062,individual_professional_ai,False,False,0.96
CO1.PCCNTR.9049531,JEP,Nacional,No aplica/No pertenece,Distrito Capital de Bogotá,Prestación de servicios,Contratación régimen especial,Cédula de Ciudadanía,2026-01-26T00:00:00.000,2026-01-28T00:00:00.000,2026-12-31T00:00:00.000,122975700,0,No,terminado,Distribuido,Inversión,https://community.secop.gov.co/Public/Tendering/OpportunityDetail/Index?noticeUID=CO1.NTC.9684464&isFromPublicArea=True&isModal=true&asPopupView=true,CO1.BDOS.9667726,individual_professional_ai,False,False,0.98
CO1.PCCNTR.9273374,ESAP TERRITORIAL HUILA-CAQUETA Y BAJO PUTUMAYO,Nacional,Educación Nacional,Huila,Prestación de servicios,Contratación directa,Cédula de Ciudadanía,2026-01-30T00:00:00.000,2026-02-17T00:00:00.000,2026-12-30T00:00:00.000,4160000,0,No,En ejecución,Recursos Propios,Inversión,https://community.secop.gov.co/Public/Tendering/OpportunityDetail/Index?noticeUID=CO1.NTC.9905088&isFromPublicArea=True&isModal=true&asPopupView=true,CO1.BDOS.9885042,individual_professional_ai,False,False,0.97
CO1.PCCNTR.7863437,INSTITUCION UNIVERSITARIA DE SANTA MARTA,Territorial,Educación Nacional,Magdalena,Prestación de servicios,Contratación directa,Cédula de Ciudadanía,2025-05-12T00:00:00.000,2025-05-12T00:00:00.000,2025-07-31T00:00:00.000,19500000,0,No,En ejecución,Distribuido,Funcionamiento,https://community.secop.gov.co/Public/Tendering/OpportunityDetail/Index?noticeUID=CO1.NTC.8114239&isFromPublicArea=True&isModal=true&asPopupView=true,CO1.BDOS.8095336,individual_professional_ai,False,False,0.94
CO1.PCCNTR.7975042,IGAC Sede Central *,Nacional,Información Estadística,Distrito Capital de Bogotá,Prestación de servicios,Contratación directa,Cédula de Ciudadanía,2025-06-13T00:00:00.000,2025-06-13T00:00:00.000,2025-12-27T00:00:00.000,84500000,0,No,Cerrado,Distribuido,Inversión,https://community.secop.gov.co/Public/Tendering/OpportunityDetail/Index?noticeUID=CO1.NTC.8278701&isFromPublicArea=True&isModal=true&asPopupView=true,CO1.BDOS.8256818,individual_professional_ai,False,False,0.91
CO1.PCCNTR.6341923,MINCIENCIAS,Nacional,Ciencia Tecnología,Distrito Capital de Bogotá,Prestación de servicios,Contratación directa,Cédula de Ciudadanía,2024-05-17T00:00:00.000,2024-05-22T00:00:00.000,2024-11-21T00:00:00.000,72000000,0,No,En ejecución,Distribuido,Inversión,https://community.secop.gov.co/Public/Tendering/OpportunityDetail/Index?noticeUID=CO1.NTC.6143736&isFromPublicArea=True&isModal=true&asPopupView=true,CO1.BDOS.6134967,individual_professional_ai,False,False,0.98
CO1.PCCNTR.9130290,PROCURADURIA GENERAL DE LA NACION,Nacional,No aplica/No pertenece,Distrito Capital de Bogotá,Prestación de servicios,Contratación directa,Cédula de Ciudadanía,2026-01-27T00:00:00.000,2026-02-03T00:00:00.000,2026-06-30T00:00:00.000,38933333.33,0,No,terminado,Distribuido,Inversión,https://community.secop.gov.co/Public/Tendering/OpportunityDetail/Index?noticeUID=CO1.NTC.9765492&isFromPublicArea=True&isModal=true&asPopupView=true,CO1.BDOS.9731715,individual_professional_ai,False,False,0.98
CO1.PCCNTR.8575857,DEPARTAMENTO DE ANTIOQUIA//,Territorial,Servicio Público,Antioquia,Otro,Contratación Directa (con ofertas),NIT,2025-11-14T00:00:00.000,2025-11-25T00:00:00.000,2026-06-30T00:00:00.000,1098966705,0,No,Modificado,Distribuido,Inversión,https://community.secop.gov.co/Public/Tendering/OpportunityDetail/Index?noticeUID=CO1.NTC.9100337&isFromPublicArea=True&isModal=true&asPopupView=true,CO1.BDOS.9075237,ai_development_service,False,False,0.87
CO1.PCCNTR.6458948,SENA REGIONAL ANTIOQUIA Grupo de Apoyo Administrativo Mixto,Nacional,Trabajo,Antioquia,Prestación de servicios,Contratación directa,Cédula de Ciudadanía,2024-06-24T00:00:00.000,2024-06-24T00:00:00.000,2024-12-13T00:00:00.000,25304756,0,No,terminado,Distribuido,Inversión,https://community.secop.gov.co/Public/Tendering/OpportunityDetail/Index?noticeUID=CO1.NTC.6303354&isFromPublicArea=True&isModal=true&asPopupView=true,CO1.BDOS.6292898,individual_professional_ai,False,False,0.97
CO1.PCCNTR.7210763,JEP,Nacional,No aplica/No pertenece,Distrito Capital de Bogotá,Prestación de servicios,Contratación régimen especial,Cédula de Ciudadanía,2025-01-09T00:00:00.000,2025-01-10T00:00:00.000,2025-11-04T00:00:00.000,106124791,0,Si,Modificado,Distribuido,Inversión,https://community.secop.gov.co/Public/Tendering/OpportunityDetail/Index?noticeUID=CO1.NTC.7301068&isFromPublicArea=True&isModal=true&asPopupView=true,CO1.BDOS.7283987,individual_professional_ai,False,False,0.87
CO1.PCCNTR.9052807,UPME,Nacional,Minas y Energía,Distrito Capital de Bogotá,Prestación de servicios,Contratación régimen especial,Cédula de Ciudadanía,2026-01-23T00:00:00.000,2026-01-28T00:00:00.000,2026-12-31T00:00:00.000,61050000,0,No,Modificado,Recursos Propios,Inversión,https://community.secop.gov.co/Public/Tendering/OpportunityDetail/Index?noticeUID=CO1.NTC.9687516&isFromPublicArea=True&isModal=true&asPopupView=true,CO1.BDOS.9643843,individual_professional_ai,False,False,0.97
CO1.PCCNTR.8575948,MUNICIPIO DE ANAPOIMA/,Territorial,Servicio Público,Cundinamarca,Prestación de servicios,Mínima cuantía,NIT,2025-11-11T00:00:00.000,2025-11-25T00:00:00.000,2025-11-27T00:00:00.000,9700000,0,No,En ejecución,Distribuido,Inversión,https://community.secop.gov.co/Public/Tendering/OpportunityDetail/Index?noticeUID=CO1.NTC.9030812&isFromPublicArea=True&isModal=true&asPopupView=true,CO1.BDOS.8998197,incidental,False,False,0.98
CO1.PCCNTR.9046333,SERVICIO GEOLOGICO COLOMBIANO**,Nacional,Minas y Energía,Distrito Capital de Bogotá,Prestación de servicios,Contratación directa,Cédula de Ciudadanía,2026-01-22T00:00:00.000,2026-01-26T00:00:00.000,2026-12-24T00:00:00.000,127282100,0,No,En ejecución,Distribuido,Funcionamiento,https://community.secop.gov.co/Public/Tendering/OpportunityDetail/Index?noticeUID=CO1.NTC.9672055&isFromPublicArea=True&isModal=true&asPopupView=true,CO1.BDOS.9616058,individual_professional_ai,False,False,0.97
CO1.PCCNTR.7393067,JEP,Nacional,No aplica/No pertenece,Distrito Capital de Bogotá,Prestación de servicios,Contratación régimen especial,Cédula de Ciudadanía,2025-02-06T00:00:00.000,2025-02-12T00:00:00.000,2025-12-31T00:00:00.000,113653923,31,No,Modificado,Distribuido,Inversión,https://community.secop.gov.co/Public/Tendering/OpportunityDetail/Index?noticeUID=CO1.NTC.7518344&isFromPublicArea=True&isModal=true&asPopupView=true,CO1.BDOS.7504331,individual_professional_ai,False,False,0.86
CO1.PCCNTR.8156456,INSTITUTO DE TURISMO DEL META,Territorial,Industria,Meta,Prestación de servicios,Contratación directa,NIT,2025-08-01T00:00:00.000,2025-08-01T00:00:00.000,2025-08-05T00:00:00.000,8128000,0,No,terminado,Distribuido,Inversión,https://community.secop.gov.co/Public/Tendering/OpportunityDetail/Index?noticeUID=CO1.NTC.8542934&isFromPublicArea=True&isModal=true&asPopupView=true,CO1.BDOS.8520359,incidental,False,False,0.99
CO1.PCCNTR.8245346,CONCEJO MUNICIPAL DE PEREIRA,Territorial,Servicio Público,Risaralda,Suministros,Mínima cuantía,NIT,2025-08-28T00:00:00.000,2025-09-02T00:00:00.000,2025-12-01T00:00:00.000,38750000,0,No,En ejecución,Distribuido,Funcionamiento,https://community.secop.gov.co/Public/Tendering/OpportunityDetail/Index?noticeUID=CO1.NTC.8637264&isFromPublicArea=True&isModal=true&asPopupView=true,CO1.BDOS.8574409,ai_product_or_platform,False,True,0.76
CO1.PCCNTR.7696376,SERVICIO GEOLOGICO COLOMBIANO**,Nacional,Minas y Energía,Distrito Capital de Bogotá,Prestación de servicios,Contratación directa,Cédula de Ciudadanía,2025-03-25T00:00:00.000,2025-03-26T00:00:00.000,2025-12-24T00:00:00.000,48866328,0,No,Modificado,Distribuido,Funcionamiento,https://community.secop.gov.co/Public/Tendering/OpportunityDetail/Index?noticeUID=CO1.NTC.7891080&isFromPublicArea=True&isModal=true&asPopupView=true,CO1.BDOS.7871993,individual_professional_ai,False,False,0.9
CO1.PCCNTR.7971456,INSTITUCIÓN UNIVERSITARIA ITM,Nacional,Educación Nacional,Antioquia,Prestación de servicios,Contratación directa,Cédula de Ciudadanía,2025-06-12T00:00:00.000,2025-06-12T00:00:00.000,2025-07-26T00:00:00.000,3000000,0,Si,En ejecución,Recursos Propios,Funcionamiento,https://community.secop.gov.co/Public/Tendering/OpportunityDetail/Index?noticeUID=CO1.NTC.8272943&isFromPublicArea=True&isModal=true&asPopupView=true,CO1.BDOS.8251078,individual_professional_ai,False,False,0.88
CO1.PCCNTR.8123901,DEPARTAMENTO DE CUNDINAMARCA -SECRETARIA DE GOBIERNO,Territorial,No aplica/No pertenece,Distrito Capital de Bogotá,Prestación de servicios,Mínima cuantía,NIT,2025-07-25T00:00:00.000,2025-07-30T00:00:00.000,2025-12-31T00:00:00.000,58348561,0,No,terminado,Distribuido,Inversión,https://community.secop.gov.co/Public/Tendering/OpportunityDetail/Index?noticeUID=CO1.NTC.8417348&isFromPublicArea=True&isModal=true&asPopupView=true,CO1.BDOS.8391746,ai_development_service,False,False,0.98
CO1.PCCNTR.7661509,SERVICIO GEOLOGICO COLOMBIANO**,Nacional,Minas y Energía,Distrito Capital de Bogotá,Prestación de servicios,Contratación directa,Cédula de Ciudadanía,2025-03-17T00:00:00.000,2025-03-18T00:00:00.000,2025-12-31T00:00:00.000,72099565,0,No,Cerrado,Distribuido,Inversión,https://community.secop.gov.co/Public/Tendering/OpportunityDetail/Index?noticeUID=CO1.NTC.7846218&isFromPublicArea=True&isModal=true&asPopupView=true,CO1.BDOS.7829021,individual_professional_ai,False,False,0.78
CO1.PCCNTR.7395510,COMISION DE REGULACION DE ENERGIA Y GAS,Nacional,Minas y Energía,Distrito Capital de Bogotá,Decreto 092 de 2017,Contratación régimen especial,NIT,2025-02-04T00:00:00.000,2025-02-06T00:00:00.000,2025-12-31T00:00:00.000,362000000,0,No,terminado,Distribuido,Inversión,https://community.secop.gov.co/Public/Tendering/OpportunityDetail/Index?noticeUID=CO1.NTC.7520664&isFromPublicArea=True&isModal=true&asPopupView=true,CO1.BDOS.7506623,ai_development_service,True,True,0.87
CO1.PCCNTR.8621492,CONCEJO MUNICIPAL DE FUSAGASUGA,Territorial,Servicio Público,No Definido,Prestación de servicios,Contratación directa,Cédula de Ciudadanía,2025-11-24T00:00:00.000,2025-11-24T00:00:00.000,2025-12-08T00:00:00.000,10000000,0,No,Cerrado,Distribuido,Funcionamiento,https://community.secop.gov.co/Public/Tendering/OpportunityDetail/Index?noticeUID=CO1.NTC.9171593&isFromPublicArea=True&isModal=true&asPopupView=true,CO1.BDOS.9147019,incidental,False,False,0.88
CO1.PCCNTR.7940330,SENA DISTRITO CAPITAL GRUPO DE APOYO ADMINISTRATIVO - CGI,Nacional,Trabajo,Distrito Capital de Bogotá,Prestación de servicios,Contratación directa,Cédula de Ciudadanía,2025-06-02T00:00:00.000,2025-06-03T00:00:00.000,2025-12-30T00:00:00.000,38826666,0,No,Modificado,Distribuido,Inversión,https://community.secop.gov.co/Public/Tendering/OpportunityDetail/Index?noticeUID=CO1.NTC.8227101&isFromPublicArea=True&isModal=true&asPopupView=true,CO1.BDOS.8206101,individual_professional_ai,False,False,0.84
CO1.PCCNTR.5255881,SENA REGIONAL ATLANTICO Intercentros,Nacional,Transporte,Atlántico,Prestación de servicios,Contratación directa,Cédula de Ciudadanía,2023-08-10T00:00:00.000,2023-08-10T00:00:00.000,2023-12-27T00:00:00.000,9430000,0,Si,En ejecución,Recursos Propios,Inversión,https://community.secop.gov.co/Public/Tendering/OpportunityDetail/Index?noticeUID=CO1.NTC.4784360&isFromPublicArea=True&isModal=true&asPopupView=true,CO1.BDOS.4774002,incidental,False,False,0.88
CO1.PCCNTR.9703630,SENA REGIONAL ANTIOQUIA Grupo de Apoyo Administrativo Mixto,Nacional,Trabajo,Antioquia,Prestación de servicios,Contratación directa,Cédula de Ciudadanía,2026-07-23T00:00:00.000,2026-07-24T00:00:00.000,2026-12-30T00:00:00.000,32881033,0,No,Modificado,Distribuido,Inversión,https://community.secop.gov.co/Public/Tendering/OpportunityDetail/Index?noticeUID=CO1.NTC.10564154&isFromPublicArea=True&isModal=true&asPopupView=true,CO1.BDOS.10512798,individual_professional_ai,False,False,0.91
CO1.PCCNTR.5970022,GOBERNACIÓN DEL CAUCA,Territorial,Servicio Público,Cauca,Prestación de servicios,Contratación directa,Cédula de Ciudadanía,2024-02-21T00:00:00.000,2024-02-23T00:00:00.000,2024-06-23T00:00:00.000,16800000,0,No,Cerrado,Distribuido,Inversión,https://community.secop.gov.co/Public/Tendering/OpportunityDetail/Index?noticeUID=CO1.NTC.5685737&isFromPublicArea=True&isModal=true&asPopupView=true,CO1.BDOS.5599541,individual_professional_ai,False,False,0.9
CO1.PCCNTR.9135002,PROCURADURIA GENERAL DE LA NACION,Nacional,No aplica/No pertenece,Distrito Capital de Bogotá,Prestación de servicios,Contratación directa,Cédula de Ciudadanía,2026-01-27T00:00:00.000,2026-02-03T00:00:00.000,2026-06-30T00:00:00.000,62500000,0,No,terminado,Distribuido,Inversión,https://community.secop.gov.co/Public/Tendering/OpportunityDetail/Index?noticeUID=CO1.NTC.9769305&isFromPublicArea=True&isModal=true&asPopupView=true,CO1.BDOS.9749067,individual_professional_ai,False,False,0.98
CO1.PCCNTR.8832281,UNP,Nacional,defensa,Distrito Capital de Bogotá,Prestación de servicios,Contratación directa,Cédula de Ciudadanía,2026-01-12T00:00:00.000,2026-01-13T00:00:00.000,2026-12-31T00:00:00.000,47609067,0,No,En ejecución,Distribuido,Funcionamiento,https://community.secop.gov.co/Public/Tendering/OpportunityDetail/Index?noticeUID=CO1.NTC.9459789&isFromPublicArea=True&isModal=true&asPopupView=true,CO1.BDOS.9436958,individual_professional_ai,False,False,0.96
CO1.PCCNTR.7879145,SENA REGIONAL DISTRITO CAPITAL Grupo Administrativo Intercentros CEET,Nacional,Trabajo,Distrito Capital de Bogotá,Prestación de servicios,Contratación directa,Cédula de Ciudadanía,2025-05-15T00:00:00.000,2025-05-15T00:00:00.000,2025-12-03T00:00:00.000,33000000,0,No,En ejecución,Distribuido,Inversión,https://community.secop.gov.co/Public/Tendering/OpportunityDetail/Index?noticeUID=CO1.NTC.8139455&isFromPublicArea=True&isModal=true&asPopupView=true,CO1.BDOS.8119915,individual_professional_ai,False,False,0.97
CO1.PCCNTR.5976714,GOBERNACIÓN DEL CAUCA,Territorial,Servicio Público,Cauca,Prestación de servicios,Contratación directa,Cédula de Ciudadanía,2024-02-21T00:00:00.000,2024-02-23T00:00:00.000,2024-06-23T00:00:00.000,15200000,0,No,Cerrado,Distribuido,Inversión,https://community.secop.gov.co/Public/Tendering/OpportunityDetail/Index?noticeUID=CO1.NTC.5692170&isFromPublicArea=True&isModal=true&asPopupView=true,CO1.BDOS.5599297,individual_professional_ai,False,False,0.68
CO1.PCCNTR.9214975,ANM,Nacional,Minas y Energía,Distrito Capital de Bogotá,Prestación de servicios,Contratación directa,Cédula de Ciudadanía,2026-01-28T00:00:00.000,2026-02-02T00:00:00.000,2027-12-31T00:00:00.000,91293333,0,No,En ejecución,Distribuido,Inversión,https://community.secop.gov.co/Public/Tendering/OpportunityDetail/Index?noticeUID=CO1.NTC.9847393&isFromPublicArea=True&isModal=true&asPopupView=true,CO1.BDOS.9828620,individual_professional_ai,False,False,0.98
CO1.PCCNTR.8056806,CONTRALORIA DISTRITAL DE BARRANQUILLA,Territorial,No aplica/No pertenece,Atlántico,Prestación de servicios,Contratación directa,NIT,2025-07-09T00:00:00.000,2025-07-16T00:00:00.000,2025-10-16T00:00:00.000,100000000,0,No,En ejecución,Distribuido,Funcionamiento,https://community.secop.gov.co/Public/Tendering/OpportunityDetail/Index?noticeUID=CO1.NTC.8395363&isFromPublicArea=True&isModal=true&asPopupView=true,CO1.BDOS.8373669,incidental,False,False,0.95
CO1.PCCNTR.4583896,FUNDACIÓN CENTRO INTERNACIONAL DE EDUCACIÓN Y DESARROLLO HUMANO CINDE,Nacional,Ciencia Tecnología,Antioquia,Otro,Contratación régimen especial,Cédula de Ciudadanía,2023-02-23T00:00:00.000,2023-02-23T00:00:00.000,2024-02-01T00:00:00.000,38062684,0,No,terminado,Distribuido,Inversión,https://community.secop.gov.co/Public/Tendering/OpportunityDetail/Index?noticeUID=CO1.NTC.3173520&isFromPublicArea=True&isModal=true&asPopupView=true,CO1.BDOS.3170098,individual_professional_ai,False,False,0.95
CO1.PCCNTR.6778979,GOBERNACIÓN DE BOYACÁ,Territorial,Servicio Público,Boyacá,Prestación de servicios,Contratación directa,Cédula de Ciudadanía,2024-09-17T00:00:00.000,2024-09-18T00:00:00.000,2024-12-30T00:00:00.000,12971129,0,No,Cerrado,Distribuido,Inversión,https://community.secop.gov.co/Public/Tendering/OpportunityDetail/Index?noticeUID=CO1.NTC.6731876&isFromPublicArea=True&isModal=true&asPopupView=true,CO1.BDOS.6720451,individual_professional_ai,False,False,0.97
CO1.PCCNTR.9186505,DEPARTAMENTO DE CUNDINAMARCA -SECRETARIA DE GOBIERNO,Territorial,No aplica/No pertenece,Distrito Capital de Bogotá,Prestación de servicios,Contratación directa,Cédula de Ciudadanía,2026-01-27T00:00:00.000,2026-01-28T00:00:00.000,2026-11-27T00:00:00.000,102210000,0,No,En ejecución,Distribuido,Inversión,https://community.secop.gov.co/Public/Tendering/OpportunityDetail/Index?noticeUID=CO1.NTC.9818846&isFromPublicArea=True&isModal=true&asPopupView=true,CO1.BDOS.9796570,individual_professional_ai,False,False,0.91
CO1.PCCNTR.9144437,INSTITUCIÓN UNIVERSITARIA ITM,Nacional,Educación Nacional,Antioquia,Prestación de servicios,Contratación directa,Cédula de Ciudadanía,2026-01-26T00:00:00.000,2026-01-26T00:00:00.000,2026-04-18T00:00:00.000,9683334,26,Si,Modificado,Recursos Propios,Inversión,https://community.secop.gov.co/Public/Tendering/OpportunityDetail/Index?noticeUID=CO1.NTC.9776863&isFromPublicArea=True&isModal=true&asPopupView=true,CO1.BDOS.9758095,incidental,False,False,0.98
CO1.PCCNTR.8984599,FEDERACION COLOMBIANA DE MUNICIPIOS,Corporación Autónoma,No aplica/No pertenece,Distrito Capital de Bogotá,Prestación de servicios,Contratación directa,Cédula de Ciudadanía,2026-01-19T00:00:00.000,2026-01-22T00:00:00.000,2026-12-29T00:00:00.000,71932500,0,No,En ejecución,Recursos Propios,Funcionamiento,https://community.secop.gov.co/Public/Tendering/OpportunityDetail/Index?noticeUID=CO1.NTC.9615994&isFromPublicArea=True&isModal=true&asPopupView=true,CO1.BDOS.9603167,individual_professional_ai,False,False,0.96
CO1.PCCNTR.7572361,SECRETARIA GENERAL- GOBERNACION DEL VALLE,Territorial,Servicio Público,Valle del Cauca,Prestación de servicios,Contratación directa,NIT,2025-02-28T00:00:00.000,2025-03-04T00:00:00.000,2025-11-04T00:00:00.000,435000000,0,No,terminado,Distribuido,Inversión,https://community.secop.gov.co/Public/Tendering/OpportunityDetail/Index?noticeUID=CO1.NTC.7732252&isFromPublicArea=True&isModal=true&asPopupView=true,CO1.BDOS.7714466,ai_development_service,True,False,0.91
CO1.PCCNTR.9032220,SENA REGIONAL CALDAS CENTRO DE AUTOMATIZACION INDUSTRIAL,Nacional,Salud y Protección Social,Caldas,Prestación de servicios,Contratación directa,Cédula de Ciudadanía,2026-01-21T00:00:00.000,2026-01-22T00:00:00.000,2026-12-21T00:00:00.000,66699996,0,Si,En ejecución,Recursos Propios,Inversión,https://community.secop.gov.co/Public/Tendering/OpportunityDetail/Index?noticeUID=CO1.NTC.9666702&isFromPublicArea=True&isModal=true&asPopupView=true,CO1.BDOS.9652617,individual_professional_ai,False,False,0.92
CO1.PCCNTR.8671126,INSTITUCIÓN UNIVERSITARIA ITM,Nacional,Educación Nacional,Antioquia,Prestación de servicios,Contratación directa,Cédula de Ciudadanía,2025-12-04T00:00:00.000,2025-12-04T00:00:00.000,2025-12-30T00:00:00.000,3696000,0,No,En ejecución,Recursos Propios,Funcionamiento,https://community.secop.gov.co/Public/Tendering/OpportunityDetail/Index?noticeUID=CO1.NTC.9239652&isFromPublicArea=True&isModal=true&asPopupView=true,CO1.BDOS.9213307,individual_professional_ai,False,False,0.95
CO1.PCCNTR.8724668,ALCALDIA LOCAL DE USAQUEN,Territorial,Servicio Público,Distrito Capital de Bogotá,Prestación de servicios,Licitación pública,NIT,2025-12-24T00:00:00.000,2025-12-26T00:00:00.000,2026-05-25T00:00:00.000,411870000,33,No,Modificado,Recursos Propios,Inversión,https://community.secop.gov.co/Public/Tendering/OpportunityDetail/Index?noticeUID=CO1.NTC.9172766&isFromPublicArea=True&isModal=true&asPopupView=true,CO1.BDOS.8984608,incidental,False,False,0.98
CO1.PCCNTR.8454529,CORPORACIÓN AUTÓNOMA REGIONAL DEL CANAL DEL DIQUE,Corporación Autónoma,Ambiente y Desarrollo Sostenible,Bolívar,Otro,Contratación Directa (con ofertas),NIT,2025-10-15T00:00:00.000,2025-10-24T00:00:00.000,2025-12-31T00:00:00.000,5879675,0,No,En ejecución,Recursos Propios,Funcionamiento,https://community.secop.gov.co/Public/Tendering/OpportunityDetail/Index?noticeUID=CO1.NTC.8947193&isFromPublicArea=True&isModal=true&asPopupView=true,CO1.BDOS.8919066,ai_product_or_platform,False,False,0.98
CO1.PCCNTR.8615556,CORPOCALDAS.,Nacional,No aplica/No pertenece,Caldas,Prestación de servicios,Contratación directa,NIT,2025-11-21T00:00:00.000,2025-11-21T00:00:00.000,2026-03-31T00:00:00.000,40000000,91,No,Modificado,Recursos Propios,Funcionamiento,https://community.secop.gov.co/Public/Tendering/OpportunityDetail/Index?noticeUID=CO1.NTC.9163513&isFromPublicArea=True&isModal=true&asPopupView=true,CO1.BDOS.9138093,unclear,False,False,0.86
CO1.PCCNTR.9091461,ESCUELA TECNOLÓGICA INSTITUTO TÉCNICO CENTRAL,Nacional,Educación Nacional,Distrito Capital de Bogotá,Prestación de servicios,Contratación directa,Cédula de Ciudadanía,2026-01-24T00:00:00.000,2026-01-26T00:00:00.000,2026-12-15T00:00:00.000,53660700,0,Si,En ejecución,Distribuido,Funcionamiento,https://community.secop.gov.co/Public/Tendering/OpportunityDetail/Index?noticeUID=CO1.NTC.9726768&isFromPublicArea=True&isModal=true&asPopupView=true,CO1.BDOS.9678193,incidental,False,False,0.97
CO1.PCCNTR.8565417,IGAC Sede Central *,Nacional,Información Estadística,Distrito Capital de Bogotá,Otro,Contratación directa,NIT,2025-11-07T00:00:00.000,2025-11-11T00:00:00.000,2027-11-07T00:00:00.000,86480000,0,Si,En ejecución,Distribuido,Inversión,https://community.secop.gov.co/Public/Tendering/OpportunityDetail/Index?noticeUID=CO1.NTC.9090241&isFromPublicArea=True&isModal=true&asPopupView=true,CO1.BDOS.9065520,incidental,False,False,0.96
CO1.PCCNTR.7014387,INSTITUCIÓN UNIVERSITARIA ITM,Nacional,Educación Nacional,Antioquia,Prestación de servicios,Contratación directa,Cédula de Ciudadanía,2024-11-12T00:00:00.000,2024-11-12T00:00:00.000,2024-12-30T00:00:00.000,7400000,0,Si,En ejecución,Recursos Propios,Inversión,https://community.secop.gov.co/Public/Tendering/OpportunityDetail/Index?noticeUID=CO1.NTC.7033709&isFromPublicArea=True&isModal=true&asPopupView=true,CO1.BDOS.7021519,individual_professional_ai,False,False,0.78
CO1.PCCNTR.5682755,FONDO UNICO DE TECNOLOGÍAS DE LA INFORMACIÓN Y LAS COMUNICACIONES,Nacional,Tecnologías de la Información y las Comunicaciones,Distrito Capital de Bogotá,Otro,Contratación directa,NIT,2023-12-21T00:00:00.000,2023-12-21T00:00:00.000,2028-12-20T00:00:00.000,0,0,No,Modificado,Distribuido,Inversión,https://community.secop.gov.co/Public/Tendering/OpportunityDetail/Index?noticeUID=CO1.NTC.5340571&isFromPublicArea=True&isModal=true&asPopupView=true,CO1.BDOS.5326810,unclear,False,False,0.89
CO1.PCCNTR.9504610,Universidad del Atlántico,Territorial,Educación Nacional,Atlántico,Suministros,Contratación régimen especial,NIT,2026-05-13T00:00:00.000,2026-05-15T00:00:00.000,2026-06-15T00:00:00.000,865051460,0,Si,En ejecución,Distribuido,Funcionamiento,https://community.secop.gov.co/Public/Tendering/OpportunityDetail/Index?noticeUID=CO1.NTC.10282061&isFromPublicArea=True&isModal=true&asPopupView=true,CO1.BDOS.10114879,incidental,False,False,0.83
CO1.PCCNTR.8140184,IDACO,Territorial,No aplica/No pertenece,Distrito Capital de Bogotá,Decreto 092 de 2017,Contratación régimen especial (con ofertas),NIT,2025-08-04T00:00:00.000,2025-08-08T00:00:00.000,2025-12-31T00:00:00.000,95055000,0,No,En ejecución,Distribuido,Inversión,https://community.secop.gov.co/Public/Tendering/OpportunityDetail/Index?noticeUID=CO1.NTC.8452438&isFromPublicArea=True&isModal=true&asPopupView=true,CO1.BDOS.8429748,incidental,False,False,0.94
CO1.PCCNTR.8414297,GOBERNACION DEL VALLE - SECRETARIA DE CONVIVENCIA Y SEGURIDAD CIUDADANA,Territorial,No aplica/No pertenece,Valle del Cauca,Otro,Contratación directa,NIT,2025-10-03T00:00:00.000,2025-10-10T00:00:00.000,2025-12-31T00:00:00.000,600000000,0,No,En ejecución,Distribuido,Inversión,https://community.secop.gov.co/Public/Tendering/OpportunityDetail/Index?noticeUID=CO1.NTC.8892361&isFromPublicArea=True&isModal=true&asPopupView=true,CO1.BDOS.8866645,ai_development_service,False,False,0.91
CO1.PCCNTR.7413452,MINTRABAJO NIVEL CENTRAL*/,Nacional,Trabajo,Distrito Capital de Bogotá,Prestación de servicios,Contratación directa,Cédula de Ciudadanía,2025-02-05T00:00:00.000,2025-02-07T00:00:00.000,2025-12-31T00:00:00.000,94962457,0,No,En ejecución,Distribuido,Inversión,https://community.secop.gov.co/Public/Tendering/OpportunityDetail/Index?noticeUID=CO1.NTC.7541606&isFromPublicArea=True&isModal=true&asPopupView=true,CO1.BDOS.7526548,individual_professional_ai,False,False,0.97
CO1.PCCNTR.7882961,DIRECCIÓN DE INCORPORACIÓN-DINCO,Nacional,defensa,Distrito Capital de Bogotá,Prestación de servicios,Contratación directa,Cédula de Ciudadanía,2025-05-15T00:00:00.000,2025-05-15T00:00:00.000,2025-12-15T00:00:00.000,42000000,0,Si,terminado,Distribuido,Funcionamiento,https://community.secop.gov.co/Public/Tendering/OpportunityDetail/Index?noticeUID=CO1.NTC.8145374&isFromPublicArea=True&isModal=true&asPopupView=true,CO1.BDOS.8122009,individual_professional_ai,False,False,0.76
CO1.PCCNTR.8819082,SERVICIO GEOLOGICO COLOMBIANO**,Nacional,Minas y Energía,Distrito Capital de Bogotá,Prestación de servicios,Contratación directa,Cédula de Ciudadanía,2026-01-13T00:00:00.000,2026-01-14T00:00:00.000,2026-12-12T00:00:00.000,95700000,0,No,En ejecución,Distribuido,Funcionamiento,https://community.secop.gov.co/Public/Tendering/OpportunityDetail/Index?noticeUID=CO1.NTC.9449461&isFromPublicArea=True&isModal=true&asPopupView=true,CO1.BDOS.9295120,individual_professional_ai,False,False,0.98
CO1.PCCNTR.8541554,CAMARA DE REPRESENTANTES,Nacional,No aplica/No pertenece,Distrito Capital de Bogotá,Prestación de servicios,Contratación directa,Cédula de Ciudadanía,2025-11-06T00:00:00.000,2025-11-07T00:00:00.000,2025-12-17T00:00:00.000,5333333,0,No,Cerrado,Distribuido,Funcionamiento,https://community.secop.gov.co/Public/Tendering/OpportunityDetail/Index?noticeUID=CO1.NTC.9063769&isFromPublicArea=True&isModal=true&asPopupView=true,CO1.BDOS.9040214,individual_professional_ai,False,False,0.84
CO1.PCCNTR.9251070,MUNICIPIO DE SABANAGRANDE,Territorial,Servicio Público,Atlántico,Prestación de servicios,Contratación directa,NIT,2026-01-29T00:00:00.000,2026-01-30T00:00:00.000,2026-02-28T00:00:00.000,40000000,0,No,En ejecución,Distribuido,Inversión,https://community.secop.gov.co/Public/Tendering/OpportunityDetail/Index?noticeUID=CO1.NTC.9883008&isFromPublicArea=True&isModal=true&asPopupView=true,CO1.BDOS.9855847,incidental,False,False,0.94
CO1.PCCNTR.7775189,Rama Judicial  Dirección Ejecutiva de Administración Judicial,Nacional,Ley de Justicia,Distrito Capital de Bogotá,Prestación de servicios,Contratación directa,Cédula de Ciudadanía,2025-04-24T00:00:00.000,2025-04-25T00:00:00.000,2025-12-31T00:00:00.000,75330000,0,No,Modificado,Distribuido,Inversión,https://community.secop.gov.co/Public/Tendering/OpportunityDetail/Index?noticeUID=CO1.NTC.7990489&isFromPublicArea=True&isModal=true&asPopupView=true,CO1.BDOS.7967726,individual_professional_ai,False,False,0.98
CO1.PCCNTR.7347135,ALCALDIA MUNICIPIO DE VILLAVICENCIO,Territorial,No aplica/No pertenece,Meta,Otro,Contratación directa,NIT,2025-01-29T00:00:00.000,,2026-12-31T00:00:00.000,0,0,No,Aprobado,Distribuido,Funcionamiento,https://community.secop.gov.co/Public/Tendering/OpportunityDetail/Index?noticeUID=CO1.NTC.7469143&isFromPublicArea=True&isModal=true&asPopupView=true,CO1.BDOS.7444546,unclear,False,False,0.88
CO1.PCCNTR.6283175,FONDO UNICO DE TECNOLOGÍAS DE LA INFORMACIÓN Y LAS COMUNICACIONES,Nacional,Tecnologías de la Información y las Comunicaciones,Distrito Capital de Bogotá,Otro,Contratación directa,NIT,2024-05-03T00:00:00.000,2024-05-10T00:00:00.000,2025-07-20T00:00:00.000,4896856556,122,No,Modificado,Distribuido,Inversión,https://community.secop.gov.co/Public/Tendering/OpportunityDetail/Index?noticeUID=CO1.NTC.6066730&isFromPublicArea=True&isModal=true&asPopupView=true,CO1.BDOS.6059204,incidental,False,False,0.91
CO1.PCCNTR.8907672,VEEDURIA DISTRITAL,Territorial,Servicio Público,Distrito Capital de Bogotá,Prestación de servicios,Contratación directa,Cédula de Ciudadanía,2026-01-23T00:00:00.000,2026-01-30T00:00:00.000,2026-12-31T00:00:00.000,77104625,0,No,En ejecución,Distribuido,Inversión,https://community.secop.gov.co/Public/Tendering/OpportunityDetail/Index?noticeUID=CO1.NTC.9541307&isFromPublicArea=True&isModal=true&asPopupView=true,CO1.BDOS.9528297,individual_professional_ai,False,False,0.96
CO1.PCCNTR.8702447,FONDO UNICO DE TECNOLOGÍAS DE LA INFORMACIÓN Y LAS COMUNICACIONES,Nacional,Tecnologías de la Información y las Comunicaciones,Distrito Capital de Bogotá,Prestación de servicios,Licitación pública,NIT,2025-12-22T00:00:00.000,2025-12-23T00:00:00.000,2026-11-30T00:00:00.000,23333536610,122,No,Modificado,Distribuido,Inversión,https://community.secop.gov.co/Public/Tendering/OpportunityDetail/Index?noticeUID=CO1.NTC.8864855&isFromPublicArea=True&isModal=true&asPopupView=true,CO1.BDOS.8438558,incidental,False,False,0.82
CO1.PCCNTR.8773597,SERVICIO GEOLOGICO COLOMBIANO**,Nacional,Minas y Energía,Distrito Capital de Bogotá,Prestación de servicios,Contratación directa,Cédula de Ciudadanía,2026-01-08T00:00:00.000,2026-01-14T00:00:00.000,2026-12-12T00:00:00.000,55000000,5,No,Modificado,Distribuido,Funcionamiento,https://community.secop.gov.co/Public/Tendering/OpportunityDetail/Index?noticeUID=CO1.NTC.9394092&isFromPublicArea=True&isModal=true&asPopupView=true,CO1.BDOS.9361085,individual_professional_ai,False,False,0.91
CO1.PCCNTR.7630510,CONTRALORÍA MUNICIPAL DE PASTO,Territorial,Servicio Público,Nariño,Prestación de servicios,Contratación directa,Cédula de Ciudadanía,2025-03-10T00:00:00.000,2025-03-14T00:00:00.000,2025-03-14T00:00:00.000,3034500,0,No,En ejecución,Distribuido,Funcionamiento,https://community.secop.gov.co/Public/Tendering/OpportunityDetail/Index?noticeUID=CO1.NTC.7805788&isFromPublicArea=True&isModal=true&asPopupView=true,CO1.BDOS.7791424,individual_professional_ai,False,False,0.94
CO1.PCCNTR.8990703,Gobernación Norte de Santander*,Territorial,No aplica/No pertenece,Norte de Santander,Prestación de servicios,Contratación directa,Cédula de Ciudadanía,2026-01-20T00:00:00.000,2026-01-21T00:00:00.000,2026-08-20T00:00:00.000,22050000,0,No,terminado,Distribuido,Inversión,https://community.secop.gov.co/Public/Tendering/OpportunityDetail/Index?noticeUID=CO1.NTC.9622163&isFromPublicArea=True&isModal=true&asPopupView=true,CO1.BDOS.9608182,incidental,False,False,0.88
CO1.PCCNTR.9230130,CENTRAL ADMINISTRATIVA Y CONTABLE CENAC PERSONAL,Territorial,defensa,Distrito Capital de Bogotá,Prestación de servicios,Contratación directa,Cédula de Ciudadanía,2026-01-29T00:00:00.000,2026-02-04T00:00:00.000,2026-12-15T00:00:00.000,43291500,0,No,En ejecución,Distribuido,Funcionamiento,https://community.secop.gov.co/Public/Tendering/OpportunityDetail/Index?noticeUID=CO1.NTC.9853754&isFromPublicArea=True&isModal=true&asPopupView=true,CO1.BDOS.9720746,individual_professional_ai,False,False,0.94
CO1.PCCNTR.7114609,COMISIÓN DE REGULACIÓN DE AGUA POTABLE Y SANEAMIENTO BÁSICO.,Nacional,"Vivienda, Ciudad y Territorio",Distrito Capital de Bogotá,Prestación de servicios,Selección abreviada subasta inversa,NIT,2024-12-09T00:00:00.000,2024-12-10T00:00:00.000,2024-12-31T00:00:00.000,166100700,0,No,En ejecución,Distribuido,Inversión,https://community.secop.gov.co/Public/Tendering/OpportunityDetail/Index?noticeUID=CO1.NTC.7067800&isFromPublicArea=True&isModal=true&asPopupView=true,CO1.BDOS.6992557,ai_product_or_platform,False,False,0.94
CO1.PCCNTR.9870542,INSTITUCIÓN UNIVERSITARIA ITM,Nacional,Educación Nacional,Antioquia,Prestación de servicios,Contratación directa,Cédula de Ciudadanía,2026-08-28T00:00:00.000,2026-08-28T00:00:00.000,2026-12-25T00:00:00.000,8000000,0,Si,En ejecución,Recursos Propios,Inversión,https://community.secop.gov.co/Public/Tendering/OpportunityDetail/Index?noticeUID=CO1.NTC.10791520&isFromPublicArea=True&isModal=true&asPopupView=true,CO1.BDOS.10753987,individual_professional_ai,False,False,0.98
CO1.PCCNTR.8681262,JEP,Nacional,No aplica/No pertenece,Distrito Capital de Bogotá,Compraventa,Contratación régimen especial,NIT,2025-12-11T00:00:00.000,2025-12-15T00:00:00.000,2025-12-31T00:00:00.000,99969783,0,No,En ejecución,Distribuido,Inversión,https://community.secop.gov.co/Public/Tendering/OpportunityDetail/Index?noticeUID=CO1.NTC.9256563&isFromPublicArea=True&isModal=true&asPopupView=true,CO1.BDOS.9209028,ai_product_or_platform,False,False,0.77
CO1.PCCNTR.6378272,FONDO UNICO DE TECNOLOGÍAS DE LA INFORMACIÓN Y LAS COMUNICACIONES,Nacional,Tecnologías de la Información y las Comunicaciones,Distrito Capital de Bogotá,Prestación de servicios,Contratación directa,NIT,2024-05-29T00:00:00.000,2024-05-31T00:00:00.000,2024-12-30T00:00:00.000,258000000,30,No,Modificado,Distribuido,Inversión,https://community.secop.gov.co/Public/Tendering/OpportunityDetail/Index?noticeUID=CO1.NTC.6193154&isFromPublicArea=True&isModal=true&asPopupView=true,CO1.BDOS.6179701,incidental,False,False,0.96
CO1.PCCNTR.5696648,FONDO UNICO DE TECNOLOGÍAS DE LA INFORMACIÓN Y LAS COMUNICACIONES,Nacional,Tecnologías de la Información y las Comunicaciones,Distrito Capital de Bogotá,Prestación de servicios,Licitación pública,No Definido,2023-12-28T00:00:00.000,2023-12-29T00:00:00.000,2025-12-21T00:00:00.000,3987246920,36,No,Modificado,Distribuido,Inversión,https://community.secop.gov.co/Public/Tendering/OpportunityDetail/Index?noticeUID=CO1.NTC.5180567&isFromPublicArea=True&isModal=true&asPopupView=true,CO1.BDOS.5056864,ai_development_service,False,False,0.79
CO1.PCCNTR.9946053,"INSTITUTO DE FINANCIAMIENTO, PROMOCION Y DESARROLLO DE CALDAS",Territorial,No aplica/No pertenece,Caldas,Prestación de servicios,Contratación directa,Cédula de Ciudadanía,2026-09-15T00:00:00.000,,2026-12-23T00:00:00.000,25331142,0,No,Aprobado,Distribuido,Funcionamiento,https://community.secop.gov.co/Public/Tendering/OpportunityDetail/Index?noticeUID=CO1.NTC.10896376&isFromPublicArea=True&isModal=true&asPopupView=true,CO1.BDOS.10856733,individual_professional_ai,False,False,0.96
CO1.PCCNTR.9535041,ALCALDIA MUNICIPIO DE GIRON SANTANDER,Territorial,Servicio Público,Santander,Prestación de servicios,Contratación directa,NIT,2026-05-26T00:00:00.000,2026-05-29T00:00:00.000,2028-05-28T00:00:00.000,0,0,No,En ejecución,Distribuido,Funcionamiento,https://community.secop.gov.co/Public/Tendering/OpportunityDetail/Index?noticeUID=CO1.NTC.10328288&isFromPublicArea=True&isModal=true&asPopupView=true,CO1.BDOS.10293895,unclear,False,False,0.94
CO1.PCCNTR.9176949,SENA REGIONAL BOLIVAR Grupo Administrativo CINFP,Nacional,Trabajo,Distrito Capital de Bogotá,Prestación de servicios,Contratación directa,Cédula de Ciudadanía,2026-01-27T00:00:00.000,2026-02-02T00:00:00.000,2026-09-30T00:00:00.000,37899968,0,No,En ejecución,Distribuido,Inversión,https://community.secop.gov.co/Public/Tendering/OpportunityDetail/Index?noticeUID=CO1.NTC.9751349&isFromPublicArea=True&isModal=true&asPopupView=true,CO1.BDOS.9728271,individual_professional_ai,False,False,0.96
CO1.PCCNTR.7707194,E.S.E HOSPITAL UNIVERSITARIO DE SANTANDER,Territorial,Salud y Protección Social,Santander,Decreto 092 de 2017,Contratación régimen especial,NIT,2025-03-31T00:00:00.000,2025-04-01T00:00:00.000,2026-02-28T00:00:00.000,55492439,0,No,Modificado,Recursos Propios,Funcionamiento,https://community.secop.gov.co/Public/Tendering/OpportunityDetail/Index?noticeUID=CO1.NTC.7904467&isFromPublicArea=True&isModal=true&asPopupView=true,CO1.BDOS.7887570,ai_product_or_platform,False,True,0.86
CO1.PCCNTR.9016589,FONDO UNICO DE TECNOLOGÍAS DE LA INFORMACIÓN Y LAS COMUNICACIONES,Nacional,Tecnologías de la Información y las Comunicaciones,Distrito Capital de Bogotá,Prestación de servicios,Contratación directa,Cédula de Ciudadanía,2026-01-22T00:00:00.000,2026-01-22T00:00:00.000,2026-10-21T00:00:00.000,99319500,1,No,cedido,Distribuido,Inversión,https://community.secop.gov.co/Public/Tendering/OpportunityDetail/Index?noticeUID=CO1.NTC.9649850&isFromPublicArea=True&isModal=true&asPopupView=true,CO1.BDOS.9636340,individual_professional_ai,False,False,0.94
CO1.PCCNTR.9087262,UNIDAD ADMINISTRATIVA ESPECIAL DE PENSIONES DE CUNDINAMARCA,Territorial,Salud y Protección Social,Distrito Capital de Bogotá,Prestación de servicios,Contratación directa,Cédula de Ciudadanía,2026-01-23T00:00:00.000,2026-01-27T00:00:00.000,2026-07-26T00:00:00.000,43200000,61,Si,Modificado,Distribuido,Funcionamiento,https://community.secop.gov.co/Public/Tendering/OpportunityDetail/Index?noticeUID=CO1.NTC.9721672&isFromPublicArea=True&isModal=true&asPopupView=true,CO1.BDOS.9705500,individual_professional_ai,False,False,0.97
CO1.PCCNTR.6228133,SENA REGIONAL DISTRITO CAPITAL Grupo Administrativo Intercentros CEET,Nacional,Trabajo,Distrito Capital de Bogotá,Prestación de servicios,Contratación directa,Cédula de Ciudadanía,2024-04-22T00:00:00.000,2024-04-23T00:00:00.000,2024-12-30T00:00:00.000,81000000,0,No,En ejecución,Distribuido,Inversión,https://community.secop.gov.co/Public/Tendering/OpportunityDetail/Index?noticeUID=CO1.NTC.5999582&isFromPublicArea=True&isModal=true&asPopupView=true,CO1.BDOS.5991630,individual_professional_ai,False,False,0.97
CO1.PCCNTR.4543768,SENA DISTRITO CAPITAL GRUPO DE APOYO ADMINISTRATIVO - CGI,Nacional,Trabajo,Distrito Capital de Bogotá,Prestación de servicios,Contratación directa,Cédula de Ciudadanía,2023-02-02T00:00:00.000,2023-02-02T00:00:00.000,2023-12-15T00:00:00.000,42178500,0,Si,Cerrado,Distribuido,Inversión,https://community.secop.gov.co/Public/Tendering/OpportunityDetail/Index?noticeUID=CO1.NTC.3897806&isFromPublicArea=True&isModal=true&asPopupView=true,CO1.BDOS.3893717,individual_professional_ai,False,False,0.97
CO1.PCCNTR.8465858,INSTITUCIÓN UNIVERSITARIA ITM,Nacional,Educación Nacional,Antioquia,Prestación de servicios,Contratación directa,Cédula de Ciudadanía,2025-10-17T00:00:00.000,2025-10-17T00:00:00.000,2025-12-31T00:00:00.000,10133333,0,Si,En ejecución,Recursos Propios,Inversión,https://community.secop.gov.co/Public/Tendering/OpportunityDetail/Index?noticeUID=CO1.NTC.8964186&isFromPublicArea=True&isModal=true&asPopupView=true,CO1.BDOS.8938998,incidental,False,False,0.93
CO1.PCCNTR.8302786,UPME,Nacional,Minas y Energía,Distrito Capital de Bogotá,Prestación de servicios,Contratación régimen especial,Cédula de Ciudadanía,2025-09-15T00:00:00.000,2025-09-18T00:00:00.000,2025-12-31T00:00:00.000,22316667,0,Si,Cerrado,Recursos Propios,Inversión,https://community.secop.gov.co/Public/Tendering/OpportunityDetail/Index?noticeUID=CO1.NTC.8748765&isFromPublicArea=True&isModal=true&asPopupView=true,CO1.BDOS.8725427,individual_professional_ai,False,False,0.98
CO1.PCCNTR.9108802,PROCURADURIA GENERAL DE LA NACION,Nacional,No aplica/No pertenece,Distrito Capital de Bogotá,Prestación de servicios,Contratación directa,Cédula de Ciudadanía,2026-01-26T00:00:00.000,2026-01-29T00:00:00.000,2026-06-30T00:00:00.000,96900000,6,No,terminado,Distribuido,Inversión,https://community.secop.gov.co/Public/Tendering/OpportunityDetail/Index?noticeUID=CO1.NTC.9744925&isFromPublicArea=True&isModal=true&asPopupView=true,CO1.BDOS.9726761,individual_professional_ai,False,False,0.97
CO1.PCCNTR.9240663,ESAP SEDE CENTRAL (Cuenta Oficial),Nacional,Servicio Público,Distrito Capital de Bogotá,Prestación de servicios,Contratación directa,Cédula de Ciudadanía,2026-01-31T00:00:00.000,2026-02-03T00:00:00.000,2026-10-02T00:00:00.000,107896000,0,No,En ejecución,Recursos Propios,Inversión,https://community.secop.gov.co/Public/Tendering/OpportunityDetail/Index?noticeUID=CO1.NTC.9872736&isFromPublicArea=True&isModal=true&asPopupView=true,CO1.BDOS.9853340,individual_professional_ai,False,False,0.98
CO1.PCCNTR.6919282,GOBERNACIÓN DEL CAUCA,Territorial,Servicio Público,Cauca,Prestación de servicios,Contratación directa,Cédula de Ciudadanía,2024-10-30T00:00:00.000,2024-11-05T00:00:00.000,2024-12-26T00:00:00.000,8400000,0,No,Cerrado,Distribuido,Inversión,https://community.secop.gov.co/Public/Tendering/OpportunityDetail/Index?noticeUID=CO1.NTC.6912677&isFromPublicArea=True&isModal=true&asPopupView=true,CO1.BDOS.6843556,individual_professional_ai,False,False,0.69
CO1.PCCNTR.9699858,INSTITUCIÓN UNIVERSITARIA ITM,Nacional,Educación Nacional,Antioquia,Prestación de servicios,Contratación directa,Cédula de Ciudadanía,2026-07-23T00:00:00.000,2026-07-23T00:00:00.000,2026-11-15T00:00:00.000,16355021,0,Si,Modificado,Recursos Propios,Inversión,https://community.secop.gov.co/Public/Tendering/OpportunityDetail/Index?noticeUID=CO1.NTC.10559357&isFromPublicArea=True&isModal=true&asPopupView=true,CO1.BDOS.10514887,individual_professional_ai,False,False,0.83
CO1.PCCNTR.7489409,SERVICIO NACIONAL DE APRENDIZAJE - SENA MAGDALENA,Nacional,Trabajo,Magdalena,Prestación de servicios,Contratación directa,Cédula de Ciudadanía,2025-02-14T00:00:00.000,2025-02-17T00:00:00.000,2025-12-31T00:00:00.000,58800000,0,No,Cerrado,Distribuido,Inversión,https://community.secop.gov.co/Public/Tendering/OpportunityDetail/Index?noticeUID=CO1.NTC.7628086&isFromPublicArea=True&isModal=true&asPopupView=true,CO1.BDOS.7607130,individual_professional_ai,False,False,0.96
CO1.PCCNTR.5000097,INSTITUTO COLOMBIANO PARA LA EVALUACIÓN DE LA EDUCACIÓN - ICFES,Nacional,Educación Nacional,Distrito Capital de Bogotá,Prestación de servicios,Contratación régimen especial,Cédula de Ciudadanía,2023-05-25T00:00:00.000,2023-05-25T00:00:00.000,2023-09-30T00:00:00.000,29400000,0,No,Cerrado,Recursos Propios,Funcionamiento,https://community.secop.gov.co/Public/Tendering/OpportunityDetail/Index?noticeUID=CO1.NTC.4467066&isFromPublicArea=True&isModal=true&asPopupView=true,CO1.BDOS.4463240,individual_professional_ai,False,False,0.97
CO1.PCCNTR.5926003,GOBERNACIÓN DEL CAUCA,Territorial,Servicio Público,Cauca,Prestación de servicios,Contratación directa,Cédula de Ciudadanía,2024-02-16T00:00:00.000,2024-02-19T00:00:00.000,2024-06-19T00:00:00.000,15200000,0,No,Cerrado,Distribuido,Inversión,https://community.secop.gov.co/Public/Tendering/OpportunityDetail/Index?noticeUID=CO1.NTC.5633004&isFromPublicArea=True&isModal=true&asPopupView=true,CO1.BDOS.5599654,individual_professional_ai,False,False,0.64
CO1.PCCNTR.7418902,FONDO UNICO DE TECNOLOGÍAS DE LA INFORMACIÓN Y LAS COMUNICACIONES,Nacional,Tecnologías de la Información y las Comunicaciones,Distrito Capital de Bogotá,Prestación de servicios,Contratación directa,Cédula de Ciudadanía,2025-02-06T00:00:00.000,2025-02-10T00:00:00.000,2025-12-31T00:00:00.000,39359950,22,No,Modificado,Distribuido,Inversión,https://community.secop.gov.co/Public/Tendering/OpportunityDetail/Index?noticeUID=CO1.NTC.7547942&isFromPublicArea=True&isModal=true&asPopupView=true,CO1.BDOS.7534329,individual_professional_ai,False,False,0.98
CO1.PCCNTR.8112072,MINISTERIO DE DEFENSA NACIONAL,Nacional,defensa,Distrito Capital de Bogotá,Prestación de servicios,Contratación directa,NIT,2025-07-23T00:00:00.000,2025-07-28T00:00:00.000,2025-12-04T00:00:00.000,375059520,0,No,En ejecución,Distribuido,Inversión,https://community.secop.gov.co/Public/Tendering/OpportunityDetail/Index?noticeUID=CO1.NTC.8347761&isFromPublicArea=True&isModal=true&asPopupView=true,CO1.BDOS.8321712,incidental,False,False,0.96
CO1.PCCNTR.4551611,SENA DISTRITO CAPITAL GRUPO DE APOYO ADMINISTRATIVO - CGI,Nacional,Trabajo,Distrito Capital de Bogotá,Prestación de servicios,Contratación directa,Cédula de Ciudadanía,2023-02-03T00:00:00.000,2023-02-03T00:00:00.000,2023-12-15T00:00:00.000,42178500,0,Si,Cerrado,Distribuido,Inversión,https://community.secop.gov.co/Public/Tendering/OpportunityDetail/Index?noticeUID=CO1.NTC.3897255&isFromPublicArea=True&isModal=true&asPopupView=true,CO1.BDOS.3894879,individual_professional_ai,False,False,0.98
CO1.PCCNTR.9091381,SECRETARIA GENERAL Y DE CERCANIA AL CIUDADANO,Territorial,No aplica/No pertenece,Distrito Capital de Bogotá,Prestación de servicios,Contratación directa,Cédula de Ciudadanía,2026-01-23T00:00:00.000,2026-02-02T00:00:00.000,2026-12-01T00:00:00.000,80000000,0,No,En ejecución,Distribuido,Funcionamiento,https://community.secop.gov.co/Public/Tendering/OpportunityDetail/Index?noticeUID=CO1.NTC.9726711&isFromPublicArea=True&isModal=true&asPopupView=true,CO1.BDOS.9710974,individual_professional_ai,False,False,0.98
CO1.PCCNTR.6355977,GOBERNACIÓN DEL CAUCA,Territorial,Servicio Público,Cauca,Prestación de servicios,Contratación directa,Cédula de Ciudadanía,2024-05-23T00:00:00.000,2024-05-24T00:00:00.000,2024-09-24T00:00:00.000,15200000,0,No,Cerrado,Distribuido,Inversión,https://community.secop.gov.co/Public/Tendering/OpportunityDetail/Index?noticeUID=CO1.NTC.6163863&isFromPublicArea=True&isModal=true&asPopupView=true,CO1.BDOS.6154636,incidental,False,False,0.96
CO1.PCCNTR.7932333,INSTITUCIÓN UNIVERSITARIA ITM,Nacional,Educación Nacional,Antioquia,Prestación de servicios,Contratación directa,Cédula de Ciudadanía,2025-05-29T00:00:00.000,2025-05-29T00:00:00.000,2025-12-31T00:00:00.000,18083333,0,Si,En ejecución,Recursos Propios,Funcionamiento,https://community.secop.gov.co/Public/Tendering/OpportunityDetail/Index?noticeUID=CO1.NTC.8215978&isFromPublicArea=True&isModal=true&asPopupView=true,CO1.BDOS.8195783,incidental,False,False,0.91
CO1.PCCNTR.9070746,EMPRESA SOCIAL DEL ESTADO DEL MUNICIPIO DE VILLAVICENCIO,Territorial,Salud y Protección Social,Meta,Decreto 092 de 2017,Contratación régimen especial,NIT,2026-02-04T00:00:00.000,2026-04-02T00:00:00.000,2026-07-31T00:00:00.000,79476783,61,No,Modificado,Recursos Propios,Inversión,https://community.secop.gov.co/Public/Tendering/OpportunityDetail/Index?noticeUID=CO1.NTC.9705282&isFromPublicArea=True&isModal=true&asPopupView=true,CO1.BDOS.9691483,ai_product_or_platform,False,True,0.83
CO1.PCCNTR.7903391,SENA REGIONAL ATLANTICO Intercentros,Nacional,Transporte,Atlántico,Prestación de servicios,Contratación directa,Cédula de Ciudadanía,2025-05-22T00:00:00.000,2025-05-26T00:00:00.000,2025-12-02T00:00:00.000,16486076,0,Si,En ejecución,Recursos Propios,Inversión,https://community.secop.gov.co/Public/Tendering/OpportunityDetail/Index?noticeUID=CO1.NTC.8175477&isFromPublicArea=True&isModal=true&asPopupView=true,CO1.BDOS.8155377,individual_professional_ai,False,False,0.97
CO1.PCCNTR.7773802,ESAP TERRITORIAL ANTIOQUIA,Nacional,Educación Nacional,Antioquia,Prestación de servicios,Contratación directa,Cédula de Ciudadanía,2025-04-17T00:00:00.000,2025-04-22T00:00:00.000,2025-12-10T00:00:00.000,14400000,0,No,Cerrado,Distribuido,Inversión,https://community.secop.gov.co/Public/Tendering/OpportunityDetail/Index?noticeUID=CO1.NTC.7989416&isFromPublicArea=True&isModal=true&asPopupView=true,CO1.BDOS.7972428,individual_professional_ai,False,False,0.97
CO1.PCCNTR.9107730,PROCURADURIA GENERAL DE LA NACION,Nacional,No aplica/No pertenece,Distrito Capital de Bogotá,Prestación de servicios,Contratación directa,Cédula de Ciudadanía,2026-01-27T00:00:00.000,2026-02-02T00:00:00.000,2026-06-30T00:00:00.000,44100000,0,No,terminado,Distribuido,Inversión,https://community.secop.gov.co/Public/Tendering/OpportunityDetail/Index?noticeUID=CO1.NTC.9743665&isFromPublicArea=True&isModal=true&asPopupView=true,CO1.BDOS.9717523,individual_professional_ai,False,False,0.98
CO1.PCCNTR.7371390,Unidad de Busqueda de Personas Desaparecidas,Nacional,Ley de Justicia,Distrito Capital de Bogotá,Prestación de servicios,Contratación directa,Cédula de Ciudadanía,2025-01-31T00:00:00.000,2025-02-03T00:00:00.000,2025-12-15T00:00:00.000,82280233,0,No,Cerrado,Distribuido,Inversión,https://community.secop.gov.co/Public/Tendering/OpportunityDetail/Index?noticeUID=CO1.NTC.7495314&isFromPublicArea=True&isModal=true&asPopupView=true,CO1.BDOS.7477056,individual_professional_ai,False,False,0.99
CO1.PCCNTR.6381551,FONDO UNICO DE TECNOLOGÍAS DE LA INFORMACIÓN Y LAS COMUNICACIONES,Nacional,Tecnologías de la Información y las Comunicaciones,Distrito Capital de Bogotá,Prestación de servicios,Contratación directa,Cédula de Ciudadanía,2024-05-29T00:00:00.000,2024-06-18T00:00:00.000,2024-12-31T00:00:00.000,146000000,0,No,En ejecución,Distribuido,Inversión,https://community.secop.gov.co/Public/Tendering/OpportunityDetail/Index?noticeUID=CO1.NTC.6198072&isFromPublicArea=True&isModal=true&asPopupView=true,CO1.BDOS.6189453,individual_professional_ai,False,False,0.83
CO1.PCCNTR.4543727,SENA DISTRITO CAPITAL GRUPO DE APOYO ADMINISTRATIVO - CGI,Nacional,Trabajo,Distrito Capital de Bogotá,Prestación de servicios,Contratación directa,Cédula de Ciudadanía,2023-02-02T00:00:00.000,2023-02-02T00:00:00.000,2023-12-15T00:00:00.000,42178500,0,Si,Cerrado,Distribuido,Inversión,https://community.secop.gov.co/Public/Tendering/OpportunityDetail/Index?noticeUID=CO1.NTC.3897809&isFromPublicArea=True&isModal=true&asPopupView=true,CO1.BDOS.3893482,incidental,False,False,0.98
CO1.PCCNTR.9188541,TRANSMILENIO S.A.,Territorial,Transporte,Distrito Capital de Bogotá,Prestación de servicios,Contratación directa,Cédula de Ciudadanía,2026-01-28T00:00:00.000,2026-02-02T00:00:00.000,2027-01-16T00:00:00.000,93840000,97,No,Modificado,Recursos Propios,Inversión,https://community.secop.gov.co/Public/Tendering/OpportunityDetail/Index?noticeUID=CO1.NTC.9821405&isFromPublicArea=True&isModal=true&asPopupView=true,CO1.BDOS.9267089,individual_professional_ai,False,False,0.98
CO1.PCCNTR.9053622,INSTITUCIÓN UNIVERSITARIA ITM,Nacional,Educación Nacional,Antioquia,Prestación de servicios,Contratación directa,Cédula de Ciudadanía,2026-01-22T00:00:00.000,2026-01-22T00:00:00.000,2026-04-17T00:00:00.000,7695000,29,Si,Modificado,Recursos Propios,Inversión,https://community.secop.gov.co/Public/Tendering/OpportunityDetail/Index?noticeUID=CO1.NTC.9688335&isFromPublicArea=True&isModal=true&asPopupView=true,CO1.BDOS.9674990,incidental,False,False,0.98
CO1.PCCNTR.7967784,FONDO UNICO DE TECNOLOGÍAS DE LA INFORMACIÓN Y LAS COMUNICACIONES,Nacional,Tecnologías de la Información y las Comunicaciones,Distrito Capital de Bogotá,Prestación de servicios,Contratación directa,Cédula de Ciudadanía,2025-06-13T00:00:00.000,2025-06-20T00:00:00.000,2025-12-19T00:00:00.000,66000000,0,No,Cerrado,Distribuido,Inversión,https://community.secop.gov.co/Public/Tendering/OpportunityDetail/Index?noticeUID=CO1.NTC.8268356&isFromPublicArea=True&isModal=true&asPopupView=true,CO1.BDOS.8246922,individual_professional_ai,False,False,0.82
CO1.PCCNTR.5132999,TRANSMILENIO S.A.,Territorial,Transporte,Distrito Capital de Bogotá,Prestación de servicios,Contratación directa,Cédula de Ciudadanía,2023-06-26T00:00:00.000,2023-07-04T00:00:00.000,2024-04-18T00:00:00.000,87400000,0,No,Cerrado,Recursos Propios,Inversión,https://community.secop.gov.co/Public/Tendering/OpportunityDetail/Index?noticeUID=CO1.NTC.4631708&isFromPublicArea=True&isModal=true&asPopupView=true,CO1.BDOS.4624708,individual_professional_ai,False,False,0.93
CO1.PCCNTR.4802200,Sena Regional Boyaca Grupo de Apoyo Administrativo Mixto,Nacional,Trabajo,Boyacá,Prestación de servicios,Contratación directa,Cédula de Ciudadanía,2023-03-24T00:00:00.000,2023-03-24T00:00:00.000,2023-12-30T00:00:00.000,18928333,0,No,Cerrado,Distribuido,Inversión,https://community.secop.gov.co/Public/Tendering/OpportunityDetail/Index?noticeUID=CO1.NTC.4211350&isFromPublicArea=True&isModal=true&asPopupView=true,CO1.BDOS.4209573,individual_professional_ai,False,False,0.93
CO1.PCCNTR.7646327,SECRETARIA DISTRITAL DE PLANEACION,Territorial,Planeación,Distrito Capital de Bogotá,Prestación de servicios,Contratación directa,Cédula de Ciudadanía,2025-03-13T00:00:00.000,2025-03-19T00:00:00.000,2025-11-18T00:00:00.000,83877880,0,No,Cerrado,Distribuido,Inversión,https://community.secop.gov.co/Public/Tendering/OpportunityDetail/Index?noticeUID=CO1.NTC.7827134&isFromPublicArea=True&isModal=true&asPopupView=true,CO1.BDOS.7812027,individual_professional_ai,False,False,0.95
CO1.PCCNTR.8889267,ADRES,Nacional,Salud y Protección Social,Distrito Capital de Bogotá,Prestación de servicios,Contratación directa,Cédula de Ciudadanía,2026-01-15T00:00:00.000,2026-01-16T00:00:00.000,2026-11-15T00:00:00.000,127000000,62,No,Modificado,Recursos Propios,Funcionamiento,https://community.secop.gov.co/Public/Tendering/OpportunityDetail/Index?noticeUID=CO1.NTC.9522020&isFromPublicArea=True&isModal=true&asPopupView=true,CO1.BDOS.9489487,individual_professional_ai,False,False,0.98
CO1.PCCNTR.7926227,UAECD,Territorial,Hacienda y Crédito Público,Distrito Capital de Bogotá,Prestación de servicios,Contratación directa,Cédula de Ciudadanía,2025-05-28T00:00:00.000,2025-06-03T00:00:00.000,2025-09-13T00:00:00.000,21874517,20,No,Modificado,Distribuido,Inversión,https://community.secop.gov.co/Public/Tendering/OpportunityDetail/Index?noticeUID=CO1.NTC.8207076&isFromPublicArea=True&isModal=true&asPopupView=true,CO1.BDOS.8186416,individual_professional_ai,False,True,0.82
CO1.PCCNTR.7760241,Patrimonio Autónomo-Fondo De Seguridad Vial,Nacional,Hacienda y Crédito Público,No Definido,Decreto 092 de 2017,Contratación régimen especial,Cédula de Ciudadanía,2025-04-11T00:00:00.000,2025-04-21T00:00:00.000,2026-10-20T00:00:00.000,227625876,183,No,Modificado,Recursos Propios,Inversión,https://community.secop.gov.co/Public/Tendering/OpportunityDetail/Index?noticeUID=CO1.NTC.7970485&isFromPublicArea=True&isModal=true&asPopupView=true,CO1.BDOS.7953842,individual_professional_ai,False,False,0.88
CO1.PCCNTR.9290540,DEPARTAMENTO NACIONAL DE PLANEACIÓN,Nacional,Planeación,Distrito Capital de Bogotá,Prestación de servicios,Contratación directa,Cédula de Ciudadanía,2026-01-30T00:00:00.000,2026-02-02T00:00:00.000,2026-12-31T00:00:00.000,110999999,0,No,En ejecución,Distribuido,Inversión,https://community.secop.gov.co/Public/Tendering/OpportunityDetail/Index?noticeUID=CO1.NTC.9922352&isFromPublicArea=True&isModal=true&asPopupView=true,CO1.BDOS.9900514,individual_professional_ai,False,False,0.97
CO1.PCCNTR.5019197,SANTIAGO DE CALI DISTRITO ESPECIAL - DEPARTAMENTO ADMINISTRATIVO DE HACIENDA,Territorial,Hacienda y Crédito Público,Valle del Cauca,Prestación de servicios,Licitación pública,No Definido,2023-06-02T00:00:00.000,2023-06-05T00:00:00.000,2023-11-07T00:00:00.000,1899995000,0,No,En ejecución,Distribuido,Funcionamiento,https://community.secop.gov.co/Public/Tendering/OpportunityDetail/Index?noticeUID=CO1.NTC.4343294&isFromPublicArea=True&isModal=true&asPopupView=true,CO1.BDOS.4088725,ai_product_or_platform,False,False,0.97
CO1.PCCNTR.7077052,INSTITUCIÓN UNIVERSITARIA ITM,Nacional,Educación Nacional,Antioquia,Prestación de servicios,Contratación directa,Cédula de Ciudadanía,2024-11-27T00:00:00.000,2024-11-27T00:00:00.000,2024-12-26T00:00:00.000,4000000,0,Si,En ejecución,Recursos Propios,Funcionamiento,https://community.secop.gov.co/Public/Tendering/OpportunityDetail/Index?noticeUID=CO1.NTC.7117660&isFromPublicArea=True&isModal=true&asPopupView=true,CO1.BDOS.7094047,incidental,False,False,0.98
CO1.PCCNTR.7731435,"AGENCIA DISTRITAL PARA LA EDUCACIÓN SUPERIOR, LA CIENCIA Y LA TECNOLOGÍA, ATENEA",Territorial,Educación Nacional,Distrito Capital de Bogotá,Prestación de servicios,Contratación directa,NIT,2025-05-19T00:00:00.000,2025-06-24T00:00:00.000,2026-04-23T00:00:00.000,100000000,21,No,Modificado,Recursos Propios,Inversión,https://community.secop.gov.co/Public/Tendering/OpportunityDetail/Index?noticeUID=CO1.NTC.7921162&isFromPublicArea=True&isModal=true&asPopupView=true,CO1.BDOS.7892970,incidental,False,False,0.92
CO1.PCCNTR.9074372,INSTITUCIÓN UNIVERSITARIA ITM,Nacional,Educación Nacional,Antioquia,Prestación de servicios,Contratación directa,Cédula de Ciudadanía,2026-01-23T00:00:00.000,2026-01-23T00:00:00.000,2026-03-20T00:00:00.000,7030000,0,Si,En ejecución,Recursos Propios,Funcionamiento,https://community.secop.gov.co/Public/Tendering/OpportunityDetail/Index?noticeUID=CO1.NTC.9709084&isFromPublicArea=True&isModal=true&asPopupView=true,CO1.BDOS.9416854,individual_professional_ai,False,False,0.65
CO1.PCCNTR.8871174,SERVICIO GEOLOGICO COLOMBIANO**,Nacional,Minas y Energía,Distrito Capital de Bogotá,Prestación de servicios,Contratación directa,Cédula de Ciudadanía,2026-01-14T00:00:00.000,2026-01-16T00:00:00.000,2026-08-14T00:00:00.000,56700000,0,No,Modificado,Distribuido,Funcionamiento,https://community.secop.gov.co/Public/Tendering/OpportunityDetail/Index?noticeUID=CO1.NTC.9501267&isFromPublicArea=True&isModal=true&asPopupView=true,CO1.BDOS.9483898,individual_professional_ai,False,False,0.99
CO1.PCCNTR.5604804,INSTITUCIÓN UNIVERSITARIA ITM,Nacional,Educación Nacional,Antioquia,Compraventa,Mínima cuantía,NIT,2023-12-04T00:00:00.000,2023-12-12T00:00:00.000,2023-12-29T00:00:00.000,28678799.84,0,No,En ejecución,Recursos Propios,Inversión,https://community.secop.gov.co/Public/Tendering/OpportunityDetail/Index?noticeUID=CO1.NTC.5185928&isFromPublicArea=True&isModal=true&asPopupView=true,CO1.BDOS.5168774,incidental,False,False,0.91
CO1.PCCNTR.6649510,MINISTERIO DE EDUCACION NACIONAL (MEN),Nacional,Educación Nacional,Distrito Capital de Bogotá,Otro,Contratación Directa (con ofertas),NIT,2024-08-15T00:00:00.000,2024-08-21T00:00:00.000,2024-12-31T00:00:00.000,2900000000,0,No,Modificado,Distribuido,Inversión,https://community.secop.gov.co/Public/Tendering/OpportunityDetail/Index?noticeUID=CO1.NTC.6518412&isFromPublicArea=True&isModal=true&asPopupView=true,CO1.BDOS.6507582,ai_development_service,False,True,0.77
CO1.PCCNTR.9308837,SENA DIRECCIÓN GENERAL Dirección de Promoción y Relaciones Corporativas,Nacional,Trabajo,Distrito Capital de Bogotá,Otro,Contratación régimen especial,Otro,2026-01-30T00:00:00.000,2026-02-10T00:00:00.000,2030-12-31T00:00:00.000,0,0,No,En ejecución,Distribuido,Inversión,https://community.secop.gov.co/Public/Tendering/OpportunityDetail/Index?noticeUID=CO1.NTC.9940164&isFromPublicArea=True&isModal=true&asPopupView=true,CO1.BDOS.9892585,incidental,False,False,0.97
CO1.PCCNTR.8929081,FONDO NACIONAL AMBIENTAL - ANLA,Nacional,Ambiente y Desarrollo Sostenible,Distrito Capital de Bogotá,Prestación de servicios,Contratación directa,Cédula de Ciudadanía,2026-01-16T00:00:00.000,2026-01-16T00:00:00.000,2026-12-31T00:00:00.000,86534418,0,No,En ejecución,Recursos Propios,Inversión,https://community.secop.gov.co/Public/Tendering/OpportunityDetail/Index?noticeUID=CO1.NTC.9562459&isFromPublicArea=True&isModal=true&asPopupView=true,CO1.BDOS.9549712,individual_professional_ai,False,False,0.78
CO1.PCCNTR.8700273,COMISIÓN DE REGULACIÓN DE AGUA POTABLE Y SANEAMIENTO BÁSICO.,Nacional,"Vivienda, Ciudad y Territorio",Distrito Capital de Bogotá,Prestación de servicios,Selección abreviada subasta inversa,NIT,2025-12-12T00:00:00.000,2025-12-17T00:00:00.000,2025-12-31T00:00:00.000,170350000,0,No,terminado,Distribuido,Inversión,https://community.secop.gov.co/Public/Tendering/OpportunityDetail/Index?noticeUID=CO1.NTC.9183022&isFromPublicArea=True&isModal=true&asPopupView=true,CO1.BDOS.9092892,ai_product_or_platform,False,False,0.94
CO1.PCCNTR.9471115,INSTITUTO TECNICO NACIONAL DE COMERCIO SIMON RODRIGUEZ,Nacional,Educación Nacional,Valle del Cauca,Decreto 092 de 2017,Contratación régimen especial (con ofertas),NIT,2026-04-28T00:00:00.000,2026-04-30T00:00:00.000,2026-07-31T00:00:00.000,2600000000,0,No,En ejecución,Distribuido,Inversión,https://community.secop.gov.co/Public/Tendering/OpportunityDetail/Index?noticeUID=CO1.NTC.10211070&isFromPublicArea=True&isModal=true&asPopupView=true,CO1.BDOS.10179856,incidental,False,False,0.91
CO1.PCCNTR.6070243,INSTITUCIÓN UNIVERSITARIA ITM,Nacional,Educación Nacional,Antioquia,Prestación de servicios,Contratación directa,Cédula de Ciudadanía,2024-03-08T00:00:00.000,2024-03-08T00:00:00.000,2024-06-30T00:00:00.000,22708585,0,No,En ejecución,Recursos Propios,Funcionamiento,https://community.secop.gov.co/Public/Tendering/OpportunityDetail/Index?noticeUID=CO1.NTC.5805667&isFromPublicArea=True&isModal=true&asPopupView=true,CO1.BDOS.5798803,individual_professional_ai,False,False,0.94
CO1.PCCNTR.8994214,COMISIÓN DE REGULACIÓN DE AGUA POTABLE Y SANEAMIENTO BÁSICO.,Nacional,"Vivienda, Ciudad y Territorio",Distrito Capital de Bogotá,Prestación de servicios,Contratación directa,Cédula de Ciudadanía,2026-01-20T00:00:00.000,2026-01-20T00:00:00.000,2026-07-19T00:00:00.000,72000000,0,No,En ejecución,Distribuido,Inversión,https://community.secop.gov.co/Public/Tendering/OpportunityDetail/Index?noticeUID=CO1.NTC.9625863&isFromPublicArea=True&isModal=true&asPopupView=true,CO1.BDOS.9612350,individual_professional_ai,False,False,0.98
CO1.PCCNTR.9250357,SOCIEDAD DE ACTIVOS ESPECIALES SAS,Nacional,Hacienda y Crédito Público,Distrito Capital de Bogotá,Prestación de servicios,Contratación régimen especial,Cédula de Ciudadanía,2026-01-29T00:00:00.000,2026-01-30T00:00:00.000,2026-12-31T00:00:00.000,180000000,0,No,Modificado,Recursos Propios,Funcionamiento,https://community.secop.gov.co/Public/Tendering/OpportunityDetail/Index?noticeUID=CO1.NTC.9882840&isFromPublicArea=True&isModal=true&asPopupView=true,CO1.BDOS.9862278,individual_professional_ai,False,False,0.86
CO1.PCCNTR.8833112,DEPARTAMENTO ADMINISTRATIVO NACIONAL DE ESTADISTICA (DANE),Nacional,Información Estadística,Distrito Capital de Bogotá,Prestación de servicios,Contratación directa,Cédula de Ciudadanía,2026-01-13T00:00:00.000,2026-01-19T00:00:00.000,2026-09-18T00:00:00.000,34256000,0,No,En ejecución,Distribuido,Inversión,https://community.secop.gov.co/Public/Tendering/OpportunityDetail/Index?noticeUID=CO1.NTC.9463258&isFromPublicArea=True&isModal=true&asPopupView=true,CO1.BDOS.9318468,individual_professional_ai,False,False,0.94
CO1.PCCNTR.8822057,"AGENCIA DISTRITAL PARA LA EDUCACIÓN SUPERIOR, LA CIENCIA Y LA TECNOLOGÍA, ATENEA",Territorial,Educación Nacional,Distrito Capital de Bogotá,Prestación de servicios,Contratación directa,Cédula de Ciudadanía,2026-01-10T00:00:00.000,2026-01-19T00:00:00.000,2026-11-18T00:00:00.000,111500000,0,No,En ejecución,Recursos Propios,Inversión,https://community.secop.gov.co/Public/Tendering/OpportunityDetail/Index?noticeUID=CO1.NTC.9452519&isFromPublicArea=True&isModal=true&asPopupView=true,CO1.BDOS.9419390,individual_professional_ai,False,False,0.98
CO1.PCCNTR.8161130,TRANSMILENIO S.A.,Territorial,Transporte,Distrito Capital de Bogotá,Prestación de servicios,Contratación directa,Cédula de Ciudadanía,2025-08-05T00:00:00.000,2025-08-11T00:00:00.000,2026-06-25T00:00:00.000,41800500,107,Si,Modificado,Recursos Propios,Inversión,https://community.secop.gov.co/Public/Tendering/OpportunityDetail/Index?noticeUID=CO1.NTC.8548637&isFromPublicArea=True&isModal=true&asPopupView=true,CO1.BDOS.8328887,individual_professional_ai,False,False,0.98
CO1.PCCNTR.8982725,CGR-NIVEL CENTRAL,Nacional,No aplica/No pertenece,Distrito Capital de Bogotá,Prestación de servicios,Contratación directa,NIT,2026-01-23T00:00:00.000,2026-01-30T00:00:00.000,2026-10-31T00:00:00.000,1303328950,0,No,En ejecución,Distribuido,Inversión,https://community.secop.gov.co/Public/Tendering/OpportunityDetail/Index?noticeUID=CO1.NTC.9613474&isFromPublicArea=True&isModal=true&asPopupView=true,CO1.BDOS.9590821,incidental,False,False,0.98
CO1.PCCNTR.7530589,DEPARTAMENTO ADMINISTRATIVO DEL SERVICIO CIVIL DISTRITAL,Territorial,Servicio Público,Distrito Capital de Bogotá,Prestación de servicios,Contratación directa,Cédula de Ciudadanía,2025-02-25T00:00:00.000,2025-03-03T00:00:00.000,2025-12-31T00:00:00.000,79733333,14,No,Modificado,Distribuido,Inversión,https://community.secop.gov.co/Public/Tendering/OpportunityDetail/Index?noticeUID=CO1.NTC.7680004&isFromPublicArea=True&isModal=true&asPopupView=true,CO1.BDOS.7664455,individual_professional_ai,False,False,0.97
CO1.PCCNTR.9142622,TRANSMILENIO S.A.,Territorial,Transporte,Distrito Capital de Bogotá,Prestación de servicios,Contratación directa,Cédula de Ciudadanía,2026-01-26T00:00:00.000,2026-02-02T00:00:00.000,2026-10-16T00:00:00.000,95234000,0,No,En ejecución,Recursos Propios,Inversión,https://community.secop.gov.co/Public/Tendering/OpportunityDetail/Index?noticeUID=CO1.NTC.9775266&isFromPublicArea=True&isModal=true&asPopupView=true,CO1.BDOS.9271666,individual_professional_ai,False,False,0.97
CO1.PCCNTR.8206299,SENA REGIONAL PUTUMAYO Grupo de Apoyo Administrativo,Nacional,Trabajo,Putumayo,Compraventa,Contratación Directa (con ofertas),NIT,2025-08-15T00:00:00.000,2025-08-20T00:00:00.000,2025-09-20T00:00:00.000,280000000,0,No,En ejecución,Distribuido,Inversión,https://community.secop.gov.co/Public/Tendering/OpportunityDetail/Index?noticeUID=CO1.NTC.8590936&isFromPublicArea=True&isModal=true&asPopupView=true,CO1.BDOS.8564720,incidental,False,False,0.88
CO1.PCCNTR.8360525,INSTITUCIÓN UNIVERSITARIA ITM,Nacional,Educación Nacional,Antioquia,Prestación de servicios,Contratación directa,Cédula de Ciudadanía,2025-09-24T00:00:00.000,2025-09-24T00:00:00.000,2025-11-05T00:00:00.000,6155880,0,No,En ejecución,Recursos Propios,Funcionamiento,https://community.secop.gov.co/Public/Tendering/OpportunityDetail/Index?noticeUID=CO1.NTC.8825916&isFromPublicArea=True&isModal=true&asPopupView=true,CO1.BDOS.8800720,individual_professional_ai,False,False,0.95
CO1.PCCNTR.6595926,SERVICIO GEOLOGICO COLOMBIANO**,Nacional,Minas y Energía,Distrito Capital de Bogotá,Prestación de servicios,Contratación directa,Cédula de Ciudadanía,2024-08-01T00:00:00.000,2024-08-01T00:00:00.000,2024-12-31T00:00:00.000,60102755,0,No,En ejecución,Distribuido,Inversión,https://community.secop.gov.co/Public/Tendering/OpportunityDetail/Index?noticeUID=CO1.NTC.6484286&isFromPublicArea=True&isModal=true&asPopupView=true,CO1.BDOS.6473421,individual_professional_ai,False,False,0.98
CO1.PCCNTR.7633052,IGAC Sede Central *,Nacional,Información Estadística,Distrito Capital de Bogotá,Prestación de servicios,Contratación directa,Cédula de Ciudadanía,2025-03-11T00:00:00.000,2025-03-14T00:00:00.000,2025-12-31T00:00:00.000,38800000,0,No,Cerrado,Distribuido,Inversión,https://community.secop.gov.co/Public/Tendering/OpportunityDetail/Index?noticeUID=CO1.NTC.7809371&isFromPublicArea=True&isModal=true&asPopupView=true,CO1.BDOS.7794466,individual_professional_ai,False,False,0.97
CO1.PCCNTR.8194212,CAMARA DE REPRESENTANTES,Nacional,No aplica/No pertenece,Distrito Capital de Bogotá,Prestación de servicios,Contratación directa,Cédula de Ciudadanía,2025-08-14T00:00:00.000,2025-08-19T00:00:00.000,2025-12-18T00:00:00.000,20000000,0,No,Cerrado,Distribuido,Funcionamiento,https://community.secop.gov.co/Public/Tendering/OpportunityDetail/Index?noticeUID=CO1.NTC.8597990&isFromPublicArea=True&isModal=true&asPopupView=true,CO1.BDOS.8575337,individual_professional_ai,False,False,0.98
CO1.PCCNTR.8243230,SENA SECRETARIA GENERAL,Nacional,Trabajo,Distrito Capital de Bogotá,Prestación de servicios,Contratación directa,Cédula de Ciudadanía,2025-08-27T00:00:00.000,2025-09-01T00:00:00.000,2025-12-31T00:00:00.000,28000000,0,No,Cerrado,Distribuido,Inversión,https://community.secop.gov.co/Public/Tendering/OpportunityDetail/Index?noticeUID=CO1.NTC.8668044&isFromPublicArea=True&isModal=true&asPopupView=true,CO1.BDOS.8633388,individual_professional_ai,False,False,0.88
CO1.PCCNTR.6478554,INSTITUCIÓN UNIVERSITARIA ITM,Nacional,Educación Nacional,Antioquia,Prestación de servicios,Contratación directa,Cédula de Ciudadanía,2024-06-28T00:00:00.000,2024-07-02T00:00:00.000,2024-12-31T00:00:00.000,46176138,0,No,En ejecución,Recursos Propios,Funcionamiento,https://community.secop.gov.co/Public/Tendering/OpportunityDetail/Index?noticeUID=CO1.NTC.6328371&isFromPublicArea=True&isModal=true&asPopupView=true,CO1.BDOS.6318885,individual_professional_ai,False,False,0.97
CO1.PCCNTR.8963816,SUPERINTENDENCIA DE SERVICIOS PÚBLICOS DOMICILIARIOS,Nacional,Planeación,Distrito Capital de Bogotá,Prestación de servicios,Contratación directa,Cédula de Ciudadanía,2026-01-22T00:00:00.000,2026-01-26T00:00:00.000,2026-10-25T00:00:00.000,108000000,66,No,Modificado,Distribuido,Inversión,https://community.secop.gov.co/Public/Tendering/OpportunityDetail/Index?noticeUID=CO1.NTC.9595902&isFromPublicArea=True&isModal=true&asPopupView=true,CO1.BDOS.9580579,individual_professional_ai,False,False,0.97
CO1.PCCNTR.8571431,DEPARTAMENTO ADMINISTRATIVO NACIONAL DE ESTADISTICA (DANE),Nacional,Información Estadística,Distrito Capital de Bogotá,Prestación de servicios,Contratación directa,Cédula de Ciudadanía,2025-11-12T00:00:00.000,2025-11-18T00:00:00.000,2025-12-31T00:00:00.000,27500000,0,No,Cerrado,Distribuido,Inversión,https://community.secop.gov.co/Public/Tendering/OpportunityDetail/Index?noticeUID=CO1.NTC.9097232&isFromPublicArea=True&isModal=true&asPopupView=true,CO1.BDOS.9045063,individual_professional_ai,False,False,0.96
CO1.PCCNTR.7775407,MUNICIPIO DE COGUA,Territorial,Servicio Público,Cundinamarca,Prestación de servicios,Contratación directa,Cédula de Ciudadanía,2025-04-11T00:00:00.000,2025-04-11T00:00:00.000,2025-12-25T00:00:00.000,38250000,0,No,terminado,Distribuido,Inversión,https://community.secop.gov.co/Public/Tendering/OpportunityDetail/Index?noticeUID=CO1.NTC.7991415&isFromPublicArea=True&isModal=true&asPopupView=true,CO1.BDOS.7973766,individual_professional_ai,True,True,0.94
CO1.PCCNTR.9976427,INSTITUCIÓN UNIVERSITARIA ITM,Nacional,Educación Nacional,Antioquia,Prestación de servicios,Contratación directa,Cédula de Ciudadanía,2026-09-22T00:00:00.000,2026-09-24T00:00:00.000,2026-11-12T00:00:00.000,5298976,0,No,En ejecución,Recursos Propios,Funcionamiento,https://community.secop.gov.co/Public/Tendering/OpportunityDetail/Index?noticeUID=CO1.NTC.10937369&isFromPublicArea=True&isModal=true&asPopupView=true,CO1.BDOS.10896107,individual_professional_ai,False,False,0.97
CO1.PCCNTR.9037541,MINISTERIO DE MINAS Y ENERGIA,Nacional,Minas y Energía,Distrito Capital de Bogotá,Prestación de servicios,Contratación directa,Cédula de Ciudadanía,2026-01-22T00:00:00.000,2026-01-26T00:00:00.000,2026-12-25T00:00:00.000,101200000,0,No,En ejecución,Distribuido,Inversión,https://community.secop.gov.co/Public/Tendering/OpportunityDetail/Index?noticeUID=CO1.NTC.9672406&isFromPublicArea=True&isModal=true&asPopupView=true,CO1.BDOS.9604232,individual_professional_ai,False,False,0.86
CO1.PCCNTR.5144893,SENA REGIONAL ATLANTICO Intercentros,Nacional,Transporte,Atlántico,Prestación de servicios,Contratación directa,Cédula de Ciudadanía,2023-06-28T00:00:00.000,2023-06-29T00:00:00.000,2023-12-31T00:00:00.000,25010000,0,No,En ejecución,Recursos Propios,Inversión,https://community.secop.gov.co/Public/Tendering/OpportunityDetail/Index?noticeUID=CO1.NTC.4643593&isFromPublicArea=True&isModal=true&asPopupView=true,CO1.BDOS.4636438,individual_professional_ai,False,False,0.79
CO1.PCCNTR.8101930,CENTRO TECNOLÓGICO DE CÚCUTA,Territorial,Educación Nacional,Norte de Santander,Prestación de servicios,Contratación directa,Cédula de Ciudadanía,2025-07-18T00:00:00.000,2025-07-21T00:00:00.000,2025-10-20T00:00:00.000,12000000,0,No,En ejecución,Distribuido,Funcionamiento,https://community.secop.gov.co/Public/Tendering/OpportunityDetail/Index?noticeUID=CO1.NTC.8461382&isFromPublicArea=True&isModal=true&asPopupView=true,CO1.BDOS.8439835,individual_professional_ai,False,False,0.96
CO1.PCCNTR.9538630,IGAC Sede Central *,Nacional,Información Estadística,Distrito Capital de Bogotá,Prestación de servicios,Mínima cuantía,NIT,2026-06-01T00:00:00.000,2026-06-05T00:00:00.000,2026-07-04T00:00:00.000,4786360,0,No,En ejecución,Distribuido,Inversión,https://community.secop.gov.co/Public/Tendering/OpportunityDetail/Index?noticeUID=CO1.NTC.10298046&isFromPublicArea=True&isModal=true&asPopupView=true,CO1.BDOS.10263818,ai_product_or_platform,True,False,0.99
CO1.PCCNTR.9800846,UNIDAD CENTRAL DEL VALLE DEL CAUCA,Territorial,Educación Nacional,Valle del Cauca,Prestación de servicios,Contratación directa,Cédula de Ciudadanía,2026-08-13T00:00:00.000,2026-08-14T00:00:00.000,2026-09-04T00:00:00.000,8000000,0,No,En ejecución,Recursos Propios,Funcionamiento,https://community.secop.gov.co/Public/Tendering/OpportunityDetail/Index?noticeUID=CO1.NTC.10695701&isFromPublicArea=True&isModal=true&asPopupView=true,CO1.BDOS.10657244,incidental,False,False,0.88
CO1.PCCNTR.8443063,LOTERIA DE CUNDINAMARCA,Territorial,No aplica/No pertenece,Distrito Capital de Bogotá,Prestación de servicios,Contratación régimen especial,NIT,2025-11-05T00:00:00.000,2025-11-07T00:00:00.000,2025-12-22T00:00:00.000,50000000,0,No,terminado,Recursos Propios,Funcionamiento,https://community.secop.gov.co/Public/Tendering/OpportunityDetail/Index?noticeUID=CO1.NTC.8932045&isFromPublicArea=True&isModal=true&asPopupView=true,CO1.BDOS.8903038,ai_development_service,False,False,0.88
CO1.PCCNTR.7254573,JEP,Nacional,No aplica/No pertenece,Distrito Capital de Bogotá,Prestación de servicios,Contratación régimen especial,Cédula de Ciudadanía,2025-01-20T00:00:00.000,2025-01-21T00:00:00.000,2025-11-04T00:00:00.000,97520049,0,No,Modificado,Distribuido,Inversión,https://community.secop.gov.co/Public/Tendering/OpportunityDetail/Index?noticeUID=CO1.NTC.7359069&isFromPublicArea=True&isModal=true&asPopupView=true,CO1.BDOS.7343799,individual_professional_ai,False,False,0.82
CO1.PCCNTR.8852159,"AGENCIA DISTRITAL PARA LA EDUCACIÓN SUPERIOR, LA CIENCIA Y LA TECNOLOGÍA, ATENEA",Territorial,Educación Nacional,Distrito Capital de Bogotá,Prestación de servicios,Contratación directa,Cédula de Ciudadanía,2026-01-13T00:00:00.000,2026-01-17T00:00:00.000,2026-12-16T00:00:00.000,102960000,0,No,En ejecución,Recursos Propios,Inversión,https://community.secop.gov.co/Public/Tendering/OpportunityDetail/Index?noticeUID=CO1.NTC.9482000&isFromPublicArea=True&isModal=true&asPopupView=true,CO1.BDOS.9459228,individual_professional_ai,False,False,0.96
CO1.PCCNTR.6407699,AGENCIA PARA LA REINCORPORACIÓN Y LA NORMALIZACIÓN,Nacional,Presidencia de la República,Distrito Capital de Bogotá,Prestación de servicios,Contratación directa,NIT,2024-06-12T00:00:00.000,2024-06-20T00:00:00.000,2025-06-11T00:00:00.000,29614285,0,No,En ejecución,Distribuido,Funcionamiento,https://community.secop.gov.co/Public/Tendering/OpportunityDetail/Index?noticeUID=CO1.NTC.6232643&isFromPublicArea=True&isModal=true&asPopupView=true,CO1.BDOS.6221931,ai_product_or_platform,True,False,0.98
CO1.PCCNTR.8633245,SENA REGIONAL PUTUMAYO Grupo de Apoyo Administrativo,Nacional,Trabajo,Putumayo,Compraventa,Contratación Directa (con ofertas),NIT,2025-11-25T00:00:00.000,2025-12-05T00:00:00.000,2025-12-15T00:00:00.000,139996798,0,No,En ejecución,Distribuido,Inversión,https://community.secop.gov.co/Public/Tendering/OpportunityDetail/Index?noticeUID=CO1.NTC.9172552&isFromPublicArea=True&isModal=true&asPopupView=true,CO1.BDOS.9147242,incidental,False,False,0.91
CO1.PCCNTR.7955350,SENA REGIONAL DISTRITO CAPITAL Grupo Administrativo Intercentros CEET,Nacional,Trabajo,Distrito Capital de Bogotá,Compraventa,Contratación Directa (con ofertas),NIT,2025-06-09T00:00:00.000,2025-06-11T00:00:00.000,2025-09-10T00:00:00.000,279991899.99,0,Si,terminado,Distribuido,Inversión,https://community.secop.gov.co/Public/Tendering/OpportunityDetail/Index?noticeUID=CO1.NTC.8222052&isFromPublicArea=True&isModal=true&asPopupView=true,CO1.BDOS.8200140,incidental,False,False,0.94
CO1.PCCNTR.9684266,INSTITUCIÓN UNIVERSITARIA ITM,Nacional,Educación Nacional,Antioquia,Prestación de servicios,Contratación directa,Cédula de Ciudadanía,2026-07-22T00:00:00.000,2026-07-23T00:00:00.000,2026-08-27T00:00:00.000,7286092,0,No,En ejecución,Recursos Propios,Funcionamiento,https://community.secop.gov.co/Public/Tendering/OpportunityDetail/Index?noticeUID=CO1.NTC.10538263&isFromPublicArea=True&isModal=true&asPopupView=true,CO1.BDOS.10500614,individual_professional_ai,False,False,0.98
CO1.PCCNTR.8076043,INSTITUCIÓN UNIVERSITARIA ITM,Nacional,Educación Nacional,Antioquia,Prestación de servicios,Contratación directa,Cédula de Ciudadanía,2025-07-11T00:00:00.000,2025-07-11T00:00:00.000,2025-12-31T00:00:00.000,14500000,0,Si,En ejecución,Recursos Propios,Inversión,https://community.secop.gov.co/Public/Tendering/OpportunityDetail/Index?noticeUID=CO1.NTC.8424986&isFromPublicArea=True&isModal=true&asPopupView=true,CO1.BDOS.8403411,incidental,False,False,0.98
CO1.PCCNTR.6671303,DEPARTAMENTO ADMINISTRATIVO DEL SERVICIO CIVIL DISTRITAL,Territorial,Servicio Público,Distrito Capital de Bogotá,Prestación de servicios,Contratación directa,Cédula de Ciudadanía,2024-08-29T00:00:00.000,2024-09-03T00:00:00.000,2025-03-02T00:00:00.000,35000000,0,No,En ejecución,Distribuido,Inversión,https://community.secop.gov.co/Public/Tendering/OpportunityDetail/Index?noticeUID=CO1.NTC.6588653&isFromPublicArea=True&isModal=true&asPopupView=true,CO1.BDOS.6572308,individual_professional_ai,True,False,0.91
CO1.PCCNTR.8621989,ALCALDIA MUNICIPAL DE BUGA,Territorial,No aplica/No pertenece,Valle del Cauca,Prestación de servicios,Mínima cuantía,NIT,2025-11-25T00:00:00.000,2025-11-25T00:00:00.000,2025-12-31T00:00:00.000,30000000,0,No,En ejecución,Distribuido,Inversión,https://community.secop.gov.co/Public/Tendering/OpportunityDetail/Index?noticeUID=CO1.NTC.9106592&isFromPublicArea=True&isModal=true&asPopupView=true,CO1.BDOS.9080281,unclear,False,False,0.86
CO1.PCCNTR.8972074,DEPARTAMENTO ADMINISTRATIVO NACIONAL DE ESTADISTICA (DANE),Nacional,Información Estadística,Distrito Capital de Bogotá,Prestación de servicios,Contratación directa,Cédula de Ciudadanía,2026-01-20T00:00:00.000,2026-01-22T00:00:00.000,2026-09-21T00:00:00.000,34256000,0,No,Modificado,Distribuido,Inversión,https://community.secop.gov.co/Public/Tendering/OpportunityDetail/Index?noticeUID=CO1.NTC.9602825&isFromPublicArea=True&isModal=true&asPopupView=true,CO1.BDOS.9306217,individual_professional_ai,False,False,0.96
CO1.PCCNTR.7849862,CORPOBOYACA,Nacional,Ambiente y Desarrollo Sostenible,Boyacá,Prestación de servicios,Contratación directa,NIT,2025-05-06T00:00:00.000,2025-05-07T00:00:00.000,2025-09-06T00:00:00.000,38000000,0,No,Cerrado,Recursos Propios,Funcionamiento,https://community.secop.gov.co/Public/Tendering/OpportunityDetail/Index?noticeUID=CO1.NTC.8092407&isFromPublicArea=True&isModal=true&asPopupView=true,CO1.BDOS.8073437,incidental,False,False,0.86
CO1.PCCNTR.6105425,SECRETARIA DISTRITAL DE DESARROLLO ECONOMICO - ALCALDIA BOGOTÁ,Territorial,Industria,Distrito Capital de Bogotá,Prestación de servicios,Contratación directa,Cédula de Ciudadanía,2024-03-18T00:00:00.000,2024-03-19T00:00:00.000,2024-07-18T00:00:00.000,28000000,0,No,Cerrado,Distribuido,Inversión,https://community.secop.gov.co/Public/Tendering/OpportunityDetail/Index?noticeUID=CO1.NTC.5849667&isFromPublicArea=True&isModal=true&asPopupView=true,CO1.BDOS.5841561,individual_professional_ai,False,False,0.98
CO1.PCCNTR.6597069,SERVICIO GEOLOGICO COLOMBIANO**,Nacional,Minas y Energía,Distrito Capital de Bogotá,Prestación de servicios,Contratación directa,Cédula de Ciudadanía,2024-08-01T00:00:00.000,2024-08-01T00:00:00.000,2024-12-31T00:00:00.000,47703170,0,No,En ejecución,Distribuido,Inversión,https://community.secop.gov.co/Public/Tendering/OpportunityDetail/Index?noticeUID=CO1.NTC.6486029&isFromPublicArea=True&isModal=true&asPopupView=true,CO1.BDOS.6473176,individual_professional_ai,False,False,0.97
CO1.PCCNTR.6794533,FONDO UNICO DE TECNOLOGÍAS DE LA INFORMACIÓN Y LAS COMUNICACIONES,Nacional,Tecnologías de la Información y las Comunicaciones,Distrito Capital de Bogotá,Consultoría,Concurso de méritos abierto,No Definido,2024-09-20T00:00:00.000,2024-09-27T00:00:00.000,2024-12-13T00:00:00.000,1217019855,0,No,En ejecución,Distribuido,Inversión,https://community.secop.gov.co/Public/Tendering/OpportunityDetail/Index?noticeUID=CO1.NTC.6560571&isFromPublicArea=True&isModal=true&asPopupView=true,CO1.BDOS.6436567,unclear,False,False,0.84
CO1.PCCNTR.9087943,RUTA N MEDELLIN,Territorial,Ciencia Tecnología,Antioquia,Prestación de servicios,Contratación régimen especial,NIT,2026-01-24T00:00:00.000,2026-02-12T00:00:00.000,2026-06-30T00:00:00.000,147808232,0,No,En ejecución,Distribuido,Funcionamiento,https://community.secop.gov.co/Public/Tendering/OpportunityDetail/Index?noticeUID=CO1.NTC.9722962&isFromPublicArea=True&isModal=true&asPopupView=true,CO1.BDOS.9707290,ai_development_service,False,False,0.99
CO1.PCCNTR.7143560,FONDO UNICO DE TECNOLOGÍAS DE LA INFORMACIÓN Y LAS COMUNICACIONES,Nacional,Tecnologías de la Información y las Comunicaciones,Distrito Capital de Bogotá,Otro,Contratación directa,NIT,2024-12-16T00:00:00.000,2024-12-19T00:00:00.000,2027-05-19T00:00:00.000,131107663434,335,No,Modificado,Distribuido,Inversión,https://community.secop.gov.co/Public/Tendering/OpportunityDetail/Index?noticeUID=CO1.NTC.7206721&isFromPublicArea=True&isModal=true&asPopupView=true,CO1.BDOS.7185546,ai_development_service,False,False,0.98
CO1.PCCNTR.8276062,IES CINOC,Territorial,Educación Nacional,Caldas,Prestación de servicios,Mínima cuantía,Cédula de Ciudadanía,2025-09-04T00:00:00.000,2025-09-04T00:00:00.000,2025-12-15T00:00:00.000,10193000,0,No,Modificado,Distribuido,Funcionamiento,https://community.secop.gov.co/Public/Tendering/OpportunityDetail/Index?noticeUID=CO1.NTC.8629092&isFromPublicArea=True&isModal=true&asPopupView=true,CO1.BDOS.8606165,incidental,False,False,0.99
CO1.PCCNTR.4618848,DEPARTAMENTO NACIONAL DE PLANEACIÓN,Nacional,Planeación,Distrito Capital de Bogotá,Prestación de servicios,Contratación directa,Cédula de Ciudadanía,2023-02-14T00:00:00.000,2023-02-15T00:00:00.000,2023-06-14T00:00:00.000,32000000,0,No,En ejecución,Distribuido,Inversión,https://community.secop.gov.co/Public/Tendering/OpportunityDetail/Index?noticeUID=CO1.NTC.3994929&isFromPublicArea=True&isModal=true&asPopupView=true,CO1.BDOS.3991357,individual_professional_ai,False,False,0.99
CO1.PCCNTR.8798684,COLOMBIA COMPRA EFICIENTE,Nacional,Planeación,Distrito Capital de Bogotá,Prestación de servicios,Contratación directa,Cédula de Ciudadanía,2026-01-09T00:00:00.000,2026-01-19T00:00:00.000,2026-12-31T00:00:00.000,137200000,0,No,Modificado,Distribuido,Inversión,https://community.secop.gov.co/Public/Tendering/OpportunityDetail/Index?noticeUID=CO1.NTC.9426518&isFromPublicArea=True&isModal=true&asPopupView=true,CO1.BDOS.9407324,individual_professional_ai,False,False,0.78
CO1.PCCNTR.5999380,SERVICIO GEOLOGICO COLOMBIANO**,Nacional,Minas y Energía,Distrito Capital de Bogotá,Prestación de servicios,Contratación directa,Cédula de Ciudadanía,2024-02-23T00:00:00.000,2024-02-23T00:00:00.000,2024-12-31T00:00:00.000,104360256,0,No,En ejecución,Distribuido,Funcionamiento,https://community.secop.gov.co/Public/Tendering/OpportunityDetail/Index?noticeUID=CO1.NTC.5723608&isFromPublicArea=True&isModal=true&asPopupView=true,CO1.BDOS.5702613,individual_professional_ai,False,False,0.92
CO1.PCCNTR.8634425,INSTITUCIÓN UNIVERSITARIA ITM,Nacional,Educación Nacional,Antioquia,Prestación de servicios,Contratación directa,Cédula de Ciudadanía,2025-11-25T00:00:00.000,2025-11-25T00:00:00.000,2025-12-09T00:00:00.000,4334400,0,Si,En ejecución,Recursos Propios,Funcionamiento,https://community.secop.gov.co/Public/Tendering/OpportunityDetail/Index?noticeUID=CO1.NTC.9189420&isFromPublicArea=True&isModal=true&asPopupView=true,CO1.BDOS.9162511,individual_professional_ai,False,False,0.97
CO1.PCCNTR.9302584,MINTRABAJO NIVEL CENTRAL*/,Nacional,Trabajo,Distrito Capital de Bogotá,Prestación de servicios,Contratación directa,Cédula de Ciudadanía,2026-01-30T00:00:00.000,2026-02-02T00:00:00.000,2026-10-01T00:00:00.000,63200000,0,No,En ejecución,Distribuido,Inversión,https://community.secop.gov.co/Public/Tendering/OpportunityDetail/Index?noticeUID=CO1.NTC.9933572&isFromPublicArea=True&isModal=true&asPopupView=true,CO1.BDOS.9907860,individual_professional_ai,False,False,0.97
CO1.PCCNTR.8520834,JEP,Nacional,No aplica/No pertenece,Distrito Capital de Bogotá,Prestación de servicios,Contratación régimen especial,Cédula de Ciudadanía,2025-11-05T00:00:00.000,2025-11-06T00:00:00.000,2026-07-31T00:00:00.000,95368898,0,No,En ejecución,Distribuido,Inversión,https://community.secop.gov.co/Public/Tendering/OpportunityDetail/Index?noticeUID=CO1.NTC.9037052&isFromPublicArea=True&isModal=true&asPopupView=true,CO1.BDOS.9012927,individual_professional_ai,False,False,0.78
CO1.PCCNTR.6067951,ESCUELA TECNOLÓGICA INSTITUTO TÉCNICO CENTRAL,Nacional,Educación Nacional,Distrito Capital de Bogotá,Prestación de servicios,Contratación directa,Cédula de Ciudadanía,2024-03-12T00:00:00.000,2024-03-12T00:00:00.000,2024-06-30T00:00:00.000,11081336,0,No,En ejecución,Distribuido,Funcionamiento,https://community.secop.gov.co/Public/Tendering/OpportunityDetail/Index?noticeUID=CO1.NTC.5802672&isFromPublicArea=True&isModal=true&asPopupView=true,CO1.BDOS.5770127,individual_professional_ai,False,False,0.92
CO1.PCCNTR.8655158,POLITECNICO COLOMBIANO JAIME ISAZA CADAVID,Territorial,No aplica/No pertenece,Antioquia,Prestación de servicios,Contratación directa,NIT,2025-12-02T00:00:00.000,2025-12-04T00:00:00.000,2025-12-30T00:00:00.000,11460000,0,No,En ejecución,Distribuido,Inversión,https://community.secop.gov.co/Public/Tendering/OpportunityDetail/Index?noticeUID=CO1.NTC.9196363&isFromPublicArea=True&isModal=true&asPopupView=true,CO1.BDOS.9171358,incidental,False,False,0.98
CO1.PCCNTR.7629655,"AGENCIA DISTRITAL PARA LA EDUCACIÓN SUPERIOR, LA CIENCIA Y LA TECNOLOGÍA, ATENEA",Territorial,Educación Nacional,Distrito Capital de Bogotá,Prestación de servicios,Contratación directa,Cédula de Ciudadanía,2025-03-12T00:00:00.000,2025-03-14T00:00:00.000,2026-01-13T00:00:00.000,87000000,0,No,cedido,Recursos Propios,Inversión,https://community.secop.gov.co/Public/Tendering/OpportunityDetail/Index?noticeUID=CO1.NTC.7804084&isFromPublicArea=True&isModal=true&asPopupView=true,CO1.BDOS.7785464,individual_professional_ai,False,False,0.98
CO1.PCCNTR.8581807,SANTIAGO DE CALI DISTRITO ESPECIAL - SECRETARIA DE MOVILIDAD,Territorial,Transporte,Valle del Cauca,Otro,Contratación directa,NIT,2025-11-13T00:00:00.000,2025-11-24T00:00:00.000,2026-03-30T00:00:00.000,700000000,58,No,Modificado,Distribuido,Inversión,https://community.secop.gov.co/Public/Tendering/OpportunityDetail/Index?noticeUID=CO1.NTC.9114296&isFromPublicArea=True&isModal=true&asPopupView=true,CO1.BDOS.9085702,ai_development_service,False,False,0.93
CO1.PCCNTR.8162651,MUNICIPIO DE COMBITA,Territorial,Servicio Público,Boyacá,Prestación de servicios,Contratación directa,Cédula de Ciudadanía,2025-08-04T00:00:00.000,2025-08-04T00:00:00.000,2025-12-23T00:00:00.000,12133300,0,No,terminado,Distribuido,Inversión,https://community.secop.gov.co/Public/Tendering/OpportunityDetail/Index?noticeUID=CO1.NTC.8551028&isFromPublicArea=True&isModal=true&asPopupView=true,CO1.BDOS.8529346,individual_professional_ai,False,False,0.88
CO1.PCCNTR.8646120,DIRECCION DE ANTINARCOTICOS,Nacional,defensa,Distrito Capital de Bogotá,Compraventa,Selección abreviada subasta inversa,NIT,2025-12-02T00:00:00.000,2025-12-03T00:00:00.000,2025-12-15T00:00:00.000,1107000000,0,Si,En ejecución,Distribuido,Funcionamiento,https://community.secop.gov.co/Public/Tendering/OpportunityDetail/Index?noticeUID=CO1.NTC.9073690&isFromPublicArea=True&isModal=true&asPopupView=true,CO1.BDOS.8898114,ai_product_or_platform,False,False,0.98
CO1.PCCNTR.6055142,GOBERNACIÓN DEL CAUCA,Territorial,Servicio Público,Cauca,Prestación de servicios,Contratación directa,Cédula de Ciudadanía,2024-03-07T00:00:00.000,2024-03-11T00:00:00.000,2024-07-11T00:00:00.000,16800000,0,No,Cerrado,Distribuido,Inversión,https://community.secop.gov.co/Public/Tendering/OpportunityDetail/Index?noticeUID=CO1.NTC.5787883&isFromPublicArea=True&isModal=true&asPopupView=true,CO1.BDOS.5654401,incidental,False,False,0.87
CO1.PCCNTR.8482256,INSTITUCIÓN UNIVERSITARIA ITM,Nacional,Educación Nacional,Antioquia,Prestación de servicios,Contratación directa,Cédula de Ciudadanía,2025-10-22T00:00:00.000,2025-10-22T00:00:00.000,2025-12-31T00:00:00.000,9863014,0,Si,En ejecución,Recursos Propios,Funcionamiento,https://community.secop.gov.co/Public/Tendering/OpportunityDetail/Index?noticeUID=CO1.NTC.8988901&isFromPublicArea=True&isModal=true&asPopupView=true,CO1.BDOS.8961542,incidental,False,False,0.95
CO1.PCCNTR.9684641,INSTITUCIÓN UNIVERSITARIA ITM,Nacional,Educación Nacional,Antioquia,Prestación de servicios,Contratación directa,Cédula de Ciudadanía,2026-07-21T00:00:00.000,2026-07-21T00:00:00.000,2026-08-25T00:00:00.000,7286092,0,No,En ejecución,Recursos Propios,Funcionamiento,https://community.secop.gov.co/Public/Tendering/OpportunityDetail/Index?noticeUID=CO1.NTC.10538606&isFromPublicArea=True&isModal=true&asPopupView=true,CO1.BDOS.10500904,individual_professional_ai,False,False,0.97
CO1.PCCNTR.8320123,MINISTERIO DE JUSTICIA Y DEL DERECHO.,Nacional,Ley de Justicia,Distrito Capital de Bogotá,Prestación de servicios,Contratación régimen especial,NIT,2025-09-15T00:00:00.000,2025-09-22T00:00:00.000,2025-12-19T00:00:00.000,748553625,0,No,En ejecución,Distribuido,Inversión,https://community.secop.gov.co/Public/Tendering/OpportunityDetail/Index?noticeUID=CO1.NTC.8771230&isFromPublicArea=True&isModal=true&asPopupView=true,CO1.BDOS.8722618,ai_development_service,False,True,0.91
CO1.PCCNTR.8527570,GOBIERNO DEPARTAMENTAL,Territorial,Servicio Público,Tolima,Otro,Contratación directa,NIT,2025-11-05T00:00:00.000,2025-11-18T00:00:00.000,2026-05-31T00:00:00.000,202971429,144,No,Suspendido,Distribuido,Inversión,https://community.secop.gov.co/Public/Tendering/OpportunityDetail/Index?noticeUID=CO1.NTC.9045800&isFromPublicArea=True&isModal=true&asPopupView=true,CO1.BDOS.9021726,incidental,False,False,0.97
CO1.PCCNTR.4912858,Instituto Municipal de Cultura y Turismo de Bucaramanga,Territorial,Cultura,Santander,Prestación de servicios,Contratación directa,NIT,2023-04-28T00:00:00.000,2023-04-28T00:00:00.000,2023-12-27T00:00:00.000,42150000,0,No,terminado,Distribuido,Inversión,https://community.secop.gov.co/Public/Tendering/OpportunityDetail/Index?noticeUID=CO1.NTC.4356440&isFromPublicArea=True&isModal=true&asPopupView=true,CO1.BDOS.4352193,ai_product_or_platform,False,False,0.88
CO1.PCCNTR.7969839,CENTRO DE COMERCIO Y SERVICIOS - SENA REGIONAL CAUCA,Nacional,Trabajo,Cauca,Prestación de servicios,Contratación directa,Cédula de Ciudadanía,2025-06-11T00:00:00.000,2025-06-13T00:00:00.000,2025-12-11T00:00:00.000,19800000,0,No,En ejecución,Distribuido,Inversión,https://community.secop.gov.co/Public/Tendering/OpportunityDetail/Index?noticeUID=CO1.NTC.8270454&isFromPublicArea=True&isModal=true&asPopupView=true,CO1.BDOS.8248394,individual_professional_ai,False,False,0.94
CO1.PCCNTR.7834309,SENA REGIONAL QUINDIO Grupo de Apoyo Administrativo Mixto,Nacional,Trabajo,Quindío,Prestación de servicios,Contratación directa,NIT,2025-04-30T00:00:00.000,2025-05-06T00:00:00.000,2025-06-05T00:00:00.000,140000000,0,Si,En ejecución,Distribuido,Inversión,https://community.secop.gov.co/Public/Tendering/OpportunityDetail/Index?noticeUID=CO1.NTC.8069559&isFromPublicArea=True&isModal=true&asPopupView=true,CO1.BDOS.8050946,incidental,False,False,0.94
CO1.PCCNTR.8826981,CORPORACION AUTONOMA REGIONAL DE CUNDINAMARCA - CAR.,Corporación Autónoma,Ambiente y Desarrollo Sostenible,Distrito Capital de Bogotá,Prestación de servicios,Contratación directa,Cédula de Ciudadanía,2026-01-13T00:00:00.000,2026-01-19T00:00:00.000,2026-06-30T00:00:00.000,50832690,0,No,En ejecución,Recursos Propios,Inversión,https://community.secop.gov.co/Public/Tendering/OpportunityDetail/Index?noticeUID=CO1.NTC.9457131&isFromPublicArea=True&isModal=true&asPopupView=true,CO1.BDOS.9443078,individual_professional_ai,False,False,0.94
CO1.PCCNTR.8561114,INSTITUTO PARA LA ECONOMIA SOCIAL- IPES,Nacional,Industria,Distrito Capital de Bogotá,Compraventa,Selección abreviada subasta inversa,NIT,2025-11-14T00:00:00.000,2025-11-20T00:00:00.000,2026-11-19T00:00:00.000,755665005,0,No,En ejecución,Distribuido,Inversión,https://community.secop.gov.co/Public/Tendering/OpportunityDetail/Index?noticeUID=CO1.NTC.8933699&isFromPublicArea=True&isModal=true&asPopupView=true,CO1.BDOS.8821426,ai_product_or_platform,True,False,0.88
CO1.PCCNTR.6516984,FONDO UNICO DE TECNOLOGÍAS DE LA INFORMACIÓN Y LAS COMUNICACIONES,Nacional,Tecnologías de la Información y las Comunicaciones,Distrito Capital de Bogotá,Prestación de servicios,Contratación directa,Cédula de Ciudadanía,2024-07-10T00:00:00.000,2024-07-18T00:00:00.000,2024-12-31T00:00:00.000,67439166.66,0,No,En ejecución,Distribuido,Inversión,https://community.secop.gov.co/Public/Tendering/OpportunityDetail/Index?noticeUID=CO1.NTC.6382532&isFromPublicArea=True&isModal=true&asPopupView=true,CO1.BDOS.6372343,incidental,False,False,0.91
CO1.PCCNTR.8239044,INSTITUCIÓN UNIVERSITARIA ITM,Nacional,Educación Nacional,Antioquia,Prestación de servicios,Contratación directa,Cédula de Ciudadanía,2025-08-26T00:00:00.000,2025-08-26T00:00:00.000,2025-10-07T00:00:00.000,6155880,0,No,En ejecución,Recursos Propios,Funcionamiento,https://community.secop.gov.co/Public/Tendering/OpportunityDetail/Index?noticeUID=CO1.NTC.8660589&isFromPublicArea=True&isModal=true&asPopupView=true,CO1.BDOS.8638085,individual_professional_ai,False,False,0.98
CO1.PCCNTR.6068696,GOBERNACIÓN DEL CAUCA,Territorial,Servicio Público,Cauca,Prestación de servicios,Contratación directa,Cédula de Ciudadanía,2024-03-10T00:00:00.000,2024-03-12T00:00:00.000,2024-07-12T00:00:00.000,16800000,0,No,Cerrado,Distribuido,Inversión,https://community.secop.gov.co/Public/Tendering/OpportunityDetail/Index?noticeUID=CO1.NTC.5804514&isFromPublicArea=True&isModal=true&asPopupView=true,CO1.BDOS.5797269,individual_professional_ai,False,False,0.88
CO1.PCCNTR.8743446,CONTRALORIA MUNICIPAL DE ENVIGADO,Territorial,Servicio Público,Antioquia,Otro,Contratación directa,NIT,2025-12-30T00:00:00.000,2025-12-30T00:00:00.000,2026-01-30T00:00:00.000,0,0,No,En ejecución,Distribuido,Funcionamiento,https://community.secop.gov.co/Public/Tendering/OpportunityDetail/Index?noticeUID=CO1.NTC.9349963&isFromPublicArea=True&isModal=true&asPopupView=true,CO1.BDOS.9324783,ai_product_or_platform,False,False,0.96
CO1.PCCNTR.8144243,MUNICIPIO DE SAN JOSE DE CUCUTA.,Territorial,Servicio Público,Norte de Santander,Prestación de servicios,Contratación directa,NIT,2025-07-30T00:00:00.000,2025-08-11T00:00:00.000,2026-03-31T00:00:00.000,549425000.39,90,No,Modificado,Distribuido,Inversión,https://community.secop.gov.co/Public/Tendering/OpportunityDetail/Index?noticeUID=CO1.NTC.8515550&isFromPublicArea=True&isModal=true&asPopupView=true,CO1.BDOS.8415975,ai_product_or_platform,False,False,0.91
CO1.PCCNTR.9058508,INSTITUCIÓN UNIVERSITARIA ITM,Nacional,Educación Nacional,Antioquia,Prestación de servicios,Contratación directa,Cédula de Ciudadanía,2026-01-22T00:00:00.000,2026-01-22T00:00:00.000,2026-04-05T00:00:00.000,9866667,17,Si,Modificado,Recursos Propios,Inversión,https://community.secop.gov.co/Public/Tendering/OpportunityDetail/Index?noticeUID=CO1.NTC.9693203&isFromPublicArea=True&isModal=true&asPopupView=true,CO1.BDOS.9680137,individual_professional_ai,False,False,0.91
CO1.PCCNTR.9728181,REGIÓN ADMINISTRATIVA Y DE PLANIFICACIÓN RAP - EJE CAFETERO,Territorial,Planeación,Quindío,Prestación de servicios,Contratación directa,Cédula de Ciudadanía,2026-07-29T00:00:00.000,2026-08-04T00:00:00.000,2026-12-16T00:00:00.000,20700000,0,No,En ejecución,Recursos Propios,Inversión,https://community.secop.gov.co/Public/Tendering/OpportunityDetail/Index?noticeUID=CO1.NTC.10599654&isFromPublicArea=True&isModal=true&asPopupView=true,CO1.BDOS.10562410,individual_professional_ai,False,False,0.96
CO1.PCCNTR.5423876,CORPORACIÓN UNIFICADA NACIONAL DE EDUCACIÓN SUPERIOR-CUN,Nacional,Educación Nacional,Distrito Capital de Bogotá,Decreto 092 de 2017,Contratación régimen especial,NIT,2023-09-29T00:00:00.000,2023-09-29T00:00:00.000,2025-08-31T00:00:00.000,352329569,154,No,Modificado,Distribuido,Inversión,https://community.secop.gov.co/Public/Tendering/OpportunityDetail/Index?noticeUID=CO1.NTC.5012555&isFromPublicArea=True&isModal=true&asPopupView=true,CO1.BDOS.5000494,ai_product_or_platform,False,False,0.77
CO1.PCCNTR.6547497,GOBERNACIÓN DEL CAUCA,Territorial,Servicio Público,Cauca,Prestación de servicios,Contratación directa,Cédula de Ciudadanía,2024-07-23T00:00:00.000,2024-07-25T00:00:00.000,2024-12-26T00:00:00.000,21000000,0,No,Cerrado,Distribuido,Inversión,https://community.secop.gov.co/Public/Tendering/OpportunityDetail/Index?noticeUID=CO1.NTC.6423761&isFromPublicArea=True&isModal=true&asPopupView=true,CO1.BDOS.6383030,incidental,False,False,0.84
CO1.PCCNTR.7270739,SENA SECRETARIA GENERAL,Nacional,Trabajo,Distrito Capital de Bogotá,Prestación de servicios,Contratación directa,Cédula de Ciudadanía,2025-01-20T00:00:00.000,2025-01-20T00:00:00.000,2025-12-31T00:00:00.000,137999995,0,No,terminado,Distribuido,Inversión,https://community.secop.gov.co/Public/Tendering/OpportunityDetail/Index?noticeUID=CO1.NTC.7378725&isFromPublicArea=True&isModal=true&asPopupView=true,CO1.BDOS.7348111,individual_professional_ai,False,True,0.87
CO1.PCCNTR.9093667,COMISIÓN DE REGULACIÓN DE AGUA POTABLE Y SANEAMIENTO BÁSICO.,Nacional,"Vivienda, Ciudad y Territorio",Distrito Capital de Bogotá,Prestación de servicios,Contratación directa,Cédula de Ciudadanía,2026-01-23T00:00:00.000,2026-01-27T00:00:00.000,2026-10-26T00:00:00.000,57098667,0,No,terminado,Distribuido,Inversión,https://community.secop.gov.co/Public/Tendering/OpportunityDetail/Index?noticeUID=CO1.NTC.9729096&isFromPublicArea=True&isModal=true&asPopupView=true,CO1.BDOS.9709467,individual_professional_ai,False,False,0.98
CO1.PCCNTR.9746022,MUNICIPIO DE SOGAMOSO,Territorial,Servicio Público,Boyacá,Prestación de servicios,Contratación directa,Cédula de Ciudadanía,2026-08-03T00:00:00.000,2026-08-04T00:00:00.000,2026-11-03T00:00:00.000,11400000,0,No,En ejecución,Distribuido,Inversión,https://community.secop.gov.co/Public/Tendering/OpportunityDetail/Index?noticeUID=CO1.NTC.10622887&isFromPublicArea=True&isModal=true&asPopupView=true,CO1.BDOS.10585100,individual_professional_ai,False,False,0.96
CO1.PCCNTR.6515069,MINCIENCIAS,Nacional,Ciencia Tecnología,Distrito Capital de Bogotá,Prestación de servicios,Contratación directa,Cédula de Ciudadanía,2024-07-09T00:00:00.000,2024-07-12T00:00:00.000,2024-12-31T00:00:00.000,22533333,0,No,Cerrado,Distribuido,Inversión,https://community.secop.gov.co/Public/Tendering/OpportunityDetail/Index?noticeUID=CO1.NTC.6379091&isFromPublicArea=True&isModal=true&asPopupView=true,CO1.BDOS.6361554,individual_professional_ai,False,False,0.97
CO1.PCCNTR.4447516,INSTITUTO COLOMBIANO PARA LA EVALUACIÓN DE LA EDUCACIÓN - ICFES,Nacional,Educación Nacional,Distrito Capital de Bogotá,Prestación de servicios,Contratación régimen especial,Cédula de Ciudadanía,2023-01-23T00:00:00.000,2023-01-25T00:00:00.000,2023-05-24T00:00:00.000,20800000,0,No,Cerrado,Recursos Propios,Funcionamiento,https://community.secop.gov.co/Public/Tendering/OpportunityDetail/Index?noticeUID=CO1.NTC.3806803&isFromPublicArea=True&isModal=true&asPopupView=true,CO1.BDOS.3805029,individual_professional_ai,False,False,0.96
CO1.PCCNTR.8647924,SOCIEDAD DE ACTIVOS ESPECIALES SAS,Nacional,Hacienda y Crédito Público,Distrito Capital de Bogotá,Prestación de servicios,Contratación régimen especial,NIT,2025-12-02T00:00:00.000,2025-12-04T00:00:00.000,2026-08-03T00:00:00.000,357000000,61,Si,Modificado,Recursos Propios,Funcionamiento,https://community.secop.gov.co/Public/Tendering/OpportunityDetail/Index?noticeUID=CO1.NTC.9207583&isFromPublicArea=True&isModal=true&asPopupView=true,CO1.BDOS.9182244,ai_development_service,False,True,0.97
CO1.PCCNTR.8917030,SERVICIO GEOLOGICO COLOMBIANO**,Nacional,Minas y Energía,Distrito Capital de Bogotá,Prestación de servicios,Contratación directa,Cédula de Ciudadanía,2026-01-16T00:00:00.000,2026-01-16T00:00:00.000,2026-12-14T00:00:00.000,92400000,0,No,En ejecución,Distribuido,Funcionamiento,https://community.secop.gov.co/Public/Tendering/OpportunityDetail/Index?noticeUID=CO1.NTC.9549705&isFromPublicArea=True&isModal=true&asPopupView=true,CO1.BDOS.9292357,individual_professional_ai,False,False,0.92
CO1.PCCNTR.7929313,Gobernación Norte de Santander*,Territorial,No aplica/No pertenece,Norte de Santander,Prestación de servicios,Contratación directa,Cédula de Ciudadanía,2025-05-29T00:00:00.000,2025-06-03T00:00:00.000,2025-12-30T00:00:00.000,17333333,0,No,terminado,Distribuido,Inversión,https://community.secop.gov.co/Public/Tendering/OpportunityDetail/Index?noticeUID=CO1.NTC.8212118&isFromPublicArea=True&isModal=true&asPopupView=true,CO1.BDOS.8190250,individual_professional_ai,False,False,0.68
CO1.PCCNTR.6631670,FONDO UNICO DE TECNOLOGÍAS DE LA INFORMACIÓN Y LAS COMUNICACIONES,Nacional,Tecnologías de la Información y las Comunicaciones,Distrito Capital de Bogotá,Prestación de servicios,Contratación directa,Cédula de Ciudadanía,2024-08-13T00:00:00.000,2024-08-15T00:00:00.000,2024-12-31T00:00:00.000,60870417,0,No,En ejecución,Distribuido,Inversión,https://community.secop.gov.co/Public/Tendering/OpportunityDetail/Index?noticeUID=CO1.NTC.6535543&isFromPublicArea=True&isModal=true&asPopupView=true,CO1.BDOS.6525673,individual_professional_ai,False,False,0.98
CO1.PCCNTR.8828007,DEPARTAMENTO ADMINISTRATIVO NACIONAL DE ESTADISTICA (DANE),Nacional,Información Estadística,Distrito Capital de Bogotá,Prestación de servicios,Contratación directa,Cédula de Ciudadanía,2026-01-11T00:00:00.000,2026-01-14T00:00:00.000,2026-10-28T00:00:00.000,76475000,0,No,En ejecución,Distribuido,Inversión,https://community.secop.gov.co/Public/Tendering/OpportunityDetail/Index?noticeUID=CO1.NTC.9457961&isFromPublicArea=True&isModal=true&asPopupView=true,CO1.BDOS.9323745,individual_professional_ai,False,False,0.94
CO1.PCCNTR.8227481,INSTITUCION UNIVERSITARIA DE SANTA MARTA,Territorial,Educación Nacional,Magdalena,Prestación de servicios,Contratación directa,Cédula de Ciudadanía,2025-08-22T00:00:00.000,2025-08-25T00:00:00.000,2025-11-30T00:00:00.000,22750000,0,No,En ejecución,Distribuido,Funcionamiento,https://community.secop.gov.co/Public/Tendering/OpportunityDetail/Index?noticeUID=CO1.NTC.8644725&isFromPublicArea=True&isModal=true&asPopupView=true,CO1.BDOS.8621749,individual_professional_ai,False,False,0.88
CO1.PCCNTR.9886258,MUNICIPIO DE TASCO,Territorial,Servicio Público,Boyacá,Prestación de servicios,Mínima cuantía,NIT,2026-09-01T00:00:00.000,,2026-12-31T00:00:00.000,45000000,0,No,Aprobado,Distribuido,Inversión,https://community.secop.gov.co/Public/Tendering/OpportunityDetail/Index?noticeUID=CO1.NTC.10751589&isFromPublicArea=True&isModal=true&asPopupView=true,CO1.BDOS.10713334,incidental,False,False,0.78
CO1.PCCNTR.8765143,JEP,Nacional,No aplica/No pertenece,Distrito Capital de Bogotá,Prestación de servicios,Contratación régimen especial,Cédula de Ciudadanía,2026-01-16T00:00:00.000,2026-01-19T00:00:00.000,2026-12-19T00:00:00.000,124051264,0,No,En ejecución,Distribuido,Inversión,https://community.secop.gov.co/Public/Tendering/OpportunityDetail/Index?noticeUID=CO1.NTC.9380487&isFromPublicArea=True&isModal=true&asPopupView=true,CO1.BDOS.9360189,individual_professional_ai,False,False,0.73
CO1.PCCNTR.6684704,DEPARTAMENTO NACIONAL DE PLANEACIÓN,Nacional,Planeación,Distrito Capital de Bogotá,Consultoría,Concurso de méritos abierto,NIT,2024-08-30T00:00:00.000,2024-09-10T00:00:00.000,2024-12-09T00:00:00.000,379189500,0,Si,terminado,Distribuido,Inversión,https://community.secop.gov.co/Public/Tendering/OpportunityDetail/Index?noticeUID=CO1.NTC.6421297&isFromPublicArea=True&isModal=true&asPopupView=true,CO1.BDOS.6318423,incidental,False,False,0.94
CO1.PCCNTR.7380079,SECRETARIA DE EDUCACION DEL DISTRITO,Territorial,Educación Nacional,Distrito Capital de Bogotá,Prestación de servicios,Contratación directa,Cédula de Ciudadanía,2025-01-31T00:00:00.000,2025-02-04T00:00:00.000,2025-08-31T00:00:00.000,103000000,0,No,Cerrado,Distribuido,Inversión,https://community.secop.gov.co/Public/Tendering/OpportunityDetail/Index?noticeUID=CO1.NTC.7504182&isFromPublicArea=True&isModal=true&asPopupView=true,CO1.BDOS.7478224,individual_professional_ai,False,False,0.91
CO1.PCCNTR.6288802,Unidad de Busqueda de Personas Desaparecidas,Nacional,Ley de Justicia,Distrito Capital de Bogotá,Prestación de servicios,Contratación directa,Cédula de Ciudadanía,2024-05-06T00:00:00.000,2024-05-07T00:00:00.000,2024-12-31T00:00:00.000,72828600,0,No,Cerrado,Distribuido,Inversión,https://community.secop.gov.co/Public/Tendering/OpportunityDetail/Index?noticeUID=CO1.NTC.6073710&isFromPublicArea=True&isModal=true&asPopupView=true,CO1.BDOS.6065195,individual_professional_ai,False,False,0.73
CO1.PCCNTR.7843818,MUNICIPIO DE MANIZALES,Territorial,Servicio Público,Caldas,Prestación de servicios,Selección Abreviada de Menor Cuantía,NIT,2025-05-14T00:00:00.000,2025-05-15T00:00:00.000,2025-12-30T00:00:00.000,206400000,0,No,Modificado,Distribuido,Inversión,https://community.secop.gov.co/Public/Tendering/OpportunityDetail/Index?noticeUID=CO1.NTC.7964372&isFromPublicArea=True&isModal=true&asPopupView=true,CO1.BDOS.7831109,ai_development_service,False,False,0.66
CO1.PCCNTR.8303779,MUNICIPIO DE CHIQUINQUIRA+,Territorial,Servicio Público,Boyacá,Prestación de servicios,Contratación directa,Cédula de Ciudadanía,2025-09-09T00:00:00.000,2025-09-10T00:00:00.000,2025-09-19T00:00:00.000,3000000,0,No,Cerrado,Distribuido,Inversión,https://community.secop.gov.co/Public/Tendering/OpportunityDetail/Index?noticeUID=CO1.NTC.8749756&isFromPublicArea=True&isModal=true&asPopupView=true,CO1.BDOS.8726093,individual_professional_ai,False,False,0.83
CO1.PCCNTR.6721656,AGENCIA ITRC,Nacional,Hacienda y Crédito Público,Distrito Capital de Bogotá,Compraventa,Selección abreviada subasta inversa,NIT,2024-09-10T00:00:00.000,2024-09-17T00:00:00.000,2024-10-16T00:00:00.000,319994570,0,No,En ejecución,Distribuido,Funcionamiento,https://community.secop.gov.co/Public/Tendering/OpportunityDetail/Index?noticeUID=CO1.NTC.6534177&isFromPublicArea=True&isModal=true&asPopupView=true,CO1.BDOS.6465131,ai_product_or_platform,True,False,0.82
CO1.PCCNTR.7657168,GOBERNACION DE NARIÑO,Territorial,No aplica/No pertenece,Nariño,Prestación de servicios,Contratación directa,Cédula de Ciudadanía,2025-03-14T00:00:00.000,2025-03-14T00:00:00.000,2026-06-19T00:00:00.000,166543333,20,No,Modificado,Distribuido,Funcionamiento,https://community.secop.gov.co/Public/Tendering/OpportunityDetail/Index?noticeUID=CO1.NTC.7840847&isFromPublicArea=True&isModal=true&asPopupView=true,CO1.BDOS.7826209,individual_professional_ai,False,False,0.91
CO1.PCCNTR.9266133,CORPORACION AUTONOMA REGIONAL DE LA FRONTERA NORORIENTAL+,Corporación Autónoma,Ambiente y Desarrollo Sostenible,Norte de Santander,Prestación de servicios,Contratación directa,Cédula de Ciudadanía,2026-01-29T00:00:00.000,2026-02-03T00:00:00.000,2026-06-02T00:00:00.000,16000000,0,No,En ejecución,Recursos Propios,Inversión,https://community.secop.gov.co/Public/Tendering/OpportunityDetail/Index?noticeUID=CO1.NTC.9898301&isFromPublicArea=True&isModal=true&asPopupView=true,CO1.BDOS.9878417,individual_professional_ai,False,False,0.96
CO1.PCCNTR.5292536,IGAC Sede Central *,Nacional,Información Estadística,Distrito Capital de Bogotá,Prestación de servicios,Contratación directa,Cédula de Ciudadanía,2023-08-14T00:00:00.000,2023-08-15T00:00:00.000,2023-12-30T00:00:00.000,43419963,0,No,Cerrado,Distribuido,Inversión,https://community.secop.gov.co/Public/Tendering/OpportunityDetail/Index?noticeUID=CO1.NTC.4835835&isFromPublicArea=True&isModal=true&asPopupView=true,CO1.BDOS.4826997,individual_professional_ai,False,False,0.98
CO1.PCCNTR.8998948,SENA REGIONAL ATLANTICO Intercentros,Nacional,Transporte,Atlántico,Prestación de servicios,Contratación directa,Cédula de Ciudadanía,2026-01-20T00:00:00.000,2026-02-02T00:00:00.000,2026-12-16T00:00:00.000,49427886,18,No,Modificado,Distribuido,Inversión,https://community.secop.gov.co/Public/Tendering/OpportunityDetail/Index?noticeUID=CO1.NTC.9627066&isFromPublicArea=True&isModal=true&asPopupView=true,CO1.BDOS.9601617,individual_professional_ai,False,False,0.91
CO1.PCCNTR.6673509,DEPARTAMENTO DEL ATLANTICO**,Territorial,Servicio Público,Atlántico,Prestación de servicios,Contratación directa,NIT,2024-08-28T00:00:00.000,2024-08-28T00:00:00.000,2025-08-22T00:00:00.000,7159232,0,No,terminado,Distribuido,Funcionamiento,https://community.secop.gov.co/Public/Tendering/OpportunityDetail/Index?noticeUID=CO1.NTC.6591062&isFromPublicArea=True&isModal=true&asPopupView=true,CO1.BDOS.6571283,ai_product_or_platform,False,False,0.98
CO1.PCCNTR.8952874,MINISTERIO DE JUSTICIA Y DEL DERECHO.,Nacional,Ley de Justicia,Distrito Capital de Bogotá,Prestación de servicios,Contratación directa,Cédula de Ciudadanía,2026-01-17T00:00:00.000,2026-01-19T00:00:00.000,2026-12-31T00:00:00.000,72870168,104,No,Modificado,Distribuido,Inversión,https://community.secop.gov.co/Public/Tendering/OpportunityDetail/Index?noticeUID=CO1.NTC.9585502&isFromPublicArea=True&isModal=true&asPopupView=true,CO1.BDOS.9491363,individual_professional_ai,False,False,0.98
CO1.PCCNTR.7017627,DITRA,Nacional,defensa,Distrito Capital de Bogotá,Compraventa,Selección abreviada subasta inversa,NIT,2024-11-25T00:00:00.000,2024-11-27T00:00:00.000,2024-12-20T00:00:00.000,64803426,0,Si,En ejecución,Distribuido,Funcionamiento,https://community.secop.gov.co/Public/Tendering/OpportunityDetail/Index?noticeUID=CO1.NTC.6860442&isFromPublicArea=True&isModal=true&asPopupView=true,CO1.BDOS.6758336,ai_product_or_platform,False,False,0.62
CO1.PCCNTR.5900758,UNIDAD ADMINISTRATIVA ESPECIAL DE GESTION DE RESTITUCION DE TIERRAS DESPOJADAS**,Nacional,Inclusión Social y Reconciliación,Distrito Capital de Bogotá,Prestación de servicios,Contratación directa,Cédula de Ciudadanía,2024-02-09T00:00:00.000,2024-02-12T00:00:00.000,2024-12-31T00:00:00.000,92502300,0,No,Cerrado,Distribuido,Inversión,https://community.secop.gov.co/Public/Tendering/OpportunityDetail/Index?noticeUID=CO1.NTC.5603409&isFromPublicArea=True&isModal=true&asPopupView=true,CO1.BDOS.5595835,individual_professional_ai,False,False,0.99
CO1.PCCNTR.6549659,MINCIENCIAS,Nacional,Ciencia Tecnología,Distrito Capital de Bogotá,Prestación de servicios,Contratación directa,Cédula de Ciudadanía,2024-07-19T00:00:00.000,2024-07-26T00:00:00.000,2024-12-31T00:00:00.000,46500000,0,Si,Cerrado,Distribuido,Inversión,https://community.secop.gov.co/Public/Tendering/OpportunityDetail/Index?noticeUID=CO1.NTC.6426663&isFromPublicArea=True&isModal=true&asPopupView=true,CO1.BDOS.6413786,individual_professional_ai,False,False,0.91
CO1.PCCNTR.5001103,INSTITUTO COLOMBIANO PARA LA EVALUACIÓN DE LA EDUCACIÓN - ICFES,Nacional,Educación Nacional,Distrito Capital de Bogotá,Prestación de servicios,Contratación régimen especial,Cédula de Ciudadanía,2023-05-25T00:00:00.000,2023-05-25T00:00:00.000,2023-12-31T00:00:00.000,37440000,0,No,Cerrado,Recursos Propios,Funcionamiento,https://community.secop.gov.co/Public/Tendering/OpportunityDetail/Index?noticeUID=CO1.NTC.4467612&isFromPublicArea=True&isModal=true&asPopupView=true,CO1.BDOS.4463441,individual_professional_ai,False,False,0.95
CO1.PCCNTR.6491592,GOBERNACIÓN DEL CAUCA,Territorial,Servicio Público,Cauca,Prestación de servicios,Contratación directa,Cédula de Ciudadanía,2024-07-08T00:00:00.000,2024-07-09T00:00:00.000,2024-12-25T00:00:00.000,22800000,0,No,Cerrado,Distribuido,Inversión,https://community.secop.gov.co/Public/Tendering/OpportunityDetail/Index?noticeUID=CO1.NTC.6345327&isFromPublicArea=True&isModal=true&asPopupView=true,CO1.BDOS.6291106,individual_professional_ai,False,False,0.72
CO1.PCCNTR.7550159,IGAC Sede Central *,Nacional,Información Estadística,Distrito Capital de Bogotá,Prestación de servicios,Contratación directa,Cédula de Ciudadanía,2025-02-26T00:00:00.000,2025-02-27T00:00:00.000,2025-12-26T00:00:00.000,40000000,0,No,Cerrado,Distribuido,Inversión,https://community.secop.gov.co/Public/Tendering/OpportunityDetail/Index?noticeUID=CO1.NTC.7703258&isFromPublicArea=True&isModal=true&asPopupView=true,CO1.BDOS.7689203,individual_professional_ai,False,False,0.88
CO1.PCCNTR.8921402,SENA REGIONAL VALLE Grupo de Apoyo Administrativo Mixto,Nacional,Educación Nacional,Valle del Cauca,Prestación de servicios,Contratación directa,Cédula de Ciudadanía,2026-01-16T00:00:00.000,2026-02-01T00:00:00.000,2026-12-31T00:00:00.000,66699996,0,No,Modificado,Recursos Propios,Inversión,https://community.secop.gov.co/Public/Tendering/OpportunityDetail/Index?noticeUID=CO1.NTC.9553065&isFromPublicArea=True&isModal=true&asPopupView=true,CO1.BDOS.9537699,individual_professional_ai,False,False,0.96
CO1.PCCNTR.9057879,INSTITUCIÓN UNIVERSITARIA ITM,Nacional,Educación Nacional,Antioquia,Prestación de servicios,Contratación directa,Cédula de Ciudadanía,2026-01-22T00:00:00.000,2026-01-22T00:00:00.000,2026-04-07T00:00:00.000,10133333,19,Si,Modificado,Recursos Propios,Inversión,https://community.secop.gov.co/Public/Tendering/OpportunityDetail/Index?noticeUID=CO1.NTC.9692907&isFromPublicArea=True&isModal=true&asPopupView=true,CO1.BDOS.9679668,incidental,False,False,0.98
CO1.PCCNTR.9692971,SECRETARÍA GENERAL DE LA ALCALDÍA MAYOR DE BOGOTÁ,Territorial,Servicio Público,Distrito Capital de Bogotá,Otro,Contratación Directa (con ofertas),NIT,2026-07-21T00:00:00.000,2026-07-30T00:00:00.000,2026-12-31T00:00:00.000,224213333,0,Si,En ejecución,Distribuido,Inversión,https://community.secop.gov.co/Public/Tendering/OpportunityDetail/Index?noticeUID=CO1.NTC.10546975&isFromPublicArea=True&isModal=true&asPopupView=true,CO1.BDOS.10508363,ai_product_or_platform,False,False,0.95
CO1.PCCNTR.6545021,SECRETARÍA GENERAL DE LA ALCALDÍA MAYOR DE BOGOTÁ,Territorial,Servicio Público,Distrito Capital de Bogotá,Otro,Contratación Directa (con ofertas),NIT,2024-07-19T00:00:00.000,2024-07-26T00:00:00.000,2025-01-25T00:00:00.000,694746000,0,No,terminado,Distribuido,Inversión,https://community.secop.gov.co/Public/Tendering/OpportunityDetail/Index?noticeUID=CO1.NTC.6419562&isFromPublicArea=True&isModal=true&asPopupView=true,CO1.BDOS.6406496,ai_product_or_platform,False,False,0.92
CO1.PCCNTR.7409404,DEPARTAMENTO DEL META,Territorial,Servicio Público,Meta,Prestación de servicios,Contratación directa,Cédula de Ciudadanía,2025-02-05T00:00:00.000,2025-02-07T00:00:00.000,2025-08-04T00:00:00.000,31800000,0,No,En ejecución,Distribuido,Inversión,https://community.secop.gov.co/Public/Tendering/OpportunityDetail/Index?noticeUID=CO1.NTC.7536401&isFromPublicArea=True&isModal=true&asPopupView=true,CO1.BDOS.7522282,individual_professional_ai,False,False,0.93
CO1.PCCNTR.8194930,MINCIENCIAS,Nacional,Ciencia Tecnología,Distrito Capital de Bogotá,Prestación de servicios,Contratación directa,Cédula de Ciudadanía,2025-08-19T00:00:00.000,2025-08-25T00:00:00.000,2025-12-31T00:00:00.000,55600000,0,Si,En ejecución,Distribuido,Inversión,https://community.secop.gov.co/Public/Tendering/OpportunityDetail/Index?noticeUID=CO1.NTC.8598897&isFromPublicArea=True&isModal=true&asPopupView=true,CO1.BDOS.8575721,individual_professional_ai,False,False,0.97
CO1.PCCNTR.8668008,POLITECNICO COLOMBIANO JAIME ISAZA CADAVID,Territorial,No aplica/No pertenece,Antioquia,Prestación de servicios,Contratación directa,Cédula de Ciudadanía,2025-12-03T00:00:00.000,2025-12-06T00:00:00.000,2025-12-31T00:00:00.000,11000000,0,No,Modificado,Distribuido,Inversión,https://community.secop.gov.co/Public/Tendering/OpportunityDetail/Index?noticeUID=CO1.NTC.9214313&isFromPublicArea=True&isModal=true&asPopupView=true,CO1.BDOS.9188642,individual_professional_ai,False,False,0.93
CO1.PCCNTR.6534765,MINCIENCIAS,Nacional,Ciencia Tecnología,Distrito Capital de Bogotá,Prestación de servicios,Contratación directa,Cédula de Ciudadanía,2024-07-16T00:00:00.000,2024-07-19T00:00:00.000,2024-12-31T00:00:00.000,37260000,0,Si,Cerrado,Distribuido,Inversión,https://community.secop.gov.co/Public/Tendering/OpportunityDetail/Index?noticeUID=CO1.NTC.6406096&isFromPublicArea=True&isModal=true&asPopupView=true,CO1.BDOS.6395899,individual_professional_ai,False,False,0.91
CO1.PCCNTR.8968045,MINTRABAJO NIVEL CENTRAL*/,Nacional,Trabajo,Distrito Capital de Bogotá,Prestación de servicios,Contratación directa,Cédula de Ciudadanía,2026-01-18T00:00:00.000,2026-01-19T00:00:00.000,2026-09-18T00:00:00.000,63200000,0,Si,terminado,Distribuido,Inversión,https://community.secop.gov.co/Public/Tendering/OpportunityDetail/Index?noticeUID=CO1.NTC.9597412&isFromPublicArea=True&isModal=true&asPopupView=true,CO1.BDOS.9580109,individual_professional_ai,False,False,0.96
CO1.PCCNTR.7738821,SECRETARÍA GENERAL DE LA ALCALDÍA MAYOR DE BOGOTÁ,Territorial,Servicio Público,Distrito Capital de Bogotá,Otro,Contratación directa,NIT,2025-04-08T00:00:00.000,2025-04-14T00:00:00.000,2025-12-31T00:00:00.000,290700000,0,No,Modificado,Distribuido,Inversión,https://community.secop.gov.co/Public/Tendering/OpportunityDetail/Index?noticeUID=CO1.NTC.7938317&isFromPublicArea=True&isModal=true&asPopupView=true,CO1.BDOS.7920722,ai_product_or_platform,False,False,0.96
CO1.PCCNTR.5848919,ICBF SEDE NACIONAL,Nacional,Inclusión Social y Reconciliación,Distrito Capital de Bogotá,Prestación de servicios,Contratación directa,Cédula de Ciudadanía,2024-01-31T00:00:00.000,2024-02-02T00:00:00.000,2024-05-31T00:00:00.000,40000000,0,No,Cerrado,Recursos Propios,Inversión,https://community.secop.gov.co/Public/Tendering/OpportunityDetail/Index?noticeUID=CO1.NTC.5545498&isFromPublicArea=True&isModal=true&asPopupView=true,CO1.BDOS.5530166,individual_professional_ai,False,False,0.95
CO1.PCCNTR.8219147,DEPARTAMENTO DE ANTIOQUIA//,Territorial,Servicio Público,Antioquia,Prestación de servicios,Selección Abreviada de Menor Cuantía,NIT,2025-09-02T00:00:00.000,2025-09-02T00:00:00.000,2025-12-12T00:00:00.000,644907253,0,No,Suspendido,Distribuido,Inversión,https://community.secop.gov.co/Public/Tendering/OpportunityDetail/Index?noticeUID=CO1.NTC.8517652&isFromPublicArea=True&isModal=true&asPopupView=true,CO1.BDOS.8389383,ai_development_service,False,False,0.91
CO1.PCCNTR.8423459,MINISTERIO DE MINAS Y ENERGIA,Nacional,Minas y Energía,Distrito Capital de Bogotá,Prestación de servicios,Contratación directa,Cédula de Ciudadanía,2025-10-08T00:00:00.000,2025-10-09T00:00:00.000,2025-12-31T00:00:00.000,44800000,0,No,En ejecución,Distribuido,Inversión,https://community.secop.gov.co/Public/Tendering/OpportunityDetail/Index?noticeUID=CO1.NTC.8881267&isFromPublicArea=True&isModal=true&asPopupView=true,CO1.BDOS.8855816,individual_professional_ai,False,False,0.96
CO1.PCCNTR.9944051,MUNICIPIO DE EL BAGRE,Territorial,Servicio Público,Antioquia,Prestación de servicios,Mínima cuantía,NIT,2026-09-15T00:00:00.000,,2027-09-15T00:00:00.000,45115820,0,No,Aprobado,Distribuido,Funcionamiento,https://community.secop.gov.co/Public/Tendering/OpportunityDetail/Index?noticeUID=CO1.NTC.10860831&isFromPublicArea=True&isModal=true&asPopupView=true,CO1.BDOS.10821244,incidental,False,False,0.94
CO1.PCCNTR.8139132,DEPARTAMENTO DE ANTIOQUIA//,Territorial,Servicio Público,Antioquia,Prestación de servicios,Contratación directa,NIT,2025-07-29T00:00:00.000,2025-07-31T00:00:00.000,2025-12-12T00:00:00.000,943079800,0,Si,En ejecución,Distribuido,Inversión,https://community.secop.gov.co/Public/Tendering/OpportunityDetail/Index?noticeUID=CO1.NTC.8491323&isFromPublicArea=True&isModal=true&asPopupView=true,CO1.BDOS.8470180,ai_development_service,False,True,0.88
CO1.PCCNTR.9188511,FONDO NACIONAL AMBIENTAL - ANLA,Nacional,Ambiente y Desarrollo Sostenible,Distrito Capital de Bogotá,Prestación de servicios,Contratación directa,Cédula de Ciudadanía,2026-01-27T00:00:00.000,2026-01-28T00:00:00.000,2026-12-31T00:00:00.000,68136000,0,No,En ejecución,Recursos Propios,Inversión,https://community.secop.gov.co/Public/Tendering/OpportunityDetail/Index?noticeUID=CO1.NTC.9818431&isFromPublicArea=True&isModal=true&asPopupView=true,CO1.BDOS.9791394,incidental,False,False,0.82
CO1.PCCNTR.8399394,PROCURADURIA GENERAL DE LA NACION,Nacional,No aplica/No pertenece,Distrito Capital de Bogotá,Prestación de servicios,Contratación directa,Cédula de Ciudadanía,2025-10-03T00:00:00.000,2025-10-06T00:00:00.000,2025-12-30T00:00:00.000,25800000,0,Si,Cerrado,Distribuido,Inversión,https://community.secop.gov.co/Public/Tendering/OpportunityDetail/Index?noticeUID=CO1.NTC.8873688&isFromPublicArea=True&isModal=true&asPopupView=true,CO1.BDOS.8849039,individual_professional_ai,False,False,0.97
CO1.PCCNTR.8634005,SERVICIO GEOLOGICO COLOMBIANO**,Nacional,Minas y Energía,Distrito Capital de Bogotá,Prestación de servicios,Contratación directa,Cédula de Ciudadanía,2025-11-28T00:00:00.000,2025-12-04T00:00:00.000,2026-12-02T00:00:00.000,66000000,0,No,En ejecución,Distribuido,Funcionamiento,https://community.secop.gov.co/Public/Tendering/OpportunityDetail/Index?noticeUID=CO1.NTC.9187974&isFromPublicArea=True&isModal=true&asPopupView=true,CO1.BDOS.9160141,individual_professional_ai,False,False,0.98
CO1.PCCNTR.9833946,EMPRESA DE RENOVACION Y DESARROLLO URBANO DE BOGOTA D.C,Territorial,"Vivienda, Ciudad y Territorio",Distrito Capital de Bogotá,Prestación de servicios,Contratación régimen especial,Cédula de Ciudadanía,2026-08-20T00:00:00.000,2026-08-24T00:00:00.000,2026-12-30T00:00:00.000,55000000,0,No,En ejecución,Distribuido,Inversión,https://community.secop.gov.co/Public/Tendering/OpportunityDetail/Index?noticeUID=CO1.NTC.10739900&isFromPublicArea=True&isModal=true&asPopupView=true,CO1.BDOS.10699964,individual_professional_ai,False,False,0.96
CO1.PCCNTR.8771940,SERVICIO GEOLOGICO COLOMBIANO**,Nacional,Minas y Energía,Distrito Capital de Bogotá,Prestación de servicios,Contratación directa,Cédula de Ciudadanía,2026-01-06T00:00:00.000,2026-01-07T00:00:00.000,2026-12-05T00:00:00.000,92950000,0,No,En ejecución,Distribuido,Inversión,https://community.secop.gov.co/Public/Tendering/OpportunityDetail/Index?noticeUID=CO1.NTC.9389684&isFromPublicArea=True&isModal=true&asPopupView=true,CO1.BDOS.9300644,individual_professional_ai,False,False,0.98
CO1.PCCNTR.9034297,"INSTITUTO DE HIDROLOGIA, METEOROLOGÍA Y ESTUDIOS AMBIENTALES",Nacional,Ambiente y Desarrollo Sostenible,Distrito Capital de Bogotá,Prestación de servicios,Contratación directa,Cédula de Ciudadanía,2026-01-21T00:00:00.000,2026-01-22T00:00:00.000,2026-10-21T00:00:00.000,63000000,0,No,En ejecución,Distribuido,Inversión,https://community.secop.gov.co/Public/Tendering/OpportunityDetail/Index?noticeUID=CO1.NTC.9668789&isFromPublicArea=True&isModal=true&asPopupView=true,CO1.BDOS.9654594,individual_professional_ai,False,False,0.99
CO1.PCCNTR.8561590,ALCALDIA DE MOCOA,Territorial,No aplica/No pertenece,No Definido,Otro,Contratación directa,NIT,2025-11-07T00:00:00.000,,2026-12-31T00:00:00.000,0,0,No,Aprobado,Distribuido,Funcionamiento,https://community.secop.gov.co/Public/Tendering/OpportunityDetail/Index?noticeUID=CO1.NTC.9090028&isFromPublicArea=True&isModal=true&asPopupView=true,CO1.BDOS.9064123,unclear,False,True,0.88
CO1.PCCNTR.9255456,SENA REGIONAL SANTANDER Grupo de Apoyo Administrativo Mixto,Nacional,Trabajo,Santander,Prestación de servicios,Contratación directa,Cédula de Ciudadanía,2026-01-29T00:00:00.000,2026-02-03T00:00:00.000,2026-07-07T00:00:00.000,30924513,0,No,terminado,Distribuido,Inversión,https://community.secop.gov.co/Public/Tendering/OpportunityDetail/Index?noticeUID=CO1.NTC.9887881&isFromPublicArea=True&isModal=true&asPopupView=true,CO1.BDOS.9867055,individual_professional_ai,False,False,0.58
CO1.PCCNTR.9187608,INSTITUCIÓN UNIVERSITARIA ITM,Nacional,Educación Nacional,Antioquia,Prestación de servicios,Contratación directa,NIT,2026-01-27T00:00:00.000,2026-01-27T00:00:00.000,2026-08-26T00:00:00.000,237100000,49,No,Modificado,Recursos Propios,Funcionamiento,https://community.secop.gov.co/Public/Tendering/OpportunityDetail/Index?noticeUID=CO1.NTC.9819846&isFromPublicArea=True&isModal=true&asPopupView=true,CO1.BDOS.9800101,ai_development_service,False,False,0.91
CO1.PCCNTR.9085027,SUPERINTENDENCIA DE SERVICIOS PÚBLICOS DOMICILIARIOS,Nacional,Planeación,Distrito Capital de Bogotá,Prestación de servicios,Contratación directa,Cédula de Ciudadanía,2026-01-29T00:00:00.000,2026-02-02T00:00:00.000,2026-09-01T00:00:00.000,84000000,0,No,En ejecución,Distribuido,Inversión,https://community.secop.gov.co/Public/Tendering/OpportunityDetail/Index?noticeUID=CO1.NTC.9719411&isFromPublicArea=True&isModal=true&asPopupView=true,CO1.BDOS.9623937,individual_professional_ai,False,False,0.97
CO1.PCCNTR.9206579,PROCURADURIA GENERAL DE LA NACION,Nacional,No aplica/No pertenece,Distrito Capital de Bogotá,Prestación de servicios,Contratación directa,Cédula de Ciudadanía,2026-01-28T00:00:00.000,2026-01-29T00:00:00.000,2026-06-30T00:00:00.000,56100000,0,Si,terminado,Distribuido,Inversión,https://community.secop.gov.co/Public/Tendering/OpportunityDetail/Index?noticeUID=CO1.NTC.9838322&isFromPublicArea=True&isModal=true&asPopupView=true,CO1.BDOS.9797880,individual_professional_ai,False,False,0.97
CO1.PCCNTR.9275586,ESAP SEDE CENTRAL (Cuenta Oficial),Nacional,Servicio Público,Distrito Capital de Bogotá,Prestación de servicios,Contratación directa,Cédula de Ciudadanía,2026-01-30T00:00:00.000,2026-02-10T00:00:00.000,2026-12-09T00:00:00.000,21580000,0,No,En ejecución,Recursos Propios,Inversión,https://community.secop.gov.co/Public/Tendering/OpportunityDetail/Index?noticeUID=CO1.NTC.9907161&isFromPublicArea=True&isModal=true&asPopupView=true,CO1.BDOS.9887083,individual_professional_ai,False,False,0.98
CO1.PCCNTR.7361624,COLOMBIA COMPRA EFICIENTE,Nacional,Planeación,Distrito Capital de Bogotá,Prestación de servicios,Contratación directa,Cédula de Ciudadanía,2025-01-30T00:00:00.000,2025-02-03T00:00:00.000,2025-12-31T00:00:00.000,130400000,55,No,Modificado,Distribuido,Inversión,https://community.secop.gov.co/Public/Tendering/OpportunityDetail/Index?noticeUID=CO1.NTC.7484353&isFromPublicArea=True&isModal=true&asPopupView=true,CO1.BDOS.7469472,incidental,False,False,0.91
CO1.PCCNTR.8800735,IGAC Sede Central *,Nacional,Información Estadística,Distrito Capital de Bogotá,Prestación de servicios,Contratación directa,Cédula de Ciudadanía,2026-01-09T00:00:00.000,2026-01-13T00:00:00.000,2026-09-27T00:00:00.000,133628500,0,No,En ejecución,Distribuido,Inversión,https://community.secop.gov.co/Public/Tendering/OpportunityDetail/Index?noticeUID=CO1.NTC.9429032&isFromPublicArea=True&isModal=true&asPopupView=true,CO1.BDOS.9413930,individual_professional_ai,False,False,0.94
CO1.PCCNTR.5448139,POLITECNICO COLOMBIANO JAIME ISAZA CADAVID,Territorial,No aplica/No pertenece,Antioquia,Prestación de servicios,Contratación directa,Cédula de Ciudadanía,2023-10-19T00:00:00.000,2023-10-20T00:00:00.000,2023-12-19T00:00:00.000,9000000,0,No,En ejecución,Recursos Propios,Inversión,https://community.secop.gov.co/Public/Tendering/OpportunityDetail/Index?noticeUID=CO1.NTC.5027805&isFromPublicArea=True&isModal=true&asPopupView=true,CO1.BDOS.5017132,individual_professional_ai,False,False,0.98
CO1.PCCNTR.9302493,SUBRED INTEGRADA DE SERVICIOS DE SALUD SUR E.S.E.**,Territorial,Salud y Protección Social,Distrito Capital de Bogotá,Prestación de servicios,Contratación régimen especial,Cédula de Ciudadanía,2026-01-30T00:00:00.000,2026-02-02T00:00:00.000,2026-09-30T00:00:00.000,56238400,153,No,Modificado,Distribuido,No Definido,https://community.secop.gov.co/Public/Tendering/OpportunityDetail/Index?noticeUID=CO1.NTC.9934098&isFromPublicArea=True&isModal=true&asPopupView=true,CO1.BDOS.9907732,individual_professional_ai,False,False,0.98
CO1.PCCNTR.7676433,TRANSMILENIO S.A.,Territorial,Transporte,Distrito Capital de Bogotá,Prestación de servicios,Contratación directa,Cédula de Ciudadanía,2025-03-20T00:00:00.000,2025-03-26T00:00:00.000,2026-01-30T00:00:00.000,110338833,98,No,Modificado,Recursos Propios,Inversión,https://community.secop.gov.co/Public/Tendering/OpportunityDetail/Index?noticeUID=CO1.NTC.7866431&isFromPublicArea=True&isModal=true&asPopupView=true,CO1.BDOS.7839044,individual_professional_ai,False,False,0.95
CO1.PCCNTR.4522668,COLOMBIA COMPRA EFICIENTE,Nacional,Planeación,Distrito Capital de Bogotá,Prestación de servicios,Contratación directa,Cédula de Ciudadanía,2023-02-02T00:00:00.000,2023-02-08T00:00:00.000,2023-06-30T00:00:00.000,50000000,0,No,Cerrado,Distribuido,Inversión,https://community.secop.gov.co/Public/Tendering/OpportunityDetail/Index?noticeUID=CO1.NTC.3882549&isFromPublicArea=True&isModal=true&asPopupView=true,CO1.BDOS.3880339,individual_professional_ai,False,False,0.98
CO1.PCCNTR.9692653,TRANSMILENIO S.A.,Territorial,Transporte,Distrito Capital de Bogotá,Prestación de servicios,Contratación directa,Cédula de Ciudadanía,2026-07-21T00:00:00.000,2026-07-23T00:00:00.000,2027-01-15T00:00:00.000,55330475,0,No,En ejecución,Recursos Propios,Funcionamiento,https://community.secop.gov.co/Public/Tendering/OpportunityDetail/Index?noticeUID=CO1.NTC.10548418&isFromPublicArea=True&isModal=true&asPopupView=true,CO1.BDOS.10505780,individual_professional_ai,False,False,0.94
CO1.PCCNTR.4812020,Sena Regional Boyaca Grupo de Apoyo Administrativo Mixto,Nacional,Trabajo,Boyacá,Prestación de servicios,Contratación directa,Cédula de Ciudadanía,2023-03-28T00:00:00.000,2023-03-30T00:00:00.000,2023-12-30T00:00:00.000,18723333,0,No,Cerrado,Distribuido,Inversión,https://community.secop.gov.co/Public/Tendering/OpportunityDetail/Index?noticeUID=CO1.NTC.4211350&isFromPublicArea=True&isModal=true&asPopupView=true,CO1.BDOS.4209573,individual_professional_ai,False,False,0.93
CO1.PCCNTR.9932323,SECRETARIA DE EDUCACION DEL DISTRITO,Territorial,Educación Nacional,Distrito Capital de Bogotá,Prestación de servicios,Contratación directa,Cédula de Ciudadanía,2026-09-15T00:00:00.000,2026-09-21T00:00:00.000,2026-12-31T00:00:00.000,44000000,0,No,En ejecución,Distribuido,Inversión,https://community.secop.gov.co/Public/Tendering/OpportunityDetail/Index?noticeUID=CO1.NTC.10876875&isFromPublicArea=True&isModal=true&asPopupView=true,CO1.BDOS.10809601,individual_professional_ai,False,False,0.98
CO1.PCCNTR.7898563,FONDO UNICO DE TECNOLOGÍAS DE LA INFORMACIÓN Y LAS COMUNICACIONES,Nacional,Tecnologías de la Información y las Comunicaciones,Distrito Capital de Bogotá,Prestación de servicios,Contratación directa,Cédula de Ciudadanía,2025-05-27T00:00:00.000,2025-05-29T00:00:00.000,2025-12-31T00:00:00.000,81697733,33,No,Modificado,Distribuido,Inversión,https://community.secop.gov.co/Public/Tendering/OpportunityDetail/Index?noticeUID=CO1.NTC.8168506&isFromPublicArea=True&isModal=true&asPopupView=true,CO1.BDOS.8148352,individual_professional_ai,False,False,0.84
CO1.PCCNTR.8263865,CENTRO DE COMERCIO Y SERVICIOS - SENA REGIONAL CAUCA,Nacional,Trabajo,Cauca,Prestación de servicios,Contratación directa,Cédula de Ciudadanía,2025-09-02T00:00:00.000,2025-09-05T00:00:00.000,2025-12-31T00:00:00.000,18399644,0,No,En ejecución,Distribuido,Inversión,https://community.secop.gov.co/Public/Tendering/OpportunityDetail/Index?noticeUID=CO1.NTC.8695688&isFromPublicArea=True&isModal=true&asPopupView=true,CO1.BDOS.8672525,individual_professional_ai,False,False,0.91
CO1.PCCNTR.8998256,FONDO UNICO DE TECNOLOGÍAS DE LA INFORMACIÓN Y LAS COMUNICACIONES,Nacional,Tecnologías de la Información y las Comunicaciones,Distrito Capital de Bogotá,Prestación de servicios,Contratación directa,Cédula de Ciudadanía,2026-01-20T00:00:00.000,2026-01-21T00:00:00.000,2026-10-20T00:00:00.000,39727800,0,No,En ejecución,Distribuido,Inversión,https://community.secop.gov.co/Public/Tendering/OpportunityDetail/Index?noticeUID=CO1.NTC.9630070&isFromPublicArea=True&isModal=true&asPopupView=true,CO1.BDOS.9616533,individual_professional_ai,False,False,0.98
CO1.PCCNTR.8875456,FONDO NACIONAL AMBIENTAL - ANLA,Nacional,Ambiente y Desarrollo Sostenible,Distrito Capital de Bogotá,Prestación de servicios,Contratación directa,Cédula de Ciudadanía,2026-01-15T00:00:00.000,2026-01-15T00:00:00.000,2026-12-31T00:00:00.000,86785242,0,No,cedido,Recursos Propios,Inversión,https://community.secop.gov.co/Public/Tendering/OpportunityDetail/Index?noticeUID=CO1.NTC.9506681&isFromPublicArea=True&isModal=true&asPopupView=true,CO1.BDOS.9302539,incidental,False,False,0.88
CO1.PCCNTR.7376718,CENTRAL ADMINISTRATIVA Y CONTABLE CENAC PERSONAL,Territorial,defensa,Distrito Capital de Bogotá,Prestación de servicios,Contratación directa,Cédula de Ciudadanía,2025-02-01T00:00:00.000,2025-02-01T00:00:00.000,2025-12-31T00:00:00.000,41800000,0,No,terminado,Distribuido,Funcionamiento,https://community.secop.gov.co/Public/Tendering/OpportunityDetail/Index?noticeUID=CO1.NTC.7494825&isFromPublicArea=True&isModal=true&asPopupView=true,CO1.BDOS.7432599,individual_professional_ai,False,False,0.87
CO1.PCCNTR.6762301,CONCEJO MUNICIPAL DE MEDELLIN,Territorial,No aplica/No pertenece,Antioquia,Suministros,Contratación Directa (con ofertas),NIT,2024-09-17T00:00:00.000,2024-09-23T00:00:00.000,2025-09-23T00:00:00.000,5000000,0,No,Cerrado,Distribuido,Funcionamiento,https://community.secop.gov.co/Public/Tendering/OpportunityDetail/Index?noticeUID=CO1.NTC.6695249&isFromPublicArea=True&isModal=true&asPopupView=true,CO1.BDOS.6685840,ai_product_or_platform,False,False,0.96
CO1.PCCNTR.8640707,ESCUELA TECNOLÓGICA INSTITUTO TÉCNICO CENTRAL,Nacional,Educación Nacional,Distrito Capital de Bogotá,Prestación de servicios,Contratación directa,NIT,2025-12-02T00:00:00.000,2025-12-03T00:00:00.000,2025-12-28T00:00:00.000,1665139,0,Si,En ejecución,Distribuido,Funcionamiento,https://community.secop.gov.co/Public/Tendering/OpportunityDetail/Index?noticeUID=CO1.NTC.9124919&isFromPublicArea=True&isModal=true&asPopupView=true,CO1.BDOS.9089182,incidental,False,False,0.99
CO1.PCCNTR.8837277,SENA SECRETARIA GENERAL,Nacional,Trabajo,Distrito Capital de Bogotá,Prestación de servicios,Contratación directa,Cédula de Ciudadanía,2026-01-12T00:00:00.000,2026-01-26T00:00:00.000,2026-12-31T00:00:00.000,78166667,0,No,En ejecución,Distribuido,Inversión,https://community.secop.gov.co/Public/Tendering/OpportunityDetail/Index?noticeUID=CO1.NTC.9467175&isFromPublicArea=True&isModal=true&asPopupView=true,CO1.BDOS.9333471,individual_professional_ai,False,False,0.94
CO1.PCCNTR.7920753,Gobernación Norte de Santander*,Territorial,No aplica/No pertenece,Norte de Santander,Prestación de servicios,Contratación directa,Cédula de Ciudadanía,2025-05-27T00:00:00.000,2025-05-28T00:00:00.000,2025-12-27T00:00:00.000,28000000,0,No,terminado,Distribuido,Inversión,https://community.secop.gov.co/Public/Tendering/OpportunityDetail/Index?noticeUID=CO1.NTC.8199523&isFromPublicArea=True&isModal=true&asPopupView=true,CO1.BDOS.8178929,individual_professional_ai,False,False,0.68
CO1.PCCNTR.7340534,Unidad de Busqueda de Personas Desaparecidas,Nacional,Ley de Justicia,Distrito Capital de Bogotá,Prestación de servicios,Contratación directa,Cédula de Ciudadanía,2025-01-28T00:00:00.000,2025-01-29T00:00:00.000,2025-12-15T00:00:00.000,128388212,0,No,Cerrado,Distribuido,Inversión,https://community.secop.gov.co/Public/Tendering/OpportunityDetail/Index?noticeUID=CO1.NTC.7460789&isFromPublicArea=True&isModal=true&asPopupView=true,CO1.BDOS.7446082,individual_professional_ai,False,False,0.98
CO1.PCCNTR.6538227,POLITECNICO COLOMBIANO JAIME ISAZA CADAVID,Territorial,No aplica/No pertenece,Antioquia,Prestación de servicios,Contratación directa,Cédula de Ciudadanía,2024-07-25T00:00:00.000,2024-08-01T00:00:00.000,2024-09-29T00:00:00.000,9000000,0,No,En ejecución,Recursos Propios,Inversión,https://community.secop.gov.co/Public/Tendering/OpportunityDetail/Index?noticeUID=CO1.NTC.6387926&isFromPublicArea=True&isModal=true&asPopupView=true,CO1.BDOS.6377708,individual_professional_ai,False,False,0.88
CO1.PCCNTR.7015017,INSTITUCIÓN UNIVERSITARIA ITM,Nacional,Educación Nacional,Antioquia,Prestación de servicios,Contratación directa,Cédula de Ciudadanía,2024-11-12T00:00:00.000,2024-11-12T00:00:00.000,2024-12-30T00:00:00.000,10000000,0,Si,En ejecución,Recursos Propios,Inversión,https://community.secop.gov.co/Public/Tendering/OpportunityDetail/Index?noticeUID=CO1.NTC.7033662&isFromPublicArea=True&isModal=true&asPopupView=true,CO1.BDOS.7021297,individual_professional_ai,False,False,0.91
CO1.PCCNTR.9669977,UNIDAD ADMINISTRATIVA ESPECIAL DE GESTION DE RESTITUCION DE TIERRAS DESPOJADAS**,Nacional,Inclusión Social y Reconciliación,Distrito Capital de Bogotá,Otro,Contratación Directa (con ofertas),NIT,2026-07-16T00:00:00.000,2026-07-17T00:00:00.000,2026-12-31T00:00:00.000,333200000,0,No,En ejecución,Distribuido,Inversión,https://community.secop.gov.co/Public/Tendering/OpportunityDetail/Index?noticeUID=CO1.NTC.10520157&isFromPublicArea=True&isModal=true&asPopupView=true,CO1.BDOS.10477392,ai_product_or_platform,False,False,0.93
CO1.PCCNTR.8622972,ALCALDÍA MUNICIPIO DE BALBOA RISARALDA,Territorial,Servicio Público,Risaralda,Prestación de servicios,Contratación directa,Cédula de Ciudadanía,2025-11-25T00:00:00.000,2025-11-25T00:00:00.000,2025-12-05T00:00:00.000,7500000,0,No,En ejecución,Distribuido,Funcionamiento,https://community.secop.gov.co/Public/Tendering/OpportunityDetail/Index?noticeUID=CO1.NTC.9173483&isFromPublicArea=True&isModal=true&asPopupView=true,CO1.BDOS.9148340,individual_professional_ai,False,False,0.96
CO1.PCCNTR.8765414,JEP,Nacional,No aplica/No pertenece,Distrito Capital de Bogotá,Prestación de servicios,Contratación régimen especial,Cédula de Ciudadanía,2026-01-07T00:00:00.000,2026-01-13T00:00:00.000,2026-11-04T00:00:00.000,157593757,0,No,En ejecución,Distribuido,Inversión,https://community.secop.gov.co/Public/Tendering/OpportunityDetail/Index?noticeUID=CO1.NTC.9381440&isFromPublicArea=True&isModal=true&asPopupView=true,CO1.BDOS.9365678,individual_professional_ai,False,False,0.94
CO1.PCCNTR.8711016,MUNICIPIO DE TAURAMENA,Territorial,Servicio Público,Casanare,Prestación de servicios,Mínima cuantía,NIT,2025-12-24T00:00:00.000,2025-12-29T00:00:00.000,2026-01-01T00:00:00.000,10115000,0,No,Cerrado,Distribuido,Inversión,https://community.secop.gov.co/Public/Tendering/OpportunityDetail/Index?noticeUID=CO1.NTC.9271014&isFromPublicArea=True&isModal=true&asPopupView=true,CO1.BDOS.9239839,unclear,False,False,0.95
CO1.PCCNTR.8154129,COMPUTADORES PARA EDUCAR,Nacional,Tecnologías de la Información y las Comunicaciones,Distrito Capital de Bogotá,Prestación de servicios,Contratación directa,Cédula de Ciudadanía,2025-08-01T00:00:00.000,2025-08-02T00:00:00.000,2025-12-31T00:00:00.000,61250000,0,No,En ejecución,Distribuido,Inversión,https://community.secop.gov.co/Public/Tendering/OpportunityDetail/Index?noticeUID=CO1.NTC.8539455&isFromPublicArea=True&isModal=true&asPopupView=true,CO1.BDOS.8517449,individual_professional_ai,False,False,0.91
CO1.PCCNTR.8179400,CENTRO DE COMERCIO Y SERVICIOS - SENA REGIONAL CAUCA,Nacional,Trabajo,Cauca,Prestación de servicios,Contratación directa,Cédula de Ciudadanía,2025-08-11T00:00:00.000,,2025-12-18T00:00:00.000,19472955,0,No,Aprobado,Distribuido,Inversión,https://community.secop.gov.co/Public/Tendering/OpportunityDetail/Index?noticeUID=CO1.NTC.8576574&isFromPublicArea=True&isModal=true&asPopupView=true,CO1.BDOS.8552547,individual_professional_ai,False,False,0.94
CO1.PCCNTR.6768912,FONDO UNICO DE TECNOLOGÍAS DE LA INFORMACIÓN Y LAS COMUNICACIONES,Nacional,Tecnologías de la Información y las Comunicaciones,Distrito Capital de Bogotá,Otro,Contratación directa,NIT,2024-09-13T00:00:00.000,2024-09-27T00:00:00.000,2026-04-26T00:00:00.000,234399711669,0,No,Modificado,Distribuido,Inversión,https://community.secop.gov.co/Public/Tendering/OpportunityDetail/Index?noticeUID=CO1.NTC.6719658&isFromPublicArea=True&isModal=true&asPopupView=true,CO1.BDOS.6706795,incidental,False,False,0.91
CO1.PCCNTR.5965433,GOBERNACIÓN DEL CAUCA,Territorial,Servicio Público,Cauca,Prestación de servicios,Contratación directa,Cédula de Ciudadanía,2024-02-21T00:00:00.000,2024-02-23T00:00:00.000,2024-06-23T00:00:00.000,16800000,0,No,Cerrado,Distribuido,Inversión,https://community.secop.gov.co/Public/Tendering/OpportunityDetail/Index?noticeUID=CO1.NTC.5679676&isFromPublicArea=True&isModal=true&asPopupView=true,CO1.BDOS.5663787,individual_professional_ai,False,False,0.66
CO1.PCCNTR.5952521,FONDO UNICO DE TECNOLOGÍAS DE LA INFORMACIÓN Y LAS COMUNICACIONES,Nacional,Tecnologías de la Información y las Comunicaciones,Distrito Capital de Bogotá,Prestación de servicios,Contratación directa,Cédula de Ciudadanía,2024-02-16T00:00:00.000,2024-02-19T00:00:00.000,2024-12-31T00:00:00.000,57805000,0,No,En ejecución,Distribuido,Inversión,https://community.secop.gov.co/Public/Tendering/OpportunityDetail/Index?noticeUID=CO1.NTC.5665344&isFromPublicArea=True&isModal=true&asPopupView=true,CO1.BDOS.5657586,individual_professional_ai,False,False,0.91
CO1.PCCNTR.7740163,CONTRALORIA GENERAL DEL CAUCA,Territorial,No aplica/No pertenece,Cauca,Prestación de servicios,Contratación directa,NIT,2025-04-04T00:00:00.000,2025-04-04T00:00:00.000,2025-05-02T00:00:00.000,12350000,0,No,En ejecución,Recursos Propios,Funcionamiento,https://community.secop.gov.co/Public/Tendering/OpportunityDetail/Index?noticeUID=CO1.NTC.7944559&isFromPublicArea=True&isModal=true&asPopupView=true,CO1.BDOS.7927195,unclear,False,False,0.91
CO1.PCCNTR.5417794,FONDO UNICO DE TECNOLOGÍAS DE LA INFORMACIÓN Y LAS COMUNICACIONES,Nacional,Tecnologías de la Información y las Comunicaciones,Distrito Capital de Bogotá,Prestación de servicios,Contratación directa,Cédula de Ciudadanía,2023-09-29T00:00:00.000,2023-10-03T00:00:00.000,2023-12-31T00:00:00.000,38750000,0,No,En ejecución,Distribuido,Inversión,https://community.secop.gov.co/Public/Tendering/OpportunityDetail/Index?noticeUID=CO1.NTC.5006467&isFromPublicArea=True&isModal=true&asPopupView=true,CO1.BDOS.4995556,individual_professional_ai,False,False,0.98
CO1.PCCNTR.6237928,IGAC Sede Central *,Nacional,Información Estadística,Distrito Capital de Bogotá,Prestación de servicios,Contratación directa,Cédula de Ciudadanía,2024-04-22T00:00:00.000,2024-04-23T00:00:00.000,2024-12-30T00:00:00.000,99200000,0,Si,Cerrado,Distribuido,Inversión,https://community.secop.gov.co/Public/Tendering/OpportunityDetail/Index?noticeUID=CO1.NTC.6012249&isFromPublicArea=True&isModal=true&asPopupView=true,CO1.BDOS.5983367,individual_professional_ai,False,False,0.98
CO1.PCCNTR.9145790,UNP,Nacional,defensa,Distrito Capital de Bogotá,Prestación de servicios,Contratación directa,Cédula de Ciudadanía,2026-01-26T00:00:00.000,2026-01-29T00:00:00.000,2026-12-31T00:00:00.000,65748800,0,No,En ejecución,Distribuido,Funcionamiento,https://community.secop.gov.co/Public/Tendering/OpportunityDetail/Index?noticeUID=CO1.NTC.9775505&isFromPublicArea=True&isModal=true&asPopupView=true,CO1.BDOS.9736407,individual_professional_ai,False,False,0.96
CO1.PCCNTR.7157061,SENA REGIONAL VALLE Grupo de Apoyo Administrativo Mixto,Nacional,Educación Nacional,Valle del Cauca,Prestación de servicios,Contratación directa,NIT,2024-12-19T00:00:00.000,2024-12-23T00:00:00.000,2025-03-31T00:00:00.000,333045882,90,No,Modificado,Distribuido,Inversión,https://community.secop.gov.co/Public/Tendering/OpportunityDetail/Index?noticeUID=CO1.NTC.7224080&isFromPublicArea=True&isModal=true&asPopupView=true,CO1.BDOS.7203457,ai_development_service,False,False,0.94
CO1.PCCNTR.6338360,GOBERNACIÓN DEL CAUCA,Territorial,Servicio Público,Cauca,Prestación de servicios,Contratación directa,Cédula de Ciudadanía,2024-05-20T00:00:00.000,2024-05-21T00:00:00.000,2024-09-21T00:00:00.000,15200000,0,No,terminado,Distribuido,Inversión,https://community.secop.gov.co/Public/Tendering/OpportunityDetail/Index?noticeUID=CO1.NTC.6139804&isFromPublicArea=True&isModal=true&asPopupView=true,CO1.BDOS.5996938,incidental,False,False,0.92
CO1.PCCNTR.6632223,FONDO UNICO DE TECNOLOGÍAS DE LA INFORMACIÓN Y LAS COMUNICACIONES,Nacional,Tecnologías de la Información y las Comunicaciones,Distrito Capital de Bogotá,Prestación de servicios,Contratación directa,Cédula de Ciudadanía,2024-08-13T00:00:00.000,2024-08-14T00:00:00.000,2024-12-31T00:00:00.000,17027500,0,No,En ejecución,Distribuido,Inversión,https://community.secop.gov.co/Public/Tendering/OpportunityDetail/Index?noticeUID=CO1.NTC.6536025&isFromPublicArea=True&isModal=true&asPopupView=true,CO1.BDOS.6526184,individual_professional_ai,False,False,0.66
CO1.PCCNTR.8724613,SENA REGIONAL HUILA Grupo Administrativo CGDSS,Nacional,Trabajo,Huila,Compraventa,Mínima cuantía,NIT,2025-12-22T00:00:00.000,2025-12-26T00:00:00.000,2026-03-30T00:00:00.000,34823684,89,No,Modificado,Distribuido,Inversión,https://community.secop.gov.co/Public/Tendering/OpportunityDetail/Index?noticeUID=CO1.NTC.9273577&isFromPublicArea=True&isModal=true&asPopupView=true,CO1.BDOS.9244088,incidental,False,False,0.94
CO1.PCCNTR.5402875,FONDO UNICO DE TECNOLOGÍAS DE LA INFORMACIÓN Y LAS COMUNICACIONES,Nacional,Tecnologías de la Información y las Comunicaciones,Distrito Capital de Bogotá,Prestación de servicios,Contratación directa,Cédula de Ciudadanía,2023-09-26T00:00:00.000,2023-09-28T00:00:00.000,2023-12-31T00:00:00.000,33333333,0,No,En ejecución,Distribuido,Inversión,https://community.secop.gov.co/Public/Tendering/OpportunityDetail/Index?noticeUID=CO1.NTC.4987156&isFromPublicArea=True&isModal=true&asPopupView=true,CO1.BDOS.4977214,individual_professional_ai,False,False,0.94
CO1.PCCNTR.7394243,JEP,Nacional,No aplica/No pertenece,Distrito Capital de Bogotá,Prestación de servicios,Contratación régimen especial,Cédula de Ciudadanía,2025-02-06T00:00:00.000,2025-02-11T00:00:00.000,2025-12-31T00:00:00.000,103154132,31,No,Modificado,Distribuido,Inversión,https://community.secop.gov.co/Public/Tendering/OpportunityDetail/Index?noticeUID=CO1.NTC.7519470&isFromPublicArea=True&isModal=true&asPopupView=true,CO1.BDOS.7505621,individual_professional_ai,False,False,0.75
CO1.PCCNTR.8689685,MINISTERIO DE COMERCIO INDUSTRIA Y TURISMO - MINCIT,Nacional,Industria,Distrito Capital de Bogotá,Otro,Contratación directa,NIT,2025-12-09T00:00:00.000,2025-12-12T00:00:00.000,2026-02-28T00:00:00.000,1799214165,59,No,Modificado,Distribuido,Inversión,https://community.secop.gov.co/Public/Tendering/OpportunityDetail/Index?noticeUID=CO1.NTC.9268126&isFromPublicArea=True&isModal=true&asPopupView=true,CO1.BDOS.9240431,ai_development_service,False,False,0.88
CO1.PCCNTR.9288149,DEPARTAMENTO NACIONAL DE PLANEACIÓN,Nacional,Planeación,Distrito Capital de Bogotá,Prestación de servicios,Contratación directa,Cédula de Ciudadanía,2026-01-30T00:00:00.000,2026-02-03T00:00:00.000,2026-12-31T00:00:00.000,102120001,0,No,Modificado,Distribuido,Inversión,https://community.secop.gov.co/Public/Tendering/OpportunityDetail/Index?noticeUID=CO1.NTC.9920157&isFromPublicArea=True&isModal=true&asPopupView=true,CO1.BDOS.9872322,individual_professional_ai,False,False,0.98
CO1.PCCNTR.6246622,SENA REGIONAL CASANARE Grupo Administrativo Mixto,Nacional,Trabajo,Casanare,Prestación de servicios,Contratación directa,Cédula de Ciudadanía,2024-04-24T00:00:00.000,2024-04-25T00:00:00.000,2024-12-31T00:00:00.000,23105927,0,No,terminado,Distribuido,Inversión,https://community.secop.gov.co/Public/Tendering/OpportunityDetail/Index?noticeUID=CO1.NTC.6022003&isFromPublicArea=True&isModal=true&asPopupView=true,CO1.BDOS.6007863,incidental,False,False,0.88
CO1.PCCNTR.9925857,CORPORACION AUTONOMA REGIONAL DE CUNDINAMARCA - CAR.,Corporación Autónoma,Ambiente y Desarrollo Sostenible,Distrito Capital de Bogotá,Prestación de servicios,Contratación directa,NIT,2026-09-09T00:00:00.000,2026-09-10T00:00:00.000,2026-09-12T00:00:00.000,38913000,0,No,En ejecución,Recursos Propios,Funcionamiento,https://community.secop.gov.co/Public/Tendering/OpportunityDetail/Index?noticeUID=CO1.NTC.10869409&isFromPublicArea=True&isModal=true&asPopupView=true,CO1.BDOS.10829804,incidental,False,False,0.99
CO1.PCCNTR.9971469,CORPORACIÓN AUTÓNOMA REGIONAL DEL CANAL DEL DIQUE,Corporación Autónoma,Ambiente y Desarrollo Sostenible,Bolívar,Otro,Contratación directa,NIT,2026-09-25T00:00:00.000,,2026-12-31T00:00:00.000,8608991,0,No,Aprobado,Recursos Propios,Funcionamiento,https://community.secop.gov.co/Public/Tendering/OpportunityDetail/Index?noticeUID=CO1.NTC.10930934&isFromPublicArea=True&isModal=true&asPopupView=true,CO1.BDOS.10812761,ai_product_or_platform,False,False,0.98
CO1.PCCNTR.7746001,FUERZA AEROESPACIAL COLOMBIANA,Nacional,defensa,Distrito Capital de Bogotá,Prestación de servicios,Mínima cuantía,NIT,2025-04-14T00:00:00.000,2025-04-23T00:00:00.000,2025-09-25T00:00:00.000,8500000,0,Si,terminado,Distribuido,Funcionamiento,https://community.secop.gov.co/Public/Tendering/OpportunityDetail/Index?noticeUID=CO1.NTC.7866569&isFromPublicArea=True&isModal=true&asPopupView=true,CO1.BDOS.7770512,incidental,False,False,0.98
CO1.PCCNTR.9725122,UNIDAD ADMINISTRATIVA ESPECIAL DE PENSIONES DE CUNDINAMARCA,Territorial,Salud y Protección Social,Distrito Capital de Bogotá,Prestación de servicios,Contratación directa,Cédula de Ciudadanía,2026-07-28T00:00:00.000,2026-07-29T00:00:00.000,2026-12-28T00:00:00.000,36000000,0,Si,En ejecución,Distribuido,Funcionamiento,https://community.secop.gov.co/Public/Tendering/OpportunityDetail/Index?noticeUID=CO1.NTC.10594271&isFromPublicArea=True&isModal=true&asPopupView=true,CO1.BDOS.10555310,individual_professional_ai,False,False,0.91
CO1.PCCNTR.6547357,GOBERNACIÓN DEL CAUCA,Territorial,Servicio Público,Cauca,Prestación de servicios,Contratación directa,Cédula de Ciudadanía,2024-07-23T00:00:00.000,2024-07-25T00:00:00.000,2024-12-26T00:00:00.000,21000000,0,No,Cerrado,Distribuido,Inversión,https://community.secop.gov.co/Public/Tendering/OpportunityDetail/Index?noticeUID=CO1.NTC.6423617&isFromPublicArea=True&isModal=true&asPopupView=true,CO1.BDOS.6349999,individual_professional_ai,False,False,0.91
CO1.PCCNTR.4841207,RUTA N MEDELLIN,Territorial,Ciencia Tecnología,Antioquia,Prestación de servicios,Contratación régimen especial,Cédula de Ciudadanía,2023-04-04T00:00:00.000,2023-04-04T00:00:00.000,2023-06-30T00:00:00.000,25171140,0,Si,En ejecución,Distribuido,Funcionamiento,https://community.secop.gov.co/Public/Tendering/OpportunityDetail/Index?noticeUID=CO1.NTC.4262312&isFromPublicArea=True&isModal=true&asPopupView=true,CO1.BDOS.4259608,individual_professional_ai,False,False,0.99
CO1.PCCNTR.7760354,MUNICIPIO DE MANIZALES,Territorial,Servicio Público,Caldas,Decreto 092 de 2017,Contratación régimen especial,NIT,2025-04-10T00:00:00.000,2025-05-02T00:00:00.000,2025-11-30T00:00:00.000,214285714,0,No,terminado,Distribuido,Inversión,https://community.secop.gov.co/Public/Tendering/OpportunityDetail/Index?noticeUID=CO1.NTC.7971011&isFromPublicArea=True&isModal=true&asPopupView=true,CO1.BDOS.7953700,incidental,False,False,0.98
CO1.PCCNTR.6997796,SENA SECRETARIA GENERAL,Nacional,Trabajo,Distrito Capital de Bogotá,Prestación de servicios,Contratación directa,Cédula de Ciudadanía,2024-11-06T00:00:00.000,2024-11-07T00:00:00.000,2024-12-31T00:00:00.000,22769368,0,No,En ejecución,Distribuido,Inversión,https://community.secop.gov.co/Public/Tendering/OpportunityDetail/Index?noticeUID=CO1.NTC.7011237&isFromPublicArea=True&isModal=true&asPopupView=true,CO1.BDOS.6998675,individual_professional_ai,False,False,0.91
CO1.PCCNTR.7007948,POLITECNICO COLOMBIANO JAIME ISAZA CADAVID,Territorial,No aplica/No pertenece,Antioquia,Prestación de servicios,Contratación directa,Cédula de Ciudadanía,2024-11-13T00:00:00.000,2024-11-20T00:00:00.000,2024-12-31T00:00:00.000,9000000,0,No,En ejecución,Recursos Propios,Inversión,https://community.secop.gov.co/Public/Tendering/OpportunityDetail/Index?noticeUID=CO1.NTC.7024972&isFromPublicArea=True&isModal=true&asPopupView=true,CO1.BDOS.6991638,individual_professional_ai,False,False,0.93
CO1.PCCNTR.9291171,SERVICIO NACIONAL DE APRENDIZAJE SENA REGIONAL CORDOBA,Nacional,Trabajo,Córdoba,Prestación de servicios,Contratación directa,Cédula de Ciudadanía,2026-01-30T00:00:00.000,2026-02-02T00:00:00.000,2026-12-31T00:00:00.000,66699996,0,No,Modificado,Distribuido,Inversión,https://community.secop.gov.co/Public/Tendering/OpportunityDetail/Index?noticeUID=CO1.NTC.9923151&isFromPublicArea=True&isModal=true&asPopupView=true,CO1.BDOS.9899771,individual_professional_ai,False,False,0.88
CO1.PCCNTR.8430959,UNP,Nacional,defensa,Distrito Capital de Bogotá,Prestación de servicios,Contratación directa,Cédula de Ciudadanía,2025-10-09T00:00:00.000,2025-10-14T00:00:00.000,2025-12-31T00:00:00.000,16059333,0,No,En ejecución,Distribuido,Funcionamiento,https://community.secop.gov.co/Public/Tendering/OpportunityDetail/Index?noticeUID=CO1.NTC.8916798&isFromPublicArea=True&isModal=true&asPopupView=true,CO1.BDOS.8890642,individual_professional_ai,False,False,0.91
CO1.PCCNTR.9626467,ESO RIONEGRO S.A.S.,Territorial,No aplica/No pertenece,Antioquia,Prestación de servicios,Contratación régimen especial,Cédula de Ciudadanía,2026-07-10T00:00:00.000,2026-07-10T00:00:00.000,2026-12-31T00:00:00.000,39199956,0,No,En ejecución,Recursos Propios,Funcionamiento,https://community.secop.gov.co/Public/Tendering/OpportunityDetail/Index?noticeUID=CO1.NTC.10465055&isFromPublicArea=True&isModal=true&asPopupView=true,CO1.BDOS.10428225,individual_professional_ai,False,False,0.9
CO1.PCCNTR.8828798,DEPARTAMENTO ADMINISTRATIVO NACIONAL DE ESTADISTICA (DANE),Nacional,Información Estadística,Distrito Capital de Bogotá,Prestación de servicios,Contratación directa,Cédula de Ciudadanía,2026-01-11T00:00:00.000,2026-01-13T00:00:00.000,2026-10-31T00:00:00.000,95040000,0,No,Modificado,Distribuido,Inversión,https://community.secop.gov.co/Public/Tendering/OpportunityDetail/Index?noticeUID=CO1.NTC.9459086&isFromPublicArea=True&isModal=true&asPopupView=true,CO1.BDOS.9325783,individual_professional_ai,False,False,0.98
CO1.PCCNTR.4415405,ICBF SEDE NACIONAL,Nacional,Inclusión Social y Reconciliación,Distrito Capital de Bogotá,Prestación de servicios,Contratación directa,Cédula de Ciudadanía,2023-01-20T00:00:00.000,2023-01-23T00:00:00.000,2023-12-31T00:00:00.000,177206600,0,No,Cerrado,Distribuido,Inversión,https://community.secop.gov.co/Public/Tendering/OpportunityDetail/Index?noticeUID=CO1.NTC.3772872&isFromPublicArea=True&isModal=true&asPopupView=true,CO1.BDOS.3765752,individual_professional_ai,False,False,0.97
CO1.PCCNTR.8675235,Sena - Centro Agropecuario de Buga,Nacional,Educación Nacional,Valle del Cauca,Compraventa,Contratación Directa (con ofertas),NIT,2025-12-04T00:00:00.000,2025-12-04T00:00:00.000,2025-12-20T00:00:00.000,1139999998,0,No,En ejecución,Distribuido,Inversión,https://community.secop.gov.co/Public/Tendering/OpportunityDetail/Index?noticeUID=CO1.NTC.9239027&isFromPublicArea=True&isModal=true&asPopupView=true,CO1.BDOS.9197844,incidental,False,False,0.86
CO1.PCCNTR.4546830,SENA DISTRITO CAPITAL GRUPO DE APOYO ADMINISTRATIVO - CGI,Nacional,Trabajo,Distrito Capital de Bogotá,Prestación de servicios,Contratación directa,Cédula de Ciudadanía,2023-02-02T00:00:00.000,2023-02-02T00:00:00.000,2023-12-15T00:00:00.000,42178500,0,Si,Cerrado,Distribuido,Inversión,https://community.secop.gov.co/Public/Tendering/OpportunityDetail/Index?noticeUID=CO1.NTC.3897091&isFromPublicArea=True&isModal=true&asPopupView=true,CO1.BDOS.3894280,individual_professional_ai,False,False,0.91
CO1.PCCNTR.5963130,GOBERNACIÓN DEL CAUCA,Territorial,Servicio Público,Cauca,Prestación de servicios,Contratación directa,Cédula de Ciudadanía,2024-02-17T00:00:00.000,2024-02-20T00:00:00.000,2024-06-20T00:00:00.000,11200000,0,No,Cerrado,Distribuido,Inversión,https://community.secop.gov.co/Public/Tendering/OpportunityDetail/Index?noticeUID=CO1.NTC.5675367&isFromPublicArea=True&isModal=true&asPopupView=true,CO1.BDOS.5619392,individual_professional_ai,False,False,0.68
CO1.PCCNTR.8186172,MINCIENCIAS,Nacional,Ciencia Tecnología,Distrito Capital de Bogotá,Prestación de servicios,Contratación directa,Cédula de Ciudadanía,2025-08-11T00:00:00.000,2025-08-27T00:00:00.000,2025-12-31T00:00:00.000,21450000,0,Si,En ejecución,Distribuido,Inversión,https://community.secop.gov.co/Public/Tendering/OpportunityDetail/Index?noticeUID=CO1.NTC.8586900&isFromPublicArea=True&isModal=true&asPopupView=true,CO1.BDOS.8564312,individual_professional_ai,False,False,0.91
CO1.PCCNTR.6558933,SECRETARIA DE EDUCACION DEL DISTRITO,Territorial,Educación Nacional,Distrito Capital de Bogotá,Otro,Contratación directa,NIT,2024-07-24T00:00:00.000,2024-07-29T00:00:00.000,2024-12-15T00:00:00.000,1214331113,0,No,Cerrado,Distribuido,Inversión,https://community.secop.gov.co/Public/Tendering/OpportunityDetail/Index?noticeUID=CO1.NTC.6438103&isFromPublicArea=True&isModal=true&asPopupView=true,CO1.BDOS.6426556,unclear,False,False,0.91
CO1.PCCNTR.6693574,GOBERNACIÓN DEL CAUCA,Territorial,Servicio Público,Cauca,Prestación de servicios,Contratación directa,NIT,2024-09-17T00:00:00.000,2024-09-18T00:00:00.000,2024-12-27T00:00:00.000,279787000,0,No,Cerrado,Distribuido,Inversión,https://community.secop.gov.co/Public/Tendering/OpportunityDetail/Index?noticeUID=CO1.NTC.6617836&isFromPublicArea=True&isModal=true&asPopupView=true,CO1.BDOS.6278638,ai_development_service,False,False,0.88
CO1.PCCNTR.7616107,SERVICIO GEOLOGICO COLOMBIANO**,Nacional,Minas y Energía,Distrito Capital de Bogotá,Prestación de servicios,Contratación directa,Cédula de Ciudadanía,2025-03-06T00:00:00.000,2025-03-06T00:00:00.000,2025-12-31T00:00:00.000,110843712,0,No,Modificado,Distribuido,Inversión,https://community.secop.gov.co/Public/Tendering/OpportunityDetail/Index?noticeUID=CO1.NTC.7786836&isFromPublicArea=True&isModal=true&asPopupView=true,CO1.BDOS.7768707,individual_professional_ai,False,False,0.98
CO1.PCCNTR.6477941,FEDERACION COLOMBIANA DE MUNICIPIOS,Corporación Autónoma,No aplica/No pertenece,Distrito Capital de Bogotá,Prestación de servicios,Contratación directa,Cédula de Ciudadanía,2024-07-02T00:00:00.000,2024-07-11T00:00:00.000,2024-12-27T00:00:00.000,27480000,0,No,En ejecución,Recursos Propios,Funcionamiento,https://community.secop.gov.co/Public/Tendering/OpportunityDetail/Index?noticeUID=CO1.NTC.6327703&isFromPublicArea=True&isModal=true&asPopupView=true,CO1.BDOS.6317734,individual_professional_ai,False,False,0.98
CO1.PCCNTR.7526641,SENA REGIONAL CALDAS CENTRO DE AUTOMATIZACION INDUSTRIAL,Nacional,Salud y Protección Social,Caldas,Prestación de servicios,Contratación directa,Cédula de Ciudadanía,2025-02-19T00:00:00.000,2025-02-21T00:00:00.000,2025-12-31T00:00:00.000,57866667,0,No,Cerrado,Recursos Propios,Inversión,https://community.secop.gov.co/Public/Tendering/OpportunityDetail/Index?noticeUID=CO1.NTC.7674831&isFromPublicArea=True&isModal=true&asPopupView=true,CO1.BDOS.7659753,individual_professional_ai,False,False,0.9
CO1.PCCNTR.9508692,ESE HOSPITAL INTEGRADO LANDÁZURI,Territorial,Salud y Protección Social,No Definido,Decreto 092 de 2017,Contratación régimen especial,Cédula de Ciudadanía,2026-05-13T00:00:00.000,2026-05-13T00:00:00.000,2026-05-29T00:00:00.000,4500000,0,No,Cerrado,Distribuido,Funcionamiento,https://community.secop.gov.co/Public/Tendering/OpportunityDetail/Index?noticeUID=CO1.NTC.10289592&isFromPublicArea=True&isModal=true&asPopupView=true,CO1.BDOS.10256654,ai_product_or_platform,False,False,0.88
CO1.PCCNTR.8764380,JEP,Nacional,No aplica/No pertenece,Distrito Capital de Bogotá,Prestación de servicios,Contratación régimen especial,Cédula de Ciudadanía,2026-01-08T00:00:00.000,2026-01-13T00:00:00.000,2026-12-19T00:00:00.000,124051264,0,No,En ejecución,Distribuido,Inversión,https://community.secop.gov.co/Public/Tendering/OpportunityDetail/Index?noticeUID=CO1.NTC.9380413&isFromPublicArea=True&isModal=true&asPopupView=true,CO1.BDOS.9360265,individual_professional_ai,False,False,0.81
CO1.PCCNTR.8713120,IDS,Territorial,Salud y Protección Social,Norte de Santander,Prestación de servicios,Contratación directa,NIT,2025-12-19T00:00:00.000,2025-12-23T00:00:00.000,2026-05-21T00:00:00.000,187800000,141,Si,Modificado,Distribuido,Inversión,https://community.secop.gov.co/Public/Tendering/OpportunityDetail/Index?noticeUID=CO1.NTC.9303030&isFromPublicArea=True&isModal=true&asPopupView=true,CO1.BDOS.9276510,ai_development_service,False,False,0.88
CO1.PCCNTR.8214512,SECRETARIA DE EDUCACION DEL DISTRITO,Territorial,Educación Nacional,Distrito Capital de Bogotá,Prestación de servicios,Contratación directa,Cédula de Ciudadanía,2025-08-21T00:00:00.000,2025-09-01T00:00:00.000,2026-08-31T00:00:00.000,185280000,0,No,En ejecución,Distribuido,Inversión,https://community.secop.gov.co/Public/Tendering/OpportunityDetail/Index?noticeUID=CO1.NTC.8625492&isFromPublicArea=True&isModal=true&asPopupView=true,CO1.BDOS.8585364,individual_professional_ai,False,False,0.93
CO1.PCCNTR.6515668,FONDO UNICO DE TECNOLOGÍAS DE LA INFORMACIÓN Y LAS COMUNICACIONES,Nacional,Tecnologías de la Información y las Comunicaciones,Distrito Capital de Bogotá,Prestación de servicios,Contratación directa,Cédula de Ciudadanía,2024-07-11T00:00:00.000,2024-07-12T00:00:00.000,2024-12-31T00:00:00.000,67053800,0,No,En ejecución,Distribuido,Inversión,https://community.secop.gov.co/Public/Tendering/OpportunityDetail/Index?noticeUID=CO1.NTC.6380161&isFromPublicArea=True&isModal=true&asPopupView=true,CO1.BDOS.6368256,individual_professional_ai,False,False,0.87
CO1.PCCNTR.7488693,SERVICIO NACIONAL DE APRENDIZAJE - SENA MAGDALENA,Nacional,Trabajo,Magdalena,Prestación de servicios,Contratación directa,Cédula de Ciudadanía,2025-02-14T00:00:00.000,2025-02-17T00:00:00.000,2025-12-31T00:00:00.000,58800000,0,No,Cerrado,Distribuido,Inversión,https://community.secop.gov.co/Public/Tendering/OpportunityDetail/Index?noticeUID=CO1.NTC.7628086&isFromPublicArea=True&isModal=true&asPopupView=true,CO1.BDOS.7607130,individual_professional_ai,False,False,0.93
CO1.PCCNTR.4550622,SENA DISTRITO CAPITAL GRUPO DE APOYO ADMINISTRATIVO - CGI,Nacional,Trabajo,Distrito Capital de Bogotá,Prestación de servicios,Contratación directa,Cédula de Ciudadanía,2023-02-03T00:00:00.000,2023-02-03T00:00:00.000,2023-12-15T00:00:00.000,42178500,0,Si,Cerrado,Distribuido,Inversión,https://community.secop.gov.co/Public/Tendering/OpportunityDetail/Index?noticeUID=CO1.NTC.3897492&isFromPublicArea=True&isModal=true&asPopupView=true,CO1.BDOS.3894933,individual_professional_ai,False,False,0.96
CO1.PCCNTR.7931901,SENA DISTRITO CAPITAL GRUPO DE APOYO ADMINISTRATIVO - CGI,Nacional,Trabajo,Distrito Capital de Bogotá,Prestación de servicios,Contratación directa,Cédula de Ciudadanía,2025-05-30T00:00:00.000,2025-06-03T00:00:00.000,2025-12-26T00:00:00.000,15862000,0,No,Cerrado,Distribuido,Inversión,https://community.secop.gov.co/Public/Tendering/OpportunityDetail/Index?noticeUID=CO1.NTC.8215349&isFromPublicArea=True&isModal=true&asPopupView=true,CO1.BDOS.8193601,incidental,False,False,0.87
CO1.PCCNTR.7554716,SENA REGIONAL NARIÑO CENTRO SUR COLOMBIANO DE LOGISTICA INTERNACIONAL,Nacional,Trabajo,Nariño,Prestación de servicios,Contratación directa,Cédula de Ciudadanía,2025-02-25T00:00:00.000,2025-02-25T00:00:00.000,2025-12-31T00:00:00.000,57120000,0,Si,En ejecución,Distribuido,Inversión,https://community.secop.gov.co/Public/Tendering/OpportunityDetail/Index?noticeUID=CO1.NTC.7709075&isFromPublicArea=True&isModal=true&asPopupView=true,CO1.BDOS.7694415,individual_professional_ai,False,False,0.89
CO1.PCCNTR.9960002,"AGENCIA DISTRITAL PARA LA EDUCACIÓN SUPERIOR, LA CIENCIA Y LA TECNOLOGÍA, ATENEA",Territorial,Educación Nacional,Distrito Capital de Bogotá,Prestación de servicios,Contratación directa,Cédula de Ciudadanía,2026-09-17T00:00:00.000,2026-09-18T00:00:00.000,2027-01-17T00:00:00.000,34000000,0,No,En ejecución,Recursos Propios,Inversión,https://community.secop.gov.co/Public/Tendering/OpportunityDetail/Index?noticeUID=CO1.NTC.10915173&isFromPublicArea=True&isModal=true&asPopupView=true,CO1.BDOS.10872365,individual_professional_ai,False,False,0.96
CO1.PCCNTR.7459403,GOBERNACIÓN DE BOYACÁ,Territorial,Servicio Público,Boyacá,Prestación de servicios,Contratación directa,Cédula de Ciudadanía,2025-02-14T00:00:00.000,2025-02-17T00:00:00.000,2025-12-31T00:00:00.000,40859065,107,Si,terminado,Distribuido,Inversión,https://community.secop.gov.co/Public/Tendering/OpportunityDetail/Index?noticeUID=CO1.NTC.7590909&isFromPublicArea=True&isModal=true&asPopupView=true,CO1.BDOS.7570560,individual_professional_ai,False,False,0.97
CO1.PCCNTR.7932277,INSTITUCIÓN UNIVERSITARIA ITM,Nacional,Educación Nacional,Antioquia,Prestación de servicios,Contratación directa,Cédula de Ciudadanía,2025-05-29T00:00:00.000,2025-05-29T00:00:00.000,2025-12-31T00:00:00.000,19530000,0,Si,En ejecución,Recursos Propios,Funcionamiento,https://community.secop.gov.co/Public/Tendering/OpportunityDetail/Index?noticeUID=CO1.NTC.8216384&isFromPublicArea=True&isModal=true&asPopupView=true,CO1.BDOS.8196304,incidental,False,False,0.98
CO1.PCCNTR.8734083,FONDO DE DESARROLLO LOCAL DE LA CANDELARIA,Territorial,Servicio Público,Distrito Capital de Bogotá,Prestación de servicios,Mínima cuantía,NIT,2025-12-29T00:00:00.000,2026-02-16T00:00:00.000,2026-06-15T00:00:00.000,36231020,0,No,En ejecución,Recursos Propios,Inversión,https://community.secop.gov.co/Public/Tendering/OpportunityDetail/Index?noticeUID=CO1.NTC.9303418&isFromPublicArea=True&isModal=true&asPopupView=true,CO1.BDOS.9272410,ai_product_or_platform,True,True,0.97
CO1.PCCNTR.7348692,MUNICIPIO DE SANTA ROSA DE CABAL,Territorial,Servicio Público,Risaralda,Prestación de servicios,Contratación directa,Cédula de Ciudadanía,2025-01-29T00:00:00.000,2025-01-31T00:00:00.000,2025-09-30T00:00:00.000,36000000,0,Si,terminado,Distribuido,Inversión,https://community.secop.gov.co/Public/Tendering/OpportunityDetail/Index?noticeUID=CO1.NTC.7470700&isFromPublicArea=True&isModal=true&asPopupView=true,CO1.BDOS.7456566,individual_professional_ai,False,False,0.97
CO1.PCCNTR.8343298,FABRICA DE LICORES Y ALCOHOLES DE ANTIOQUIA,Corporación Autónoma,Industria,Antioquia,Otro,Contratación régimen especial,NIT,2025-09-23T00:00:00.000,2025-09-23T00:00:00.000,2025-10-31T00:00:00.000,39860338,0,No,terminado,Recursos Propios,Funcionamiento,https://community.secop.gov.co/Public/Tendering/OpportunityDetail/Index?noticeUID=CO1.NTC.8786689&isFromPublicArea=True&isModal=true&asPopupView=true,CO1.BDOS.8763528,incidental,False,False,0.99
CO1.PCCNTR.6745867,UNIDAD ADMINISTRATIVA ESPECIAL DE GESTION DE RESTITUCION DE TIERRAS DESPOJADAS**,Nacional,Inclusión Social y Reconciliación,Distrito Capital de Bogotá,Prestación de servicios,Contratación directa,Cédula de Ciudadanía,2024-09-10T00:00:00.000,2024-09-12T00:00:00.000,2024-12-31T00:00:00.000,16670000,0,No,Cerrado,Distribuido,Inversión,https://community.secop.gov.co/Public/Tendering/OpportunityDetail/Index?noticeUID=CO1.NTC.6688947&isFromPublicArea=True&isModal=true&asPopupView=true,CO1.BDOS.6679644,individual_professional_ai,False,False,0.99
CO1.PCCNTR.8366682,EMPRESA SOCIAL DEL ESTADO HOSPITAL SAN RAFAEL DE TUNJA,Territorial,Salud y Protección Social,Boyacá,Prestación de servicios,Contratación régimen especial,Cédula de Ciudadanía,2025-09-24T00:00:00.000,2025-09-24T00:00:00.000,2025-12-31T00:00:00.000,22147270,0,No,terminado,Recursos Propios,Funcionamiento,https://community.secop.gov.co/Public/Tendering/OpportunityDetail/Index?noticeUID=CO1.NTC.8835813&isFromPublicArea=True&isModal=true&asPopupView=true,CO1.BDOS.8810574,individual_professional_ai,False,False,0.97
CO1.PCCNTR.8183147,PROCURADURIA GENERAL DE LA NACION,Nacional,No aplica/No pertenece,Distrito Capital de Bogotá,Prestación de servicios,Contratación directa,NIT,2025-08-12T00:00:00.000,2025-08-20T00:00:00.000,2025-12-15T00:00:00.000,490000000,0,Si,En ejecución,Distribuido,Inversión,https://community.secop.gov.co/Public/Tendering/OpportunityDetail/Index?noticeUID=CO1.NTC.8582327&isFromPublicArea=True&isModal=true&asPopupView=true,CO1.BDOS.8558943,ai_development_service,False,True,0.78
CO1.PCCNTR.7467699,SENA REGIONAL CALDAS CENTRO DE AUTOMATIZACION INDUSTRIAL,Nacional,Salud y Protección Social,Caldas,Prestación de servicios,Contratación directa,Cédula de Ciudadanía,2025-02-12T00:00:00.000,2025-02-13T00:00:00.000,2025-12-27T00:00:00.000,58800000,0,No,Cerrado,Recursos Propios,Inversión,https://community.secop.gov.co/Public/Tendering/OpportunityDetail/Index?noticeUID=CO1.NTC.7602273&isFromPublicArea=True&isModal=true&asPopupView=true,CO1.BDOS.7588646,individual_professional_ai,False,False,0.98
CO1.PCCNTR.8655107,UNIDAD ADMINISTRATIVA ESPECIAL DE PENSIONES DE CUNDINAMARCA,Territorial,Salud y Protección Social,Distrito Capital de Bogotá,Prestación de servicios,Mínima cuantía,NIT,2025-12-01T00:00:00.000,2025-12-01T00:00:00.000,2025-12-30T00:00:00.000,38500000,0,No,En ejecución,Recursos Propios,Funcionamiento,https://community.secop.gov.co/Public/Tendering/OpportunityDetail/Index?noticeUID=CO1.NTC.9158702&isFromPublicArea=True&isModal=true&asPopupView=true,CO1.BDOS.9132723,unclear,False,False,0.96
CO1.PCCNTR.6399924,DEPARTAMENTO DE CUNDINAMARCA-SECRETARIA DE TECNOLOGIAS DE LA INFORMACION Y LAS COMUNICACIONES,Territorial,Tecnologías de la Información y las Comunicaciones,Distrito Capital de Bogotá,Otro,Contratación directa,NIT,2024-06-04T00:00:00.000,2025-09-02T00:00:00.000,2027-09-01T00:00:00.000,0,455,No,Modificado,Distribuido,Inversión,https://community.secop.gov.co/Public/Tendering/OpportunityDetail/Index?noticeUID=CO1.NTC.6220237&isFromPublicArea=True&isModal=true&asPopupView=true,CO1.BDOS.6210561,ai_development_service,False,False,0.76
CO1.PCCNTR.8440692,UNP,Nacional,defensa,Distrito Capital de Bogotá,Prestación de servicios,Contratación directa,Cédula de Ciudadanía,2025-10-10T00:00:00.000,2025-10-14T00:00:00.000,2025-12-31T00:00:00.000,18416666,0,Si,En ejecución,Distribuido,Funcionamiento,https://community.secop.gov.co/Public/Tendering/OpportunityDetail/Index?noticeUID=CO1.NTC.8930226&isFromPublicArea=True&isModal=true&asPopupView=true,CO1.BDOS.8900082,individual_professional_ai,False,False,0.98
CO1.PCCNTR.9937889,IDACO,Territorial,No aplica/No pertenece,Distrito Capital de Bogotá,Decreto 092 de 2017,Contratación régimen especial (con ofertas),NIT,2026-09-24T00:00:00.000,,2026-12-31T00:00:00.000,278448000,0,No,Aprobado,Distribuido,Inversión,https://community.secop.gov.co/Public/Tendering/OpportunityDetail/Index?noticeUID=CO1.NTC.10790862&isFromPublicArea=True&isModal=true&asPopupView=true,CO1.BDOS.10752696,unclear,False,False,0.94
CO1.PCCNTR.7968241,CENTRO DE COMERCIO Y SERVICIOS - SENA REGIONAL CAUCA,Nacional,Trabajo,Cauca,Prestación de servicios,Contratación directa,Cédula de Ciudadanía,2025-06-13T00:00:00.000,2025-06-16T00:00:00.000,2025-12-11T00:00:00.000,19800000,0,No,En ejecución,Distribuido,Inversión,https://community.secop.gov.co/Public/Tendering/OpportunityDetail/Index?noticeUID=CO1.NTC.8268518&isFromPublicArea=True&isModal=true&asPopupView=true,CO1.BDOS.8246537,individual_professional_ai,False,False,0.82
CO1.PCCNTR.5986816,GOBERNACION DE NARIÑO,Territorial,No aplica/No pertenece,Nariño,Prestación de servicios,Contratación directa,Cédula de Ciudadanía,2024-02-21T00:00:00.000,2024-02-23T00:00:00.000,2024-12-31T00:00:00.000,123456667,0,No,Modificado,Distribuido,Funcionamiento,https://community.secop.gov.co/Public/Tendering/OpportunityDetail/Index?noticeUID=CO1.NTC.5707823&isFromPublicArea=True&isModal=true&asPopupView=true,CO1.BDOS.5699397,individual_professional_ai,False,False,0.78
CO1.PCCNTR.8289739,FONDO UNICO DE TECNOLOGÍAS DE LA INFORMACIÓN Y LAS COMUNICACIONES,Nacional,Tecnologías de la Información y las Comunicaciones,Distrito Capital de Bogotá,Otro,Contratación directa,NIT,2025-09-05T00:00:00.000,2025-09-23T00:00:00.000,2025-12-19T00:00:00.000,11000000000,0,No,Modificado,Distribuido,Inversión,https://community.secop.gov.co/Public/Tendering/OpportunityDetail/Index?noticeUID=CO1.NTC.8732533&isFromPublicArea=True&isModal=true&asPopupView=true,CO1.BDOS.8708180,ai_development_service,False,False,0.78
CO1.PCCNTR.7189312,"AGENCIA DISTRITAL PARA LA EDUCACIÓN SUPERIOR, LA CIENCIA Y LA TECNOLOGÍA, ATENEA",Territorial,Educación Nacional,Distrito Capital de Bogotá,Prestación de servicios,Contratación directa,NIT,2024-12-31T00:00:00.000,2024-12-31T00:00:00.000,2031-12-31T00:00:00.000,17829462987.17,0,No,En ejecución,Recursos Propios,Inversión,https://community.secop.gov.co/Public/Tendering/OpportunityDetail/Index?noticeUID=CO1.NTC.7263569&isFromPublicArea=True&isModal=true&asPopupView=true,CO1.BDOS.7243649,unclear,False,False,0.76
CO1.PCCNTR.9304752,UNP,Nacional,defensa,Distrito Capital de Bogotá,Prestación de servicios,Contratación directa,Cédula de Ciudadanía,2026-01-30T00:00:00.000,2026-01-31T00:00:00.000,2026-12-31T00:00:00.000,62533333,0,No,Modificado,Distribuido,Funcionamiento,https://community.secop.gov.co/Public/Tendering/OpportunityDetail/Index?noticeUID=CO1.NTC.9935696&isFromPublicArea=True&isModal=true&asPopupView=true,CO1.BDOS.9913206,individual_professional_ai,False,False,0.98
CO1.PCCNTR.9128966,UNP,Nacional,defensa,Distrito Capital de Bogotá,Prestación de servicios,Contratación directa,Cédula de Ciudadanía,2026-01-25T00:00:00.000,2026-01-27T00:00:00.000,2026-12-31T00:00:00.000,65748800,0,No,En ejecución,Distribuido,Funcionamiento,https://community.secop.gov.co/Public/Tendering/OpportunityDetail/Index?noticeUID=CO1.NTC.9759975&isFromPublicArea=True&isModal=true&asPopupView=true,CO1.BDOS.9736477,individual_professional_ai,False,False,0.96
CO1.PCCNTR.8156553,COMPUTADORES PARA EDUCAR,Nacional,Tecnologías de la Información y las Comunicaciones,Distrito Capital de Bogotá,Decreto 092 de 2017,Contratación régimen especial,Cédula de Ciudadanía,2025-08-05T00:00:00.000,2025-08-06T00:00:00.000,2025-12-31T00:00:00.000,72500000,0,Si,Modificado,Distribuido,Inversión,https://community.secop.gov.co/Public/Tendering/OpportunityDetail/Index?noticeUID=CO1.NTC.8542677&isFromPublicArea=True&isModal=true&asPopupView=true,CO1.BDOS.8519988,individual_professional_ai,False,False,0.93
CO1.PCCNTR.7931786,SENA DISTRITO CAPITAL GRUPO DE APOYO ADMINISTRATIVO - CGI,Nacional,Trabajo,Distrito Capital de Bogotá,Prestación de servicios,Contratación directa,Cédula de Ciudadanía,2025-05-30T00:00:00.000,2025-06-03T00:00:00.000,2025-12-26T00:00:00.000,17031600,0,No,Cerrado,Distribuido,Inversión,https://community.secop.gov.co/Public/Tendering/OpportunityDetail/Index?noticeUID=CO1.NTC.8215426&isFromPublicArea=True&isModal=true&asPopupView=true,CO1.BDOS.8193417,individual_professional_ai,False,False,0.98
CO1.PCCNTR.9258613,SENA SECRETARIA GENERAL,Nacional,Trabajo,Distrito Capital de Bogotá,Prestación de servicios,Contratación directa,Cédula de Ciudadanía,2026-01-30T00:00:00.000,2026-02-04T00:00:00.000,2026-12-31T00:00:00.000,156200000,0,No,En ejecución,Distribuido,Inversión,https://community.secop.gov.co/Public/Tendering/OpportunityDetail/Index?noticeUID=CO1.NTC.9890986&isFromPublicArea=True&isModal=true&asPopupView=true,CO1.BDOS.9871461,individual_professional_ai,False,False,0.99
CO1.PCCNTR.9132279,PROCURADURIA GENERAL DE LA NACION,Nacional,No aplica/No pertenece,Distrito Capital de Bogotá,Prestación de servicios,Contratación directa,Cédula de Ciudadanía,2026-01-28T00:00:00.000,2026-02-02T00:00:00.000,2026-06-30T00:00:00.000,41650000,0,No,terminado,Distribuido,Inversión,https://community.secop.gov.co/Public/Tendering/OpportunityDetail/Index?noticeUID=CO1.NTC.9767318&isFromPublicArea=True&isModal=true&asPopupView=true,CO1.BDOS.9748402,individual_professional_ai,False,False,0.98
CO1.PCCNTR.8352012,JEP,Nacional,No aplica/No pertenece,Distrito Capital de Bogotá,Prestación de servicios,Contratación régimen especial,Cédula de Ciudadanía,2025-09-25T00:00:00.000,2025-09-26T00:00:00.000,2025-12-31T00:00:00.000,38004143,0,No,En ejecución,Distribuido,Inversión,https://community.secop.gov.co/Public/Tendering/OpportunityDetail/Index?noticeUID=CO1.NTC.8814610&isFromPublicArea=True&isModal=true&asPopupView=true,CO1.BDOS.8789430,individual_professional_ai,False,False,0.97
CO1.PCCNTR.6927267,AGENCIA NACIONAL DE HIDROCARBUROS**,Nacional,Minas y Energía,Distrito Capital de Bogotá,Otro,Contratación directa,NIT,2024-10-22T00:00:00.000,2024-10-23T00:00:00.000,2026-11-30T00:00:00.000,20488500000,346,No,Modificado,Distribuido,Inversión,https://community.secop.gov.co/Public/Tendering/OpportunityDetail/Index?noticeUID=CO1.NTC.6921782&isFromPublicArea=True&isModal=true&asPopupView=true,CO1.BDOS.6910889,ai_development_service,False,False,0.88
CO1.PCCNTR.5315429,ICBF SEDE NACIONAL,Nacional,Inclusión Social y Reconciliación,Distrito Capital de Bogotá,Prestación de servicios,Contratación directa,Cédula de Ciudadanía,2023-08-24T00:00:00.000,2023-08-28T00:00:00.000,2023-12-31T00:00:00.000,43800750,0,No,Cerrado,Distribuido,Inversión,https://community.secop.gov.co/Public/Tendering/OpportunityDetail/Index?noticeUID=CO1.NTC.4866304&isFromPublicArea=True&isModal=true&asPopupView=true,CO1.BDOS.4850390,individual_professional_ai,False,False,0.98
CO1.PCCNTR.8691409,SERVICIO GEOLOGICO COLOMBIANO**,Nacional,Minas y Energía,Distrito Capital de Bogotá,Prestación de servicios,Contratación directa,Cédula de Ciudadanía,2025-12-10T00:00:00.000,2025-12-11T00:00:00.000,2026-12-09T00:00:00.000,121200000,0,No,Modificado,Distribuido,Funcionamiento,https://community.secop.gov.co/Public/Tendering/OpportunityDetail/Index?noticeUID=CO1.NTC.9270343&isFromPublicArea=True&isModal=true&asPopupView=true,CO1.BDOS.9237448,individual_professional_ai,False,False,0.91
CO1.PCCNTR.9145846,TRANSMILENIO S.A.,Territorial,Transporte,Distrito Capital de Bogotá,Prestación de servicios,Contratación directa,Cédula de Ciudadanía,2026-01-26T00:00:00.000,2026-02-02T00:00:00.000,2027-01-16T00:00:00.000,73542500,74,No,Modificado,Recursos Propios,Inversión,https://community.secop.gov.co/Public/Tendering/OpportunityDetail/Index?noticeUID=CO1.NTC.9777788&isFromPublicArea=True&isModal=true&asPopupView=true,CO1.BDOS.9269650,individual_professional_ai,False,False,0.98
CO1.PCCNTR.8685308,MINCIENCIAS,Nacional,Ciencia Tecnología,Distrito Capital de Bogotá,Otro,Contratación Directa (con ofertas),NIT,2025-12-10T00:00:00.000,2025-12-22T00:00:00.000,2028-12-11T00:00:00.000,3262730000,0,Si,En ejecución,Distribuido,Inversión,https://community.secop.gov.co/Public/Tendering/OpportunityDetail/Index?noticeUID=CO1.NTC.9259070&isFromPublicArea=True&isModal=true&asPopupView=true,CO1.BDOS.9227456,ai_development_service,False,False,0.88
CO1.PCCNTR.5996607,SERVICIO GEOLOGICO COLOMBIANO**,Nacional,Minas y Energía,Distrito Capital de Bogotá,Prestación de servicios,Contratación directa,Cédula de Ciudadanía,2024-02-23T00:00:00.000,2024-02-23T00:00:00.000,2024-06-22T00:00:00.000,48082204,0,No,En ejecución,Distribuido,Funcionamiento,https://community.secop.gov.co/Public/Tendering/OpportunityDetail/Index?noticeUID=CO1.NTC.5720043&isFromPublicArea=True&isModal=true&asPopupView=true,CO1.BDOS.5711710,individual_professional_ai,False,False,0.98
CO1.PCCNTR.5870297,EMPRESA SOCIAL DEL ESTADO DEL MUNICIPIO DE VILLAVICENCIO,Territorial,Salud y Protección Social,Meta,Decreto 092 de 2017,Contratación régimen especial,NIT,2024-02-01T00:00:00.000,2024-02-01T00:00:00.000,2024-12-31T00:00:00.000,101860000,0,No,Cerrado,Recursos Propios,Funcionamiento,https://community.secop.gov.co/Public/Tendering/OpportunityDetail/Index?noticeUID=CO1.NTC.5558874&isFromPublicArea=True&isModal=true&asPopupView=true,CO1.BDOS.5550720,ai_product_or_platform,False,True,0.76
CO1.PCCNTR.7944439,INSTITUCIÓN UNIVERSITARIA ITM,Nacional,Educación Nacional,Antioquia,Prestación de servicios,Contratación directa,Cédula de Ciudadanía,2025-06-04T00:00:00.000,2025-06-04T00:00:00.000,2025-06-30T00:00:00.000,4772737,0,Si,terminado,Recursos Propios,Inversión,https://community.secop.gov.co/Public/Tendering/OpportunityDetail/Index?noticeUID=CO1.NTC.8232979&isFromPublicArea=True&isModal=true&asPopupView=true,CO1.BDOS.8212349,individual_professional_ai,False,False,0.79
CO1.PCCNTR.8773945,HOSPITAL SAN JUAN DE DIOS DE HONDA ESE,Territorial,Salud y Protección Social,Tolima,Suministros,Contratación régimen especial,NIT,2026-01-06T00:00:00.000,2026-01-06T00:00:00.000,2026-12-31T00:00:00.000,16841781,0,Si,En ejecución,Distribuido,Funcionamiento,https://community.secop.gov.co/Public/Tendering/OpportunityDetail/Index?noticeUID=CO1.NTC.9393843&isFromPublicArea=True&isModal=true&asPopupView=true,CO1.BDOS.9379472,cloud_or_software_nonAI,True,False,0.96
CO1.PCCNTR.8570451,"AGENCIA DISTRITAL PARA LA EDUCACIÓN SUPERIOR, LA CIENCIA Y LA TECNOLOGÍA, ATENEA",Territorial,Educación Nacional,Distrito Capital de Bogotá,Prestación de servicios,Contratación directa,NIT,2025-11-11T00:00:00.000,2025-11-12T00:00:00.000,2025-11-28T00:00:00.000,140172500,0,No,En ejecución,Recursos Propios,Inversión,https://community.secop.gov.co/Public/Tendering/OpportunityDetail/Index?noticeUID=CO1.NTC.9098424&isFromPublicArea=True&isModal=true&asPopupView=true,CO1.BDOS.9065977,incidental,False,False,0.91
CO1.PCCNTR.8982527,SENA REGIONAL BOLIVAR Centro para la Industria Petroquímica,Nacional,Trabajo,Bolívar,Prestación de servicios,Contratación directa,Cédula de Ciudadanía,2026-01-19T00:00:00.000,2026-02-02T00:00:00.000,2026-12-30T00:00:00.000,66699996,0,No,En ejecución,Distribuido,Inversión,https://community.secop.gov.co/Public/Tendering/OpportunityDetail/Index?noticeUID=CO1.NTC.9585780&isFromPublicArea=True&isModal=true&asPopupView=true,CO1.BDOS.9571630,incidental,False,False,0.85
CO1.PCCNTR.7942119,FONDO NACIONAL AMBIENTAL - ANLA,Nacional,Ambiente y Desarrollo Sostenible,Distrito Capital de Bogotá,Prestación de servicios,Contratación directa,Cédula de Ciudadanía,2025-06-03T00:00:00.000,2025-06-03T00:00:00.000,2025-12-31T00:00:00.000,83200000,0,No,En ejecución,Recursos Propios,Inversión,https://community.secop.gov.co/Public/Tendering/OpportunityDetail/Index?noticeUID=CO1.NTC.8230259&isFromPublicArea=True&isModal=true&asPopupView=true,CO1.BDOS.8209152,incidental,False,False,0.91
CO1.PCCNTR.5166219,EMPRESA SOCIAL DEL ESTADO DEL MUNICIPIO DE VILLAVICENCIO,Territorial,Salud y Protección Social,Meta,Decreto 092 de 2017,Contratación régimen especial,NIT,2023-07-05T00:00:00.000,2023-07-05T00:00:00.000,2024-01-04T00:00:00.000,43000682,0,No,Cerrado,Recursos Propios,Funcionamiento,https://community.secop.gov.co/Public/Tendering/OpportunityDetail/Index?noticeUID=CO1.NTC.4663245&isFromPublicArea=True&isModal=true&asPopupView=true,CO1.BDOS.4656348,ai_product_or_platform,False,True,0.79
CO1.PCCNTR.8802496,DEPARTAMENTO ADMINISTRATIVO NACIONAL DE ESTADISTICA (DANE),Nacional,Información Estadística,Distrito Capital de Bogotá,Prestación de servicios,Contratación directa,Cédula de Ciudadanía,2026-01-09T00:00:00.000,2026-01-11T00:00:00.000,2026-10-31T00:00:00.000,95700000,0,No,Modificado,Distribuido,Inversión,https://community.secop.gov.co/Public/Tendering/OpportunityDetail/Index?noticeUID=CO1.NTC.9430688&isFromPublicArea=True&isModal=true&asPopupView=true,CO1.BDOS.9320679,individual_professional_ai,False,False,0.95
CO1.PCCNTR.8453571,SERVICIO GEOLOGICO COLOMBIANO**,Nacional,Minas y Energía,Distrito Capital de Bogotá,Prestación de servicios,Contratación directa,Cédula de Ciudadanía,2025-10-15T00:00:00.000,2025-10-15T00:00:00.000,2026-10-13T00:00:00.000,60600000,0,No,Modificado,Distribuido,Funcionamiento,https://community.secop.gov.co/Public/Tendering/OpportunityDetail/Index?noticeUID=CO1.NTC.8946766&isFromPublicArea=True&isModal=true&asPopupView=true,CO1.BDOS.8910535,individual_professional_ai,False,False,0.98
CO1.PCCNTR.7076121,MINTRABAJO NIVEL CENTRAL*/,Nacional,Trabajo,Distrito Capital de Bogotá,Otro,Contratación régimen especial,NIT,2024-11-28T00:00:00.000,2024-11-28T00:00:00.000,2024-12-31T00:00:00.000,599760000,0,No,Cerrado,Recursos Propios,Inversión,https://community.secop.gov.co/Public/Tendering/OpportunityDetail/Index?noticeUID=CO1.NTC.7115436&isFromPublicArea=True&isModal=true&asPopupView=true,CO1.BDOS.7098411,ai_development_service,False,True,0.93
CO1.PCCNTR.8564637,SANTIAGO DE CALI DISTRITO ESPECIAL - DEPARTAMENTO ADMINISTRATIVO DE TECNOLOGIAS DE LA INFORMACION Y LAS COMUNICACIONES,Territorial,Tecnologías de la Información y las Comunicaciones,Valle del Cauca,Otro,Contratación Directa (con ofertas),NIT,2025-11-07T00:00:00.000,2025-11-18T00:00:00.000,2026-12-31T00:00:00.000,719747200,0,No,Modificado,Distribuido,Inversión,https://community.secop.gov.co/Public/Tendering/OpportunityDetail/Index?noticeUID=CO1.NTC.9092026&isFromPublicArea=True&isModal=true&asPopupView=true,CO1.BDOS.9061989,incidental,False,False,0.91
CO1.PCCNTR.9020831,"SECRETARÍA DISTRITAL DE CULTURA, RECREACIÓN Y DEPORTE",Territorial,Cultura,Distrito Capital de Bogotá,Prestación de servicios,Contratación directa,Cédula de Ciudadanía,2026-01-21T00:00:00.000,2026-01-27T00:00:00.000,2026-12-26T00:00:00.000,124575000,0,No,En ejecución,Distribuido,Inversión,https://community.secop.gov.co/Public/Tendering/OpportunityDetail/Index?noticeUID=CO1.NTC.9654144&isFromPublicArea=True&isModal=true&asPopupView=true,CO1.BDOS.9509164,individual_professional_ai,False,False,0.98
CO1.PCCNTR.9128994,UNP,Nacional,defensa,Distrito Capital de Bogotá,Prestación de servicios,Contratación directa,Cédula de Ciudadanía,2026-01-25T00:00:00.000,2026-01-26T00:00:00.000,2026-12-31T00:00:00.000,53104800,0,No,En ejecución,Distribuido,Funcionamiento,https://community.secop.gov.co/Public/Tendering/OpportunityDetail/Index?noticeUID=CO1.NTC.9760528&isFromPublicArea=True&isModal=true&asPopupView=true,CO1.BDOS.9736979,individual_professional_ai,False,False,0.92
CO1.PCCNTR.6590337,SERVICIO GEOLOGICO COLOMBIANO**,Nacional,Minas y Energía,Distrito Capital de Bogotá,Prestación de servicios,Contratación directa,Cédula de Ciudadanía,2024-08-01T00:00:00.000,2024-08-01T00:00:00.000,2024-12-31T00:00:00.000,60102755,0,No,En ejecución,Distribuido,Inversión,https://community.secop.gov.co/Public/Tendering/OpportunityDetail/Index?noticeUID=CO1.NTC.6477304&isFromPublicArea=True&isModal=true&asPopupView=true,CO1.BDOS.6467048,individual_professional_ai,False,False,0.98
CO1.PCCNTR.6971675,SECRETARIA DE EDUCACION DE CALI,Territorial,Educación Nacional,Valle del Cauca,Decreto 092 de 2017,Contratación régimen especial (con ofertas),NIT,2024-11-13T00:00:00.000,2024-11-21T00:00:00.000,2024-12-28T00:00:00.000,237000000,0,Si,terminado,Distribuido,Inversión,https://community.secop.gov.co/Public/Tendering/OpportunityDetail/Index?noticeUID=CO1.NTC.6904942&isFromPublicArea=True&isModal=true&asPopupView=true,CO1.BDOS.6892883,incidental,False,False,0.96
CO1.PCCNTR.6699438,ADRES,Nacional,Salud y Protección Social,Distrito Capital de Bogotá,Prestación de servicios,Contratación directa,Cédula de Ciudadanía,2024-08-30T00:00:00.000,2024-09-03T00:00:00.000,2024-12-31T00:00:00.000,36000000,0,No,Cerrado,Recursos Propios,Funcionamiento,https://community.secop.gov.co/Public/Tendering/OpportunityDetail/Index?noticeUID=CO1.NTC.6625095&isFromPublicArea=True&isModal=true&asPopupView=true,CO1.BDOS.6614887,individual_professional_ai,False,False,0.91
CO1.PCCNTR.7073008,GOBERNACIÓN DEL CAUCA,Territorial,Servicio Público,Cauca,Prestación de servicios,Contratación directa,Cédula de Ciudadanía,2024-12-04T00:00:00.000,2024-12-05T00:00:00.000,2024-12-26T00:00:00.000,4200000,0,No,Cerrado,Distribuido,Inversión,https://community.secop.gov.co/Public/Tendering/OpportunityDetail/Index?noticeUID=CO1.NTC.7110776&isFromPublicArea=True&isModal=true&asPopupView=true,CO1.BDOS.7057355,individual_professional_ai,False,False,0.69
CO1.PCCNTR.8051529,REDDI COLOMBIA,Corporación Autónoma,Ciencia Tecnología,Valle del Cauca,Prestación de servicios,Contratación régimen especial,Cédula de Ciudadanía,2025-07-08T00:00:00.000,2025-07-08T00:00:00.000,2025-09-04T00:00:00.000,7440573,0,No,Cerrado,Distribuido,Inversión,https://community.secop.gov.co/Public/Tendering/OpportunityDetail/Index?noticeUID=CO1.NTC.8387771&isFromPublicArea=True&isModal=true&asPopupView=true,CO1.BDOS.8366199,incidental,False,False,0.96
CO1.PCCNTR.9933820,DISTRITO ESPECIAL DE CIENCIA TECNOLOGIA E INNOVACION DE MEDELLIN,Territorial,Servicio Público,Antioquia,Prestación de servicios,Contratación directa,NIT,2026-09-18T00:00:00.000,,2026-12-31T00:00:00.000,153400000,0,Si,Aprobado,Distribuido,Inversión,https://community.secop.gov.co/Public/Tendering/OpportunityDetail/Index?noticeUID=CO1.NTC.10873583&isFromPublicArea=True&isModal=true&asPopupView=true,CO1.BDOS.10711780,unclear,False,False,0.87
CO1.PCCNTR.4433021,ESCUELA TECNOLÓGICA INSTITUTO TÉCNICO CENTRAL,Nacional,Educación Nacional,Distrito Capital de Bogotá,Prestación de servicios,Contratación directa,Cédula de Ciudadanía,2023-01-20T00:00:00.000,2023-01-21T00:00:00.000,2023-11-30T00:00:00.000,21294662,76,Si,Modificado,Distribuido,Funcionamiento,https://community.secop.gov.co/Public/Tendering/OpportunityDetail/Index?noticeUID=CO1.NTC.3790496&isFromPublicArea=True&isModal=true&asPopupView=true,CO1.BDOS.3760449,individual_professional_ai,False,False,0.97
CO1.PCCNTR.8729085,SENA REGIONAL VALLE Grupo Administrativo CTA,Nacional,Trabajo,Valle del Cauca,Compraventa,Contratación Directa (con ofertas),NIT,2025-12-23T00:00:00.000,2025-12-24T00:00:00.000,2026-01-31T00:00:00.000,139996717,31,Si,Modificado,Distribuido,Inversión,https://community.secop.gov.co/Public/Tendering/OpportunityDetail/Index?noticeUID=CO1.NTC.9322660&isFromPublicArea=True&isModal=true&asPopupView=true,CO1.BDOS.9297492,incidental,False,False,0.87
CO1.PCCNTR.8670193,CORPORACION PARA EL DESARROLLO SOSTENIBLE DEL URABA,Territorial,Ambiente y Desarrollo Sostenible,Antioquia,Prestación de servicios,Contratación directa,NIT,2025-12-05T00:00:00.000,2025-12-05T00:00:00.000,2026-01-05T00:00:00.000,14634112,0,No,Cerrado,Recursos Propios,Inversión,https://community.secop.gov.co/Public/Tendering/OpportunityDetail/Index?noticeUID=CO1.NTC.9239702&isFromPublicArea=True&isModal=true&asPopupView=true,CO1.BDOS.9205641,unclear,False,False,0.88
CO1.PCCNTR.7489355,SERVICIO NACIONAL DE APRENDIZAJE - SENA MAGDALENA,Nacional,Trabajo,Magdalena,Prestación de servicios,Contratación directa,Cédula de Ciudadanía,2025-02-14T00:00:00.000,2025-02-17T00:00:00.000,2025-12-31T00:00:00.000,58800000,0,No,Cerrado,Distribuido,Inversión,https://community.secop.gov.co/Public/Tendering/OpportunityDetail/Index?noticeUID=CO1.NTC.7628086&isFromPublicArea=True&isModal=true&asPopupView=true,CO1.BDOS.7607130,individual_professional_ai,False,False,0.95
CO1.PCCNTR.5441320,Unidad de Busqueda de Personas Desaparecidas,Nacional,Ley de Justicia,Distrito Capital de Bogotá,Prestación de servicios,Contratación directa,Cédula de Ciudadanía,2023-10-06T00:00:00.000,2023-10-09T00:00:00.000,2023-12-31T00:00:00.000,37966000,0,No,Cerrado,Distribuido,Inversión,https://community.secop.gov.co/Public/Tendering/OpportunityDetail/Index?noticeUID=CO1.NTC.5039460&isFromPublicArea=True&isModal=true&asPopupView=true,CO1.BDOS.5027677,individual_professional_ai,False,False,0.96
CO1.PCCNTR.4574023,SENA DISTRITO CAPITAL GRUPO DE APOYO ADMINISTRATIVO - CGI,Nacional,Trabajo,Distrito Capital de Bogotá,Prestación de servicios,Contratación directa,Cédula de Ciudadanía,2023-02-07T00:00:00.000,2023-02-07T00:00:00.000,2023-10-31T00:00:00.000,36153000,0,Si,Cerrado,Distribuido,Inversión,https://community.secop.gov.co/Public/Tendering/OpportunityDetail/Index?noticeUID=CO1.NTC.3897243&isFromPublicArea=True&isModal=true&asPopupView=true,CO1.BDOS.3895517,individual_professional_ai,False,False,0.97
CO1.PCCNTR.8025772,CENTRO DE COMERCIO Y SERVICIOS - SENA REGIONAL CAUCA,Nacional,Trabajo,Cauca,Prestación de servicios,Contratación directa,Cédula de Ciudadanía,2025-06-27T00:00:00.000,2025-07-01T00:00:00.000,2025-09-30T00:00:00.000,6600000,0,No,En ejecución,Distribuido,Inversión,https://community.secop.gov.co/Public/Tendering/OpportunityDetail/Index?noticeUID=CO1.NTC.8348713&isFromPublicArea=True&isModal=true&asPopupView=true,CO1.BDOS.8327127,individual_professional_ai,False,True,0.89
CO1.PCCNTR.8696612,ARMADA NACIONAL BASE NAVAL No. 6 ARC BOGOTA,Nacional,defensa,Distrito Capital de Bogotá,Compraventa,Mínima cuantía,NIT,2025-12-11T00:00:00.000,2025-12-15T00:00:00.000,2025-12-19T00:00:00.000,71261819,0,No,En ejecución,Distribuido,Funcionamiento,https://community.secop.gov.co/Public/Tendering/OpportunityDetail/Index?noticeUID=CO1.NTC.9221518&isFromPublicArea=True&isModal=true&asPopupView=true,CO1.BDOS.9146913,ai_product_or_platform,False,False,0.76
CO1.PCCNTR.4569536,SENA DISTRITO CAPITAL GRUPO DE APOYO ADMINISTRATIVO - CGI,Nacional,Trabajo,Distrito Capital de Bogotá,Prestación de servicios,Contratación directa,Cédula de Ciudadanía,2023-02-07T00:00:00.000,2023-02-07T00:00:00.000,2023-12-15T00:00:00.000,42178500,0,Si,Cerrado,Distribuido,Inversión,https://community.secop.gov.co/Public/Tendering/OpportunityDetail/Index?noticeUID=CO1.NTC.3897468&isFromPublicArea=True&isModal=true&asPopupView=true,CO1.BDOS.3895100,individual_professional_ai,False,False,0.91
CO1.PCCNTR.5434496,MINCIENCIAS,Nacional,Ciencia Tecnología,Distrito Capital de Bogotá,Prestación de servicios,Contratación directa,Cédula de Ciudadanía,2023-10-04T00:00:00.000,2023-10-06T00:00:00.000,2023-12-31T00:00:00.000,18416667,0,No,Modificado,Distribuido,Inversión,https://community.secop.gov.co/Public/Tendering/OpportunityDetail/Index?noticeUID=CO1.NTC.5027552&isFromPublicArea=True&isModal=true&asPopupView=true,CO1.BDOS.5013300,individual_professional_ai,False,False,0.98
CO1.PCCNTR.9123923,SENA REGIONAL BOLIVAR Grupo Administrativo CINFP,Nacional,Trabajo,Distrito Capital de Bogotá,Prestación de servicios,Contratación directa,Cédula de Ciudadanía,2026-01-25T00:00:00.000,2026-02-02T00:00:00.000,2026-07-30T00:00:00.000,28424976,0,No,En ejecución,Distribuido,Inversión,https://community.secop.gov.co/Public/Tendering/OpportunityDetail/Index?noticeUID=CO1.NTC.9727241&isFromPublicArea=True&isModal=true&asPopupView=true,CO1.BDOS.9696221,individual_professional_ai,False,False,0.94
CO1.PCCNTR.8359637,INSTITUCIÓN UNIVERSITARIA ITM,Nacional,Educación Nacional,Antioquia,Prestación de servicios,Contratación directa,Cédula de Ciudadanía,2025-09-24T00:00:00.000,2025-09-24T00:00:00.000,2025-11-05T00:00:00.000,6155880,0,No,En ejecución,Recursos Propios,Funcionamiento,https://community.secop.gov.co/Public/Tendering/OpportunityDetail/Index?noticeUID=CO1.NTC.8824831&isFromPublicArea=True&isModal=true&asPopupView=true,CO1.BDOS.8798298,individual_professional_ai,False,False,0.99
CO1.PCCNTR.7580417,DEPARTAMENTO ADMINISTRATIVO DEL SERVICIO CIVIL DISTRITAL,Territorial,Servicio Público,Distrito Capital de Bogotá,Prestación de servicios,Contratación directa,Cédula de Ciudadanía,2025-03-06T00:00:00.000,2025-03-10T00:00:00.000,2025-12-11T00:00:00.000,54400000,32,No,Modificado,Distribuido,Inversión,https://community.secop.gov.co/Public/Tendering/OpportunityDetail/Index?noticeUID=CO1.NTC.7741394&isFromPublicArea=True&isModal=true&asPopupView=true,CO1.BDOS.7677176,individual_professional_ai,False,False,0.95
CO1.PCCNTR.7341370,MUNICIPIO DE COMBITA,Territorial,Servicio Público,Boyacá,Prestación de servicios,Contratación directa,Cédula de Ciudadanía,2025-01-27T00:00:00.000,2025-01-27T00:00:00.000,2025-06-26T00:00:00.000,12250000,0,No,terminado,Distribuido,Inversión,https://community.secop.gov.co/Public/Tendering/OpportunityDetail/Index?noticeUID=CO1.NTC.7461738&isFromPublicArea=True&isModal=true&asPopupView=true,CO1.BDOS.7447403,individual_professional_ai,False,False,0.77
CO1.PCCNTR.7507656,SENA REGIONAL NARIÑO CENTRO SUR COLOMBIANO DE LOGISTICA INTERNACIONAL,Nacional,Trabajo,Nariño,Prestación de servicios,Contratación directa,Cédula de Ciudadanía,2025-02-17T00:00:00.000,2025-02-17T00:00:00.000,2025-12-31T00:00:00.000,58613333,0,Si,En ejecución,Distribuido,Inversión,https://community.secop.gov.co/Public/Tendering/OpportunityDetail/Index?noticeUID=CO1.NTC.7651259&isFromPublicArea=True&isModal=true&asPopupView=true,CO1.BDOS.7636499,individual_professional_ai,False,False,0.94
CO1.PCCNTR.6932081,FISCALÍA GENERAL DE LA NACIÓN NIVEL CENTRAL.,Nacional,Ley de Justicia,Distrito Capital de Bogotá,Prestación de servicios,Contratación directa,Cédula de Ciudadanía,2024-10-22T00:00:00.000,2024-10-23T00:00:00.000,2024-12-31T00:00:00.000,54000000,0,No,En ejecución,Distribuido,Funcionamiento,https://community.secop.gov.co/Public/Tendering/OpportunityDetail/Index?noticeUID=CO1.NTC.6922863&isFromPublicArea=True&isModal=true&asPopupView=true,CO1.BDOS.6911587,individual_professional_ai,False,False,0.96
CO1.PCCNTR.8983781,FONDO NACIONAL AMBIENTAL - ANLA,Nacional,Ambiente y Desarrollo Sostenible,Distrito Capital de Bogotá,Prestación de servicios,Contratación directa,Cédula de Ciudadanía,2026-01-19T00:00:00.000,2026-01-19T00:00:00.000,2026-12-31T00:00:00.000,60827197,0,No,En ejecución,Distribuido,Inversión,https://community.secop.gov.co/Public/Tendering/OpportunityDetail/Index?noticeUID=CO1.NTC.9614962&isFromPublicArea=True&isModal=true&asPopupView=true,CO1.BDOS.9591238,individual_professional_ai,False,False,0.72
CO1.PCCNTR.9149193,Departamento Administrativo de Jurídica,Territorial,Ley de Justicia,Valle del Cauca,Prestación de servicios,Contratación directa,NIT,2026-01-28T00:00:00.000,2026-01-30T00:00:00.000,2026-12-31T00:00:00.000,18300000,0,No,En ejecución,Distribuido,Inversión,https://community.secop.gov.co/Public/Tendering/OpportunityDetail/Index?noticeUID=CO1.NTC.9781840&isFromPublicArea=True&isModal=true&asPopupView=true,CO1.BDOS.9763000,ai_product_or_platform,False,False,0.94
CO1.PCCNTR.5423868,CORPORACIÓN UNIFICADA NACIONAL DE EDUCACIÓN SUPERIOR-CUN,Nacional,Educación Nacional,Distrito Capital de Bogotá,Decreto 092 de 2017,Contratación régimen especial,NIT,2023-09-29T00:00:00.000,2023-09-29T00:00:00.000,2025-07-11T00:00:00.000,350978616,66,No,Modificado,Distribuido,Inversión,https://community.secop.gov.co/Public/Tendering/OpportunityDetail/Index?noticeUID=CO1.NTC.5012618&isFromPublicArea=True&isModal=true&asPopupView=true,CO1.BDOS.5001872,ai_development_service,False,False,0.65
CO1.PCCNTR.9129952,UNP,Nacional,defensa,Distrito Capital de Bogotá,Prestación de servicios,Contratación directa,Cédula de Ciudadanía,2026-01-25T00:00:00.000,2026-01-26T00:00:00.000,2026-12-31T00:00:00.000,53104800,0,No,En ejecución,Distribuido,Funcionamiento,https://community.secop.gov.co/Public/Tendering/OpportunityDetail/Index?noticeUID=CO1.NTC.9760499&isFromPublicArea=True&isModal=true&asPopupView=true,CO1.BDOS.9738692,individual_professional_ai,False,False,0.91
CO1.PCCNTR.9245415,IEMP,Nacional,No aplica/No pertenece,Distrito Capital de Bogotá,Prestación de servicios,Contratación directa,Cédula de Ciudadanía,2026-01-30T00:00:00.000,2026-02-02T00:00:00.000,2026-06-30T00:00:00.000,30000000,0,No,Cerrado,Distribuido,Funcionamiento,https://community.secop.gov.co/Public/Tendering/OpportunityDetail/Index?noticeUID=CO1.NTC.9877447&isFromPublicArea=True&isModal=true&asPopupView=true,CO1.BDOS.9855848,individual_professional_ai,False,False,0.96
CO1.PCCNTR.9184811,AGENCIA NACIONAL DE DEFENSA JURÍDICA DEL ESTADO,Nacional,Ley de Justicia,Distrito Capital de Bogotá,Prestación de servicios,Contratación directa,Cédula de Ciudadanía,2026-01-28T00:00:00.000,2026-02-02T00:00:00.000,2026-08-01T00:00:00.000,60000000,0,No,En ejecución,Distribuido,Funcionamiento,https://community.secop.gov.co/Public/Tendering/OpportunityDetail/Index?noticeUID=CO1.NTC.9816779&isFromPublicArea=True&isModal=true&asPopupView=true,CO1.BDOS.9797773,individual_professional_ai,False,False,0.96
CO1.PCCNTR.6916180,GOBERNACIÓN DEL CAUCA,Territorial,Servicio Público,Cauca,Consultoría,Mínima cuantía,NIT,2024-10-18T00:00:00.000,2024-10-18T00:00:00.000,2024-12-15T00:00:00.000,130000000,0,No,Modificado,Distribuido,Inversión,https://community.secop.gov.co/Public/Tendering/OpportunityDetail/Index?noticeUID=CO1.NTC.6877907&isFromPublicArea=True&isModal=true&asPopupView=true,CO1.BDOS.6846861,incidental,False,False,0.97
CO1.PCCNTR.8581036,ADRES,Nacional,Salud y Protección Social,Distrito Capital de Bogotá,Otro,Contratación Directa (con ofertas),NIT,2025-11-13T00:00:00.000,2025-11-18T00:00:00.000,2026-12-17T00:00:00.000,10535000000,122,No,Modificado,Recursos Propios,Funcionamiento,https://community.secop.gov.co/Public/Tendering/OpportunityDetail/Index?noticeUID=CO1.NTC.9103880&isFromPublicArea=True&isModal=true&asPopupView=true,CO1.BDOS.9078184,ai_development_service,False,False,0.98
CO1.PCCNTR.7937022,MINISTERIO DE JUSTICIA Y DEL DERECHO.,Nacional,Ley de Justicia,Distrito Capital de Bogotá,Prestación de servicios,Selección Abreviada de Menor Cuantía,NIT,2025-06-05T00:00:00.000,2025-06-10T00:00:00.000,2025-11-30T00:00:00.000,116982237,0,No,En ejecución,Distribuido,Inversión,https://community.secop.gov.co/Public/Tendering/OpportunityDetail/Index?noticeUID=CO1.NTC.8138721&isFromPublicArea=True&isModal=true&asPopupView=true,CO1.BDOS.7964929,incidental,False,False,0.94
CO1.PCCNTR.6403940,FONDO UNICO DE TECNOLOGÍAS DE LA INFORMACIÓN Y LAS COMUNICACIONES,Nacional,Tecnologías de la Información y las Comunicaciones,Distrito Capital de Bogotá,Prestación de servicios,Contratación directa,Cédula de Ciudadanía,2024-06-05T00:00:00.000,2024-06-05T00:00:00.000,2024-12-31T00:00:00.000,91962500,0,No,terminado,Distribuido,Inversión,https://community.secop.gov.co/Public/Tendering/OpportunityDetail/Index?noticeUID=CO1.NTC.6225993&isFromPublicArea=True&isModal=true&asPopupView=true,CO1.BDOS.6217309,incidental,False,False,0.96
CO1.PCCNTR.9771849,INSTITUTO COLOMBIANO AGROPECUARIO - ICA,Nacional,agricultura,Distrito Capital de Bogotá,Prestación de servicios,Contratación directa,Cédula de Ciudadanía,2026-08-06T00:00:00.000,2026-09-09T00:00:00.000,2026-12-31T00:00:00.000,39466667,0,No,En ejecución,Distribuido,Inversión,https://community.secop.gov.co/Public/Tendering/OpportunityDetail/Index?noticeUID=CO1.NTC.10656946&isFromPublicArea=True&isModal=true&asPopupView=true,CO1.BDOS.10613194,individual_professional_ai,False,False,0.93
CO1.PCCNTR.5765687,MINCIENCIAS,Nacional,Ciencia Tecnología,Distrito Capital de Bogotá,Prestación de servicios,Contratación directa,Cédula de Ciudadanía,2024-01-18T00:00:00.000,2024-01-19T00:00:00.000,2024-07-18T00:00:00.000,41400000,0,No,Cerrado,Distribuido,Inversión,https://community.secop.gov.co/Public/Tendering/OpportunityDetail/Index?noticeUID=CO1.NTC.5463272&isFromPublicArea=True&isModal=true&asPopupView=true,CO1.BDOS.5453361,individual_professional_ai,False,False,0.88
CO1.PCCNTR.8226219,PROCURADURIA GENERAL DE LA NACION,Nacional,No aplica/No pertenece,Distrito Capital de Bogotá,Prestación de servicios,Contratación directa,Cédula de Ciudadanía,2025-08-25T00:00:00.000,2025-08-28T00:00:00.000,2025-12-30T00:00:00.000,33066666,0,No,Cerrado,Distribuido,Inversión,https://community.secop.gov.co/Public/Tendering/OpportunityDetail/Index?noticeUID=CO1.NTC.8642461&isFromPublicArea=True&isModal=true&asPopupView=true,CO1.BDOS.8612109,individual_professional_ai,False,False,0.98
CO1.PCCNTR.8284213,EMPRESA INDUSTRIAL Y COMERCIAL DEL ESTADO ADMINISTRADORA DEL MONOPOLIO RENTISTICO DE LOS JUEGOS DE SUERTE Y AZAR,Nacional,Hacienda y Crédito Público,Distrito Capital de Bogotá,Decreto 092 de 2017,Contratación régimen especial,Cédula de Ciudadanía,2025-09-04T00:00:00.000,2025-09-04T00:00:00.000,2025-12-30T00:00:00.000,11154000,0,No,Modificado,Recursos Propios,Funcionamiento,https://community.secop.gov.co/Public/Tendering/OpportunityDetail/Index?noticeUID=CO1.NTC.8723296&isFromPublicArea=True&isModal=true&asPopupView=true,CO1.BDOS.8697188,individual_professional_ai,False,False,0.94
CO1.PCCNTR.5570361,FONDO UNICO DE TECNOLOGÍAS DE LA INFORMACIÓN Y LAS COMUNICACIONES,Nacional,Tecnologías de la Información y las Comunicaciones,Distrito Capital de Bogotá,Prestación de servicios,Contratación directa,NIT,2023-11-21T00:00:00.000,2023-11-23T00:00:00.000,2023-12-31T00:00:00.000,29675625,0,No,En ejecución,Distribuido,Inversión,https://community.secop.gov.co/Public/Tendering/OpportunityDetail/Index?noticeUID=CO1.NTC.5204970&isFromPublicArea=True&isModal=true&asPopupView=true,CO1.BDOS.5193722,unclear,False,False,0.88
CO1.PCCNTR.9725940,JEP,Nacional,No aplica/No pertenece,Distrito Capital de Bogotá,Prestación de servicios,Contratación régimen especial,Cédula de Ciudadanía,2026-07-30T00:00:00.000,2026-08-05T00:00:00.000,2026-12-31T00:00:00.000,53420913,0,No,En ejecución,Distribuido,Inversión,https://community.secop.gov.co/Public/Tendering/OpportunityDetail/Index?noticeUID=CO1.NTC.10594476&isFromPublicArea=True&isModal=true&asPopupView=true,CO1.BDOS.10557331,individual_professional_ai,False,False,0.88
CO1.PCCNTR.8536420,SUBRED INTEGRADA DE SERVICIOS DE SALUD SUR E.S.E.**,Territorial,Salud y Protección Social,Distrito Capital de Bogotá,Prestación de servicios,Contratación régimen especial,Cédula de Ciudadanía,2025-11-04T00:00:00.000,2025-11-04T00:00:00.000,2025-12-31T00:00:00.000,11745400,0,No,En ejecución,Distribuido,Funcionamiento,https://community.secop.gov.co/Public/Tendering/OpportunityDetail/Index?noticeUID=CO1.NTC.9055926&isFromPublicArea=True&isModal=true&asPopupView=true,CO1.BDOS.9031438,individual_professional_ai,False,False,0.96
CO1.PCCNTR.9918605,UNIDAD ADMINISTRATIVA ESPECIAL DE CIENCIA TECNOLOGÍA E INNOVACIÓN DE TUNJA,Territorial,Ciencia Tecnología,Boyacá,Otro,Contratación directa,NIT,2026-09-08T00:00:00.000,2026-10-15T00:00:00.000,2026-12-14T00:00:00.000,49000000,0,No,En ejecución,Distribuido,Inversión,https://community.secop.gov.co/Public/Tendering/OpportunityDetail/Index?noticeUID=CO1.NTC.10857849&isFromPublicArea=True&isModal=true&asPopupView=true,CO1.BDOS.10818385,incidental,False,False,0.99
CO1.PCCNTR.9857417,SENA REGIONAL SANTANDER Grupo de Apoyo Administrativo Mixto,Nacional,Trabajo,Santander,Prestación de servicios,Contratación directa,Cédula de Ciudadanía,2026-08-26T00:00:00.000,2026-08-26T00:00:00.000,2026-12-12T00:00:00.000,21829068,0,No,En ejecución,Distribuido,Inversión,https://community.secop.gov.co/Public/Tendering/OpportunityDetail/Index?noticeUID=CO1.NTC.10771990&isFromPublicArea=True&isModal=true&asPopupView=true,CO1.BDOS.10734901,individual_professional_ai,False,False,0.83
CO1.PCCNTR.7892042,SENA REGIONAL ATLANTICO Intercentros,Nacional,Transporte,Atlántico,Prestación de servicios,Contratación directa,Cédula de Ciudadanía,2025-05-19T00:00:00.000,2025-05-19T00:00:00.000,2025-12-18T00:00:00.000,19268683,0,Si,terminado,Recursos Propios,Inversión,https://community.secop.gov.co/Public/Tendering/OpportunityDetail/Index?noticeUID=CO1.NTC.8157458&isFromPublicArea=True&isModal=true&asPopupView=true,CO1.BDOS.8136371,individual_professional_ai,False,False,0.91
CO1.PCCNTR.8581226,SECRETARÍA GENERAL DE LA ALCALDÍA MAYOR DE BOGOTÁ,Territorial,Servicio Público,Distrito Capital de Bogotá,Otro,Contratación Directa (con ofertas),NIT,2025-11-14T00:00:00.000,2025-11-20T00:00:00.000,2026-07-19T00:00:00.000,320000000,0,No,En ejecución,Distribuido,Inversión,https://community.secop.gov.co/Public/Tendering/OpportunityDetail/Index?noticeUID=CO1.NTC.9110206&isFromPublicArea=True&isModal=true&asPopupView=true,CO1.BDOS.9084558,ai_product_or_platform,False,False,0.94
CO1.PCCNTR.8266732,MUNICIPIO DE RAMIRIQUI,Territorial,Servicio Público,Boyacá,Prestación de servicios,Mínima cuantía,NIT,2025-09-02T00:00:00.000,2025-09-08T00:00:00.000,2025-11-07T00:00:00.000,1799994,0,No,En ejecución,Distribuido,Inversión,https://community.secop.gov.co/Public/Tendering/OpportunityDetail/Index?noticeUID=CO1.NTC.8670975&isFromPublicArea=True&isModal=true&asPopupView=true,CO1.BDOS.8648903,incidental,False,False,0.99
CO1.PCCNTR.6359105,GOBERNACIÓN DEL CAUCA,Territorial,Servicio Público,Cauca,Prestación de servicios,Contratación directa,Cédula de Ciudadanía,2024-05-29T00:00:00.000,2024-06-04T00:00:00.000,2024-10-04T00:00:00.000,16800000,0,No,Cerrado,Distribuido,Inversión,https://community.secop.gov.co/Public/Tendering/OpportunityDetail/Index?noticeUID=CO1.NTC.6166864&isFromPublicArea=True&isModal=true&asPopupView=true,CO1.BDOS.5747866,individual_professional_ai,False,False,0.76
CO1.PCCNTR.7903483,SENA REGIONAL ATLANTICO Intercentros,Nacional,Transporte,Atlántico,Prestación de servicios,Contratación directa,Cédula de Ciudadanía,2025-05-23T00:00:00.000,2025-05-23T00:00:00.000,2025-12-27T00:00:00.000,30240000,0,Si,En ejecución,Recursos Propios,Inversión,https://community.secop.gov.co/Public/Tendering/OpportunityDetail/Index?noticeUID=CO1.NTC.8175816&isFromPublicArea=True&isModal=true&asPopupView=true,CO1.BDOS.8155573,individual_professional_ai,False,False,0.96
CO1.PCCNTR.7423901,ADRES,Nacional,Salud y Protección Social,Distrito Capital de Bogotá,Prestación de servicios,Contratación directa,Cédula de Ciudadanía,2025-02-06T00:00:00.000,2025-02-07T00:00:00.000,2025-12-31T00:00:00.000,62164800,0,No,Cerrado,Recursos Propios,Funcionamiento,https://community.secop.gov.co/Public/Tendering/OpportunityDetail/Index?noticeUID=CO1.NTC.7554066&isFromPublicArea=True&isModal=true&asPopupView=true,CO1.BDOS.7540714,individual_professional_ai,False,False,0.72
CO1.PCCNTR.8797043,Institución Universitaria Pascual Bravo COMPRADOR,Nacional,Educación Nacional,Antioquia,Prestación de servicios,Contratación directa,NIT,2026-01-09T00:00:00.000,2026-01-15T00:00:00.000,2026-09-30T00:00:00.000,28342710,77,No,Modificado,Recursos Propios,Inversión,https://community.secop.gov.co/Public/Tendering/OpportunityDetail/Index?noticeUID=CO1.NTC.9424090&isFromPublicArea=True&isModal=true&asPopupView=true,CO1.BDOS.9409510,ai_product_or_platform,False,True,0.87
CO1.PCCNTR.8403175,DEPARTAMENTO DE CUNDINAMARCA -SECRETARIA DE GOBIERNO,Territorial,No aplica/No pertenece,Distrito Capital de Bogotá,Prestación de servicios,Contratación directa,Cédula de Ciudadanía,2025-10-02T00:00:00.000,2025-10-10T00:00:00.000,2025-12-22T00:00:00.000,27256000,0,No,Cerrado,Distribuido,Inversión,https://community.secop.gov.co/Public/Tendering/OpportunityDetail/Index?noticeUID=CO1.NTC.8878853&isFromPublicArea=True&isModal=true&asPopupView=true,CO1.BDOS.8853715,individual_professional_ai,False,False,0.91
CO1.PCCNTR.9189020,MUNICIPIO DE ALGARROBO,Territorial,Servicio Público,Magdalena,Prestación de servicios,Contratación directa,Cédula de Ciudadanía,2026-01-28T00:00:00.000,2026-01-28T00:00:00.000,2026-07-27T00:00:00.000,22800000,0,No,En ejecución,Distribuido,Inversión,https://community.secop.gov.co/Public/Tendering/OpportunityDetail/Index?noticeUID=CO1.NTC.9821296&isFromPublicArea=True&isModal=true&asPopupView=true,CO1.BDOS.9802085,individual_professional_ai,False,False,0.94
CO1.PCCNTR.8517066,JEP,Nacional,No aplica/No pertenece,Distrito Capital de Bogotá,Prestación de servicios,Contratación régimen especial,Cédula de Ciudadanía,2025-11-05T00:00:00.000,2025-11-06T00:00:00.000,2026-07-31T00:00:00.000,95368898,0,No,En ejecución,Distribuido,Inversión,https://community.secop.gov.co/Public/Tendering/OpportunityDetail/Index?noticeUID=CO1.NTC.9031281&isFromPublicArea=True&isModal=true&asPopupView=true,CO1.BDOS.9007948,individual_professional_ai,False,False,0.91
CO1.PCCNTR.9825283,LICEOS DEL  EJERCITO,Nacional,defensa,Distrito Capital de Bogotá,Prestación de servicios,Mínima cuantía,NIT,2026-08-18T00:00:00.000,2026-08-25T00:00:00.000,2026-10-30T00:00:00.000,156239492,0,No,En ejecución,Distribuido,Funcionamiento,https://community.secop.gov.co/Public/Tendering/OpportunityDetail/Index?noticeUID=CO1.NTC.10560140&isFromPublicArea=True&isModal=true&asPopupView=true,CO1.BDOS.10521025,incidental,False,False,0.93
CO1.PCCNTR.9055529,INSTITUCIÓN UNIVERSITARIA ITM,Nacional,Educación Nacional,Antioquia,Prestación de servicios,Contratación directa,Cédula de Ciudadanía,2026-01-22T00:00:00.000,2026-01-22T00:00:00.000,2026-04-17T00:00:00.000,7125000,29,Si,Modificado,Recursos Propios,Inversión,https://community.secop.gov.co/Public/Tendering/OpportunityDetail/Index?noticeUID=CO1.NTC.9689943&isFromPublicArea=True&isModal=true&asPopupView=true,CO1.BDOS.9675570,incidental,False,False,0.96
CO1.PCCNTR.9249490,DEPARTAMENTO DEL ATLANTICO**,Territorial,Servicio Público,Atlántico,Prestación de servicios,Contratación directa,NIT,2026-01-30T00:00:00.000,2026-02-23T00:00:00.000,2026-12-31T00:00:00.000,126000000,0,No,Modificado,Distribuido,Inversión,https://community.secop.gov.co/Public/Tendering/OpportunityDetail/Index?noticeUID=CO1.NTC.9882434&isFromPublicArea=True&isModal=true&asPopupView=true,CO1.BDOS.9858008,ai_product_or_platform,True,False,0.86
CO1.PCCNTR.9069023,JEP,Nacional,No aplica/No pertenece,Distrito Capital de Bogotá,Prestación de servicios,Contratación régimen especial,Cédula de Ciudadanía,2026-01-28T00:00:00.000,2026-02-05T00:00:00.000,2026-12-31T00:00:00.000,122975700,0,No,terminado,Distribuido,Inversión,https://community.secop.gov.co/Public/Tendering/OpportunityDetail/Index?noticeUID=CO1.NTC.9703927&isFromPublicArea=True&isModal=true&asPopupView=true,CO1.BDOS.9689186,individual_professional_ai,False,False,0.86
CO1.PCCNTR.7280120,JEP,Nacional,No aplica/No pertenece,Distrito Capital de Bogotá,Prestación de servicios,Contratación régimen especial,Cédula de Ciudadanía,2025-01-22T00:00:00.000,2025-01-23T00:00:00.000,2025-12-31T00:00:00.000,198710866,31,No,Modificado,Distribuido,Inversión,https://community.secop.gov.co/Public/Tendering/OpportunityDetail/Index?noticeUID=CO1.NTC.7388441&isFromPublicArea=True&isModal=true&asPopupView=true,CO1.BDOS.7372860,individual_professional_ai,False,False,0.91
CO1.PCCNTR.8854090,DEPARTAMENTO ADMINISTRATIVO NACIONAL DE ESTADISTICA (DANE),Nacional,Información Estadística,Distrito Capital de Bogotá,Prestación de servicios,Contratación directa,Cédula de Ciudadanía,2026-01-13T00:00:00.000,2026-01-15T00:00:00.000,2026-10-29T00:00:00.000,104500000,8,No,Modificado,Distribuido,Inversión,https://community.secop.gov.co/Public/Tendering/OpportunityDetail/Index?noticeUID=CO1.NTC.9484607&isFromPublicArea=True&isModal=true&asPopupView=true,CO1.BDOS.9348843,individual_professional_ai,False,False,0.97
CO1.PCCNTR.9893176,DISTRITO ESPECIAL INDUSTRIAL Y PORTUARIO DE BARRANQUILLA,Territorial,Servicio Público,Atlántico,Decreto 092 de 2017,Contratación régimen especial (con ofertas),NIT,2026-09-03T00:00:00.000,2026-09-09T00:00:00.000,2026-12-15T00:00:00.000,2428571429,0,No,En ejecución,Distribuido,Inversión,https://community.secop.gov.co/Public/Tendering/OpportunityDetail/Index?noticeUID=CO1.NTC.10809216&isFromPublicArea=True&isModal=true&asPopupView=true,CO1.BDOS.10770039,incidental,False,False,0.89
CO1.PCCNTR.8150704,DEPARTAMENTO ADMINISTRATIVO DE LA FUNCIÓN PÚBLICA ENTIDAD,Nacional,Servicio Público,Distrito Capital de Bogotá,Prestación de servicios,Contratación directa,Cédula de Ciudadanía,2025-08-01T00:00:00.000,2025-08-04T00:00:00.000,2025-12-12T00:00:00.000,45760000,0,No,Cerrado,Distribuido,Inversión,https://community.secop.gov.co/Public/Tendering/OpportunityDetail/Index?noticeUID=CO1.NTC.8534983&isFromPublicArea=True&isModal=true&asPopupView=true,CO1.BDOS.8512955,individual_professional_ai,False,False,0.97
CO1.PCCNTR.5328036,SERVICIO GEOLOGICO COLOMBIANO**,Nacional,Minas y Energía,Distrito Capital de Bogotá,Prestación de servicios,Contratación directa,Cédula de Ciudadanía,2023-08-25T00:00:00.000,2023-09-01T00:00:00.000,2024-01-15T00:00:00.000,26748000,16,No,Modificado,Distribuido,Funcionamiento,https://community.secop.gov.co/Public/Tendering/OpportunityDetail/Index?noticeUID=CO1.NTC.4883020&isFromPublicArea=True&isModal=true&asPopupView=true,CO1.BDOS.4873609,individual_professional_ai,False,False,0.98
CO1.PCCNTR.8341174,INSTITUCIÓN UNIVERSITARIA ITM,Nacional,Educación Nacional,Antioquia,Prestación de servicios,Contratación directa,Cédula de Ciudadanía,2025-09-19T00:00:00.000,2025-09-19T00:00:00.000,2025-10-31T00:00:00.000,6155880,0,No,En ejecución,Recursos Propios,Funcionamiento,https://community.secop.gov.co/Public/Tendering/OpportunityDetail/Index?noticeUID=CO1.NTC.8801577&isFromPublicArea=True&isModal=true&asPopupView=true,CO1.BDOS.8777506,individual_professional_ai,False,False,0.94
CO1.PCCNTR.8121227,RUTA N MEDELLIN,Territorial,Ciencia Tecnología,Antioquia,Prestación de servicios,Contratación régimen especial,NIT,2025-07-24T00:00:00.000,2025-07-30T00:00:00.000,2026-06-30T00:00:00.000,932148875,197,Si,Modificado,Distribuido,Funcionamiento,https://community.secop.gov.co/Public/Tendering/OpportunityDetail/Index?noticeUID=CO1.NTC.8489861&isFromPublicArea=True&isModal=true&asPopupView=true,CO1.BDOS.8468543,ai_development_service,False,True,0.91
CO1.PCCNTR.8188293,DIRECCION DISTRITAL DE LIQUIDACIONES,Territorial,Servicio Público,Atlántico,Prestación de servicios,Contratación directa,NIT,2025-08-13T00:00:00.000,2025-08-13T00:00:00.000,2025-09-15T00:00:00.000,53550000,0,Si,En ejecución,Distribuido,Funcionamiento,https://community.secop.gov.co/Public/Tendering/OpportunityDetail/Index?noticeUID=CO1.NTC.8589769&isFromPublicArea=True&isModal=true&asPopupView=true,CO1.BDOS.8566936,incidental,False,False,0.98
CO1.PCCNTR.6048987,GOBERNACION DEL CASANARE,Territorial,No aplica/No pertenece,Casanare,Prestación de servicios,Contratación directa,Cédula de Ciudadanía,2024-03-06T00:00:00.000,2024-03-11T00:00:00.000,2024-07-10T00:00:00.000,13119320,0,No,Cerrado,Distribuido,Inversión,https://community.secop.gov.co/Public/Tendering/OpportunityDetail/Index?noticeUID=CO1.NTC.5781061&isFromPublicArea=True&isModal=true&asPopupView=true,CO1.BDOS.5773825,individual_professional_ai,False,False,0.88
CO1.PCCNTR.8043401,ALCALDIA DE GIRARDOTA,Territorial,No aplica/No pertenece,Antioquia,Otro,Contratación Directa (con ofertas),NIT,2025-07-08T00:00:00.000,2025-07-09T00:00:00.000,2025-10-09T00:00:00.000,29584088,0,Si,En ejecución,Distribuido,Inversión,https://community.secop.gov.co/Public/Tendering/OpportunityDetail/Index?noticeUID=CO1.NTC.8371140&isFromPublicArea=True&isModal=true&asPopupView=true,CO1.BDOS.8349097,unclear,False,False,0.95
CO1.PCCNTR.6601004,GOBERNACIÓN DEL CAUCA,Territorial,Servicio Público,Cauca,Prestación de servicios,Contratación directa,Cédula de Ciudadanía,2024-08-12T00:00:00.000,2024-08-13T00:00:00.000,2024-12-26T00:00:00.000,14000000,0,No,Cerrado,Distribuido,Inversión,https://community.secop.gov.co/Public/Tendering/OpportunityDetail/Index?noticeUID=CO1.NTC.6490908&isFromPublicArea=True&isModal=true&asPopupView=true,CO1.BDOS.6371609,individual_professional_ai,False,False,0.72
CO1.PCCNTR.8510222,MUNICIPIO DE DUITAMA,Territorial,Servicio Público,Boyacá,Prestación de servicios,Mínima cuantía,NIT,2025-10-29T00:00:00.000,2025-10-31T00:00:00.000,2025-11-28T00:00:00.000,49984000,0,No,En ejecución,Distribuido,Inversión,https://community.secop.gov.co/Public/Tendering/OpportunityDetail/Index?noticeUID=CO1.NTC.8958994&isFromPublicArea=True&isModal=true&asPopupView=true,CO1.BDOS.8933408,ai_development_service,False,True,0.68
CO1.PCCNTR.6594110,FONDO UNICO DE TECNOLOGÍAS DE LA INFORMACIÓN Y LAS COMUNICACIONES,Nacional,Tecnologías de la Información y las Comunicaciones,Distrito Capital de Bogotá,Otro,Contratación directa,NIT,2024-08-01T00:00:00.000,2024-08-12T00:00:00.000,2026-12-31T00:00:00.000,56491384890,0,No,Modificado,Distribuido,Inversión,https://community.secop.gov.co/Public/Tendering/OpportunityDetail/Index?noticeUID=CO1.NTC.6482253&isFromPublicArea=True&isModal=true&asPopupView=true,CO1.BDOS.6465690,incidental,False,False,0.96
CO1.PCCNTR.9191400,FISCALÍA GENERAL DE LA NACIÓN NIVEL CENTRAL.,Nacional,Ley de Justicia,Distrito Capital de Bogotá,Prestación de servicios,Contratación directa,Cédula de Ciudadanía,2026-01-27T00:00:00.000,2026-01-28T00:00:00.000,2026-12-31T00:00:00.000,155616935.83,0,No,En ejecución,Distribuido,Funcionamiento,https://community.secop.gov.co/Public/Tendering/OpportunityDetail/Index?noticeUID=CO1.NTC.9824324&isFromPublicArea=True&isModal=true&asPopupView=true,CO1.BDOS.9714399,individual_professional_ai,False,False,0.98
CO1.PCCNTR.9765888,COMISIÓN NACIONAL DEL SERVICIO CIVIL,Nacional,No aplica/No pertenece,Distrito Capital de Bogotá,Prestación de servicios,Contratación directa,Cédula de Ciudadanía,2026-08-05T00:00:00.000,2026-08-06T00:00:00.000,2026-12-31T00:00:00.000,23568430,0,Si,En ejecución,Recursos Propios,Inversión,https://community.secop.gov.co/Public/Tendering/OpportunityDetail/Index?noticeUID=CO1.NTC.10648741&isFromPublicArea=True&isModal=true&asPopupView=true,CO1.BDOS.10607291,individual_professional_ai,False,False,0.94
CO1.PCCNTR.6385088,SENA REGIONAL DISTRITO CAPITAL Grupo Administrativo Intercentros CGMLTI,Nacional,Trabajo,Distrito Capital de Bogotá,Prestación de servicios,Contratación directa,Cédula de Ciudadanía,2024-05-30T00:00:00.000,2024-05-30T00:00:00.000,2024-12-30T00:00:00.000,32754000,0,No,Cerrado,Distribuido,Inversión,https://community.secop.gov.co/Public/Tendering/OpportunityDetail/Index?noticeUID=CO1.NTC.6202916&isFromPublicArea=True&isModal=true&asPopupView=true,CO1.BDOS.6192552,individual_professional_ai,False,False,0.98
CO1.PCCNTR.6455023,ESAP TERRITORIAL ANTIOQUIA,Nacional,Educación Nacional,Antioquia,Prestación de servicios,Contratación directa,Cédula de Ciudadanía,2024-06-21T00:00:00.000,2024-06-22T00:00:00.000,2024-11-30T00:00:00.000,6000000,0,No,Cerrado,Recursos Propios,Inversión,https://community.secop.gov.co/Public/Tendering/OpportunityDetail/Index?noticeUID=CO1.NTC.6297293&isFromPublicArea=True&isModal=true&asPopupView=true,CO1.BDOS.6287555,individual_professional_ai,False,False,0.91
CO1.PCCNTR.6720414,"AGENCIA DISTRITAL PARA LA EDUCACIÓN SUPERIOR, LA CIENCIA Y LA TECNOLOGÍA, ATENEA",Territorial,Educación Nacional,Distrito Capital de Bogotá,Prestación de servicios,Contratación directa,NIT,2024-09-04T00:00:00.000,2024-09-05T00:00:00.000,2025-02-04T00:00:00.000,132268500,0,No,terminado,Recursos Propios,Inversión,https://community.secop.gov.co/Public/Tendering/OpportunityDetail/Index?noticeUID=CO1.NTC.6652278&isFromPublicArea=True&isModal=true&asPopupView=true,CO1.BDOS.6624585,unclear,False,False,0.79
CO1.PCCNTR.8899826,FONDO NACIONAL AMBIENTAL - ANLA,Nacional,Ambiente y Desarrollo Sostenible,Distrito Capital de Bogotá,Prestación de servicios,Contratación directa,Cédula de Ciudadanía,2026-01-15T00:00:00.000,2026-01-15T00:00:00.000,2026-12-31T00:00:00.000,48915300,0,No,En ejecución,Recursos Propios,Funcionamiento,https://community.secop.gov.co/Public/Tendering/OpportunityDetail/Index?noticeUID=CO1.NTC.9532532&isFromPublicArea=True&isModal=true&asPopupView=true,CO1.BDOS.9518656,individual_professional_ai,False,False,0.78
CO1.PCCNTR.9162209,FISCALÍA GENERAL DE LA NACIÓN NIVEL CENTRAL.,Nacional,Ley de Justicia,Distrito Capital de Bogotá,Prestación de servicios,Contratación directa,Cédula de Ciudadanía,2026-01-27T00:00:00.000,2026-01-27T00:00:00.000,2026-12-31T00:00:00.000,155616935.83,0,No,cedido,Distribuido,Funcionamiento,https://community.secop.gov.co/Public/Tendering/OpportunityDetail/Index?noticeUID=CO1.NTC.9786945&isFromPublicArea=True&isModal=true&asPopupView=true,CO1.BDOS.9688689,individual_professional_ai,False,False,0.91
CO1.PCCNTR.9562287,E.S.E HOSPITAL UNIVERSITARIO DE SANTANDER,Territorial,Salud y Protección Social,Santander,Decreto 092 de 2017,Contratación régimen especial,NIT,2026-06-12T00:00:00.000,2026-06-17T00:00:00.000,2026-12-31T00:00:00.000,76000000,0,No,En ejecución,Recursos Propios,Funcionamiento,https://community.secop.gov.co/Public/Tendering/OpportunityDetail/Index?noticeUID=CO1.NTC.10370365&isFromPublicArea=True&isModal=true&asPopupView=true,CO1.BDOS.10333558,ai_product_or_platform,False,True,0.89
CO1.PCCNTR.5119287,SENA REGIONAL DISTRITO CAPITAL Grupo Administrativo Intercentros CEET,Nacional,Trabajo,Distrito Capital de Bogotá,Compraventa,Contratación Directa (con ofertas),NIT,2023-06-23T00:00:00.000,2023-07-11T00:00:00.000,2023-12-15T00:00:00.000,452605970,0,Si,terminado,Distribuido,Inversión,https://community.secop.gov.co/Public/Tendering/OpportunityDetail/Index?noticeUID=CO1.NTC.4583459&isFromPublicArea=True&isModal=true&asPopupView=true,CO1.BDOS.4572303,incidental,False,False,0.91
CO1.PCCNTR.8355862,ALCALDIA MUNICIPAL FUSAGASUGA,Territorial,No aplica/No pertenece,Cundinamarca,Prestación de servicios,Contratación directa,Cédula de Ciudadanía,2025-09-23T00:00:00.000,2025-09-25T00:00:00.000,2025-11-22T00:00:00.000,6000000,0,No,Cerrado,Distribuido,Inversión,https://community.secop.gov.co/Public/Tendering/OpportunityDetail/Index?noticeUID=CO1.NTC.8820249&isFromPublicArea=True&isModal=true&asPopupView=true,CO1.BDOS.8784809,individual_professional_ai,False,False,0.87
CO1.PCCNTR.6191584,CENTRAL ADMINISTRATIVA Y CONTABLE ESPECIALIZADA INTELIGENCIA,Nacional,defensa,Cundinamarca,Prestación de servicios,Mínima cuantía,NIT,2024-04-12T00:00:00.000,2024-04-16T00:00:00.000,2024-07-15T00:00:00.000,27140000,0,No,terminado,Distribuido,Inversión,https://community.secop.gov.co/Public/Tendering/OpportunityDetail/Index?noticeUID=CO1.NTC.5841164&isFromPublicArea=True&isModal=true&asPopupView=true,CO1.BDOS.5829297,incidental,False,False,0.98
CO1.PCCNTR.9715062,MINISTERIO DE JUSTICIA Y DEL DERECHO.,Nacional,Ley de Justicia,Distrito Capital de Bogotá,Prestación de servicios,Selección Abreviada de Menor Cuantía,NIT,2026-07-31T00:00:00.000,2026-08-06T00:00:00.000,2026-11-30T00:00:00.000,117801746.12,0,No,En ejecución,Distribuido,Inversión,https://community.secop.gov.co/Public/Tendering/OpportunityDetail/Index?noticeUID=CO1.NTC.10446085&isFromPublicArea=True&isModal=true&asPopupView=true,CO1.BDOS.10337031,incidental,False,False,0.92
CO1.PCCNTR.8953186,MINISTERIO DE JUSTICIA Y DEL DERECHO.,Nacional,Ley de Justicia,Distrito Capital de Bogotá,Prestación de servicios,Contratación directa,Cédula de Ciudadanía,2026-01-17T00:00:00.000,2026-01-19T00:00:00.000,2026-12-31T00:00:00.000,72870168,104,No,Modificado,Distribuido,Inversión,https://community.secop.gov.co/Public/Tendering/OpportunityDetail/Index?noticeUID=CO1.NTC.9586366&isFromPublicArea=True&isModal=true&asPopupView=true,CO1.BDOS.9492098,individual_professional_ai,False,False,0.98
CO1.PCCNTR.8631577,FONDO UNICO DE TECNOLOGÍAS DE LA INFORMACIÓN Y LAS COMUNICACIONES,Nacional,Tecnologías de la Información y las Comunicaciones,Distrito Capital de Bogotá,Otro,Contratación directa,NIT,2025-11-26T00:00:00.000,2025-12-11T00:00:00.000,2026-10-31T00:00:00.000,2899046507.82,92,No,Modificado,Distribuido,Funcionamiento,https://community.secop.gov.co/Public/Tendering/OpportunityDetail/Index?noticeUID=CO1.NTC.9185398&isFromPublicArea=True&isModal=true&asPopupView=true,CO1.BDOS.9160158,unclear,False,False,0.72
CO1.PCCNTR.7309825,JEP,Nacional,No aplica/No pertenece,Distrito Capital de Bogotá,Prestación de servicios,Contratación régimen especial,Cédula de Ciudadanía,2025-01-24T00:00:00.000,2025-01-28T00:00:00.000,2025-12-31T00:00:00.000,119748939,31,No,Modificado,Distribuido,Inversión,https://community.secop.gov.co/Public/Tendering/OpportunityDetail/Index?noticeUID=CO1.NTC.7424326&isFromPublicArea=True&isModal=true&asPopupView=true,CO1.BDOS.7409616,individual_professional_ai,False,False,0.87
CO1.PCCNTR.7209732,JEP,Nacional,No aplica/No pertenece,Distrito Capital de Bogotá,Prestación de servicios,Contratación régimen especial,Cédula de Ciudadanía,2025-01-09T00:00:00.000,2025-01-10T00:00:00.000,2025-11-04T00:00:00.000,106124791,0,Si,Modificado,Distribuido,Inversión,https://community.secop.gov.co/Public/Tendering/OpportunityDetail/Index?noticeUID=CO1.NTC.7299548&isFromPublicArea=True&isModal=true&asPopupView=true,CO1.BDOS.7282055,individual_professional_ai,False,False,0.96
CO1.PCCNTR.9792828,EMPRESAS PÚBLICAS DE CUNDINAMARCA S.A. E.S.P.,Territorial,"Vivienda, Ciudad y Territorio",Distrito Capital de Bogotá,Prestación de servicios,Contratación régimen especial,NIT,2026-08-11T00:00:00.000,2026-08-12T00:00:00.000,2026-12-31T00:00:00.000,50000000,0,No,En ejecución,Recursos Propios,Funcionamiento,https://community.secop.gov.co/Public/Tendering/OpportunityDetail/Index?noticeUID=CO1.NTC.10685509&isFromPublicArea=True&isModal=true&asPopupView=true,CO1.BDOS.10647561,ai_development_service,False,False,0.84
CO1.PCCNTR.4391708,ICBF SEDE NACIONAL,Nacional,Inclusión Social y Reconciliación,Distrito Capital de Bogotá,Prestación de servicios,Contratación directa,Cédula de Ciudadanía,2023-01-12T00:00:00.000,2023-01-12T00:00:00.000,2023-12-31T00:00:00.000,164661000,0,No,Cerrado,Distribuido,Inversión,https://community.secop.gov.co/Public/Tendering/OpportunityDetail/Index?noticeUID=CO1.NTC.3742162&isFromPublicArea=True&isModal=true&asPopupView=true,CO1.BDOS.3738301,individual_professional_ai,False,False,0.99
CO1.PCCNTR.9719175,PERSONERIA MUNICIPAL DE LA ESTRELLA,Territorial,Ley de Justicia,Antioquia,Prestación de servicios,Contratación directa,Cédula de Ciudadanía,2026-07-27T00:00:00.000,2026-07-27T00:00:00.000,2026-12-30T00:00:00.000,14014000,0,No,En ejecución,Distribuido,Funcionamiento,https://community.secop.gov.co/Public/Tendering/OpportunityDetail/Index?noticeUID=CO1.NTC.10586698&isFromPublicArea=True&isModal=true&asPopupView=true,CO1.BDOS.10548654,individual_professional_ai,False,False,0.91
CO1.PCCNTR.7396688,MINISTERIO DE JUSTICIA Y DEL DERECHO.,Nacional,Ley de Justicia,Distrito Capital de Bogotá,Prestación de servicios,Contratación directa,Cédula de Ciudadanía,2025-02-03T00:00:00.000,2025-02-03T00:00:00.000,2025-12-31T00:00:00.000,67047333,0,No,Cerrado,Distribuido,Inversión,https://community.secop.gov.co/Public/Tendering/OpportunityDetail/Index?noticeUID=CO1.NTC.7521968&isFromPublicArea=True&isModal=true&asPopupView=true,CO1.BDOS.7500200,individual_professional_ai,False,False,0.98
CO1.PCCNTR.4542745,COLOMBIA COMPRA EFICIENTE,Nacional,Planeación,Distrito Capital de Bogotá,Prestación de servicios,Contratación directa,Cédula de Ciudadanía,2023-02-02T00:00:00.000,2023-02-08T00:00:00.000,2023-12-31T00:00:00.000,99000000,0,No,Modificado,Distribuido,Inversión,https://community.secop.gov.co/Public/Tendering/OpportunityDetail/Index?noticeUID=CO1.NTC.3904499&isFromPublicArea=True&isModal=true&asPopupView=true,CO1.BDOS.3902376,individual_professional_ai,False,False,0.98
CO1.PCCNTR.8484906,MUNICIPIO DE TUNJA/,Territorial,Servicio Público,Boyacá,Prestación de servicios,Contratación directa,NIT,2025-10-23T00:00:00.000,2025-10-29T00:00:00.000,2026-02-16T00:00:00.000,27927000,47,No,Modificado,Distribuido,Inversión,https://community.secop.gov.co/Public/Tendering/OpportunityDetail/Index?noticeUID=CO1.NTC.8992009&isFromPublicArea=True&isModal=true&asPopupView=true,CO1.BDOS.8966552,ai_product_or_platform,True,True,0.83
CO1.PCCNTR.9176000,PROCURADURIA GENERAL DE LA NACION,Nacional,No aplica/No pertenece,Distrito Capital de Bogotá,Prestación de servicios,Contratación directa,Cédula de Ciudadanía,2026-01-27T00:00:00.000,2026-01-29T00:00:00.000,2026-06-30T00:00:00.000,56100000,0,Si,terminado,Distribuido,Inversión,https://community.secop.gov.co/Public/Tendering/OpportunityDetail/Index?noticeUID=CO1.NTC.9808006&isFromPublicArea=True&isModal=true&asPopupView=true,CO1.BDOS.9775457,individual_professional_ai,False,False,0.96
CO1.PCCNTR.8899824,DEPARTAMENTO ADMINISTRATIVO NACIONAL DE ESTADISTICA (DANE),Nacional,Información Estadística,Distrito Capital de Bogotá,Prestación de servicios,Contratación directa,Cédula de Ciudadanía,2026-01-16T00:00:00.000,2026-01-19T00:00:00.000,2026-10-31T00:00:00.000,103400000,0,No,Modificado,Distribuido,Inversión,https://community.secop.gov.co/Public/Tendering/OpportunityDetail/Index?noticeUID=CO1.NTC.9532834&isFromPublicArea=True&isModal=true&asPopupView=true,CO1.BDOS.9411722,individual_professional_ai,False,False,0.98
CO1.PCCNTR.9268560,INSTITUTO DISTRITAL DE LA PARTICIPACIÓN Y ACCIÓN COMUNAL,Territorial,Inclusión Social y Reconciliación,Distrito Capital de Bogotá,Prestación de servicios,Contratación directa,Cédula de Ciudadanía,2026-01-30T00:00:00.000,2026-02-02T00:00:00.000,2026-07-16T00:00:00.000,24750000,0,No,En ejecución,Distribuido,Inversión,https://community.secop.gov.co/Public/Tendering/OpportunityDetail/Index?noticeUID=CO1.NTC.9898481&isFromPublicArea=True&isModal=true&asPopupView=true,CO1.BDOS.9877445,individual_professional_ai,False,False,0.98
CO1.PCCNTR.5728919,UNIDAD AESPE,Nacional,Trabajo,Distrito Capital de Bogotá,Prestación de servicios,Contratación directa,Cédula de Ciudadanía,2024-01-11T00:00:00.000,2024-01-15T00:00:00.000,2024-12-27T00:00:00.000,80500000,0,No,terminado,Distribuido,Inversión,https://community.secop.gov.co/Public/Tendering/OpportunityDetail/Index?noticeUID=CO1.NTC.5416563&isFromPublicArea=True&isModal=true&asPopupView=true,CO1.BDOS.5403101,individual_professional_ai,False,False,0.94
CO1.PCCNTR.6404553,MINCIENCIAS,Nacional,Ciencia Tecnología,Distrito Capital de Bogotá,Prestación de servicios,Contratación directa,Cédula de Ciudadanía,2024-06-05T00:00:00.000,2024-06-06T00:00:00.000,2024-12-05T00:00:00.000,72000000,0,Si,En ejecución,Distribuido,Inversión,https://community.secop.gov.co/Public/Tendering/OpportunityDetail/Index?noticeUID=CO1.NTC.6227347&isFromPublicArea=True&isModal=true&asPopupView=true,CO1.BDOS.6218230,individual_professional_ai,False,False,0.94
CO1.PCCNTR.5904319,DEPARTAMENTO NACIONAL DE PLANEACIÓN,Nacional,Planeación,Distrito Capital de Bogotá,Prestación de servicios,Contratación directa,Cédula de Ciudadanía,2024-02-08T00:00:00.000,2024-02-09T00:00:00.000,2024-12-31T00:00:00.000,90181600,0,No,Cerrado,Distribuido,Inversión,https://community.secop.gov.co/Public/Tendering/OpportunityDetail/Index?noticeUID=CO1.NTC.5608025&isFromPublicArea=True&isModal=true&asPopupView=true,CO1.BDOS.5599041,individual_professional_ai,False,False,0.98
CO1.PCCNTR.9119288,UNP,Nacional,defensa,Distrito Capital de Bogotá,Prestación de servicios,Contratación directa,Cédula de Ciudadanía,2026-01-24T00:00:00.000,2026-01-27T00:00:00.000,2026-12-31T00:00:00.000,65748800,0,No,En ejecución,Distribuido,Funcionamiento,https://community.secop.gov.co/Public/Tendering/OpportunityDetail/Index?noticeUID=CO1.NTC.9753899&isFromPublicArea=True&isModal=true&asPopupView=true,CO1.BDOS.9732558,individual_professional_ai,False,False,0.94
CO1.PCCNTR.9219175,SENA REGIONAL BOLIVAR Centro para la Industria Petroquímica,Nacional,Trabajo,Bolívar,Prestación de servicios,Contratación directa,Cédula de Ciudadanía,2026-01-29T00:00:00.000,2026-02-02T00:00:00.000,2026-12-30T00:00:00.000,66699996,0,No,En ejecución,Distribuido,Inversión,https://community.secop.gov.co/Public/Tendering/OpportunityDetail/Index?noticeUID=CO1.NTC.9585780&isFromPublicArea=True&isModal=true&asPopupView=true,CO1.BDOS.9571630,incidental,False,False,0.78
CO1.PCCNTR.7881435,SENA REGIONAL DISTRITO CAPITAL Grupo Administrativo Intercentros CEET,Nacional,Trabajo,Distrito Capital de Bogotá,Prestación de servicios,Contratación directa,Cédula de Ciudadanía,2025-05-16T00:00:00.000,2025-05-16T00:00:00.000,2025-07-30T00:00:00.000,12500000,0,No,terminado,Distribuido,Inversión,https://community.secop.gov.co/Public/Tendering/OpportunityDetail/Index?noticeUID=CO1.NTC.8139455&isFromPublicArea=True&isModal=true&asPopupView=true,CO1.BDOS.8119915,individual_professional_ai,False,False,0.97
CO1.PCCNTR.8740612,INSTITUTO TOLIMENSE DE FORMACION TECNICA PROFESIONAL,Nacional,Educación Nacional,Tolima,Prestación de servicios,Mínima cuantía,NIT,2025-12-29T00:00:00.000,,2025-12-31T00:00:00.000,38043160,0,No,Aprobado,Distribuido,Funcionamiento,https://community.secop.gov.co/Public/Tendering/OpportunityDetail/Index?noticeUID=CO1.NTC.9326566&isFromPublicArea=True&isModal=true&asPopupView=true,CO1.BDOS.9302952,incidental,False,False,0.98
CO1.PCCNTR.8517315,JEP,Nacional,No aplica/No pertenece,Distrito Capital de Bogotá,Prestación de servicios,Contratación régimen especial,Cédula de Ciudadanía,2025-11-06T00:00:00.000,2025-11-11T00:00:00.000,2026-07-31T00:00:00.000,95368898,0,No,En ejecución,Distribuido,Inversión,https://community.secop.gov.co/Public/Tendering/OpportunityDetail/Index?noticeUID=CO1.NTC.9032236&isFromPublicArea=True&isModal=true&asPopupView=true,CO1.BDOS.9008152,individual_professional_ai,False,False,0.96
CO1.PCCNTR.6480045,CENTRO DE DIAGNOSTICO AUTOMOTOR DEL VALLE LIMITADA,Territorial,Transporte,Valle del Cauca,Prestación de servicios,Contratación directa,NIT,2024-06-28T00:00:00.000,2024-07-03T00:00:00.000,2025-08-31T00:00:00.000,533092728,63,No,Modificado,Recursos Propios,Funcionamiento,https://community.secop.gov.co/Public/Tendering/OpportunityDetail/Index?noticeUID=CO1.NTC.6330350&isFromPublicArea=True&isModal=true&asPopupView=true,CO1.BDOS.6319887,ai_product_or_platform,False,True,0.91
CO1.PCCNTR.9086351,SENA REGIONAL BOLIVAR Centro para la Industria Petroquímica,Nacional,Trabajo,Bolívar,Prestación de servicios,Contratación directa,Cédula de Ciudadanía,2026-01-23T00:00:00.000,2026-02-02T00:00:00.000,2026-12-30T00:00:00.000,66699996,0,No,En ejecución,Distribuido,Inversión,https://community.secop.gov.co/Public/Tendering/OpportunityDetail/Index?noticeUID=CO1.NTC.9585780&isFromPublicArea=True&isModal=true&asPopupView=true,CO1.BDOS.9571630,incidental,False,False,0.88
CO1.PCCNTR.8806874,CAMARA DE REPRESENTANTES,Nacional,No aplica/No pertenece,Distrito Capital de Bogotá,Prestación de servicios,Contratación directa,Cédula de Ciudadanía,2026-01-20T00:00:00.000,2026-01-23T00:00:00.000,2026-12-22T00:00:00.000,110000000,0,No,En ejecución,Distribuido,Funcionamiento,https://community.secop.gov.co/Public/Tendering/OpportunityDetail/Index?noticeUID=CO1.NTC.9436832&isFromPublicArea=True&isModal=true&asPopupView=true,CO1.BDOS.9422191,individual_professional_ai,False,False,0.79
CO1.PCCNTR.9304598,POLITECNICO COLOMBIANO JAIME ISAZA CADAVID,Territorial,No aplica/No pertenece,Antioquia,Prestación de servicios,Contratación directa,Cédula de Ciudadanía,2026-01-30T00:00:00.000,2026-03-03T00:00:00.000,2026-04-01T00:00:00.000,10000000,0,No,En ejecución,Distribuido,Inversión,https://community.secop.gov.co/Public/Tendering/OpportunityDetail/Index?noticeUID=CO1.NTC.9902827&isFromPublicArea=True&isModal=true&asPopupView=true,CO1.BDOS.9860434,individual_professional_ai,False,False,0.94
CO1.PCCNTR.7062218,SENA REGIONAL CASANARE Grupo Administrativo Mixto,Nacional,Trabajo,Casanare,Compraventa,Mínima cuantía,NIT,2024-11-27T00:00:00.000,2024-12-03T00:00:00.000,2024-12-27T00:00:00.000,7320728,0,No,terminado,Distribuido,Inversión,https://community.secop.gov.co/Public/Tendering/OpportunityDetail/Index?noticeUID=CO1.NTC.6969458&isFromPublicArea=True&isModal=true&asPopupView=true,CO1.BDOS.6952266,incidental,False,False,0.88
CO1.PCCNTR.8257009,MUNICIPIO DE LOS PATIOS,Territorial,Servicio Público,Norte de Santander,Prestación de servicios,Mínima cuantía,NIT,2025-08-29T00:00:00.000,2025-09-02T00:00:00.000,2025-12-01T00:00:00.000,39800000,0,No,Cerrado,Distribuido,Inversión,https://community.secop.gov.co/Public/Tendering/OpportunityDetail/Index?noticeUID=CO1.NTC.8631989&isFromPublicArea=True&isModal=true&asPopupView=true,CO1.BDOS.8605617,ai_development_service,False,False,0.76
CO1.PCCNTR.8998946,FONDO NACIONAL AMBIENTAL - ANLA,Nacional,Ambiente y Desarrollo Sostenible,Distrito Capital de Bogotá,Prestación de servicios,Contratación directa,Cédula de Ciudadanía,2026-01-20T00:00:00.000,2026-01-20T00:00:00.000,2026-10-26T00:00:00.000,39160515,0,No,cedido,Recursos Propios,Funcionamiento,https://community.secop.gov.co/Public/Tendering/OpportunityDetail/Index?noticeUID=CO1.NTC.9631459&isFromPublicArea=True&isModal=true&asPopupView=true,CO1.BDOS.9617751,individual_professional_ai,False,False,0.91
CO1.PCCNTR.9922808,INSTITUCIÓN UNIVERSITARIA ITM,Nacional,Educación Nacional,Antioquia,Prestación de servicios,Contratación directa,Cédula de Ciudadanía,2026-09-18T00:00:00.000,2026-09-18T00:00:00.000,2026-10-29T00:00:00.000,14572184,0,No,En ejecución,Recursos Propios,Funcionamiento,https://community.secop.gov.co/Public/Tendering/OpportunityDetail/Index?noticeUID=CO1.NTC.10863981&isFromPublicArea=True&isModal=true&asPopupView=true,CO1.BDOS.10824561,individual_professional_ai,False,False,0.98
CO1.PCCNTR.9705237,MUNICIPIO DE SAN JOSE DE CUCUTA.,Territorial,Servicio Público,Norte de Santander,Otro,Contratación Directa (con ofertas),NIT,2026-07-23T00:00:00.000,2026-07-23T00:00:00.000,2026-08-22T00:00:00.000,15000000,0,No,En ejecución,Distribuido,Inversión,https://community.secop.gov.co/Public/Tendering/OpportunityDetail/Index?noticeUID=CO1.NTC.10566642&isFromPublicArea=True&isModal=true&asPopupView=true,CO1.BDOS.10482196,ai_development_service,False,False,0.67
CO1.PCCNTR.7826117,"AGENCIA DISTRITAL PARA LA EDUCACIÓN SUPERIOR, LA CIENCIA Y LA TECNOLOGÍA, ATENEA",Territorial,Educación Nacional,Distrito Capital de Bogotá,Prestación de servicios,Contratación directa,NIT,2025-05-08T00:00:00.000,2025-06-24T00:00:00.000,2026-05-23T00:00:00.000,100000000,114,No,Modificado,Recursos Propios,Inversión,https://community.secop.gov.co/Public/Tendering/OpportunityDetail/Index?noticeUID=CO1.NTC.8058564&isFromPublicArea=True&isModal=true&asPopupView=true,CO1.BDOS.8029463,unclear,False,False,0.87
CO1.PCCNTR.9085421,SUPERINTENDENCIA DE SERVICIOS PÚBLICOS DOMICILIARIOS,Nacional,Planeación,Distrito Capital de Bogotá,Prestación de servicios,Contratación directa,Cédula de Ciudadanía,2026-01-27T00:00:00.000,2026-01-28T00:00:00.000,2026-10-27T00:00:00.000,108000000,65,No,Modificado,Distribuido,Inversión,https://community.secop.gov.co/Public/Tendering/OpportunityDetail/Index?noticeUID=CO1.NTC.9720026&isFromPublicArea=True&isModal=true&asPopupView=true,CO1.BDOS.9580079,individual_professional_ai,False,False,0.98
CO1.PCCNTR.5286300,UNIDAD ADMINISTRATIVA ESPECIAL DE GESTION DE RESTITUCION DE TIERRAS DESPOJADAS**,Nacional,Inclusión Social y Reconciliación,Distrito Capital de Bogotá,Prestación de servicios,Contratación directa,Cédula de Ciudadanía,2023-08-10T00:00:00.000,2023-08-14T00:00:00.000,2023-12-31T00:00:00.000,38224280,0,No,Cerrado,Distribuido,Inversión,https://community.secop.gov.co/Public/Tendering/OpportunityDetail/Index?noticeUID=CO1.NTC.4826755&isFromPublicArea=True&isModal=true&asPopupView=true,CO1.BDOS.4818446,individual_professional_ai,False,False,0.98
CO1.PCCNTR.7896089,Gobernación Norte de Santander*,Territorial,No aplica/No pertenece,Norte de Santander,Prestación de servicios,Contratación directa,Cédula de Ciudadanía,2025-05-20T00:00:00.000,2025-05-21T00:00:00.000,2025-12-30T00:00:00.000,22000000,0,No,terminado,Distribuido,Inversión,https://community.secop.gov.co/Public/Tendering/OpportunityDetail/Index?noticeUID=CO1.NTC.8164537&isFromPublicArea=True&isModal=true&asPopupView=true,CO1.BDOS.8144537,individual_professional_ai,False,False,0.76
CO1.PCCNTR.8895104,UAECD,Territorial,Hacienda y Crédito Público,Distrito Capital de Bogotá,Prestación de servicios,Contratación directa,Cédula de Ciudadanía,2026-01-16T00:00:00.000,2026-02-02T00:00:00.000,2026-12-16T00:00:00.000,146086500,0,Si,En ejecución,Distribuido,Inversión,https://community.secop.gov.co/Public/Tendering/OpportunityDetail/Index?noticeUID=CO1.NTC.9527607&isFromPublicArea=True&isModal=true&asPopupView=true,CO1.BDOS.9383705,individual_professional_ai,False,False,0.95
CO1.PCCNTR.7977144,UNIDAD ADMINISTRATIVA ESPECIAL DE PENSIONES DE CUNDINAMARCA,Territorial,Salud y Protección Social,Distrito Capital de Bogotá,Prestación de servicios,Contratación directa,Cédula de Ciudadanía,2025-06-13T00:00:00.000,2025-06-17T00:00:00.000,2025-12-16T00:00:00.000,43200000,0,Si,En ejecución,Distribuido,Funcionamiento,https://community.secop.gov.co/Public/Tendering/OpportunityDetail/Index?noticeUID=CO1.NTC.8281439&isFromPublicArea=True&isModal=true&asPopupView=true,CO1.BDOS.8235480,individual_professional_ai,False,False,0.95
CO1.PCCNTR.6617836,DEPARTAMENTO ADMINISTRATIVO DEL SERVICIO CIVIL DISTRITAL,Territorial,Servicio Público,Distrito Capital de Bogotá,Prestación de servicios,Contratación directa,Cédula de Ciudadanía,2024-08-20T00:00:00.000,2024-08-23T00:00:00.000,2025-01-14T00:00:00.000,28600000,0,No,En ejecución,Distribuido,Inversión,https://community.secop.gov.co/Public/Tendering/OpportunityDetail/Index?noticeUID=CO1.NTC.6515571&isFromPublicArea=True&isModal=true&asPopupView=true,CO1.BDOS.6454512,individual_professional_ai,False,False,0.91
CO1.PCCNTR.8945198,TRANSMILENIO S.A.,Territorial,Transporte,Distrito Capital de Bogotá,Prestación de servicios,Contratación directa,Cédula de Ciudadanía,2026-01-19T00:00:00.000,2026-01-23T00:00:00.000,2026-07-30T00:00:00.000,57569280,0,No,En ejecución,Recursos Propios,Funcionamiento,https://community.secop.gov.co/Public/Tendering/OpportunityDetail/Index?noticeUID=CO1.NTC.9579110&isFromPublicArea=True&isModal=true&asPopupView=true,CO1.BDOS.9533257,individual_professional_ai,False,False,0.91
CO1.PCCNTR.9252058,MUNICIPIO SANTA ROSA DE OSOS,Territorial,Servicio Público,Antioquia,Prestación de servicios,Contratación directa,NIT,2026-01-29T00:00:00.000,2026-02-01T00:00:00.000,2026-06-30T00:00:00.000,40000000,0,No,En ejecución,Distribuido,Inversión,https://community.secop.gov.co/Public/Tendering/OpportunityDetail/Index?noticeUID=CO1.NTC.9883899&isFromPublicArea=True&isModal=true&asPopupView=true,CO1.BDOS.9864285,incidental,False,False,0.98
CO1.PCCNTR.8193521,DEPARTAMENTO DEL META,Territorial,Servicio Público,Meta,Prestación de servicios,Contratación directa,Cédula de Ciudadanía,2025-08-14T00:00:00.000,2025-08-14T00:00:00.000,2025-12-13T00:00:00.000,23010000,0,No,En ejecución,Distribuido,Inversión,https://community.secop.gov.co/Public/Tendering/OpportunityDetail/Index?noticeUID=CO1.NTC.8597244&isFromPublicArea=True&isModal=true&asPopupView=true,CO1.BDOS.8574414,incidental,False,False,0.94
CO1.PCCNTR.8305028,DEPARTAMENTO DE SANTANDER,Territorial,Servicio Público,Santander,Prestación de servicios,Contratación directa,NIT,2025-09-09T00:00:00.000,2025-09-10T00:00:00.000,2025-12-09T00:00:00.000,834384400,0,No,Modificado,Distribuido,Inversión,https://community.secop.gov.co/Public/Tendering/OpportunityDetail/Index?noticeUID=CO1.NTC.8751414&isFromPublicArea=True&isModal=true&asPopupView=true,CO1.BDOS.8727739,incidental,False,False,0.98
CO1.PCCNTR.8132922,FUERZA AEROESPACIAL COLOMBIANA,Nacional,defensa,Distrito Capital de Bogotá,Prestación de servicios,Contratación directa,NIT,2025-08-08T00:00:00.000,2025-08-15T00:00:00.000,2025-08-29T00:00:00.000,27820000,0,Si,Cerrado,Distribuido,Funcionamiento,https://community.secop.gov.co/Public/Tendering/OpportunityDetail/Index?noticeUID=CO1.NTC.8508596&isFromPublicArea=True&isModal=true&asPopupView=true,CO1.BDOS.8477831,incidental,False,False,0.98
CO1.PCCNTR.6944153,DEPARTAMENTO DE ANTIOQUIA//,Territorial,Servicio Público,Antioquia,Prestación de servicios,Contratación directa,NIT,2024-10-25T00:00:00.000,2024-10-30T00:00:00.000,2024-12-15T00:00:00.000,62424000,0,No,En ejecución,Distribuido,Inversión,https://community.secop.gov.co/Public/Tendering/OpportunityDetail/Index?noticeUID=CO1.NTC.6865621&isFromPublicArea=True&isModal=true&asPopupView=true,CO1.BDOS.6855144,incidental,False,False,0.83
CO1.PCCNTR.9261364,"INSTITUTO DE FINANCIAMIENTO, PROMOCION Y DESARROLLO DE CALDAS",Territorial,No aplica/No pertenece,Caldas,Prestación de servicios,Contratación directa,Cédula de Ciudadanía,2026-01-30T00:00:00.000,2026-01-30T00:00:00.000,2026-07-29T00:00:00.000,34413600,0,No,En ejecución,Recursos Propios,Funcionamiento,https://community.secop.gov.co/Public/Tendering/OpportunityDetail/Index?noticeUID=CO1.NTC.9894221&isFromPublicArea=True&isModal=true&asPopupView=true,CO1.BDOS.9873860,individual_professional_ai,False,False,0.98
CO1.PCCNTR.7975035,SERVICIO GEOLOGICO COLOMBIANO**,Nacional,Minas y Energía,Distrito Capital de Bogotá,Prestación de servicios,Contratación directa,Cédula de Ciudadanía,2025-06-12T00:00:00.000,2025-06-13T00:00:00.000,2025-12-31T00:00:00.000,57418200,0,No,En ejecución,Distribuido,Funcionamiento,https://community.secop.gov.co/Public/Tendering/OpportunityDetail/Index?noticeUID=CO1.NTC.8278082&isFromPublicArea=True&isModal=true&asPopupView=true,CO1.BDOS.8250830,individual_professional_ai,False,False,0.94
CO1.PCCNTR.9139814,UNP,Nacional,defensa,Distrito Capital de Bogotá,Prestación de servicios,Contratación directa,Cédula de Ciudadanía,2026-01-25T00:00:00.000,2026-01-26T00:00:00.000,2026-12-31T00:00:00.000,91640000,0,No,En ejecución,Distribuido,Funcionamiento,https://community.secop.gov.co/Public/Tendering/OpportunityDetail/Index?noticeUID=CO1.NTC.9772687&isFromPublicArea=True&isModal=true&asPopupView=true,CO1.BDOS.9753534,individual_professional_ai,False,False,0.97
CO1.PCCNTR.9065196,SUPERINTENDENCIA DE SERVICIOS PÚBLICOS DOMICILIARIOS,Nacional,Planeación,Distrito Capital de Bogotá,Prestación de servicios,Contratación directa,Cédula de Ciudadanía,2026-01-24T00:00:00.000,2026-01-26T00:00:00.000,2026-08-25T00:00:00.000,84000000,0,No,En ejecución,Distribuido,Inversión,https://community.secop.gov.co/Public/Tendering/OpportunityDetail/Index?noticeUID=CO1.NTC.9700593&isFromPublicArea=True&isModal=true&asPopupView=true,CO1.BDOS.9653581,individual_professional_ai,False,False,0.97
CO1.PCCNTR.9059166,INSTITUCIÓN UNIVERSITARIA ITM,Nacional,Educación Nacional,Antioquia,Prestación de servicios,Contratación directa,Cédula de Ciudadanía,2026-01-22T00:00:00.000,2026-01-22T00:00:00.000,2026-04-14T00:00:00.000,6916667,26,Si,Modificado,Recursos Propios,Funcionamiento,https://community.secop.gov.co/Public/Tendering/OpportunityDetail/Index?noticeUID=CO1.NTC.9693899&isFromPublicArea=True&isModal=true&asPopupView=true,CO1.BDOS.9681110,incidental,False,False,0.95
CO1.PCCNTR.8594018,INSTITUCIÓN UNIVERSITARIA ITM,Nacional,Educación Nacional,Antioquia,Prestación de servicios,Contratación directa,Cédula de Ciudadanía,2025-11-14T00:00:00.000,2025-11-14T00:00:00.000,2025-11-30T00:00:00.000,3696000,0,No,En ejecución,Recursos Propios,Funcionamiento,https://community.secop.gov.co/Public/Tendering/OpportunityDetail/Index?noticeUID=CO1.NTC.9133404&isFromPublicArea=True&isModal=true&asPopupView=true,CO1.BDOS.9108515,individual_professional_ai,False,False,0.94
CO1.PCCNTR.5942743,GOBERNACIÓN DE BOYACÁ,Territorial,Servicio Público,Boyacá,Prestación de servicios,Contratación directa,Cédula de Ciudadanía,2024-02-15T00:00:00.000,2024-02-20T00:00:00.000,2024-08-19T00:00:00.000,25272000,0,Si,Cerrado,Distribuido,Inversión,https://community.secop.gov.co/Public/Tendering/OpportunityDetail/Index?noticeUID=CO1.NTC.5651206&isFromPublicArea=True&isModal=true&asPopupView=true,CO1.BDOS.5641720,individual_professional_ai,False,False,0.98
CO1.PCCNTR.9675107,SANTIAGO DE CALI DISTRITO ESPECIAL - SECRETARIA DE GOBIERNO,Territorial,No aplica/No pertenece,Valle del Cauca,Compraventa,Mínima cuantía,NIT,2026-07-24T00:00:00.000,2026-08-06T00:00:00.000,2026-12-31T00:00:00.000,14657096,0,No,En ejecución,Distribuido,Inversión,https://community.secop.gov.co/Public/Tendering/OpportunityDetail/Index?noticeUID=CO1.NTC.10430575&isFromPublicArea=True&isModal=true&asPopupView=true,CO1.BDOS.10384744,ai_product_or_platform,False,False,0.95
CO1.PCCNTR.7698619,SUPERVIGILANCIA - MD,Nacional,defensa,Distrito Capital de Bogotá,Prestación de servicios,Contratación directa,Cédula de Ciudadanía,2025-03-27T00:00:00.000,2025-04-02T00:00:00.000,2025-08-01T00:00:00.000,15200000,0,No,En ejecución,Distribuido,Funcionamiento,https://community.secop.gov.co/Public/Tendering/OpportunityDetail/Index?noticeUID=CO1.NTC.7893659&isFromPublicArea=True&isModal=true&asPopupView=true,CO1.BDOS.7877521,individual_professional_ai,False,False,0.91
CO1.PCCNTR.7545543,FISCALÍA GENERAL DE LA NACIÓN NIVEL CENTRAL.,Nacional,Ley de Justicia,Distrito Capital de Bogotá,Prestación de servicios,Contratación directa,Cédula de Ciudadanía,2025-02-24T00:00:00.000,2025-02-24T00:00:00.000,2025-12-31T00:00:00.000,187200000,0,No,En ejecución,Distribuido,Funcionamiento,https://community.secop.gov.co/Public/Tendering/OpportunityDetail/Index?noticeUID=CO1.NTC.7697420&isFromPublicArea=True&isModal=true&asPopupView=true,CO1.BDOS.7681684,individual_professional_ai,False,False,0.99
CO1.PCCNTR.6776698,DEPARTAMENTO ADMINISTRATIVO DEL SERVICIO CIVIL DISTRITAL,Territorial,Servicio Público,Distrito Capital de Bogotá,Prestación de servicios,Contratación directa,Cédula de Ciudadanía,2024-09-18T00:00:00.000,2024-09-20T00:00:00.000,2024-12-31T00:00:00.000,11560000,0,No,Cerrado,Distribuido,Inversión,https://community.secop.gov.co/Public/Tendering/OpportunityDetail/Index?noticeUID=CO1.NTC.6729858&isFromPublicArea=True&isModal=true&asPopupView=true,CO1.BDOS.6717376,individual_professional_ai,False,False,0.96
CO1.PCCNTR.6377449,TRANSMILENIO S.A.,Territorial,Transporte,Distrito Capital de Bogotá,Prestación de servicios,Contratación directa,Cédula de Ciudadanía,2024-05-29T00:00:00.000,2024-06-06T00:00:00.000,2025-03-05T00:00:00.000,82800000,0,Si,Cerrado,Recursos Propios,Inversión,https://community.secop.gov.co/Public/Tendering/OpportunityDetail/Index?noticeUID=CO1.NTC.6192075&isFromPublicArea=True&isModal=true&asPopupView=true,CO1.BDOS.6176552,individual_professional_ai,False,False,0.96
CO1.PCCNTR.8142578,PROCURADURIA GENERAL DE LA NACION,Nacional,No aplica/No pertenece,Distrito Capital de Bogotá,Prestación de servicios,Contratación directa,Cédula de Ciudadanía,2025-07-31T00:00:00.000,2025-08-04T00:00:00.000,2025-12-30T00:00:00.000,74000000,0,No,Cerrado,Distribuido,Funcionamiento,https://community.secop.gov.co/Public/Tendering/OpportunityDetail/Index?noticeUID=CO1.NTC.8524139&isFromPublicArea=True&isModal=true&asPopupView=true,CO1.BDOS.8462058,individual_professional_ai,False,False,0.98
CO1.PCCNTR.6953440,GOBERNACIÓN DE BOLÍVAR//,Territorial,Servicio Público,Bolívar,Prestación de servicios,Contratación directa,NIT,2024-10-25T00:00:00.000,2024-10-31T00:00:00.000,2024-12-30T00:00:00.000,200000000,0,No,Modificado,Distribuido,Inversión,https://community.secop.gov.co/Public/Tendering/OpportunityDetail/Index?noticeUID=CO1.NTC.6952627&isFromPublicArea=True&isModal=true&asPopupView=true,CO1.BDOS.6941576,ai_development_service,False,True,0.96
CO1.PCCNTR.7673078,SENA DISTRITO CAPITAL GRUPO DE APOYO ADMINISTRATIVO - CGI,Nacional,Trabajo,Distrito Capital de Bogotá,Prestación de servicios,Contratación directa,Cédula de Ciudadanía,2025-03-20T00:00:00.000,2025-03-20T00:00:00.000,2025-12-30T00:00:00.000,52826666,0,No,Modificado,Distribuido,Inversión,https://community.secop.gov.co/Public/Tendering/OpportunityDetail/Index?noticeUID=CO1.NTC.7861104&isFromPublicArea=True&isModal=true&asPopupView=true,CO1.BDOS.7844957,individual_professional_ai,False,False,0.97
CO1.PCCNTR.6594914,ESAP TERRITORIAL CUNDINAMARCA,Nacional,Servicio Público,Cundinamarca,Prestación de servicios,Contratación directa,Cédula de Ciudadanía,2024-08-01T00:00:00.000,2024-08-02T00:00:00.000,2024-12-30T00:00:00.000,3600000,0,No,Cerrado,Recursos Propios,Inversión,https://community.secop.gov.co/Public/Tendering/OpportunityDetail/Index?noticeUID=CO1.NTC.6483014&isFromPublicArea=True&isModal=true&asPopupView=true,CO1.BDOS.6473903,individual_professional_ai,False,False,0.94
CO1.PCCNTR.9680441,SENA REGIONAL PUTUMAYO Grupo de Apoyo Administrativo,Nacional,Trabajo,Putumayo,Compraventa,Contratación Directa (con ofertas),NIT,2026-07-17T00:00:00.000,2026-07-27T00:00:00.000,2026-08-27T00:00:00.000,249999913,0,No,En ejecución,Distribuido,Inversión,https://community.secop.gov.co/Public/Tendering/OpportunityDetail/Index?noticeUID=CO1.NTC.10519517&isFromPublicArea=True&isModal=true&asPopupView=true,CO1.BDOS.10482754,incidental,False,False,0.92
CO1.PCCNTR.6478826,INSTITUCIÓN UNIVERSITARIA ITM,Nacional,Educación Nacional,Antioquia,Prestación de servicios,Contratación directa,Cédula de Ciudadanía,2024-06-28T00:00:00.000,2024-07-02T00:00:00.000,2024-12-31T00:00:00.000,36172968,0,No,En ejecución,Recursos Propios,Funcionamiento,https://community.secop.gov.co/Public/Tendering/OpportunityDetail/Index?noticeUID=CO1.NTC.6328492&isFromPublicArea=True&isModal=true&asPopupView=true,CO1.BDOS.6319338,individual_professional_ai,False,False,0.98
CO1.PCCNTR.8309060,ALCALDÍA DEL DISTRITO TURÍSTICO Y CULTURAL DE CARTAGENA DE INDIAS,Territorial,No aplica/No pertenece,Bolívar,Otro,Contratación directa,NIT,2025-09-22T00:00:00.000,2025-09-22T00:00:00.000,2026-12-31T00:00:00.000,0,0,No,En ejecución,Distribuido,Funcionamiento,https://community.secop.gov.co/Public/Tendering/OpportunityDetail/Index?noticeUID=CO1.NTC.8756676&isFromPublicArea=True&isModal=true&asPopupView=true,CO1.BDOS.8731770,unclear,False,True,0.78
CO1.PCCNTR.6475838,SANTIAGO DE CALI DISTRITO ESPECIAL - DEPARTAMENTO ADMINISTRATIVO DE TECNOLOGIAS DE LA INFORMACION Y LAS COMUNICACIONES,Territorial,Tecnologías de la Información y las Comunicaciones,Valle del Cauca,Suministros,Contratación Directa (con ofertas),NIT,2024-06-28T00:00:00.000,2024-07-04T00:00:00.000,2024-12-31T00:00:00.000,589168000,0,No,Modificado,Distribuido,Inversión,https://community.secop.gov.co/Public/Tendering/OpportunityDetail/Index?noticeUID=CO1.NTC.6320747&isFromPublicArea=True&isModal=true&asPopupView=true,CO1.BDOS.6308642,ai_product_or_platform,True,False,0.9
CO1.PCCNTR.7037705,INSTITUTO COLOMBIANO PARA LA EVALUACIÓN DE LA EDUCACIÓN - ICFES,Nacional,Educación Nacional,Distrito Capital de Bogotá,Prestación de servicios,Contratación régimen especial,NIT,2024-11-19T00:00:00.000,2024-11-21T00:00:00.000,2024-12-31T00:00:00.000,389102734,0,No,terminado,Recursos Propios,Inversión,https://community.secop.gov.co/Public/Tendering/OpportunityDetail/Index?noticeUID=CO1.NTC.7065736&isFromPublicArea=True&isModal=true&asPopupView=true,CO1.BDOS.7038048,ai_product_or_platform,False,False,0.88
CO1.PCCNTR.6492276,GOBERNACIÓN DEL CAUCA,Territorial,Servicio Público,Cauca,Prestación de servicios,Contratación directa,Cédula de Ciudadanía,2024-08-16T00:00:00.000,2024-08-20T00:00:00.000,2024-12-25T00:00:00.000,18900000,0,No,Cerrado,Distribuido,Inversión,https://community.secop.gov.co/Public/Tendering/OpportunityDetail/Index?noticeUID=CO1.NTC.6346074&isFromPublicArea=True&isModal=true&asPopupView=true,CO1.BDOS.6291105,individual_professional_ai,False,False,0.66
CO1.PCCNTR.9770309,AGENCIA REGIONAL DE MOVILIDAD,Territorial,Transporte,Distrito Capital de Bogotá,Prestación de servicios,Contratación directa,Cédula de Ciudadanía,2026-08-05T00:00:00.000,2026-08-05T00:00:00.000,2026-12-31T00:00:00.000,20435000,0,No,En ejecución,Recursos Propios,Inversión,https://community.secop.gov.co/Public/Tendering/OpportunityDetail/Index?noticeUID=CO1.NTC.10655014&isFromPublicArea=True&isModal=true&asPopupView=true,CO1.BDOS.10607332,individual_professional_ai,False,False,0.78
CO1.PCCNTR.7234571,SENA SECRETARIA GENERAL,Nacional,Trabajo,Distrito Capital de Bogotá,Prestación de servicios,Contratación directa,Cédula de Ciudadanía,2025-01-14T00:00:00.000,2025-01-16T00:00:00.000,2025-12-31T00:00:00.000,98077200,0,No,Cerrado,Distribuido,Inversión,https://community.secop.gov.co/Public/Tendering/OpportunityDetail/Index?noticeUID=CO1.NTC.7324520&isFromPublicArea=True&isModal=true&asPopupView=true,CO1.BDOS.7306156,individual_professional_ai,False,False,0.91
CO1.PCCNTR.8606936,FONDO FINANCIERO DISTRITAL DE SALUD.,Territorial,Salud y Protección Social,Distrito Capital de Bogotá,Prestación de servicios,Mínima cuantía,NIT,2025-11-21T00:00:00.000,2025-12-04T00:00:00.000,2026-03-31T00:00:00.000,60550000,90,No,terminado,Distribuido,Inversión,https://community.secop.gov.co/Public/Tendering/OpportunityDetail/Index?noticeUID=CO1.NTC.8928741&isFromPublicArea=True&isModal=true&asPopupView=true,CO1.BDOS.8899912,ai_development_service,False,False,0.76
CO1.PCCNTR.7335105,"AGENCIA DISTRITAL PARA LA EDUCACIÓN SUPERIOR, LA CIENCIA Y LA TECNOLOGÍA, ATENEA",Territorial,Educación Nacional,Distrito Capital de Bogotá,Prestación de servicios,Contratación directa,Cédula de Ciudadanía,2025-01-27T00:00:00.000,2025-01-29T00:00:00.000,2025-12-28T00:00:00.000,122638549,0,No,En ejecución,Recursos Propios,Inversión,https://community.secop.gov.co/Public/Tendering/OpportunityDetail/Index?noticeUID=CO1.NTC.7453586&isFromPublicArea=True&isModal=true&asPopupView=true,CO1.BDOS.7433712,individual_professional_ai,False,False,0.98
CO1.PCCNTR.8896282,FONDO NACIONAL AMBIENTAL - ANLA,Nacional,Ambiente y Desarrollo Sostenible,Distrito Capital de Bogotá,Prestación de servicios,Contratación directa,Cédula de Ciudadanía,2026-01-15T00:00:00.000,2026-01-16T00:00:00.000,2026-12-31T00:00:00.000,84818440,0,No,En ejecución,Recursos Propios,Inversión,https://community.secop.gov.co/Public/Tendering/OpportunityDetail/Index?noticeUID=CO1.NTC.9529122&isFromPublicArea=True&isModal=true&asPopupView=true,CO1.BDOS.9433629,individual_professional_ai,False,False,0.78
CO1.PCCNTR.7205039,JEP,Nacional,No aplica/No pertenece,Distrito Capital de Bogotá,Prestación de servicios,Contratación régimen especial,Cédula de Ciudadanía,2025-01-10T00:00:00.000,2025-01-15T00:00:00.000,2025-12-31T00:00:00.000,124409816,31,No,Modificado,Distribuido,Inversión,https://community.secop.gov.co/Public/Tendering/OpportunityDetail/Index?noticeUID=CO1.NTC.7289469&isFromPublicArea=True&isModal=true&asPopupView=true,CO1.BDOS.7272352,individual_professional_ai,False,False,0.78
CO1.PCCNTR.7641399,SENA REGIONAL CALDAS CENTRO DE AUTOMATIZACION INDUSTRIAL,Nacional,Salud y Protección Social,Caldas,Compraventa,Contratación Directa (con ofertas),NIT,2025-03-13T00:00:00.000,2025-03-18T00:00:00.000,2025-04-18T00:00:00.000,129948000,0,No,En ejecución,Distribuido,Inversión,https://community.secop.gov.co/Public/Tendering/OpportunityDetail/Index?noticeUID=CO1.NTC.7756965&isFromPublicArea=True&isModal=true&asPopupView=true,CO1.BDOS.7739481,incidental,False,False,0.96
CO1.PCCNTR.9922584,INSTITUCIÓN UNIVERSITARIA ITM,Nacional,Educación Nacional,Antioquia,Prestación de servicios,Contratación directa,Cédula de Ciudadanía,2026-09-15T00:00:00.000,2026-09-15T00:00:00.000,2026-10-21T00:00:00.000,14572184,0,No,En ejecución,Recursos Propios,Funcionamiento,https://community.secop.gov.co/Public/Tendering/OpportunityDetail/Index?noticeUID=CO1.NTC.10864051&isFromPublicArea=True&isModal=true&asPopupView=true,CO1.BDOS.10824652,individual_professional_ai,False,False,0.97
CO1.PCCNTR.6645319,SENA REGIONAL ANTIOQUIA Grupo de Apoyo Administrativo Mixto,Nacional,Trabajo,Antioquia,Prestación de servicios,Contratación directa,Cédula de Ciudadanía,2024-08-15T00:00:00.000,2024-08-20T00:00:00.000,2024-12-29T00:00:00.000,25913333,0,No,Cerrado,Distribuido,Inversión,https://community.secop.gov.co/Public/Tendering/OpportunityDetail/Index?noticeUID=CO1.NTC.6549469&isFromPublicArea=True&isModal=true&asPopupView=true,CO1.BDOS.6539284,individual_professional_ai,False,False,0.98
CO1.PCCNTR.7293096,FONDO UNICO DE TECNOLOGÍAS DE LA INFORMACIÓN Y LAS COMUNICACIONES,Nacional,Tecnologías de la Información y las Comunicaciones,Distrito Capital de Bogotá,Prestación de servicios,Contratación directa,Cédula de Ciudadanía,2025-01-22T00:00:00.000,2025-01-27T00:00:00.000,2025-12-31T00:00:00.000,132951500,0,No,Cerrado,Distribuido,Inversión,https://community.secop.gov.co/Public/Tendering/OpportunityDetail/Index?noticeUID=CO1.NTC.7404076&isFromPublicArea=True&isModal=true&asPopupView=true,CO1.BDOS.7389030,individual_professional_ai,False,False,0.93
CO1.PCCNTR.4545618,SENA DISTRITO CAPITAL GRUPO DE APOYO ADMINISTRATIVO - CGI,Nacional,Trabajo,Distrito Capital de Bogotá,Prestación de servicios,Contratación directa,Cédula de Ciudadanía,2023-02-02T00:00:00.000,2023-02-02T00:00:00.000,2023-12-15T00:00:00.000,42178500,0,Si,Cerrado,Distribuido,Inversión,https://community.secop.gov.co/Public/Tendering/OpportunityDetail/Index?noticeUID=CO1.NTC.3897514&isFromPublicArea=True&isModal=true&asPopupView=true,CO1.BDOS.3894623,individual_professional_ai,False,False,0.94
CO1.PCCNTR.6958690,GOBERNACIÓN DEL CAUCA,Territorial,Servicio Público,Cauca,Prestación de servicios,Contratación directa,Cédula de Ciudadanía,2024-11-05T00:00:00.000,2024-11-06T00:00:00.000,2024-12-26T00:00:00.000,7600000,0,No,Cerrado,Distribuido,Inversión,https://community.secop.gov.co/Public/Tendering/OpportunityDetail/Index?noticeUID=CO1.NTC.6960078&isFromPublicArea=True&isModal=true&asPopupView=true,CO1.BDOS.6843159,incidental,False,False,0.91
CO1.PCCNTR.8918963,FONDO NACIONAL AMBIENTAL - ANLA,Nacional,Ambiente y Desarrollo Sostenible,Distrito Capital de Bogotá,Prestación de servicios,Contratación directa,Cédula de Ciudadanía,2026-01-16T00:00:00.000,2026-01-16T00:00:00.000,2026-12-31T00:00:00.000,93569750,0,No,En ejecución,Recursos Propios,Inversión,https://community.secop.gov.co/Public/Tendering/OpportunityDetail/Index?noticeUID=CO1.NTC.9552028&isFromPublicArea=True&isModal=true&asPopupView=true,CO1.BDOS.9343544,individual_professional_ai,False,False,0.73
CO1.PCCNTR.7489052,SERVICIO NACIONAL DE APRENDIZAJE - SENA MAGDALENA,Nacional,Trabajo,Magdalena,Prestación de servicios,Contratación directa,Cédula de Ciudadanía,2025-02-14T00:00:00.000,2025-02-17T00:00:00.000,2025-12-31T00:00:00.000,58800000,0,No,En ejecución,Distribuido,Inversión,https://community.secop.gov.co/Public/Tendering/OpportunityDetail/Index?noticeUID=CO1.NTC.7628086&isFromPublicArea=True&isModal=true&asPopupView=true,CO1.BDOS.7607130,individual_professional_ai,False,False,0.94
CO1.PCCNTR.6084251,Patrimonio Autónomo-Fondo De Seguridad Vial,Nacional,Hacienda y Crédito Público,No Definido,Decreto 092 de 2017,Contratación régimen especial,Cédula de Ciudadanía,2024-03-14T00:00:00.000,2024-03-18T00:00:00.000,2025-03-17T00:00:00.000,144249600,0,No,Cerrado,Recursos Propios,Inversión,https://community.secop.gov.co/Public/Tendering/OpportunityDetail/Index?noticeUID=CO1.NTC.5823451&isFromPublicArea=True&isModal=true&asPopupView=true,CO1.BDOS.5744966,individual_professional_ai,False,False,0.95
CO1.PCCNTR.8887005,MINISTERIO DE SALUD Y PROTECCIÓN SOCIAL,Nacional,Salud y Protección Social,Distrito Capital de Bogotá,Prestación de servicios,Contratación directa,Cédula de Ciudadanía,2026-01-15T00:00:00.000,2026-01-16T00:00:00.000,2026-12-30T00:00:00.000,106894294,0,No,En ejecución,Distribuido,Inversión,https://community.secop.gov.co/Public/Tendering/OpportunityDetail/Index?noticeUID=CO1.NTC.9519622&isFromPublicArea=True&isModal=true&asPopupView=true,CO1.BDOS.9498548,individual_professional_ai,False,False,0.98
CO1.PCCNTR.9156485,SENA REGIONAL BOLIVAR Centro para la Industria Petroquímica,Nacional,Trabajo,Bolívar,Prestación de servicios,Contratación directa,Cédula de Ciudadanía,2026-01-27T00:00:00.000,2026-02-02T00:00:00.000,2026-12-30T00:00:00.000,66699996,0,No,En ejecución,Distribuido,Inversión,https://community.secop.gov.co/Public/Tendering/OpportunityDetail/Index?noticeUID=CO1.NTC.9585780&isFromPublicArea=True&isModal=true&asPopupView=true,CO1.BDOS.9571630,individual_professional_ai,False,False,0.77
CO1.PCCNTR.9928393,PERSONERIA DISTRITAL DE BARRANQUILLA,Territorial,No aplica/No pertenece,Atlántico,Prestación de servicios,Contratación directa,NIT,2026-09-11T00:00:00.000,2026-09-16T00:00:00.000,2026-10-16T00:00:00.000,27500000,0,No,En ejecución,Distribuido,Funcionamiento,https://community.secop.gov.co/Public/Tendering/OpportunityDetail/Index?noticeUID=CO1.NTC.10872433&isFromPublicArea=True&isModal=true&asPopupView=true,CO1.BDOS.10832428,ai_product_or_platform,False,False,0.97
CO1.PCCNTR.6401081,UPME,Nacional,Minas y Energía,Distrito Capital de Bogotá,Prestación de servicios,Contratación régimen especial,Cédula de Ciudadanía,2024-06-07T00:00:00.000,2024-06-11T00:00:00.000,2024-12-31T00:00:00.000,27333333,0,Si,Cerrado,Recursos Propios,Inversión,https://community.secop.gov.co/Public/Tendering/OpportunityDetail/Index?noticeUID=CO1.NTC.6221265&isFromPublicArea=True&isModal=true&asPopupView=true,CO1.BDOS.6213209,individual_professional_ai,False,False,0.98
CO1.PCCNTR.9826380,IUOC,Territorial,Educación Nacional,Caldas,Prestación de servicios,Contratación directa,Cédula de Ciudadanía,2026-08-19T00:00:00.000,2026-08-19T00:00:00.000,2026-12-11T00:00:00.000,12887673,0,No,En ejecución,Distribuido,Funcionamiento,https://community.secop.gov.co/Public/Tendering/OpportunityDetail/Index?noticeUID=CO1.NTC.10729461&isFromPublicArea=True&isModal=true&asPopupView=true,CO1.BDOS.10691404,individual_professional_ai,False,False,0.96
CO1.PCCNTR.8520398,IU. Digital,Territorial,Educación Nacional,Antioquia,Prestación de servicios,Contratación directa,NIT,2025-10-31T00:00:00.000,2025-11-04T00:00:00.000,2025-12-15T00:00:00.000,65440000,0,No,En ejecución,Recursos Propios,Inversión,https://community.secop.gov.co/Public/Tendering/OpportunityDetail/Index?noticeUID=CO1.NTC.9036685&isFromPublicArea=True&isModal=true&asPopupView=true,CO1.BDOS.9011661,ai_development_service,False,True,0.91
CO1.PCCNTR.7313035,JEP,Nacional,No aplica/No pertenece,Distrito Capital de Bogotá,Prestación de servicios,Contratación régimen especial,Cédula de Ciudadanía,2025-01-25T00:00:00.000,2025-01-29T00:00:00.000,2025-12-31T00:00:00.000,119390410,31,No,Modificado,Distribuido,Inversión,https://community.secop.gov.co/Public/Tendering/OpportunityDetail/Index?noticeUID=CO1.NTC.7428186&isFromPublicArea=True&isModal=true&asPopupView=true,CO1.BDOS.7413641,incidental,False,False,0.88
CO1.PCCNTR.8502314,INSTITUCIÓN UNIVERSITARIA ITM,Nacional,Educación Nacional,Antioquia,Prestación de servicios,Contratación directa,Cédula de Ciudadanía,2025-10-27T00:00:00.000,2025-10-27T00:00:00.000,2025-11-03T00:00:00.000,2167200,0,Si,En ejecución,Recursos Propios,Inversión,https://community.secop.gov.co/Public/Tendering/OpportunityDetail/Index?noticeUID=CO1.NTC.9013551&isFromPublicArea=True&isModal=true&asPopupView=true,CO1.BDOS.8989225,individual_professional_ai,False,False,0.94
CO1.PCCNTR.9011274,MINISTERIO DE MINAS Y ENERGIA,Nacional,Minas y Energía,Distrito Capital de Bogotá,Prestación de servicios,Contratación directa,Cédula de Ciudadanía,2026-01-22T00:00:00.000,2026-01-23T00:00:00.000,2026-12-31T00:00:00.000,184000000,0,No,En ejecución,Distribuido,Inversión,https://community.secop.gov.co/Public/Tendering/OpportunityDetail/Index?noticeUID=CO1.NTC.9644962&isFromPublicArea=True&isModal=true&asPopupView=true,CO1.BDOS.9509174,individual_professional_ai,False,False,0.82
CO1.PCCNTR.8143797,INSTITUCION UNIVERSITARIA DE BARRANQUILLA-IUB,Territorial,Educación Nacional,Atlántico,Prestación de servicios,Contratación directa,Cédula de Ciudadanía,2025-09-24T00:00:00.000,2025-09-29T00:00:00.000,2025-09-30T00:00:00.000,20240000,0,No,En ejecución,Recursos Propios,Funcionamiento,https://community.secop.gov.co/Public/Tendering/OpportunityDetail/Index?noticeUID=CO1.NTC.8526047&isFromPublicArea=True&isModal=true&asPopupView=true,CO1.BDOS.8503729,individual_professional_ai,False,False,0.94
CO1.PCCNTR.8335794,MUNICIPIO DE FLORENCIA,Territorial,No aplica/No pertenece,Caquetá,Otro,Contratación directa,NIT,2025-09-26T00:00:00.000,2025-09-30T00:00:00.000,2025-12-31T00:00:00.000,388000000,0,No,En ejecución,Distribuido,Inversión,https://community.secop.gov.co/Public/Tendering/OpportunityDetail/Index?noticeUID=CO1.NTC.8789433&isFromPublicArea=True&isModal=true&asPopupView=true,CO1.BDOS.8765248,ai_development_service,False,False,0.78
CO1.PCCNTR.9780834,MUNICIPIO DE COMBITA,Territorial,Servicio Público,Boyacá,Prestación de servicios,Contratación directa,Cédula de Ciudadanía,2026-08-06T00:00:00.000,2026-08-06T00:00:00.000,2026-12-05T00:00:00.000,10400000,0,No,En ejecución,Distribuido,Inversión,https://community.secop.gov.co/Public/Tendering/OpportunityDetail/Index?noticeUID=CO1.NTC.10668162&isFromPublicArea=True&isModal=true&asPopupView=true,CO1.BDOS.10631145,individual_professional_ai,False,False,0.82
CO1.PCCNTR.7766441,ESTABLECIMIENTO PUBLICO AMBIENTAL BARRANQUILLA VERDE,Territorial,Ambiente y Desarrollo Sostenible,Atlántico,Prestación de servicios,Contratación directa,NIT,2025-04-09T00:00:00.000,2025-04-09T00:00:00.000,2025-12-31T00:00:00.000,98500000,0,No,Modificado,Recursos Propios,Funcionamiento,https://community.secop.gov.co/Public/Tendering/OpportunityDetail/Index?noticeUID=CO1.NTC.7979693&isFromPublicArea=True&isModal=true&asPopupView=true,CO1.BDOS.7963208,ai_development_service,False,False,0.65
CO1.PCCNTR.7708646,INSTITUCION UNIVERSITARIA DE SANTA MARTA,Territorial,Educación Nacional,Magdalena,Prestación de servicios,Contratación directa,Cédula de Ciudadanía,2025-03-27T00:00:00.000,2025-03-27T00:00:00.000,2025-07-27T00:00:00.000,60000000,0,No,En ejecución,Distribuido,Funcionamiento,https://community.secop.gov.co/Public/Tendering/OpportunityDetail/Index?noticeUID=CO1.NTC.7906259&isFromPublicArea=True&isModal=true&asPopupView=true,CO1.BDOS.7890353,individual_professional_ai,False,False,0.88
CO1.PCCNTR.9262188,Rama Judicial  Dirección Ejecutiva de Administración Judicial,Nacional,Ley de Justicia,Distrito Capital de Bogotá,Prestación de servicios,Contratación directa,Cédula de Ciudadanía,2026-01-30T00:00:00.000,2026-01-30T00:00:00.000,2026-12-31T00:00:00.000,95981580,0,No,Modificado,Distribuido,Inversión,https://community.secop.gov.co/Public/Tendering/OpportunityDetail/Index?noticeUID=CO1.NTC.9892940&isFromPublicArea=True&isModal=true&asPopupView=true,CO1.BDOS.9822439,individual_professional_ai,False,False,0.97
CO1.PCCNTR.6492473,SERVICIO GEOLOGICO COLOMBIANO**,Nacional,Minas y Energía,Distrito Capital de Bogotá,Prestación de servicios,Contratación directa,Cédula de Ciudadanía,2024-07-03T00:00:00.000,2024-07-03T00:00:00.000,2024-09-02T00:00:00.000,11219181,0,No,terminado,Distribuido,Funcionamiento,https://community.secop.gov.co/Public/Tendering/OpportunityDetail/Index?noticeUID=CO1.NTC.6346081&isFromPublicArea=True&isModal=true&asPopupView=true,CO1.BDOS.6332543,individual_professional_ai,False,False,0.98
CO1.PCCNTR.8836602,DEPARTAMENTO ADMINISTRATIVO NACIONAL DE ESTADISTICA (DANE),Nacional,Información Estadística,Distrito Capital de Bogotá,Prestación de servicios,Contratación directa,Cédula de Ciudadanía,2026-01-12T00:00:00.000,2026-01-14T00:00:00.000,2026-10-28T00:00:00.000,76475000,0,No,En ejecución,Distribuido,Inversión,https://community.secop.gov.co/Public/Tendering/OpportunityDetail/Index?noticeUID=CO1.NTC.9466633&isFromPublicArea=True&isModal=true&asPopupView=true,CO1.BDOS.9414235,individual_professional_ai,False,False,0.94
CO1.PCCNTR.9291015,CONTRALORIA MUNICIPAL DE ENVIGADO,Territorial,Servicio Público,Antioquia,Prestación de servicios,Contratación directa,NIT,2026-01-30T00:00:00.000,2026-02-18T00:00:00.000,2026-09-14T00:00:00.000,40000000,31,No,Modificado,Distribuido,Funcionamiento,https://community.secop.gov.co/Public/Tendering/OpportunityDetail/Index?noticeUID=CO1.NTC.9922471&isFromPublicArea=True&isModal=true&asPopupView=true,CO1.BDOS.9871495,incidental,False,False,0.98
CO1.PCCNTR.7531105,DEPARTAMENTO ADMINISTRATIVO DEL SERVICIO CIVIL DISTRITAL,Territorial,Servicio Público,Distrito Capital de Bogotá,Prestación de servicios,Contratación directa,Cédula de Ciudadanía,2025-03-03T00:00:00.000,2025-03-11T00:00:00.000,2025-12-31T00:00:00.000,32980000,97,No,Cerrado,Distribuido,Inversión,https://community.secop.gov.co/Public/Tendering/OpportunityDetail/Index?noticeUID=CO1.NTC.7680205&isFromPublicArea=True&isModal=true&asPopupView=true,CO1.BDOS.7664293,individual_professional_ai,False,False,0.91
CO1.PCCNTR.8340573,MINISTERIO DE MINAS Y ENERGIA,Nacional,Minas y Energía,Distrito Capital de Bogotá,Prestación de servicios,Contratación directa,Cédula de Ciudadanía,2025-09-19T00:00:00.000,2025-09-22T00:00:00.000,2025-12-31T00:00:00.000,42000000,0,No,cedido,Distribuido,Inversión,https://community.secop.gov.co/Public/Tendering/OpportunityDetail/Index?noticeUID=CO1.NTC.8795578&isFromPublicArea=True&isModal=true&asPopupView=true,CO1.BDOS.8770417,individual_professional_ai,False,False,0.96
CO1.PCCNTR.9033829,SENA REGIONAL CALDAS CENTRO DE AUTOMATIZACION INDUSTRIAL,Nacional,Salud y Protección Social,Caldas,Prestación de servicios,Contratación directa,Cédula de Ciudadanía,2026-01-21T00:00:00.000,2026-01-22T00:00:00.000,2026-12-21T00:00:00.000,66699996,0,Si,Modificado,Recursos Propios,Inversión,https://community.secop.gov.co/Public/Tendering/OpportunityDetail/Index?noticeUID=CO1.NTC.9667993&isFromPublicArea=True&isModal=true&asPopupView=true,CO1.BDOS.9654395,individual_professional_ai,False,False,0.88
CO1.PCCNTR.7873264,IGAC Sede Central *,Nacional,Información Estadística,Distrito Capital de Bogotá,Prestación de servicios,Mínima cuantía,NIT,2025-05-15T00:00:00.000,2025-05-22T00:00:00.000,2025-08-21T00:00:00.000,7436086,0,No,terminado,Distribuido,Inversión,https://community.secop.gov.co/Public/Tendering/OpportunityDetail/Index?noticeUID=CO1.NTC.8059629&isFromPublicArea=True&isModal=true&asPopupView=true,CO1.BDOS.8036942,ai_product_or_platform,True,False,0.99
CO1.PCCNTR.4578228,Institución Universitaria Pascual Bravo COMPRADOR,Nacional,Educación Nacional,Antioquia,Prestación de servicios,Contratación directa,Cédula de Ciudadanía,2023-02-07T00:00:00.000,2023-02-07T00:00:00.000,2023-04-06T00:00:00.000,4326667,0,No,Cerrado,Recursos Propios,Inversión,https://community.secop.gov.co/Public/Tendering/OpportunityDetail/Index?noticeUID=CO1.NTC.3949052&isFromPublicArea=True&isModal=true&asPopupView=true,CO1.BDOS.3947599,individual_professional_ai,False,False,0.98
CO1.PCCNTR.7155629,(Secretaría Distrital de Integración Social),Territorial,Inclusión Social y Reconciliación,Distrito Capital de Bogotá,Prestación de servicios,Contratación directa,NIT,2024-12-19T00:00:00.000,2024-12-27T00:00:00.000,2025-04-26T00:00:00.000,152462800,0,No,En ejecución,Distribuido,Inversión,https://community.secop.gov.co/Public/Tendering/OpportunityDetail/Index?noticeUID=CO1.NTC.7221480&isFromPublicArea=True&isModal=true&asPopupView=true,CO1.BDOS.7200017,ai_development_service,False,False,0.87
CO1.PCCNTR.7437119,DEPARTAMENTO DE ANTIOQUIA//,Territorial,Servicio Público,Antioquia,Prestación de servicios,Contratación directa,NIT,2025-02-07T00:00:00.000,2025-02-10T00:00:00.000,2025-12-31T00:00:00.000,558623423,0,No,En ejecución,Distribuido,Funcionamiento,https://community.secop.gov.co/Public/Tendering/OpportunityDetail/Index?noticeUID=CO1.NTC.7500731&isFromPublicArea=True&isModal=true&asPopupView=true,CO1.BDOS.7485090,ai_product_or_platform,False,False,0.78
CO1.PCCNTR.4583325,SENA DISTRITO CAPITAL GRUPO DE APOYO ADMINISTRATIVO - CGI,Nacional,Trabajo,Distrito Capital de Bogotá,Prestación de servicios,Contratación directa,Cédula de Ciudadanía,2023-02-10T00:00:00.000,2023-02-10T00:00:00.000,2023-10-31T00:00:00.000,36153000,0,Si,Cerrado,Distribuido,Inversión,https://community.secop.gov.co/Public/Tendering/OpportunityDetail/Index?noticeUID=CO1.NTC.3897456&isFromPublicArea=True&isModal=true&asPopupView=true,CO1.BDOS.3895525,individual_professional_ai,False,False,0.93
CO1.PCCNTR.9089130,FONDO UNICO DE TECNOLOGÍAS DE LA INFORMACIÓN Y LAS COMUNICACIONES,Nacional,Tecnologías de la Información y las Comunicaciones,Distrito Capital de Bogotá,Prestación de servicios,Contratación directa,Cédula de Ciudadanía,2026-01-24T00:00:00.000,2026-01-27T00:00:00.000,2026-10-26T00:00:00.000,39727800,0,No,En ejecución,Distribuido,Inversión,https://community.secop.gov.co/Public/Tendering/OpportunityDetail/Index?noticeUID=CO1.NTC.9724125&isFromPublicArea=True&isModal=true&asPopupView=true,CO1.BDOS.9708178,individual_professional_ai,False,False,0.9
CO1.PCCNTR.4551702,SENA DISTRITO CAPITAL GRUPO DE APOYO ADMINISTRATIVO - CGI,Nacional,Trabajo,Distrito Capital de Bogotá,Prestación de servicios,Contratación directa,Cédula de Ciudadanía,2023-02-03T00:00:00.000,2023-02-03T00:00:00.000,2023-12-15T00:00:00.000,42178500,0,Si,Cerrado,Distribuido,Inversión,https://community.secop.gov.co/Public/Tendering/OpportunityDetail/Index?noticeUID=CO1.NTC.3897491&isFromPublicArea=True&isModal=true&asPopupView=true,CO1.BDOS.3894857,individual_professional_ai,False,False,0.98
CO1.PCCNTR.8472553,INSTITUCIÓN UNIVERSITARIA ITM,Nacional,Educación Nacional,Antioquia,Prestación de servicios,Contratación directa,Cédula de Ciudadanía,2025-10-21T00:00:00.000,2025-10-21T00:00:00.000,2025-11-25T00:00:00.000,2462352,0,No,En ejecución,Recursos Propios,Funcionamiento,https://community.secop.gov.co/Public/Tendering/OpportunityDetail/Index?noticeUID=CO1.NTC.8972119&isFromPublicArea=True&isModal=true&asPopupView=true,CO1.BDOS.8946652,individual_professional_ai,False,False,0.97
CO1.PCCNTR.4551705,SENA DISTRITO CAPITAL GRUPO DE APOYO ADMINISTRATIVO - CGI,Nacional,Trabajo,Distrito Capital de Bogotá,Prestación de servicios,Contratación directa,Cédula de Ciudadanía,2023-02-03T00:00:00.000,2023-02-03T00:00:00.000,2023-12-15T00:00:00.000,42178500,0,Si,Cerrado,Distribuido,Inversión,https://community.secop.gov.co/Public/Tendering/OpportunityDetail/Index?noticeUID=CO1.NTC.3897476&isFromPublicArea=True&isModal=true&asPopupView=true,CO1.BDOS.3895072,individual_professional_ai,False,False,0.91
CO1.PCCNTR.9186184,TRANSMILENIO S.A.,Territorial,Transporte,Distrito Capital de Bogotá,Prestación de servicios,Contratación directa,Cédula de Ciudadanía,2026-01-28T00:00:00.000,2026-02-02T00:00:00.000,2027-01-16T00:00:00.000,61617000,97,No,Modificado,Recursos Propios,Inversión,https://community.secop.gov.co/Public/Tendering/OpportunityDetail/Index?noticeUID=CO1.NTC.9819051&isFromPublicArea=True&isModal=true&asPopupView=true,CO1.BDOS.9266307,individual_professional_ai,False,False,0.99
CO1.PCCNTR.6178531,SECRETARIA GENERAL- GOBERNACION DEL VALLE,Territorial,Servicio Público,Valle del Cauca,Prestación de servicios,Contratación directa,NIT,2024-04-05T00:00:00.000,2024-04-09T00:00:00.000,2024-10-31T00:00:00.000,460000000,0,No,terminado,Distribuido,Inversión,https://community.secop.gov.co/Public/Tendering/OpportunityDetail/Index?noticeUID=CO1.NTC.5938832&isFromPublicArea=True&isModal=true&asPopupView=true,CO1.BDOS.5928456,ai_development_service,True,False,0.91
CO1.PCCNTR.6201801,UNIAJC,Territorial,Educación Nacional,Valle del Cauca,Compraventa,Mínima cuantía,NIT,2024-04-17T00:00:00.000,2024-04-18T00:00:00.000,2024-05-03T00:00:00.000,30400000,0,No,En ejecución,Recursos Propios,Funcionamiento,https://community.secop.gov.co/Public/Tendering/OpportunityDetail/Index?noticeUID=CO1.NTC.5918355&isFromPublicArea=True&isModal=true&asPopupView=true,CO1.BDOS.5911040,ai_product_or_platform,False,False,0.91
CO1.PCCNTR.7779264,UPME,Nacional,Minas y Energía,Distrito Capital de Bogotá,Otro,Contratación régimen especial,NIT,2025-04-12T00:00:00.000,2025-04-12T00:00:00.000,2028-04-11T00:00:00.000,0,0,Si,En ejecución,Distribuido,Funcionamiento,https://community.secop.gov.co/Public/Tendering/OpportunityDetail/Index?noticeUID=CO1.NTC.7995753&isFromPublicArea=True&isModal=true&asPopupView=true,CO1.BDOS.7978914,incidental,False,False,0.82
CO1.PCCNTR.5413860,FONDO UNICO DE TECNOLOGÍAS DE LA INFORMACIÓN Y LAS COMUNICACIONES,Nacional,Tecnologías de la Información y las Comunicaciones,Distrito Capital de Bogotá,Prestación de servicios,Contratación directa,Cédula de Ciudadanía,2023-10-02T00:00:00.000,2023-10-03T00:00:00.000,2023-12-31T00:00:00.000,39583333,0,No,En ejecución,Distribuido,Inversión,https://community.secop.gov.co/Public/Tendering/OpportunityDetail/Index?noticeUID=CO1.NTC.5001998&isFromPublicArea=True&isModal=true&asPopupView=true,CO1.BDOS.4991171,individual_professional_ai,False,False,0.97
CO1.PCCNTR.6606598,SECRETARÍA GENERAL DE LA ALCALDÍA MAYOR DE BOGOTÁ,Territorial,Servicio Público,Distrito Capital de Bogotá,Prestación de servicios,Contratación directa,Cédula de Ciudadanía,2024-08-05T00:00:00.000,2024-08-08T00:00:00.000,2024-12-31T00:00:00.000,70471368,0,No,Cerrado,Distribuido,Inversión,https://community.secop.gov.co/Public/Tendering/OpportunityDetail/Index?noticeUID=CO1.NTC.6500042&isFromPublicArea=True&isModal=true&asPopupView=true,CO1.BDOS.6490075,individual_professional_ai,False,False,0.97
CO1.PCCNTR.9270109,CORPORACION AGENCIA NACIONAL DE GOBIERNO DIGITAL,Nacional,Tecnologías de la Información y las Comunicaciones,Distrito Capital de Bogotá,Decreto 092 de 2017,Contratación régimen especial,Cédula de Ciudadanía,2026-01-30T00:00:00.000,2026-02-01T00:00:00.000,2026-12-31T00:00:00.000,178133333,0,No,En ejecución,Recursos Propios,Inversión,https://community.secop.gov.co/Public/Tendering/OpportunityDetail/Index?noticeUID=CO1.NTC.9901662&isFromPublicArea=True&isModal=true&asPopupView=true,CO1.BDOS.9881422,individual_professional_ai,False,False,0.79
CO1.PCCNTR.8039242,ALCALDÍA MUNICIPIO DE SAN ROQUE,Territorial,Servicio Público,Antioquia,Prestación de servicios,Contratación directa,Cédula de Ciudadanía,2025-07-02T00:00:00.000,2025-07-02T00:00:00.000,2025-07-06T00:00:00.000,25470717,0,No,terminado,Distribuido,Inversión,https://community.secop.gov.co/Public/Tendering/OpportunityDetail/Index?noticeUID=CO1.NTC.8369439&isFromPublicArea=True&isModal=true&asPopupView=true,CO1.BDOS.8345728,incidental,False,False,0.99
CO1.PCCNTR.7593725,SENA REGIONAL ANTIOQUIA Grupo de Apoyo Administrativo Mixto,Nacional,Trabajo,Antioquia,Prestación de servicios,Contratación directa,Cédula de Ciudadanía,2025-03-03T00:00:00.000,2025-03-04T00:00:00.000,2025-12-30T00:00:00.000,42713333,0,No,terminado,Distribuido,Inversión,https://community.secop.gov.co/Public/Tendering/OpportunityDetail/Index?noticeUID=CO1.NTC.7756594&isFromPublicArea=True&isModal=true&asPopupView=true,CO1.BDOS.7742389,individual_professional_ai,False,False,0.88
CO1.PCCNTR.8840887,DEPARTAMENTO ADMINISTRATIVO NACIONAL DE ESTADISTICA (DANE),Nacional,Información Estadística,Distrito Capital de Bogotá,Prestación de servicios,Contratación directa,Cédula de Ciudadanía,2026-01-13T00:00:00.000,2026-01-19T00:00:00.000,2026-09-18T00:00:00.000,34256000,0,No,En ejecución,Distribuido,Inversión,https://community.secop.gov.co/Public/Tendering/OpportunityDetail/Index?noticeUID=CO1.NTC.9470766&isFromPublicArea=True&isModal=true&asPopupView=true,CO1.BDOS.9319318,individual_professional_ai,False,False,0.88
CO1.PCCNTR.8268347,MINTRABAJO NIVEL CENTRAL*/,Nacional,Trabajo,Distrito Capital de Bogotá,Otro,Contratación régimen especial,NIT,2025-09-02T00:00:00.000,2025-09-03T00:00:00.000,2026-03-30T00:00:00.000,875005810,89,Si,Cerrado,Recursos Propios,Inversión,https://community.secop.gov.co/Public/Tendering/OpportunityDetail/Index?noticeUID=CO1.NTC.8701075&isFromPublicArea=True&isModal=true&asPopupView=true,CO1.BDOS.8663573,ai_development_service,False,True,0.96
CO1.PCCNTR.8190564,FONDO UNICO DE TECNOLOGÍAS DE LA INFORMACIÓN Y LAS COMUNICACIONES,Nacional,Tecnologías de la Información y las Comunicaciones,Distrito Capital de Bogotá,Otro,Contratación directa,NIT,2025-08-13T00:00:00.000,2025-08-29T00:00:00.000,2025-12-19T00:00:00.000,14043866056,0,No,Modificado,Distribuido,Inversión,https://community.secop.gov.co/Public/Tendering/OpportunityDetail/Index?noticeUID=CO1.NTC.8593559&isFromPublicArea=True&isModal=true&asPopupView=true,CO1.BDOS.8570683,unclear,False,False,0.88
CO1.PCCNTR.8461721,SECRETARÍA GENERAL DE LA ALCALDÍA MAYOR DE BOGOTÁ,Territorial,Servicio Público,Distrito Capital de Bogotá,Consultoría,Concurso de méritos abierto,NIT,2025-10-24T00:00:00.000,2025-10-29T00:00:00.000,2026-01-28T00:00:00.000,280155174,0,No,terminado,Distribuido,Inversión,https://community.secop.gov.co/Public/Tendering/OpportunityDetail/Index?noticeUID=CO1.NTC.8804407&isFromPublicArea=True&isModal=true&asPopupView=true,CO1.BDOS.8688366,unclear,False,False,0.87
CO1.PCCNTR.8985530,MINCIENCIAS,Nacional,Ciencia Tecnología,Distrito Capital de Bogotá,Prestación de servicios,Contratación directa,Cédula de Ciudadanía,2026-01-22T00:00:00.000,2026-01-23T00:00:00.000,2026-07-22T00:00:00.000,72000000,0,Si,En ejecución,Distribuido,Inversión,https://community.secop.gov.co/Public/Tendering/OpportunityDetail/Index?noticeUID=CO1.NTC.9616856&isFromPublicArea=True&isModal=true&asPopupView=true,CO1.BDOS.9589804,individual_professional_ai,False,False,0.94
CO1.PCCNTR.9063484,JEP,Nacional,No aplica/No pertenece,Distrito Capital de Bogotá,Prestación de servicios,Contratación régimen especial,Cédula de Ciudadanía,2026-01-27T00:00:00.000,2026-01-28T00:00:00.000,2026-12-31T00:00:00.000,201055534,0,No,En ejecución,Distribuido,Inversión,https://community.secop.gov.co/Public/Tendering/OpportunityDetail/Index?noticeUID=CO1.NTC.9698019&isFromPublicArea=True&isModal=true&asPopupView=true,CO1.BDOS.9685037,individual_professional_ai,False,False,0.96
CO1.PCCNTR.9259151,INSTITUCIÓN UNIVERSITARIA ITM,Nacional,Educación Nacional,Antioquia,Prestación de servicios,Contratación directa,Cédula de Ciudadanía,2026-01-30T00:00:00.000,2026-02-17T00:00:00.000,2026-05-14T00:00:00.000,13728000,0,No,En ejecución,Recursos Propios,Funcionamiento,https://community.secop.gov.co/Public/Tendering/OpportunityDetail/Index?noticeUID=CO1.NTC.9891672&isFromPublicArea=True&isModal=true&asPopupView=true,CO1.BDOS.9872122,individual_professional_ai,False,False,0.94
CO1.PCCNTR.6446111,SENA REGIONAL ANTIOQUIA Grupo de Apoyo Administrativo Mixto,Nacional,Trabajo,Antioquia,Prestación de servicios,Contratación directa,Cédula de Ciudadanía,2024-06-19T00:00:00.000,2024-06-21T00:00:00.000,2024-12-13T00:00:00.000,25751310,0,No,terminado,Distribuido,Inversión,https://community.secop.gov.co/Public/Tendering/OpportunityDetail/Index?noticeUID=CO1.NTC.6286183&isFromPublicArea=True&isModal=true&asPopupView=true,CO1.BDOS.6276479,individual_professional_ai,False,False,0.88
CO1.PCCNTR.8350103,ESAP TERRITORIAL ANTIOQUIA,Nacional,Educación Nacional,Antioquia,Prestación de servicios,Contratación directa,Cédula de Ciudadanía,2025-09-20T00:00:00.000,2025-10-01T00:00:00.000,2025-12-10T00:00:00.000,9600000,0,No,En ejecución,Distribuido,Inversión,https://community.secop.gov.co/Public/Tendering/OpportunityDetail/Index?noticeUID=CO1.NTC.8812202&isFromPublicArea=True&isModal=true&asPopupView=true,CO1.BDOS.8787301,individual_professional_ai,False,False,0.9
CO1.PCCNTR.8337744,INSTITUCIÓN UNIVERSITARIA ITM,Nacional,Educación Nacional,Antioquia,Prestación de servicios,Contratación directa,Cédula de Ciudadanía,2025-09-17T00:00:00.000,2025-09-17T00:00:00.000,2025-12-31T00:00:00.000,3566667,0,No,En ejecución,Recursos Propios,Inversión,https://community.secop.gov.co/Public/Tendering/OpportunityDetail/Index?noticeUID=CO1.NTC.8795692&isFromPublicArea=True&isModal=true&asPopupView=true,CO1.BDOS.8771942,incidental,False,False,0.99
CO1.PCCNTR.7310850,JEP,Nacional,No aplica/No pertenece,Distrito Capital de Bogotá,Prestación de servicios,Contratación régimen especial,Cédula de Ciudadanía,2025-01-25T00:00:00.000,2025-01-28T00:00:00.000,2025-12-31T00:00:00.000,119748939,31,No,Modificado,Distribuido,Inversión,https://community.secop.gov.co/Public/Tendering/OpportunityDetail/Index?noticeUID=CO1.NTC.7425814&isFromPublicArea=True&isModal=true&asPopupView=true,CO1.BDOS.7409621,individual_professional_ai,False,False,0.76
CO1.PCCNTR.7457680,IGAC Sede Central *,Nacional,Información Estadística,Distrito Capital de Bogotá,Prestación de servicios,Contratación directa,Cédula de Ciudadanía,2025-02-12T00:00:00.000,2025-02-13T00:00:00.000,2025-12-31T00:00:00.000,121900000,0,No,Cerrado,Distribuido,Inversión,https://community.secop.gov.co/Public/Tendering/OpportunityDetail/Index?noticeUID=CO1.NTC.7590141&isFromPublicArea=True&isModal=true&asPopupView=true,CO1.BDOS.7576950,individual_professional_ai,False,False,0.91
CO1.PCCNTR.8168565,DEPARTAMENTO ADMINISTRATIVO DE LA FUNCIÓN PÚBLICA ENTIDAD,Nacional,Servicio Público,Distrito Capital de Bogotá,Prestación de servicios,Contratación directa,Cédula de Ciudadanía,2025-08-06T00:00:00.000,2025-08-06T00:00:00.000,2025-12-12T00:00:00.000,37500000,0,No,Cerrado,Distribuido,Inversión,https://community.secop.gov.co/Public/Tendering/OpportunityDetail/Index?noticeUID=CO1.NTC.8560029&isFromPublicArea=True&isModal=true&asPopupView=true,CO1.BDOS.8536250,individual_professional_ai,False,False,0.97
CO1.PCCNTR.7601277,POLITECNICO COLOMBIANO JAIME ISAZA CADAVID,Territorial,No aplica/No pertenece,Antioquia,Prestación de servicios,Contratación directa,Cédula de Ciudadanía,2025-03-10T00:00:00.000,2025-03-10T00:00:00.000,2025-05-09T00:00:00.000,9000000,0,Si,En ejecución,Distribuido,Inversión,https://community.secop.gov.co/Public/Tendering/OpportunityDetail/Index?noticeUID=CO1.NTC.7753763&isFromPublicArea=True&isModal=true&asPopupView=true,CO1.BDOS.7666163,individual_professional_ai,False,False,0.97
CO1.PCCNTR.9719922,MUNICIPIO DE ENVIGADO*,Nacional,Cultura,Antioquia,Prestación de servicios,Contratación directa,NIT,2026-07-28T00:00:00.000,2026-08-06T00:00:00.000,2026-12-15T00:00:00.000,100000000,0,No,En ejecución,Distribuido,Inversión,https://community.secop.gov.co/Public/Tendering/OpportunityDetail/Index?noticeUID=CO1.NTC.10587480&isFromPublicArea=True&isModal=true&asPopupView=true,CO1.BDOS.10536011,unclear,False,False,0.94
CO1.PCCNTR.9605741,DILOF,Nacional,defensa,Distrito Capital de Bogotá,Prestación de servicios,Contratación directa,NIT,2026-07-03T00:00:00.000,2026-07-03T00:00:00.000,2026-12-31T00:00:00.000,51620000,0,Si,En ejecución,Distribuido,Funcionamiento,https://community.secop.gov.co/Public/Tendering/OpportunityDetail/Index?noticeUID=CO1.NTC.10431740&isFromPublicArea=True&isModal=true&asPopupView=true,CO1.BDOS.10390161,incidental,False,False,0.97
CO1.PCCNTR.8204113,SENA REGIONAL PUTUMAYO Grupo de Apoyo Administrativo,Nacional,Trabajo,Putumayo,Compraventa,Contratación Directa (con ofertas),NIT,2025-08-15T00:00:00.000,,2025-09-20T00:00:00.000,280000000,0,No,Aprobado,Distribuido,Inversión,https://community.secop.gov.co/Public/Tendering/OpportunityDetail/Index?noticeUID=CO1.NTC.8590936&isFromPublicArea=True&isModal=true&asPopupView=true,CO1.BDOS.8564720,unclear,False,False,0.78
CO1.PCCNTR.8361074,SENA REGIONAL RISARALDA Grupo de Apoyo Administrativo Mixto//,Nacional,Educación Nacional,Risaralda,Prestación de servicios,Contratación directa,Cédula de Ciudadanía,2025-09-24T00:00:00.000,2025-09-26T00:00:00.000,2025-12-31T00:00:00.000,25333333,0,No,Cerrado,Distribuido,Inversión,https://community.secop.gov.co/Public/Tendering/OpportunityDetail/Index?noticeUID=CO1.NTC.8826836&isFromPublicArea=True&isModal=true&asPopupView=true,CO1.BDOS.8801385,individual_professional_ai,False,False,0.95
CO1.PCCNTR.7047594,MUNICIPIO LA DORADA,Territorial,Servicio Público,Caldas,Prestación de servicios,Contratación directa,NIT,2024-11-20T00:00:00.000,2024-11-26T00:00:00.000,2024-12-30T00:00:00.000,225019260,0,No,terminado,Distribuido,Inversión,https://community.secop.gov.co/Public/Tendering/OpportunityDetail/Index?noticeUID=CO1.NTC.7078799&isFromPublicArea=True&isModal=true&asPopupView=true,CO1.BDOS.7064939,ai_product_or_platform,False,False,0.88
CO1.PCCNTR.8910507,JEP,Nacional,No aplica/No pertenece,Distrito Capital de Bogotá,Prestación de servicios,Contratación régimen especial,Cédula de Ciudadanía,2026-01-19T00:00:00.000,2026-01-21T00:00:00.000,2026-12-27T00:00:00.000,124051264,0,No,En ejecución,Distribuido,Inversión,https://community.secop.gov.co/Public/Tendering/OpportunityDetail/Index?noticeUID=CO1.NTC.9543463&isFromPublicArea=True&isModal=true&asPopupView=true,CO1.BDOS.9530552,individual_professional_ai,False,False,0.91
CO1.PCCNTR.9124654,INSTITUCIÓN UNIVERSITARIA ITM,Nacional,Educación Nacional,Antioquia,Prestación de servicios,Contratación directa,Cédula de Ciudadanía,2026-01-25T00:00:00.000,2026-01-26T00:00:00.000,2026-04-11T00:00:00.000,14250000,29,Si,Modificado,Recursos Propios,Inversión,https://community.secop.gov.co/Public/Tendering/OpportunityDetail/Index?noticeUID=CO1.NTC.9760367&isFromPublicArea=True&isModal=true&asPopupView=true,CO1.BDOS.9742224,individual_professional_ai,False,False,0.94
CO1.PCCNTR.9074888,DEPARTAMENTO NACIONAL DE PLANEACIÓN,Nacional,Planeación,Distrito Capital de Bogotá,Prestación de servicios,Contratación directa,Cédula de Ciudadanía,2026-01-23T00:00:00.000,2026-01-27T00:00:00.000,2026-12-31T00:00:00.000,69010000,0,No,Modificado,Distribuido,Inversión,https://community.secop.gov.co/Public/Tendering/OpportunityDetail/Index?noticeUID=CO1.NTC.9709781&isFromPublicArea=True&isModal=true&asPopupView=true,CO1.BDOS.9669359,individual_professional_ai,False,False,0.98
CO1.PCCNTR.9081214,DEPARTAMENTO NACIONAL DE PLANEACIÓN,Nacional,Planeación,Distrito Capital de Bogotá,Prestación de servicios,Contratación directa,Cédula de Ciudadanía,2026-01-23T00:00:00.000,2026-01-26T00:00:00.000,2026-12-31T00:00:00.000,56000002,0,No,Modificado,Distribuido,Inversión,https://community.secop.gov.co/Public/Tendering/OpportunityDetail/Index?noticeUID=CO1.NTC.9715583&isFromPublicArea=True&isModal=true&asPopupView=true,CO1.BDOS.9701350,individual_professional_ai,False,False,0.99
CO1.PCCNTR.9981535,IDEP,Territorial,Educación Nacional,Distrito Capital de Bogotá,Prestación de servicios,Contratación directa,Cédula de Ciudadanía,2026-09-23T00:00:00.000,,2026-12-22T00:00:00.000,36000000,0,Si,Aprobado,Distribuido,Inversión,https://community.secop.gov.co/Public/Tendering/OpportunityDetail/Index?noticeUID=CO1.NTC.10945422&isFromPublicArea=True&isModal=true&asPopupView=true,CO1.BDOS.10903705,individual_professional_ai,False,False,0.84
CO1.PCCNTR.5744775,IGAC Sede Central *,Nacional,Información Estadística,Distrito Capital de Bogotá,Prestación de servicios,Contratación directa,Cédula de Ciudadanía,2024-01-17T00:00:00.000,2024-01-19T00:00:00.000,2024-12-30T00:00:00.000,144900000,0,No,Cerrado,Distribuido,Inversión,https://community.secop.gov.co/Public/Tendering/OpportunityDetail/Index?noticeUID=CO1.NTC.5438004&isFromPublicArea=True&isModal=true&asPopupView=true,CO1.BDOS.5427014,individual_professional_ai,False,False,0.97
CO1.PCCNTR.7597292,DEPARTAMENTO ADMINISTRATIVO NACIONAL DE ESTADISTICA (DANE),Nacional,Información Estadística,Distrito Capital de Bogotá,Prestación de servicios,Contratación directa,Cédula de Ciudadanía,2025-03-05T00:00:00.000,2025-03-07T00:00:00.000,2025-12-31T00:00:00.000,93430064,0,No,Cerrado,Distribuido,Inversión,https://community.secop.gov.co/Public/Tendering/OpportunityDetail/Index?noticeUID=CO1.NTC.7761792&isFromPublicArea=True&isModal=true&asPopupView=true,CO1.BDOS.7741793,individual_professional_ai,False,False,0.97
CO1.PCCNTR.7497493,FONDO UNICO DE TECNOLOGÍAS DE LA INFORMACIÓN Y LAS COMUNICACIONES,Nacional,Tecnologías de la Información y las Comunicaciones,Distrito Capital de Bogotá,Prestación de servicios,Contratación directa,Cédula de Ciudadanía,2025-02-17T00:00:00.000,2025-02-18T00:00:00.000,2025-12-31T00:00:00.000,88284000,0,No,Cerrado,Distribuido,Inversión,https://community.secop.gov.co/Public/Tendering/OpportunityDetail/Index?noticeUID=CO1.NTC.7639042&isFromPublicArea=True&isModal=true&asPopupView=true,CO1.BDOS.7622818,individual_professional_ai,False,False,0.96
CO1.PCCNTR.7525821,IGAC Sede Central *,Nacional,Información Estadística,Distrito Capital de Bogotá,Prestación de servicios,Contratación directa,Cédula de Ciudadanía,2025-02-20T00:00:00.000,2025-02-24T00:00:00.000,2025-12-28T00:00:00.000,43782750,0,No,Cerrado,Distribuido,Inversión,https://community.secop.gov.co/Public/Tendering/OpportunityDetail/Index?noticeUID=CO1.NTC.7673844&isFromPublicArea=True&isModal=true&asPopupView=true,CO1.BDOS.7658763,individual_professional_ai,False,False,0.98
CO1.PCCNTR.9720626,ESE HOSPITAL LOCAL CARTAGENA DE INDIAS.*,Territorial,Salud y Protección Social,Bolívar,Otro,Contratación régimen especial,NIT,2026-07-28T00:00:00.000,2026-08-01T00:00:00.000,2026-12-30T00:00:00.000,260000000,0,No,En ejecución,Recursos Propios,Funcionamiento,https://community.secop.gov.co/Public/Tendering/OpportunityDetail/Index?noticeUID=CO1.NTC.10588847&isFromPublicArea=True&isModal=true&asPopupView=true,CO1.BDOS.10551645,ai_product_or_platform,False,True,0.87
CO1.PCCNTR.7699371,REDDI COLOMBIA,Corporación Autónoma,Ciencia Tecnología,Valle del Cauca,Prestación de servicios,Contratación régimen especial,Cédula de Ciudadanía,2025-03-31T00:00:00.000,2025-03-31T00:00:00.000,2025-11-30T00:00:00.000,10000000,0,No,Cerrado,Distribuido,Inversión,https://community.secop.gov.co/Public/Tendering/OpportunityDetail/Index?noticeUID=CO1.NTC.7894453&isFromPublicArea=True&isModal=true&asPopupView=true,CO1.BDOS.7878114,individual_professional_ai,False,False,0.99
CO1.PCCNTR.9011608,SENA REGIONAL ANTIOQUIA Grupo de Apoyo Administrativo Mixto,Nacional,Trabajo,Antioquia,Prestación de servicios,Contratación directa,Cédula de Ciudadanía,2026-01-25T00:00:00.000,2026-02-01T00:00:00.000,2026-12-30T00:00:00.000,71500000,0,No,En ejecución,Distribuido,Inversión,https://community.secop.gov.co/Public/Tendering/OpportunityDetail/Index?noticeUID=CO1.NTC.9645252&isFromPublicArea=True&isModal=true&asPopupView=true,CO1.BDOS.9596465,individual_professional_ai,False,False,0.99
CO1.PCCNTR.8472566,INSTITUCIÓN UNIVERSITARIA ITM,Nacional,Educación Nacional,Antioquia,Prestación de servicios,Contratación directa,Cédula de Ciudadanía,2025-10-21T00:00:00.000,2025-10-21T00:00:00.000,2025-11-25T00:00:00.000,4309116,0,No,En ejecución,Recursos Propios,Funcionamiento,https://community.secop.gov.co/Public/Tendering/OpportunityDetail/Index?noticeUID=CO1.NTC.8972259&isFromPublicArea=True&isModal=true&asPopupView=true,CO1.BDOS.8946663,individual_professional_ai,False,False,0.95
CO1.PCCNTR.6187756,Unidad de Busqueda de Personas Desaparecidas,Nacional,Ley de Justicia,Distrito Capital de Bogotá,Prestación de servicios,Contratación directa,Cédula de Ciudadanía,2024-04-09T00:00:00.000,2024-04-11T00:00:00.000,2024-12-31T00:00:00.000,54054000,0,No,Cerrado,Distribuido,Inversión,https://community.secop.gov.co/Public/Tendering/OpportunityDetail/Index?noticeUID=CO1.NTC.5949715&isFromPublicArea=True&isModal=true&asPopupView=true,CO1.BDOS.5942330,individual_professional_ai,False,False,0.98
CO1.PCCNTR.4908442,Sena Regional Boyaca Grupo de Apoyo Administrativo Mixto,Nacional,Trabajo,Boyacá,Prestación de servicios,Contratación directa,Registro Civil,2023-04-28T00:00:00.000,2023-05-02T00:00:00.000,2023-12-16T00:00:00.000,30750000,0,No,Cerrado,Distribuido,Inversión,https://community.secop.gov.co/Public/Tendering/OpportunityDetail/Index?noticeUID=CO1.NTC.4349983&isFromPublicArea=True&isModal=true&asPopupView=true,CO1.BDOS.4345939,individual_professional_ai,False,False,0.96
CO1.PCCNTR.8195276,IGAC Sede Central *,Nacional,Información Estadística,Distrito Capital de Bogotá,Prestación de servicios,Contratación directa,Cédula de Ciudadanía,2025-08-14T00:00:00.000,2025-08-15T00:00:00.000,2025-12-31T00:00:00.000,70266667,0,No,Cerrado,Distribuido,Inversión,https://community.secop.gov.co/Public/Tendering/OpportunityDetail/Index?noticeUID=CO1.NTC.8599749&isFromPublicArea=True&isModal=true&asPopupView=true,CO1.BDOS.8576745,individual_professional_ai,False,False,0.96
CO1.PCCNTR.9899701,CONTRALORIA DEPARTAMENTAL DEL VALLE DEL CAUCA,Territorial,No aplica/No pertenece,Valle del Cauca,Prestación de servicios,Contratación directa,NIT,2026-09-04T00:00:00.000,2026-09-07T00:00:00.000,2026-10-30T00:00:00.000,61592000,0,No,En ejecución,Distribuido,Funcionamiento,https://community.secop.gov.co/Public/Tendering/OpportunityDetail/Index?noticeUID=CO1.NTC.10831348&isFromPublicArea=True&isModal=true&asPopupView=true,CO1.BDOS.10628093,incidental,False,False,0.99
CO1.PCCNTR.8155835,DEPARTAMENTO ADMINISTRATIVO DE LA FUNCIÓN PÚBLICA ENTIDAD,Nacional,Servicio Público,Distrito Capital de Bogotá,Prestación de servicios,Contratación directa,Cédula de Ciudadanía,2025-08-04T00:00:00.000,2025-08-08T00:00:00.000,2025-12-12T00:00:00.000,37500000,0,No,Cerrado,Distribuido,No Definido,https://community.secop.gov.co/Public/Tendering/OpportunityDetail/Index?noticeUID=CO1.NTC.8541763&isFromPublicArea=True&isModal=true&asPopupView=true,CO1.BDOS.8516920,incidental,False,False,0.97
CO1.PCCNTR.8678234,FONDO ROTATORIO DE LA REGISTRADURIA,Nacional,No aplica/No pertenece,Distrito Capital de Bogotá,Prestación de servicios,Contratación directa,NIT,2025-12-05T00:00:00.000,2025-12-11T00:00:00.000,2025-12-31T00:00:00.000,79525000,0,No,terminado,Distribuido,Inversión,https://community.secop.gov.co/Public/Tendering/OpportunityDetail/Index?noticeUID=CO1.NTC.9251441&isFromPublicArea=True&isModal=true&asPopupView=true,CO1.BDOS.9224015,unclear,False,False,0.88
CO1.PCCNTR.8255967,TRANSMILENIO S.A.,Territorial,Transporte,Distrito Capital de Bogotá,Prestación de servicios,Contratación directa,Cédula de Ciudadanía,2025-08-29T00:00:00.000,2025-09-03T00:00:00.000,2026-01-22T00:00:00.000,42392000,0,Si,Cerrado,Recursos Propios,Funcionamiento,https://community.secop.gov.co/Public/Tendering/OpportunityDetail/Index?noticeUID=CO1.NTC.8684070&isFromPublicArea=True&isModal=true&asPopupView=true,CO1.BDOS.8661434,individual_professional_ai,False,False,0.91
CO1.PCCNTR.9932439,SECRETARIA DE EDUCACION DEL DISTRITO,Territorial,Educación Nacional,Distrito Capital de Bogotá,Prestación de servicios,Contratación directa,Cédula de Ciudadanía,2026-09-15T00:00:00.000,2026-09-24T00:00:00.000,2026-12-31T00:00:00.000,40000000,0,No,En ejecución,Distribuido,Inversión,https://community.secop.gov.co/Public/Tendering/OpportunityDetail/Index?noticeUID=CO1.NTC.10877633&isFromPublicArea=True&isModal=true&asPopupView=true,CO1.BDOS.10809421,individual_professional_ai,False,False,0.97
CO1.PCCNTR.7478637,INSTITUCIÓN UNIVERSITARIA ITM,Nacional,Educación Nacional,Antioquia,Prestación de servicios,Contratación directa,Cédula de Ciudadanía,2025-02-13T00:00:00.000,2025-02-13T00:00:00.000,2025-09-27T00:00:00.000,26568178,0,Si,En ejecución,Recursos Propios,Inversión,https://community.secop.gov.co/Public/Tendering/OpportunityDetail/Index?noticeUID=CO1.NTC.7615591&isFromPublicArea=True&isModal=true&asPopupView=true,CO1.BDOS.7601807,individual_professional_ai,False,False,0.96
CO1.PCCNTR.9781673,COMISIÓN DE REGULACIÓN DE COMUNICACIONES,Nacional,Tecnologías de la Información y las Comunicaciones,Distrito Capital de Bogotá,Prestación de servicios,Contratación directa,Cédula de Ciudadanía,2026-08-11T00:00:00.000,2026-08-12T00:00:00.000,2026-11-12T00:00:00.000,30000000,0,No,En ejecución,Distribuido,Inversión,https://community.secop.gov.co/Public/Tendering/OpportunityDetail/Index?noticeUID=CO1.NTC.10667686&isFromPublicArea=True&isModal=true&asPopupView=true,CO1.BDOS.10628652,incidental,False,False,0.99
CO1.PCCNTR.7340231,Unidad de Busqueda de Personas Desaparecidas,Nacional,Ley de Justicia,Distrito Capital de Bogotá,Prestación de servicios,Contratación directa,Cédula de Ciudadanía,2025-01-28T00:00:00.000,2025-01-29T00:00:00.000,2025-12-15T00:00:00.000,55337633,76,No,Cerrado,Distribuido,Inversión,https://community.secop.gov.co/Public/Tendering/OpportunityDetail/Index?noticeUID=CO1.NTC.7460412&isFromPublicArea=True&isModal=true&asPopupView=true,CO1.BDOS.7445411,individual_professional_ai,False,False,0.99
CO1.PCCNTR.8339783,SECRETARIA DISTRITAL DE DESARROLLO ECONOMICO - ALCALDIA BOGOTÁ,Territorial,Industria,Distrito Capital de Bogotá,Prestación de servicios,Licitación pública,NIT,2025-09-25T00:00:00.000,2025-10-01T00:00:00.000,2026-12-31T00:00:00.000,2844029092,0,No,En ejecución,Distribuido,Inversión,https://community.secop.gov.co/Public/Tendering/OpportunityDetail/Index?noticeUID=CO1.NTC.8583662&isFromPublicArea=True&isModal=true&asPopupView=true,CO1.BDOS.8399836,unclear,False,False,0.82
CO1.PCCNTR.4886919,INSTITUTO COLOMBIANO PARA LA EVALUACIÓN DE LA EDUCACIÓN - ICFES,Nacional,Educación Nacional,Distrito Capital de Bogotá,Prestación de servicios,Contratación régimen especial (con ofertas),NIT,2023-04-25T00:00:00.000,2023-04-28T00:00:00.000,2023-12-15T00:00:00.000,510837089,0,No,terminado,Recursos Propios,Inversión,https://community.secop.gov.co/Public/Tendering/OpportunityDetail/Index?noticeUID=CO1.NTC.4258378&isFromPublicArea=True&isModal=true&asPopupView=true,CO1.BDOS.4254774,ai_product_or_platform,False,True,0.84
CO1.PCCNTR.7556113,FONDO UNICO DE TECNOLOGÍAS DE LA INFORMACIÓN Y LAS COMUNICACIONES,Nacional,Tecnologías de la Información y las Comunicaciones,Distrito Capital de Bogotá,Prestación de servicios,Contratación directa,Cédula de Ciudadanía,2025-02-26T00:00:00.000,2025-02-27T00:00:00.000,2025-08-26T00:00:00.000,78825000,0,No,Cerrado,Distribuido,Inversión,https://community.secop.gov.co/Public/Tendering/OpportunityDetail/Index?noticeUID=CO1.NTC.7711055&isFromPublicArea=True&isModal=true&asPopupView=true,CO1.BDOS.7683513,individual_professional_ai,False,False,0.98
CO1.PCCNTR.9259688,SENA REGIONAL BOLIVAR Grupo Administrativo CINFP,Nacional,Trabajo,Distrito Capital de Bogotá,Prestación de servicios,Contratación directa,Cédula de Ciudadanía,2026-01-30T00:00:00.000,2026-02-02T00:00:00.000,2026-07-30T00:00:00.000,28424976,0,No,En ejecución,Distribuido,Inversión,https://community.secop.gov.co/Public/Tendering/OpportunityDetail/Index?noticeUID=CO1.NTC.9882077&isFromPublicArea=True&isModal=true&asPopupView=true,CO1.BDOS.9861287,individual_professional_ai,False,False,0.96
CO1.PCCNTR.9106460,UNP,Nacional,defensa,Distrito Capital de Bogotá,Prestación de servicios,Contratación directa,Cédula de Ciudadanía,2026-01-24T00:00:00.000,2026-01-26T00:00:00.000,2026-12-31T00:00:00.000,70606666,0,No,terminado,Distribuido,Funcionamiento,https://community.secop.gov.co/Public/Tendering/OpportunityDetail/Index?noticeUID=CO1.NTC.9742605&isFromPublicArea=True&isModal=true&asPopupView=true,CO1.BDOS.9724220,individual_professional_ai,False,False,0.98
CO1.PCCNTR.7424524,TRANSMILENIO S.A.,Territorial,Transporte,Distrito Capital de Bogotá,Prestación de servicios,Contratación directa,Cédula de Ciudadanía,2025-02-07T00:00:00.000,2025-02-17T00:00:00.000,2026-01-16T00:00:00.000,209396000,0,No,En ejecución,Recursos Propios,Inversión,https://community.secop.gov.co/Public/Tendering/OpportunityDetail/Index?noticeUID=CO1.NTC.7527889&isFromPublicArea=True&isModal=true&asPopupView=true,CO1.BDOS.7502909,individual_professional_ai,False,False,0.72
CO1.PCCNTR.8573192,CORPORACIÓN GILBERTO ECHEVERRI MEJÍA,Territorial,Educación Nacional,Antioquia,Decreto 092 de 2017,Contratación régimen especial,NIT,2025-11-19T00:00:00.000,2025-11-20T00:00:00.000,2026-11-20T00:00:00.000,5362318841,0,No,En ejecución,Distribuido,Funcionamiento,https://community.secop.gov.co/Public/Tendering/OpportunityDetail/Index?noticeUID=CO1.NTC.9102633&isFromPublicArea=True&isModal=true&asPopupView=true,CO1.BDOS.9078131,incidental,False,False,0.91
CO1.PCCNTR.6500247,MINCIENCIAS,Nacional,Ciencia Tecnología,Distrito Capital de Bogotá,Prestación de servicios,Contratación directa,Cédula de Ciudadanía,2024-07-04T00:00:00.000,2024-07-09T00:00:00.000,2024-10-08T00:00:00.000,36000000,0,No,Cerrado,Distribuido,Inversión,https://community.secop.gov.co/Public/Tendering/OpportunityDetail/Index?noticeUID=CO1.NTC.6357405&isFromPublicArea=True&isModal=true&asPopupView=true,CO1.BDOS.6346445,individual_professional_ai,False,False,0.96
CO1.PCCNTR.7879313,DIVRI,Nacional,defensa,Distrito Capital de Bogotá,Prestación de servicios,Contratación directa,NIT,2025-06-03T00:00:00.000,2025-06-04T00:00:00.000,2025-07-30T00:00:00.000,40000000,0,Si,terminado,Distribuido,Funcionamiento,https://community.secop.gov.co/Public/Tendering/OpportunityDetail/Index?noticeUID=CO1.NTC.8139717&isFromPublicArea=True&isModal=true&asPopupView=true,CO1.BDOS.8100918,incidental,False,False,0.99
CO1.PCCNTR.4396521,ICBF SEDE NACIONAL,Nacional,Inclusión Social y Reconciliación,Distrito Capital de Bogotá,Prestación de servicios,Contratación directa,Cédula de Ciudadanía,2023-01-17T00:00:00.000,2023-01-17T00:00:00.000,2023-12-31T00:00:00.000,130591125,0,No,Cerrado,Distribuido,Inversión,https://community.secop.gov.co/Public/Tendering/OpportunityDetail/Index?noticeUID=CO1.NTC.3749809&isFromPublicArea=True&isModal=true&asPopupView=true,CO1.BDOS.3745558,individual_professional_ai,False,False,0.97
CO1.PCCNTR.7966543,FONDO ROTATORIO DE LA REGISTRADURIA,Nacional,No aplica/No pertenece,Distrito Capital de Bogotá,Prestación de servicios,Contratación directa,NIT,2025-06-11T00:00:00.000,2025-06-18T00:00:00.000,2025-12-31T00:00:00.000,6035744636,0,No,terminado,Distribuido,Inversión,https://community.secop.gov.co/Public/Tendering/OpportunityDetail/Index?noticeUID=CO1.NTC.8265179&isFromPublicArea=True&isModal=true&asPopupView=true,CO1.BDOS.8243012,ai_development_service,False,False,0.91
CO1.PCCNTR.7775631,Sena - Centro Agropecuario de Buga,Nacional,Educación Nacional,Valle del Cauca,Compraventa,Contratación Directa (con ofertas),NIT,2025-04-14T00:00:00.000,2025-04-16T00:00:00.000,2025-05-16T00:00:00.000,129948000,0,No,En ejecución,Distribuido,Inversión,https://community.secop.gov.co/Public/Tendering/OpportunityDetail/Index?noticeUID=CO1.NTC.7956408&isFromPublicArea=True&isModal=true&asPopupView=true,CO1.BDOS.7922072,incidental,False,False,0.88
CO1.PCCNTR.7785678,"AGENCIA DISTRITAL PARA LA EDUCACIÓN SUPERIOR, LA CIENCIA Y LA TECNOLOGÍA, ATENEA",Territorial,Educación Nacional,Distrito Capital de Bogotá,Prestación de servicios,Contratación directa,NIT,2025-04-15T00:00:00.000,2025-05-08T00:00:00.000,2025-12-15T00:00:00.000,370205000,70,Si,Modificado,Recursos Propios,Inversión,https://community.secop.gov.co/Public/Tendering/OpportunityDetail/Index?noticeUID=CO1.NTC.8004070&isFromPublicArea=True&isModal=true&asPopupView=true,CO1.BDOS.7987365,unclear,False,False,0.84
CO1.PCCNTR.8466080,SENA REGIONAL RISARALDA Grupo de Apoyo Administrativo Mixto//,Nacional,Educación Nacional,Risaralda,Compraventa,Mínima cuantía,NIT,2025-10-21T00:00:00.000,2025-10-21T00:00:00.000,2025-12-05T00:00:00.000,36509800,0,No,En ejecución,Distribuido,Inversión,https://community.secop.gov.co/Public/Tendering/OpportunityDetail/Index?noticeUID=CO1.NTC.8899419&isFromPublicArea=True&isModal=true&asPopupView=true,CO1.BDOS.8848429,incidental,False,False,0.91
CO1.PCCNTR.5079688,SERVICIO GEOLOGICO COLOMBIANO**,Nacional,Minas y Energía,Distrito Capital de Bogotá,Prestación de servicios,Contratación directa,Cédula de Ciudadanía,2023-06-14T00:00:00.000,2023-06-29T00:00:00.000,2023-12-28T00:00:00.000,62412000,61,Si,Modificado,Distribuido,Funcionamiento,https://community.secop.gov.co/Public/Tendering/OpportunityDetail/Index?noticeUID=CO1.NTC.4571033&isFromPublicArea=True&isModal=true&asPopupView=true,CO1.BDOS.4563394,individual_professional_ai,False,False,0.98
CO1.PCCNTR.9657640,EMPRESA DE VIVIENDA Y DESARROLLO URBANO Y RURAL DEL MUNICIPIO DE ENVIGADO,Territorial,"Vivienda, Ciudad y Territorio",Antioquia,Prestación de servicios,Contratación régimen especial,NIT,2026-07-14T00:00:00.000,2026-07-14T00:00:00.000,2026-11-10T00:00:00.000,14036000,0,No,En ejecución,Recursos Propios,Funcionamiento,https://community.secop.gov.co/Public/Tendering/OpportunityDetail/Index?noticeUID=CO1.NTC.10432009&isFromPublicArea=True&isModal=true&asPopupView=true,CO1.BDOS.10391573,incidental,False,False,0.98
CO1.PCCNTR.8336187,MINISTERIO DE MINAS Y ENERGIA,Nacional,Minas y Energía,Distrito Capital de Bogotá,Prestación de servicios,Contratación directa,Cédula de Ciudadanía,2025-09-18T00:00:00.000,2025-09-19T00:00:00.000,2025-12-31T00:00:00.000,28000000,0,No,En ejecución,Distribuido,Inversión,https://community.secop.gov.co/Public/Tendering/OpportunityDetail/Index?noticeUID=CO1.NTC.8793887&isFromPublicArea=True&isModal=true&asPopupView=true,CO1.BDOS.8755671,individual_professional_ai,False,False,0.98
CO1.PCCNTR.8919993,JEP,Nacional,No aplica/No pertenece,Distrito Capital de Bogotá,Prestación de servicios,Contratación régimen especial,Cédula de Ciudadanía,2026-01-21T00:00:00.000,2026-01-23T00:00:00.000,2026-12-27T00:00:00.000,124051264,0,No,En ejecución,Distribuido,Inversión,https://community.secop.gov.co/Public/Tendering/OpportunityDetail/Index?noticeUID=CO1.NTC.9552849&isFromPublicArea=True&isModal=true&asPopupView=true,CO1.BDOS.9539379,individual_professional_ai,False,False,0.79
CO1.PCCNTR.7655924,ADRES,Nacional,Salud y Protección Social,Distrito Capital de Bogotá,Prestación de servicios,Contratación directa,Cédula de Ciudadanía,2025-03-17T00:00:00.000,2025-03-26T00:00:00.000,2025-12-31T00:00:00.000,97166667,0,No,Cerrado,Recursos Propios,Funcionamiento,https://community.secop.gov.co/Public/Tendering/OpportunityDetail/Index?noticeUID=CO1.NTC.7839365&isFromPublicArea=True&isModal=true&asPopupView=true,CO1.BDOS.7822838,individual_professional_ai,False,False,0.98
CO1.PCCNTR.8977457,DEPARTAMENTO ADMINISTRATIVO NACIONAL DE ESTADISTICA (DANE),Nacional,Información Estadística,Distrito Capital de Bogotá,Prestación de servicios,Contratación directa,Cédula de Ciudadanía,2026-01-20T00:00:00.000,2026-01-22T00:00:00.000,2026-09-21T00:00:00.000,34256000,0,No,En ejecución,Distribuido,Inversión,https://community.secop.gov.co/Public/Tendering/OpportunityDetail/Index?noticeUID=CO1.NTC.9602900&isFromPublicArea=True&isModal=true&asPopupView=true,CO1.BDOS.9306216,individual_professional_ai,False,False,0.84
CO1.PCCNTR.9591024,INSTITUCIÓN UNIVERSITARIA DIGITAL DE ANTIOQUIA,Territorial,Educación Nacional,Antioquia,Prestación de servicios,Contratación directa,NIT,2026-06-25T00:00:00.000,2026-06-26T00:00:00.000,2027-06-25T00:00:00.000,29280000,0,No,En ejecución,Recursos Propios,Inversión,https://community.secop.gov.co/Public/Tendering/OpportunityDetail/Index?noticeUID=CO1.NTC.10411493&isFromPublicArea=True&isModal=true&asPopupView=true,CO1.BDOS.10374799,ai_product_or_platform,False,False,0.94
CO1.PCCNTR.7131695,UPME,Nacional,Minas y Energía,Distrito Capital de Bogotá,Prestación de servicios,Contratación régimen especial,NIT,2024-12-11T00:00:00.000,2024-12-16T00:00:00.000,2024-12-31T00:00:00.000,117941527,0,No,En ejecución,Recursos Propios,Inversión,https://community.secop.gov.co/Public/Tendering/OpportunityDetail/Index?noticeUID=CO1.NTC.7191159&isFromPublicArea=True&isModal=true&asPopupView=true,CO1.BDOS.7171151,incidental,False,False,0.99
CO1.PCCNTR.9870296,GOBERNACION DEL CAQUETA**,Territorial,No aplica/No pertenece,Caquetá,Prestación de servicios,Contratación directa,Cédula de Ciudadanía,2026-08-28T00:00:00.000,2026-09-01T00:00:00.000,2026-10-31T00:00:00.000,30000000,0,No,En ejecución,Distribuido,Funcionamiento,https://community.secop.gov.co/Public/Tendering/OpportunityDetail/Index?noticeUID=CO1.NTC.10789771&isFromPublicArea=True&isModal=true&asPopupView=true,CO1.BDOS.10750405,individual_professional_ai,False,False,0.83
CO1.PCCNTR.8889678,FONDO NACIONAL AMBIENTAL - ANLA,Nacional,Ambiente y Desarrollo Sostenible,Distrito Capital de Bogotá,Prestación de servicios,Contratación directa,Cédula de Ciudadanía,2026-01-15T00:00:00.000,2026-01-15T00:00:00.000,2026-12-31T00:00:00.000,86785242,0,No,En ejecución,Recursos Propios,Inversión,https://community.secop.gov.co/Public/Tendering/OpportunityDetail/Index?noticeUID=CO1.NTC.9522344&isFromPublicArea=True&isModal=true&asPopupView=true,CO1.BDOS.9317523,individual_professional_ai,False,False,0.72
CO1.PCCNTR.6110477,INSTITUTO COLOMBIANO PARA LA EVALUACIÓN DE LA EDUCACIÓN - ICFES,Nacional,Educación Nacional,Distrito Capital de Bogotá,Otro,Contratación régimen especial,NIT,2024-03-19T00:00:00.000,2024-03-21T00:00:00.000,2024-09-30T00:00:00.000,2800000000,0,No,terminado,Recursos Propios,Funcionamiento,https://community.secop.gov.co/Public/Tendering/OpportunityDetail/Index?noticeUID=CO1.NTC.5856115&isFromPublicArea=True&isModal=true&asPopupView=true,CO1.BDOS.5848523,ai_development_service,False,True,0.84
CO1.PCCNTR.9077123,SENA SECRETARIA GENERAL,Nacional,Trabajo,Distrito Capital de Bogotá,Prestación de servicios,Contratación directa,Cédula de Ciudadanía,2026-01-23T00:00:00.000,2026-01-26T00:00:00.000,2026-12-31T00:00:00.000,105167380,0,No,En ejecución,Distribuido,Inversión,https://community.secop.gov.co/Public/Tendering/OpportunityDetail/Index?noticeUID=CO1.NTC.9711168&isFromPublicArea=True&isModal=true&asPopupView=true,CO1.BDOS.9482676,individual_professional_ai,False,False,0.88
CO1.PCCNTR.7878542,COMPUTADORES PARA EDUCAR,Nacional,Tecnologías de la Información y las Comunicaciones,Distrito Capital de Bogotá,Prestación de servicios,Contratación directa,Cédula de Ciudadanía,2025-05-15T00:00:00.000,2025-05-19T00:00:00.000,2025-12-31T00:00:00.000,59200000,0,Si,Modificado,Distribuido,Inversión,https://community.secop.gov.co/Public/Tendering/OpportunityDetail/Index?noticeUID=CO1.NTC.8139222&isFromPublicArea=True&isModal=true&asPopupView=true,CO1.BDOS.8110075,individual_professional_ai,False,False,0.97
CO1.PCCNTR.9972452,"AGENCIA DISTRITAL PARA LA EDUCACIÓN SUPERIOR, LA CIENCIA Y LA TECNOLOGÍA, ATENEA",Territorial,Educación Nacional,Distrito Capital de Bogotá,Otro,Contratación Directa (con ofertas),NIT,2026-09-25T00:00:00.000,,2027-02-23T00:00:00.000,300000000,0,No,Aprobado,Recursos Propios,Inversión,https://community.secop.gov.co/Public/Tendering/OpportunityDetail/Index?noticeUID=CO1.NTC.10929350&isFromPublicArea=True&isModal=true&asPopupView=true,CO1.BDOS.10881123,ai_development_service,False,False,0.69
CO1.PCCNTR.7263824,JEP,Nacional,No aplica/No pertenece,Distrito Capital de Bogotá,Prestación de servicios,Contratación régimen especial,Cédula de Ciudadanía,2025-01-21T00:00:00.000,2025-01-22T00:00:00.000,2025-12-31T00:00:00.000,121900113,31,No,Modificado,Distribuido,Inversión,https://community.secop.gov.co/Public/Tendering/OpportunityDetail/Index?noticeUID=CO1.NTC.7370156&isFromPublicArea=True&isModal=true&asPopupView=true,CO1.BDOS.7354904,incidental,False,False,0.91
CO1.PCCNTR.8765131,IGAC Sede Central *,Nacional,Información Estadística,Distrito Capital de Bogotá,Prestación de servicios,Contratación directa,Cédula de Ciudadanía,2026-01-05T00:00:00.000,2026-01-07T00:00:00.000,2026-10-06T00:00:00.000,90000000,0,No,terminado,Distribuido,Inversión,https://community.secop.gov.co/Public/Tendering/OpportunityDetail/Index?noticeUID=CO1.NTC.9380778&isFromPublicArea=True&isModal=true&asPopupView=true,CO1.BDOS.9358089,individual_professional_ai,False,False,0.98
CO1.PCCNTR.8575984,"AGENCIA DISTRITAL PARA LA EDUCACIÓN SUPERIOR, LA CIENCIA Y LA TECNOLOGÍA, ATENEA",Territorial,Educación Nacional,Distrito Capital de Bogotá,Prestación de servicios,Contratación directa,Cédula de Ciudadanía,2025-11-12T00:00:00.000,2025-11-14T00:00:00.000,2026-01-13T00:00:00.000,16366672,2,No,Modificado,Recursos Propios,Inversión,https://community.secop.gov.co/Public/Tendering/OpportunityDetail/Index?noticeUID=CO1.NTC.9106486&isFromPublicArea=True&isModal=true&asPopupView=true,CO1.BDOS.9078006,individual_professional_ai,False,False,0.96
CO1.PCCNTR.7673105,SENA DISTRITO CAPITAL GRUPO DE APOYO ADMINISTRATIVO - CGI,Nacional,Trabajo,Distrito Capital de Bogotá,Prestación de servicios,Contratación directa,Cédula de Ciudadanía,2025-03-20T00:00:00.000,2025-03-20T00:00:00.000,2025-12-30T00:00:00.000,13626666,0,No,terminado,Distribuido,Inversión,https://community.secop.gov.co/Public/Tendering/OpportunityDetail/Index?noticeUID=CO1.NTC.7861109&isFromPublicArea=True&isModal=true&asPopupView=true,CO1.BDOS.7845122,individual_professional_ai,False,False,0.94
CO1.PCCNTR.8536408,INSTITUCIÓN UNIVERSITARIA ITM,Nacional,Educación Nacional,Antioquia,Prestación de servicios,Contratación directa,NIT,2025-11-04T00:00:00.000,2025-11-04T00:00:00.000,2025-12-31T00:00:00.000,150000000,0,No,En ejecución,Recursos Propios,Funcionamiento,https://community.secop.gov.co/Public/Tendering/OpportunityDetail/Index?noticeUID=CO1.NTC.9055792&isFromPublicArea=True&isModal=true&asPopupView=true,CO1.BDOS.9031565,ai_development_service,False,False,0.91
CO1.PCCNTR.9067687,FEDERACION COLOMBIANA DE MUNICIPIOS,Corporación Autónoma,No aplica/No pertenece,Distrito Capital de Bogotá,Prestación de servicios,Contratación directa,Cédula de Ciudadanía,2026-01-22T00:00:00.000,2026-01-26T00:00:00.000,2026-12-29T00:00:00.000,108778500,0,Si,En ejecución,Recursos Propios,Funcionamiento,https://community.secop.gov.co/Public/Tendering/OpportunityDetail/Index?noticeUID=CO1.NTC.9702902&isFromPublicArea=True&isModal=true&asPopupView=true,CO1.BDOS.9689133,individual_professional_ai,False,False,0.92
CO1.PCCNTR.6480641,MINCIENCIAS,Nacional,Ciencia Tecnología,Distrito Capital de Bogotá,Otro,Contratación Directa (con ofertas),NIT,2024-07-02T00:00:00.000,2024-07-05T00:00:00.000,2024-12-31T00:00:00.000,99487398,0,No,En ejecución,Distribuido,Funcionamiento,https://community.secop.gov.co/Public/Tendering/OpportunityDetail/Index?noticeUID=CO1.NTC.6331410&isFromPublicArea=True&isModal=true&asPopupView=true,CO1.BDOS.6314156,unclear,False,False,0.94
CO1.PCCNTR.7677769,VEEDURIA DISTRITAL,Territorial,Servicio Público,Distrito Capital de Bogotá,Prestación de servicios,Contratación directa,Cédula de Ciudadanía,2025-03-25T00:00:00.000,2025-03-26T00:00:00.000,2025-12-31T00:00:00.000,65000000,0,No,cedido,Distribuido,Inversión,https://community.secop.gov.co/Public/Tendering/OpportunityDetail/Index?noticeUID=CO1.NTC.7868321&isFromPublicArea=True&isModal=true&asPopupView=true,CO1.BDOS.7852337,individual_professional_ai,False,False,0.97
CO1.PCCNTR.6379410,UAECD,Territorial,Hacienda y Crédito Público,Distrito Capital de Bogotá,Prestación de servicios,Contratación directa,Cédula de Ciudadanía,2024-05-29T00:00:00.000,2024-06-06T00:00:00.000,2024-12-31T00:00:00.000,98432040,0,No,Cerrado,Distribuido,Inversión,https://community.secop.gov.co/Public/Tendering/OpportunityDetail/Index?noticeUID=CO1.NTC.6194731&isFromPublicArea=True&isModal=true&asPopupView=true,CO1.BDOS.6185974,individual_professional_ai,False,False,0.96
CO1.PCCNTR.9070705,DEPARTAMENTO NACIONAL DE PLANEACIÓN,Nacional,Planeación,Distrito Capital de Bogotá,Prestación de servicios,Contratación directa,Cédula de Ciudadanía,2026-01-23T00:00:00.000,2026-01-24T00:00:00.000,2026-12-31T00:00:00.000,69628000,0,No,Modificado,Distribuido,Inversión,https://community.secop.gov.co/Public/Tendering/OpportunityDetail/Index?noticeUID=CO1.NTC.9705421&isFromPublicArea=True&isModal=true&asPopupView=true,CO1.BDOS.9669357,individual_professional_ai,False,False,0.97
CO1.PCCNTR.7377642,IGAC Sede Central *,Nacional,Información Estadística,Distrito Capital de Bogotá,Prestación de servicios,Contratación directa,Cédula de Ciudadanía,2025-02-01T00:00:00.000,2025-02-04T00:00:00.000,2025-08-03T00:00:00.000,77160000,0,No,Cerrado,Distribuido,Inversión,https://community.secop.gov.co/Public/Tendering/OpportunityDetail/Index?noticeUID=CO1.NTC.7501841&isFromPublicArea=True&isModal=true&asPopupView=true,CO1.BDOS.7486408,individual_professional_ai,True,False,0.78
CO1.PCCNTR.8302359,PERSONERIA DISTRITAL DE BARRANQUILLA,Territorial,No aplica/No pertenece,Atlántico,Prestación de servicios,Contratación directa,NIT,2025-09-10T00:00:00.000,2025-09-19T00:00:00.000,2025-10-19T00:00:00.000,11835647,0,No,terminado,Distribuido,Funcionamiento,https://community.secop.gov.co/Public/Tendering/OpportunityDetail/Index?noticeUID=CO1.NTC.8748125&isFromPublicArea=True&isModal=true&asPopupView=true,CO1.BDOS.8723938,ai_product_or_platform,False,False,0.99
CO1.PCCNTR.6091786,Unidad de Busqueda de Personas Desaparecidas,Nacional,Ley de Justicia,Distrito Capital de Bogotá,Prestación de servicios,Contratación directa,Cédula de Ciudadanía,2024-03-13T00:00:00.000,2024-03-15T00:00:00.000,2024-12-31T00:00:00.000,115832898,0,No,Cerrado,Distribuido,Inversión,https://community.secop.gov.co/Public/Tendering/OpportunityDetail/Index?noticeUID=CO1.NTC.5834203&isFromPublicArea=True&isModal=true&asPopupView=true,CO1.BDOS.5825261,individual_professional_ai,False,False,0.98
CO1.PCCNTR.9811710,ALCALDIA MUNICIPIO DE APARTADO,Territorial,Servicio Público,Antioquia,Prestación de servicios,Contratación directa,Cédula de Ciudadanía,2026-08-14T00:00:00.000,2026-08-14T00:00:00.000,2026-12-13T00:00:00.000,28000000,0,No,En ejecución,Distribuido,Inversión,https://community.secop.gov.co/Public/Tendering/OpportunityDetail/Index?noticeUID=CO1.NTC.10710816&isFromPublicArea=True&isModal=true&asPopupView=true,CO1.BDOS.10672487,incidental,False,False,0.84
CO1.PCCNTR.7694459,SECRETARIA DE EDUCACION DEL DISTRITO,Territorial,Educación Nacional,Distrito Capital de Bogotá,Prestación de servicios,Contratación directa,Cédula de Ciudadanía,2025-03-31T00:00:00.000,2025-04-02T00:00:00.000,2025-10-31T00:00:00.000,70350000,0,No,Cerrado,Distribuido,Inversión,https://community.secop.gov.co/Public/Tendering/OpportunityDetail/Index?noticeUID=CO1.NTC.7888705&isFromPublicArea=True&isModal=true&asPopupView=true,CO1.BDOS.7846929,individual_professional_ai,True,False,0.97
CO1.PCCNTR.7528545,SERVICIO GEOLOGICO COLOMBIANO**,Nacional,Minas y Energía,Distrito Capital de Bogotá,Prestación de servicios,Contratación directa,Cédula de Ciudadanía,2025-02-19T00:00:00.000,2025-02-20T00:00:00.000,2025-12-21T00:00:00.000,51030000,2,No,Cerrado,Distribuido,Funcionamiento,https://community.secop.gov.co/Public/Tendering/OpportunityDetail/Index?noticeUID=CO1.NTC.7677082&isFromPublicArea=True&isModal=true&asPopupView=true,CO1.BDOS.7659505,individual_professional_ai,False,False,0.81
CO1.PCCNTR.8965020,MINISTERIO DE MINAS Y ENERGIA,Nacional,Minas y Energía,Distrito Capital de Bogotá,Prestación de servicios,Contratación directa,Cédula de Ciudadanía,2026-01-19T00:00:00.000,2026-01-21T00:00:00.000,2026-12-31T00:00:00.000,138000000,0,No,En ejecución,Distribuido,Inversión,https://community.secop.gov.co/Public/Tendering/OpportunityDetail/Index?noticeUID=CO1.NTC.9596393&isFromPublicArea=True&isModal=true&asPopupView=true,CO1.BDOS.9511768,individual_professional_ai,False,False,0.95
CO1.PCCNTR.9626849,INSTITUCIÓN UNIVERSITARIA DIGITAL DE ANTIOQUIA,Territorial,Educación Nacional,Antioquia,Prestación de servicios,Contratación directa,NIT,2026-07-07T00:00:00.000,2026-07-08T00:00:00.000,2026-12-15T00:00:00.000,268838000,0,No,En ejecución,Recursos Propios,Inversión,https://community.secop.gov.co/Public/Tendering/OpportunityDetail/Index?noticeUID=CO1.NTC.10465044&isFromPublicArea=True&isModal=true&asPopupView=true,CO1.BDOS.10425911,ai_development_service,False,True,0.88
CO1.PCCNTR.6407901,ICBF SEDE NACIONAL,Nacional,Inclusión Social y Reconciliación,Distrito Capital de Bogotá,Prestación de servicios,Contratación directa,Cédula de Ciudadanía,2024-06-07T00:00:00.000,2024-06-15T00:00:00.000,2024-12-31T00:00:00.000,70000000,0,No,Cerrado,Distribuido,No Definido,https://community.secop.gov.co/Public/Tendering/OpportunityDetail/Index?noticeUID=CO1.NTC.6231731&isFromPublicArea=True&isModal=true&asPopupView=true,CO1.BDOS.6187379,individual_professional_ai,False,False,0.97
CO1.PCCNTR.7481045,INSTITUCIÓN UNIVERSITARIA ITM,Nacional,Educación Nacional,Antioquia,Prestación de servicios,Contratación directa,Cédula de Ciudadanía,2025-02-13T00:00:00.000,2025-02-13T00:00:00.000,2025-12-31T00:00:00.000,54833333,0,Si,En ejecución,Recursos Propios,Inversión,https://community.secop.gov.co/Public/Tendering/OpportunityDetail/Index?noticeUID=CO1.NTC.7618032&isFromPublicArea=True&isModal=true&asPopupView=true,CO1.BDOS.7603736,individual_professional_ai,False,False,0.67
CO1.PCCNTR.6646895,DEPARTAMENTO DEL ATLANTICO**,Territorial,Servicio Público,Atlántico,Otro,Contratación directa,NIT,2024-08-30T00:00:00.000,2024-08-30T00:00:00.000,2024-12-31T00:00:00.000,330000000,0,No,terminado,Distribuido,Inversión,https://community.secop.gov.co/Public/Tendering/OpportunityDetail/Index?noticeUID=CO1.NTC.6556398&isFromPublicArea=True&isModal=true&asPopupView=true,CO1.BDOS.6536358,unclear,False,False,0.93
CO1.PCCNTR.8616017,ALCALDIA MUNICIPAL DE CHIA,Territorial,Servicio Público,Cundinamarca,Otro,Contratación Directa (con ofertas),NIT,2025-11-21T00:00:00.000,2025-11-22T00:00:00.000,2025-12-20T00:00:00.000,31100000,0,No,Cerrado,Distribuido,Inversión,https://community.secop.gov.co/Public/Tendering/OpportunityDetail/Index?noticeUID=CO1.NTC.9162788&isFromPublicArea=True&isModal=true&asPopupView=true,CO1.BDOS.9138311,incidental,False,False,0.98
CO1.PCCNTR.6562067,SECRETARIA DISTRITAL DE DESARROLLO ECONOMICO - ALCALDIA BOGOTÁ,Territorial,Industria,Distrito Capital de Bogotá,Prestación de servicios,Contratación directa,Cédula de Ciudadanía,2024-07-25T00:00:00.000,2024-07-29T00:00:00.000,2024-12-31T00:00:00.000,42133333,0,No,Cerrado,Distribuido,Inversión,https://community.secop.gov.co/Public/Tendering/OpportunityDetail/Index?noticeUID=CO1.NTC.6442906&isFromPublicArea=True&isModal=true&asPopupView=true,CO1.BDOS.6428809,individual_professional_ai,False,False,0.97
CO1.PCCNTR.9582352,SENA REGIONAL HUILA Grupo Administrativo CGDSS,Nacional,Trabajo,Huila,Compraventa,Mínima cuantía,NIT,2026-06-24T00:00:00.000,2026-06-25T00:00:00.000,2026-09-23T00:00:00.000,28400000,29,Si,Modificado,Distribuido,Inversión,https://community.secop.gov.co/Public/Tendering/OpportunityDetail/Index?noticeUID=CO1.NTC.10345402&isFromPublicArea=True&isModal=true&asPopupView=true,CO1.BDOS.10295560,incidental,False,False,0.94
CO1.PCCNTR.9185704,SANTIAGO DE CALI DISTRITO ESPECIAL - SECRETARIA DE GOBIERNO,Territorial,No aplica/No pertenece,Valle del Cauca,Prestación de servicios,Contratación directa,NIT,2026-01-27T00:00:00.000,2026-02-05T00:00:00.000,2026-04-30T00:00:00.000,267750000,0,Si,En ejecución,Distribuido,Inversión,https://community.secop.gov.co/Public/Tendering/OpportunityDetail/Index?noticeUID=CO1.NTC.9817482&isFromPublicArea=True&isModal=true&asPopupView=true,CO1.BDOS.9791340,incidental,False,False,0.92
CO1.PCCNTR.7943612,SENA REGIONAL ANTIOQUIA Grupo de Apoyo Administrativo Mixto,Nacional,Trabajo,Antioquia,Prestación de servicios,Contratación directa,Cédula de Ciudadanía,2025-06-04T00:00:00.000,2025-06-05T00:00:00.000,2025-12-30T00:00:00.000,41886667,0,No,En ejecución,Distribuido,Inversión,https://community.secop.gov.co/Public/Tendering/OpportunityDetail/Index?noticeUID=CO1.NTC.8219385&isFromPublicArea=True&isModal=true&asPopupView=true,CO1.BDOS.8198547,individual_professional_ai,False,False,0.94
CO1.PCCNTR.7998442,CONTRALORIA DEPARTAMENTAL DE NARIÑO,Territorial,No aplica/No pertenece,Nariño,Prestación de servicios,Contratación directa,NIT,2025-06-19T00:00:00.000,2025-06-19T00:00:00.000,2025-07-11T00:00:00.000,13500000,0,No,En ejecución,Recursos Propios,Funcionamiento,https://community.secop.gov.co/Public/Tendering/OpportunityDetail/Index?noticeUID=CO1.NTC.8313002&isFromPublicArea=True&isModal=true&asPopupView=true,CO1.BDOS.8290310,incidental,False,False,0.98
CO1.PCCNTR.9310251,SENA REGIONAL NARIÑO CENTRO SUR COLOMBIANO DE LOGISTICA INTERNACIONAL,Nacional,Trabajo,Nariño,Prestación de servicios,Contratación directa,Cédula de Ciudadanía,2026-07-07T00:00:00.000,2026-07-07T00:00:00.000,2026-12-31T00:00:00.000,35169088,0,Si,En ejecución,Distribuido,Inversión,https://community.secop.gov.co/Public/Tendering/OpportunityDetail/Index?noticeUID=CO1.NTC.9941633&isFromPublicArea=True&isModal=true&asPopupView=true,CO1.BDOS.9918419,individual_professional_ai,False,False,0.96
CO1.PCCNTR.8160537,SENA REGIONAL ATLANTICO Intercentros,Nacional,Transporte,Atlántico,Compraventa,Mínima cuantía,NIT,2025-08-05T00:00:00.000,2025-09-10T00:00:00.000,2025-10-10T00:00:00.000,4153576,0,No,En ejecución,Recursos Propios,Inversión,https://community.secop.gov.co/Public/Tendering/OpportunityDetail/Index?noticeUID=CO1.NTC.8463140&isFromPublicArea=True&isModal=true&asPopupView=true,CO1.BDOS.8438034,incidental,False,False,0.98
CO1.PCCNTR.7892153,SENA REGIONAL ATLANTICO Intercentros,Nacional,Transporte,Atlántico,Prestación de servicios,Contratación directa,Cédula de Ciudadanía,2025-05-19T00:00:00.000,,2025-12-24T00:00:00.000,30240000,0,Si,Aprobado,Recursos Propios,Inversión,https://community.secop.gov.co/Public/Tendering/ContractNoticeManagement/Index?currentLanguage=es-CO&Page=login&Country=CO&SkinName=CCE,CO1.BDOS.8135968,individual_professional_ai,False,False,0.98
CO1.PCCNTR.7513791,FONDO UNICO DE TECNOLOGÍAS DE LA INFORMACIÓN Y LAS COMUNICACIONES,Nacional,Tecnologías de la Información y las Comunicaciones,Distrito Capital de Bogotá,Prestación de servicios,Contratación directa,Cédula de Ciudadanía,2025-02-19T00:00:00.000,2025-02-20T00:00:00.000,2025-10-19T00:00:00.000,105100000,0,No,terminado,Distribuido,Inversión,https://community.secop.gov.co/Public/Tendering/OpportunityDetail/Index?noticeUID=CO1.NTC.7660072&isFromPublicArea=True&isModal=true&asPopupView=true,CO1.BDOS.7644915,individual_professional_ai,False,False,0.96
CO1.PCCNTR.4567019,IGAC Sede Central *,Nacional,Información Estadística,Distrito Capital de Bogotá,Prestación de servicios,Contratación directa,Cédula de Ciudadanía,2023-02-06T00:00:00.000,2023-02-08T00:00:00.000,2023-08-07T00:00:00.000,36650652,0,Si,Cerrado,Distribuido,Inversión,https://community.secop.gov.co/Public/Tendering/OpportunityDetail/Index?noticeUID=CO1.NTC.3935119&isFromPublicArea=True&isModal=true&asPopupView=true,CO1.BDOS.3933127,individual_professional_ai,False,False,0.99
CO1.PCCNTR.5621629,FONDO UNICO DE TECNOLOGÍAS DE LA INFORMACIÓN Y LAS COMUNICACIONES,Nacional,Tecnologías de la Información y las Comunicaciones,Distrito Capital de Bogotá,Otro,Contratación directa,NIT,2023-12-01T00:00:00.000,2023-12-14T00:00:00.000,2023-12-31T00:00:00.000,331765913,0,No,En ejecución,Distribuido,Inversión,https://community.secop.gov.co/Public/Tendering/OpportunityDetail/Index?noticeUID=CO1.NTC.5269803&isFromPublicArea=True&isModal=true&asPopupView=true,CO1.BDOS.5256630,incidental,False,False,0.94
CO1.PCCNTR.6795741,AGENCIA NACIONAL DE DEFENSA JURÍDICA DEL ESTADO,Nacional,Ley de Justicia,Distrito Capital de Bogotá,Otro,Contratación régimen especial,NIT,2024-09-23T00:00:00.000,2024-10-03T00:00:00.000,2025-12-01T00:00:00.000,1540124603.93,10,No,Modificado,Distribuido,Inversión,https://community.secop.gov.co/Public/Tendering/OpportunityDetail/Index?noticeUID=CO1.NTC.5986995&isFromPublicArea=True&isModal=true&asPopupView=true,CO1.BDOS.5976810,ai_development_service,False,False,0.88
CO1.PCCNTR.9013679,DEPARTAMENTO DE ANTIOQUIA//,Territorial,Servicio Público,Antioquia,Prestación de servicios,Contratación directa,NIT,2026-01-21T00:00:00.000,2026-01-26T00:00:00.000,2026-12-31T00:00:00.000,508264141,0,No,En ejecución,Distribuido,Funcionamiento,https://community.secop.gov.co/Public/Tendering/OpportunityDetail/Index?noticeUID=CO1.NTC.9647549&isFromPublicArea=True&isModal=true&asPopupView=true,CO1.BDOS.9550078,ai_product_or_platform,False,False,0.78
CO1.PCCNTR.9087497,"SECRETARÍA DISTRITAL DE CULTURA, RECREACIÓN Y DEPORTE",Territorial,Cultura,Distrito Capital de Bogotá,Prestación de servicios,Contratación directa,Cédula de Ciudadanía,2026-01-23T00:00:00.000,2026-02-03T00:00:00.000,2026-12-30T00:00:00.000,62898000,0,No,En ejecución,Distribuido,Inversión,https://community.secop.gov.co/Public/Tendering/OpportunityDetail/Index?noticeUID=CO1.NTC.9722529&isFromPublicArea=True&isModal=true&asPopupView=true,CO1.BDOS.9667918,individual_professional_ai,False,False,0.93
CO1.PCCNTR.9045688,DEPARTAMENTO NACIONAL DE PLANEACIÓN,Nacional,Planeación,Distrito Capital de Bogotá,Prestación de servicios,Contratación directa,Cédula de Ciudadanía,2026-01-22T00:00:00.000,2026-01-24T00:00:00.000,2026-12-31T00:00:00.000,128418466,0,No,Modificado,Distribuido,Inversión,https://community.secop.gov.co/Public/Tendering/OpportunityDetail/Index?noticeUID=CO1.NTC.9681650&isFromPublicArea=True&isModal=true&asPopupView=true,CO1.BDOS.9648304,individual_professional_ai,False,False,0.98
CO1.PCCNTR.6478198,INSTITUCIÓN UNIVERSITARIA ITM,Nacional,Educación Nacional,Antioquia,Prestación de servicios,Contratación directa,Cédula de Ciudadanía,2024-06-28T00:00:00.000,2024-07-02T00:00:00.000,2024-12-31T00:00:00.000,36172968,0,No,En ejecución,Recursos Propios,Funcionamiento,https://community.secop.gov.co/Public/Tendering/OpportunityDetail/Index?noticeUID=CO1.NTC.6328435&isFromPublicArea=True&isModal=true&asPopupView=true,CO1.BDOS.6318578,individual_professional_ai,False,False,0.97
CO1.PCCNTR.8921250,JEP,Nacional,No aplica/No pertenece,Distrito Capital de Bogotá,Prestación de servicios,Contratación régimen especial,Cédula de Ciudadanía,2026-01-21T00:00:00.000,2026-01-26T00:00:00.000,2026-12-27T00:00:00.000,124051264,0,No,En ejecución,Distribuido,Inversión,https://community.secop.gov.co/Public/Tendering/OpportunityDetail/Index?noticeUID=CO1.NTC.9554169&isFromPublicArea=True&isModal=true&asPopupView=true,CO1.BDOS.9541027,individual_professional_ai,False,False,0.78
CO1.PCCNTR.8523659,INSTITUTO DISTRITAL DE TURISMO,Territorial,Industria,Distrito Capital de Bogotá,Prestación de servicios,Contratación directa,Cédula de Ciudadanía,2025-10-31T00:00:00.000,2025-11-04T00:00:00.000,2025-12-30T00:00:00.000,21470000,0,No,Cerrado,Distribuido,Inversión,https://community.secop.gov.co/Public/Tendering/OpportunityDetail/Index?noticeUID=CO1.NTC.9040827&isFromPublicArea=True&isModal=true&asPopupView=true,CO1.BDOS.9016405,individual_professional_ai,False,True,0.96
CO1.PCCNTR.5748886,IGAC Sede Central *,Nacional,Información Estadística,Distrito Capital de Bogotá,Prestación de servicios,Contratación directa,Cédula de Ciudadanía,2024-01-17T00:00:00.000,2024-01-18T00:00:00.000,2024-12-29T00:00:00.000,114000000,0,Si,Cerrado,Distribuido,Inversión,https://community.secop.gov.co/Public/Tendering/OpportunityDetail/Index?noticeUID=CO1.NTC.5443901&isFromPublicArea=True&isModal=true&asPopupView=true,CO1.BDOS.5432638,individual_professional_ai,False,False,0.96
CO1.PCCNTR.6020821,E.S.E HOSPITAL UNIVERSITARIO DE SANTANDER,Territorial,Salud y Protección Social,Santander,Decreto 092 de 2017,Contratación régimen especial,NIT,2024-02-28T00:00:00.000,2024-03-01T00:00:00.000,2024-05-31T00:00:00.000,20007000,0,No,terminado,Recursos Propios,Funcionamiento,https://community.secop.gov.co/Public/Tendering/OpportunityDetail/Index?noticeUID=CO1.NTC.5749611&isFromPublicArea=True&isModal=true&asPopupView=true,CO1.BDOS.5741042,ai_product_or_platform,False,True,0.82
CO1.PCCNTR.8334190,SENA REGIONAL GUAVIARE,Nacional,Educación Nacional,Guaviare,Compraventa,Contratación Directa (con ofertas),NIT,2025-09-18T00:00:00.000,2025-09-22T00:00:00.000,2025-10-21T00:00:00.000,279996900,0,No,terminado,Distribuido,Inversión,https://community.secop.gov.co/Public/Tendering/OpportunityDetail/Index?noticeUID=CO1.NTC.8762048&isFromPublicArea=True&isModal=true&asPopupView=true,CO1.BDOS.8737494,incidental,False,False,0.95
CO1.PCCNTR.5060954,SENA REGIONAL ATLANTICO Intercentros,Nacional,Transporte,Atlántico,Prestación de servicios,Contratación directa,Cédula de Ciudadanía,2023-06-09T00:00:00.000,2023-06-09T00:00:00.000,2023-12-31T00:00:00.000,27743333,0,No,En ejecución,Recursos Propios,Inversión,https://community.secop.gov.co/Public/Tendering/OpportunityDetail/Index?noticeUID=CO1.NTC.4548362&isFromPublicArea=True&isModal=true&asPopupView=true,CO1.BDOS.4540060,individual_professional_ai,False,False,0.91
CO1.PCCNTR.8654965,SANTIAGO DE CALI DISTRITO ESPECIAL -DEPARTAMENTO ADMINISTRATIVO DE DESARROLLO E INNOVACION INSTITUCIONAL,Territorial,No aplica/No pertenece,Valle del Cauca,Prestación de servicios,Contratación directa,NIT,2025-11-28T00:00:00.000,2025-12-05T00:00:00.000,2025-12-31T00:00:00.000,151312140,0,No,En ejecución,Distribuido,Inversión,https://community.secop.gov.co/Public/Tendering/OpportunityDetail/Index?noticeUID=CO1.NTC.9215768&isFromPublicArea=True&isModal=true&asPopupView=true,CO1.BDOS.9188068,incidental,False,False,0.94
CO1.PCCNTR.8963281,MUNICIPIO DE SANTA ROSA DE CABAL,Territorial,Servicio Público,Risaralda,Prestación de servicios,Contratación directa,Cédula de Ciudadanía,2026-01-19T00:00:00.000,2026-01-26T00:00:00.000,2026-05-25T00:00:00.000,18000000,0,Si,En ejecución,Distribuido,Inversión,https://community.secop.gov.co/Public/Tendering/OpportunityDetail/Index?noticeUID=CO1.NTC.9595174&isFromPublicArea=True&isModal=true&asPopupView=true,CO1.BDOS.9581393,individual_professional_ai,False,False,0.98
CO1.PCCNTR.5961954,GOBERNACIÓN DEL CAUCA,Territorial,Servicio Público,Cauca,Prestación de servicios,Contratación directa,Cédula de Ciudadanía,2024-04-22T00:00:00.000,2024-04-23T00:00:00.000,2024-08-23T00:00:00.000,16800000,0,No,Cerrado,Distribuido,Inversión,https://community.secop.gov.co/Public/Tendering/OpportunityDetail/Index?noticeUID=CO1.NTC.5674082&isFromPublicArea=True&isModal=true&asPopupView=true,CO1.BDOS.5654165,incidental,False,False,0.91
CO1.PCCNTR.5983270,"INSTITUTO DE HIDROLOGIA, METEOROLOGÍA Y ESTUDIOS AMBIENTALES",Nacional,Ambiente y Desarrollo Sostenible,Distrito Capital de Bogotá,Prestación de servicios,Contratación directa,Cédula de Ciudadanía,2024-02-21T00:00:00.000,2024-02-22T00:00:00.000,2024-12-21T00:00:00.000,92700000,0,No,Cerrado,Distribuido,Inversión,https://community.secop.gov.co/Public/Tendering/OpportunityDetail/Index?noticeUID=CO1.NTC.5703366&isFromPublicArea=True&isModal=true&asPopupView=true,CO1.BDOS.5693316,individual_professional_ai,False,False,0.98
CO1.PCCNTR.9867345,CORPORACIÓN AUTÓNOMA REGIONAL DE LA ORINOQUIA,Nacional,Ambiente y Desarrollo Sostenible,Casanare,Prestación de servicios,Contratación directa,Cédula de Ciudadanía,2026-08-27T00:00:00.000,2026-09-01T00:00:00.000,2026-12-31T00:00:00.000,17996000,0,Si,En ejecución,Recursos Propios,Inversión,https://community.secop.gov.co/Public/Tendering/OpportunityDetail/Index?noticeUID=CO1.NTC.10787372&isFromPublicArea=True&isModal=true&asPopupView=true,CO1.BDOS.10749596,individual_professional_ai,False,False,0.98
CO1.PCCNTR.8548962,MUNICIPIO EL RETIRO,Territorial,Servicio Público,Antioquia,Prestación de servicios,Contratación directa,NIT,2025-11-06T00:00:00.000,2025-11-14T00:00:00.000,2025-12-31T00:00:00.000,4230000,0,No,terminado,Distribuido,Inversión,https://community.secop.gov.co/Public/Tendering/OpportunityDetail/Index?noticeUID=CO1.NTC.9074062&isFromPublicArea=True&isModal=true&asPopupView=true,CO1.BDOS.9041322,incidental,False,False,0.94
CO1.PCCNTR.8909753,PROCURADURIA GENERAL DE LA NACION,Nacional,No aplica/No pertenece,Distrito Capital de Bogotá,Prestación de servicios,Contratación directa,NIT,2026-01-16T00:00:00.000,2026-01-28T00:00:00.000,2026-12-15T00:00:00.000,1200000000,0,No,En ejecución,Distribuido,Inversión,https://community.secop.gov.co/Public/Tendering/OpportunityDetail/Index?noticeUID=CO1.NTC.9543407&isFromPublicArea=True&isModal=true&asPopupView=true,CO1.BDOS.9529229,ai_development_service,False,True,0.87
CO1.PCCNTR.8166488,MINCIENCIAS,Nacional,Ciencia Tecnología,Distrito Capital de Bogotá,Prestación de servicios,Contratación directa,Cédula de Ciudadanía,2025-08-05T00:00:00.000,2025-08-27T00:00:00.000,2025-12-31T00:00:00.000,60000000,0,Si,En ejecución,Distribuido,Inversión,https://community.secop.gov.co/Public/Tendering/OpportunityDetail/Index?noticeUID=CO1.NTC.8556867&isFromPublicArea=True&isModal=true&asPopupView=true,CO1.BDOS.8533783,individual_professional_ai,False,False,0.96
CO1.PCCNTR.5700619,Rama Judicial  Dirección Ejecutiva de Administración Judicial,Nacional,Ley de Justicia,Distrito Capital de Bogotá,Prestación de servicios,Contratación directa,NIT,2023-12-28T00:00:00.000,2024-01-09T00:00:00.000,2024-05-31T00:00:00.000,1190000000,31,No,Modificado,Distribuido,Inversión,https://community.secop.gov.co/Public/Tendering/OpportunityDetail/Index?noticeUID=CO1.NTC.5361983&isFromPublicArea=True&isModal=true&asPopupView=true,CO1.BDOS.5348417,incidental,False,False,0.98
CO1.PCCNTR.7148836,CORPORACIÓN UNIFICADA NACIONAL DE EDUCACIÓN SUPERIOR-CUN,Nacional,Educación Nacional,Distrito Capital de Bogotá,Decreto 092 de 2017,Contratación régimen especial,NIT,2024-12-19T00:00:00.000,2024-12-19T00:00:00.000,2025-08-31T00:00:00.000,311447618,0,No,En ejecución,Distribuido,Inversión,https://community.secop.gov.co/Public/Tendering/OpportunityDetail/Index?noticeUID=CO1.NTC.7213295&isFromPublicArea=True&isModal=true&asPopupView=true,CO1.BDOS.7192872,incidental,False,False,0.91
CO1.PCCNTR.4869972,SERVICIO GEOLOGICO COLOMBIANO**,Nacional,Minas y Energía,Distrito Capital de Bogotá,Prestación de servicios,Contratación directa,Cédula de Ciudadanía,2023-04-17T00:00:00.000,2023-04-19T00:00:00.000,2023-08-18T00:00:00.000,23776000,0,No,En ejecución,Distribuido,Inversión,https://community.secop.gov.co/Public/Tendering/OpportunityDetail/Index?noticeUID=CO1.NTC.4299434&isFromPublicArea=True&isModal=true&asPopupView=true,CO1.BDOS.4295047,individual_professional_ai,False,False,0.98
CO1.PCCNTR.5526127,TRANSMILENIO S.A.,Territorial,Transporte,Distrito Capital de Bogotá,Prestación de servicios,Selección Abreviada de Menor Cuantía,NIT,2023-11-17T00:00:00.000,2023-11-29T00:00:00.000,2024-01-28T00:00:00.000,399500000,0,No,En ejecución,Recursos Propios,Funcionamiento,https://community.secop.gov.co/Public/Tendering/OpportunityDetail/Index?noticeUID=CO1.NTC.5077616&isFromPublicArea=True&isModal=true&asPopupView=true,CO1.BDOS.4992254,ai_product_or_platform,False,False,0.96
CO1.PCCNTR.8365352,SENA REGIONAL DISTRITO CAPITAL Grupo Administrativo Intercentros CEET,Nacional,Trabajo,Distrito Capital de Bogotá,Prestación de servicios,Contratación directa,Cédula de Ciudadanía,2025-09-25T00:00:00.000,2025-09-26T00:00:00.000,2025-12-31T00:00:00.000,17783333,0,No,En ejecución,Distribuido,Inversión,https://community.secop.gov.co/Public/Tendering/OpportunityDetail/Index?noticeUID=CO1.NTC.8826977&isFromPublicArea=True&isModal=true&asPopupView=true,CO1.BDOS.8802011,individual_professional_ai,False,False,0.97
CO1.PCCNTR.7879071,GOBERNACIÓN DE RISARALDA**,Territorial,No aplica/No pertenece,Risaralda,Prestación de servicios,Contratación directa,NIT,2025-05-29T00:00:00.000,2025-06-10T00:00:00.000,2025-12-31T00:00:00.000,4140156,0,Si,En ejecución,Distribuido,Funcionamiento,https://community.secop.gov.co/Public/Tendering/OpportunityDetail/Index?noticeUID=CO1.NTC.8139444&isFromPublicArea=True&isModal=true&asPopupView=true,CO1.BDOS.8109400,ai_product_or_platform,False,False,0.78
CO1.PCCNTR.9975048,INSTITUCIÓN UNIVERSITARIA ITM,Nacional,Educación Nacional,Antioquia,Prestación de servicios,Contratación directa,NIT,2026-09-23T00:00:00.000,2026-09-23T00:00:00.000,2026-12-31T00:00:00.000,715646960,0,No,En ejecución,Recursos Propios,Funcionamiento,https://community.secop.gov.co/Public/Tendering/OpportunityDetail/Index?noticeUID=CO1.NTC.10935612&isFromPublicArea=True&isModal=true&asPopupView=true,CO1.BDOS.10888384,ai_development_service,False,False,0.72
CO1.PCCNTR.7819723,JEP,Nacional,No aplica/No pertenece,Distrito Capital de Bogotá,Prestación de servicios,Contratación régimen especial,Cédula de Ciudadanía,2025-04-30T00:00:00.000,2025-05-05T00:00:00.000,2025-09-30T00:00:00.000,61069569,0,No,Modificado,Distribuido,Inversión,https://community.secop.gov.co/Public/Tendering/OpportunityDetail/Index?noticeUID=CO1.NTC.8048841&isFromPublicArea=True&isModal=true&asPopupView=true,CO1.BDOS.8031656,individual_professional_ai,False,False,0.99
CO1.PCCNTR.9919018,SECRETARIA DE EDUCACION DEL DISTRITO,Territorial,Educación Nacional,Distrito Capital de Bogotá,Prestación de servicios,Contratación directa,Cédula de Ciudadanía,2026-09-15T00:00:00.000,2026-09-21T00:00:00.000,2026-12-31T00:00:00.000,44000000,0,No,En ejecución,Distribuido,Inversión,https://community.secop.gov.co/Public/Tendering/OpportunityDetail/Index?noticeUID=CO1.NTC.10858831&isFromPublicArea=True&isModal=true&asPopupView=true,CO1.BDOS.10809228,individual_professional_ai,False,False,0.98
CO1.PCCNTR.9886818,FONDO ROTATORIO DE LA REGISTRADURIA,Nacional,No aplica/No pertenece,Distrito Capital de Bogotá,Prestación de servicios,Contratación directa,NIT,2026-09-02T00:00:00.000,2026-09-16T00:00:00.000,2026-12-15T00:00:00.000,120000000,0,No,En ejecución,Distribuido,Inversión,https://community.secop.gov.co/Public/Tendering/OpportunityDetail/Index?noticeUID=CO1.NTC.10812731&isFromPublicArea=True&isModal=true&asPopupView=true,CO1.BDOS.10771219,incidental,False,False,0.97
CO1.PCCNTR.5440899,MINCIENCIAS,Nacional,Ciencia Tecnología,Distrito Capital de Bogotá,Prestación de servicios,Contratación directa,Cédula de Ciudadanía,2023-10-09T00:00:00.000,2023-10-11T00:00:00.000,2023-12-31T00:00:00.000,17333333,0,No,Cerrado,Distribuido,Inversión,https://community.secop.gov.co/Public/Tendering/OpportunityDetail/Index?noticeUID=CO1.NTC.5039907&isFromPublicArea=True&isModal=true&asPopupView=true,CO1.BDOS.5028130,individual_professional_ai,False,False,0.97
CO1.PCCNTR.8913858,MINISTERIO DE MINAS Y ENERGIA,Nacional,Minas y Energía,Distrito Capital de Bogotá,Prestación de servicios,Contratación directa,Cédula de Ciudadanía,2026-01-19T00:00:00.000,2026-01-21T00:00:00.000,2026-12-31T00:00:00.000,138000000,0,No,En ejecución,Distribuido,Inversión,https://community.secop.gov.co/Public/Tendering/OpportunityDetail/Index?noticeUID=CO1.NTC.9536040&isFromPublicArea=True&isModal=true&asPopupView=true,CO1.BDOS.9508533,individual_professional_ai,False,False,0.95
CO1.PCCNTR.4543093,SENA DISTRITO CAPITAL GRUPO DE APOYO ADMINISTRATIVO - CGI,Nacional,Trabajo,Distrito Capital de Bogotá,Prestación de servicios,Contratación directa,Cédula de Ciudadanía,2023-02-02T00:00:00.000,2023-02-02T00:00:00.000,2023-12-15T00:00:00.000,42178500,0,Si,Cerrado,Distribuido,Inversión,https://community.secop.gov.co/Public/Tendering/OpportunityDetail/Index?noticeUID=CO1.NTC.3897615&isFromPublicArea=True&isModal=true&asPopupView=true,CO1.BDOS.3893663,individual_professional_ai,False,False,0.86
CO1.PCCNTR.9824046,UNIDAD CENTRAL DEL VALLE DEL CAUCA,Territorial,Educación Nacional,Valle del Cauca,Prestación de servicios,Contratación directa,Cédula de Ciudadanía,2026-08-19T00:00:00.000,2026-08-19T00:00:00.000,2026-09-04T00:00:00.000,9378000,0,No,Suspendido,Recursos Propios,Funcionamiento,https://community.secop.gov.co/Public/Tendering/OpportunityDetail/Index?noticeUID=CO1.NTC.10722932&isFromPublicArea=True&isModal=true&asPopupView=true,CO1.BDOS.10683675,incidental,False,False,0.99
CO1.PCCNTR.8528771,DIRECCIÓN DE INCORPORACIÓN-DINCO,Nacional,defensa,Distrito Capital de Bogotá,Prestación de servicios,Contratación directa,NIT,2025-11-13T00:00:00.000,2025-11-13T00:00:00.000,2025-12-30T00:00:00.000,35743300,0,No,terminado,Recursos Propios,Funcionamiento,https://community.secop.gov.co/Public/Tendering/OpportunityDetail/Index?noticeUID=CO1.NTC.9047955&isFromPublicArea=True&isModal=true&asPopupView=true,CO1.BDOS.9022982,incidental,False,False,0.96
CO1.PCCNTR.4444613,E.S.E HOSPITAL UNIVERSITARIO DE SANTANDER,Territorial,Salud y Protección Social,Santander,Decreto 092 de 2017,Contratación régimen especial,NIT,2023-01-19T00:00:00.000,2023-01-25T00:00:00.000,2024-02-29T00:00:00.000,85836855,0,Si,terminado,Recursos Propios,Funcionamiento,https://community.secop.gov.co/Public/Tendering/OpportunityDetail/Index?noticeUID=CO1.NTC.3803809&isFromPublicArea=True&isModal=true&asPopupView=true,CO1.BDOS.3790844,ai_development_service,False,True,0.89
CO1.PCCNTR.9616603,PERSONERIA PASTO,Territorial,Servicio Público,Nariño,Prestación de servicios,Contratación directa,NIT,2026-07-03T00:00:00.000,2026-07-03T00:00:00.000,2026-10-30T00:00:00.000,13000000,0,No,En ejecución,Recursos Propios,Funcionamiento,https://community.secop.gov.co/Public/Tendering/OpportunityDetail/Index?noticeUID=CO1.NTC.10448413&isFromPublicArea=True&isModal=true&asPopupView=true,CO1.BDOS.10411687,unclear,False,False,0.89
CO1.PCCNTR.7779062,INSTITUTO DISTRITAL DE SANTA MARTA PARA LA RECREACIÓN Y EL DEPORTE,Territorial,deportes,Magdalena,Prestación de servicios,Contratación directa,Cédula de Ciudadanía,2025-04-11T00:00:00.000,2025-04-11T00:00:00.000,2025-05-30T00:00:00.000,10000000,0,No,En ejecución,Distribuido,Funcionamiento,https://community.secop.gov.co/Public/Tendering/OpportunityDetail/Index?noticeUID=CO1.NTC.7995709&isFromPublicArea=True&isModal=true&asPopupView=true,CO1.BDOS.7978781,individual_professional_ai,False,False,0.94
CO1.PCCNTR.5445647,MINCIENCIAS,Nacional,Ciencia Tecnología,Distrito Capital de Bogotá,Prestación de servicios,Contratación directa,Cédula de Ciudadanía,2023-10-09T00:00:00.000,2023-10-11T00:00:00.000,2023-12-31T00:00:00.000,17333333,0,No,Cerrado,Distribuido,Inversión,https://community.secop.gov.co/Public/Tendering/OpportunityDetail/Index?noticeUID=CO1.NTC.5046016&isFromPublicArea=True&isModal=true&asPopupView=true,CO1.BDOS.5033445,individual_professional_ai,False,False,0.89
CO1.PCCNTR.7371440,"INSTITUTO DE HIDROLOGIA, METEOROLOGÍA Y ESTUDIOS AMBIENTALES",Nacional,Ambiente y Desarrollo Sostenible,Distrito Capital de Bogotá,Prestación de servicios,Contratación directa,Cédula de Ciudadanía,2025-01-31T00:00:00.000,2025-02-01T00:00:00.000,2026-01-15T00:00:00.000,73774800,0,No,Cerrado,Distribuido,Inversión,https://community.secop.gov.co/Public/Tendering/OpportunityDetail/Index?noticeUID=CO1.NTC.7494978&isFromPublicArea=True&isModal=true&asPopupView=true,CO1.BDOS.7479423,individual_professional_ai,False,False,0.99
CO1.PCCNTR.9898301,IDARTES,Nacional,Cultura,Distrito Capital de Bogotá,Prestación de servicios,Selección abreviada subasta inversa,NIT,2026-09-04T00:00:00.000,2026-09-09T00:00:00.000,2027-10-03T00:00:00.000,154649249,0,No,En ejecución,Distribuido,Inversión,https://community.secop.gov.co/Public/Tendering/OpportunityDetail/Index?noticeUID=CO1.NTC.10591098&isFromPublicArea=True&isModal=true&asPopupView=true,CO1.BDOS.10449116,incidental,False,False,0.85
CO1.PCCNTR.7327156,DEPARTAMENTO NACIONAL DE PLANEACIÓN,Nacional,Planeación,Distrito Capital de Bogotá,Prestación de servicios,Contratación directa,Cédula de Ciudadanía,2025-01-24T00:00:00.000,2025-01-27T00:00:00.000,2025-12-31T00:00:00.000,111666665,0,No,Modificado,Distribuido,Inversión,https://community.secop.gov.co/Public/Tendering/OpportunityDetail/Index?noticeUID=CO1.NTC.7445451&isFromPublicArea=True&isModal=true&asPopupView=true,CO1.BDOS.7426228,individual_professional_ai,False,False,0.96
CO1.PCCNTR.6835794,GOBERNACIÓN DEL CAUCA,Territorial,Servicio Público,Cauca,Prestación de servicios,Contratación directa,Cédula de Ciudadanía,2024-10-08T00:00:00.000,2024-10-09T00:00:00.000,2024-12-26T00:00:00.000,10386666,0,No,Cerrado,Distribuido,Inversión,https://community.secop.gov.co/Public/Tendering/OpportunityDetail/Index?noticeUID=CO1.NTC.6807231&isFromPublicArea=True&isModal=true&asPopupView=true,CO1.BDOS.6600959,incidental,False,False,0.94
CO1.PCCNTR.8975592,ESCUELA TECNOLÓGICA INSTITUTO TÉCNICO CENTRAL,Nacional,Educación Nacional,Distrito Capital de Bogotá,Prestación de servicios,Contratación directa,Cédula de Ciudadanía,2026-01-19T00:00:00.000,2026-01-21T00:00:00.000,2026-11-30T00:00:00.000,42569370,0,Si,En ejecución,Distribuido,Funcionamiento,https://community.secop.gov.co/Public/Tendering/OpportunityDetail/Index?noticeUID=CO1.NTC.9606557&isFromPublicArea=True&isModal=true&asPopupView=true,CO1.BDOS.9547880,individual_professional_ai,False,False,0.98
CO1.PCCNTR.9946617,ALCALDIA DE GIRARDOTA,Territorial,No aplica/No pertenece,Antioquia,Prestación de servicios,Contratación directa,NIT,2026-09-17T00:00:00.000,2026-09-17T00:00:00.000,2026-12-15T00:00:00.000,20000000,0,Si,En ejecución,Distribuido,Inversión,https://community.secop.gov.co/Public/Tendering/OpportunityDetail/Index?noticeUID=CO1.NTC.10897026&isFromPublicArea=True&isModal=true&asPopupView=true,CO1.BDOS.10857257,incidental,False,False,0.98
CO1.PCCNTR.6610632,INSTITUTO DE MOVILIDAD DE PEREIRA,Territorial,Transporte,Risaralda,Prestación de servicios,Contratación directa,Cédula de Ciudadanía,2024-08-06T00:00:00.000,2024-08-09T00:00:00.000,2024-12-28T00:00:00.000,15261246,0,No,En ejecución,Recursos Propios,Inversión,https://community.secop.gov.co/Public/Tendering/OpportunityDetail/Index?noticeUID=CO1.NTC.6504543&isFromPublicArea=True&isModal=true&asPopupView=true,CO1.BDOS.6493617,individual_professional_ai,False,False,0.93
CO1.PCCNTR.8835059,"AGENCIA DISTRITAL PARA LA EDUCACIÓN SUPERIOR, LA CIENCIA Y LA TECNOLOGÍA, ATENEA",Territorial,Educación Nacional,Distrito Capital de Bogotá,Prestación de servicios,Contratación directa,Cédula de Ciudadanía,2026-01-11T00:00:00.000,2026-01-14T00:00:00.000,2026-11-28T00:00:00.000,116550000,0,No,cedido,Recursos Propios,Inversión,https://community.secop.gov.co/Public/Tendering/OpportunityDetail/Index?noticeUID=CO1.NTC.9465726&isFromPublicArea=True&isModal=true&asPopupView=true,CO1.BDOS.9449092,individual_professional_ai,False,False,0.97
CO1.PCCNTR.9806147,CENTRAL ADMINISTRATIVA Y CONTABLE ESPECIALIZADA CENAC EDUCACIÓN//,Nacional,defensa,Distrito Capital de Bogotá,Prestación de servicios,Contratación directa,Cédula de Ciudadanía,2026-08-14T00:00:00.000,2026-08-18T00:00:00.000,2026-08-31T00:00:00.000,6230000,0,No,En ejecución,Distribuido,Funcionamiento,https://community.secop.gov.co/Public/Tendering/OpportunityDetail/Index?noticeUID=CO1.NTC.10703481&isFromPublicArea=True&isModal=true&asPopupView=true,CO1.BDOS.10661925,incidental,False,False,0.99
CO1.PCCNTR.4547351,SENA DISTRITO CAPITAL GRUPO DE APOYO ADMINISTRATIVO - CGI,Nacional,Trabajo,Distrito Capital de Bogotá,Prestación de servicios,Contratación directa,Cédula de Ciudadanía,2023-02-02T00:00:00.000,2023-02-02T00:00:00.000,2023-12-15T00:00:00.000,42178500,0,Si,Cerrado,Distribuido,Inversión,https://community.secop.gov.co/Public/Tendering/OpportunityDetail/Index?noticeUID=CO1.NTC.3897083&isFromPublicArea=True&isModal=true&asPopupView=true,CO1.BDOS.3895215,individual_professional_ai,False,False,0.96
CO1.PCCNTR.4575628,"AGENCIA DISTRITAL PARA LA EDUCACIÓN SUPERIOR, LA CIENCIA Y LA TECNOLOGÍA, ATENEA",Territorial,Educación Nacional,Distrito Capital de Bogotá,Otro,Contratación Directa (con ofertas),NIT,2023-02-07T00:00:00.000,2023-05-23T00:00:00.000,2026-05-22T00:00:00.000,661389000,103,No,Modificado,Recursos Propios,Inversión,https://community.secop.gov.co/Public/Tendering/OpportunityDetail/Index?noticeUID=CO1.NTC.3938194&isFromPublicArea=True&isModal=true&asPopupView=true,CO1.BDOS.3830392,ai_development_service,False,False,0.87
CO1.PCCNTR.9082667,DEPARTAMENTO NACIONAL DE PLANEACIÓN,Nacional,Planeación,Distrito Capital de Bogotá,Prestación de servicios,Contratación directa,Cédula de Ciudadanía,2026-01-23T00:00:00.000,2026-01-26T00:00:00.000,2026-12-31T00:00:00.000,138432000,0,No,Modificado,Distribuido,Inversión,https://community.secop.gov.co/Public/Tendering/OpportunityDetail/Index?noticeUID=CO1.NTC.9717153&isFromPublicArea=True&isModal=true&asPopupView=true,CO1.BDOS.9702091,individual_professional_ai,False,False,0.98
CO1.PCCNTR.6921826,FONDO UNICO DE TECNOLOGÍAS DE LA INFORMACIÓN Y LAS COMUNICACIONES,Nacional,Tecnologías de la Información y las Comunicaciones,Distrito Capital de Bogotá,Otro,Contratación directa,NIT,2024-10-23T00:00:00.000,2024-10-30T00:00:00.000,2024-12-20T00:00:00.000,5400000000,0,No,En ejecución,Distribuido,Inversión,https://community.secop.gov.co/Public/Tendering/OpportunityDetail/Index?noticeUID=CO1.NTC.6916174&isFromPublicArea=True&isModal=true&asPopupView=true,CO1.BDOS.6905695,ai_development_service,False,False,0.96
CO1.PCCNTR.6602162,MINCIENCIAS,Nacional,Ciencia Tecnología,Distrito Capital de Bogotá,Prestación de servicios,Contratación directa,Cédula de Ciudadanía,2024-08-02T00:00:00.000,2024-08-05T00:00:00.000,2024-12-31T00:00:00.000,58400000,0,Si,Modificado,Distribuido,Inversión,https://community.secop.gov.co/Public/Tendering/OpportunityDetail/Index?noticeUID=CO1.NTC.6492965&isFromPublicArea=True&isModal=true&asPopupView=true,CO1.BDOS.6482818,individual_professional_ai,False,False,0.96
CO1.PCCNTR.6880448,SECRETARIA DISTRITAL DE DESARROLLO ECONOMICO - ALCALDIA BOGOTÁ,Territorial,Industria,Distrito Capital de Bogotá,Prestación de servicios,Selección Abreviada de Menor Cuantía,NIT,2024-10-11T00:00:00.000,2024-10-15T00:00:00.000,2025-03-31T00:00:00.000,407300644,0,No,terminado,Distribuido,Inversión,https://community.secop.gov.co/Public/Tendering/OpportunityDetail/Index?noticeUID=CO1.NTC.6777230&isFromPublicArea=True&isModal=true&asPopupView=true,CO1.BDOS.6619739,ai_development_service,False,True,0.84
CO1.PCCNTR.8391484,SENA REGIONAL RISARALDA Grupo de Apoyo Administrativo Mixto//,Nacional,Educación Nacional,Risaralda,Prestación de servicios,Mínima cuantía,NIT,2025-10-03T00:00:00.000,2025-10-10T00:00:00.000,2025-12-18T00:00:00.000,43500000,21,No,Modificado,Recursos Propios,Inversión,https://community.secop.gov.co/Public/Tendering/OpportunityDetail/Index?noticeUID=CO1.NTC.8776714&isFromPublicArea=True&isModal=true&asPopupView=true,CO1.BDOS.8748788,ai_product_or_platform,False,False,0.78
CO1.PCCNTR.5556914,COMISIÓN DE REGULACIÓN DE AGUA POTABLE Y SANEAMIENTO BÁSICO.,Nacional,"Vivienda, Ciudad y Territorio",Distrito Capital de Bogotá,Prestación de servicios,Selección abreviada subasta inversa,NIT,2023-11-22T00:00:00.000,2023-11-22T00:00:00.000,2023-12-29T00:00:00.000,149900000,0,No,Modificado,Distribuido,Inversión,https://community.secop.gov.co/Public/Tendering/OpportunityDetail/Index?noticeUID=CO1.NTC.5123111&isFromPublicArea=True&isModal=true&asPopupView=true,CO1.BDOS.5066980,ai_product_or_platform,False,False,0.92
CO1.PCCNTR.8914506,FONDO NACIONAL AMBIENTAL - ANLA,Nacional,Ambiente y Desarrollo Sostenible,Distrito Capital de Bogotá,Prestación de servicios,Contratación directa,Cédula de Ciudadanía,2026-01-16T00:00:00.000,2026-01-16T00:00:00.000,2026-12-31T00:00:00.000,86534418,0,No,En ejecución,Recursos Propios,Inversión,https://community.secop.gov.co/Public/Tendering/OpportunityDetail/Index?noticeUID=CO1.NTC.9547637&isFromPublicArea=True&isModal=true&asPopupView=true,CO1.BDOS.9438878,individual_professional_ai,False,False,0.78
CO1.PCCNTR.7015963,INSTITUCIÓN UNIVERSITARIA ITM,Nacional,Educación Nacional,Antioquia,Prestación de servicios,Contratación directa,Cédula de Ciudadanía,2024-11-12T00:00:00.000,2024-11-12T00:00:00.000,2024-12-31T00:00:00.000,7400000,0,Si,En ejecución,Recursos Propios,Inversión,https://community.secop.gov.co/Public/Tendering/OpportunityDetail/Index?noticeUID=CO1.NTC.7035225&isFromPublicArea=True&isModal=true&asPopupView=true,CO1.BDOS.7022151,individual_professional_ai,False,False,0.68
CO1.PCCNTR.8960580,SENA REGIONAL RISARALDA Grupo de Apoyo Administrativo Mixto//,Nacional,Educación Nacional,Risaralda,Prestación de servicios,Contratación directa,Cédula de Ciudadanía,2026-01-19T00:00:00.000,2026-01-23T00:00:00.000,2026-12-21T00:00:00.000,66699996,0,No,En ejecución,Distribuido,Inversión,https://community.secop.gov.co/Public/Tendering/OpportunityDetail/Index?noticeUID=CO1.NTC.9592819&isFromPublicArea=True&isModal=true&asPopupView=true,CO1.BDOS.9576599,individual_professional_ai,False,False,0.89
CO1.PCCNTR.8338346,CORPORACION AUTONOMA REGIONAL DE LA GUAJIRA,Corporación Autónoma,Ambiente y Desarrollo Sostenible,La Guajira,Prestación de servicios,Contratación directa,Cédula de Ciudadanía,2025-09-18T00:00:00.000,2025-09-23T00:00:00.000,2025-12-31T00:00:00.000,8655000,0,No,Modificado,Recursos Propios,Funcionamiento,https://community.secop.gov.co/Public/Tendering/OpportunityDetail/Index?noticeUID=CO1.NTC.8796518&isFromPublicArea=True&isModal=true&asPopupView=true,CO1.BDOS.8767961,individual_professional_ai,False,False,0.91
CO1.PCCNTR.5209818,SERVICIO GEOLOGICO COLOMBIANO**,Nacional,Minas y Energía,Distrito Capital de Bogotá,Prestación de servicios,Contratación directa,Cédula de Ciudadanía,2023-07-11T00:00:00.000,2023-07-12T00:00:00.000,2023-12-31T00:00:00.000,42785167,50,No,Modificado,Distribuido,Funcionamiento,https://community.secop.gov.co/Public/Tendering/OpportunityDetail/Index?noticeUID=CO1.NTC.4721665&isFromPublicArea=True&isModal=true&asPopupView=true,CO1.BDOS.4713724,individual_professional_ai,False,False,0.98
CO1.PCCNTR.9055783,JEP,Nacional,No aplica/No pertenece,Distrito Capital de Bogotá,Prestación de servicios,Contratación régimen especial,Cédula de Ciudadanía,2026-01-27T00:00:00.000,2026-02-02T00:00:00.000,2026-12-31T00:00:00.000,122975700,0,No,En ejecución,Distribuido,Inversión,https://community.secop.gov.co/Public/Tendering/OpportunityDetail/Index?noticeUID=CO1.NTC.9690714&isFromPublicArea=True&isModal=true&asPopupView=true,CO1.BDOS.9677919,individual_professional_ai,False,False,0.84
CO1.PCCNTR.5632926,Corporación Universidad Piloto de Colombia,Corporación Autónoma,Educación Nacional,Distrito Capital de Bogotá,Prestación de servicios,Contratación régimen especial,Cédula de Ciudadanía,2023-12-06T00:00:00.000,2023-12-06T00:00:00.000,2024-02-29T00:00:00.000,4200000,0,No,Modificado,Distribuido,Funcionamiento,https://community.secop.gov.co/Public/Tendering/OpportunityDetail/Index?noticeUID=CO1.NTC.5283638&isFromPublicArea=True&isModal=true&asPopupView=true,CO1.BDOS.5268710,individual_professional_ai,False,False,0.98
CO1.PCCNTR.8695707,PERSONERÍA MUNICIPAL DE ANGELÓPOLIS - ANTIOQUIA,Territorial,Ley de Justicia,Antioquia,Prestación de servicios,Contratación directa,Cédula de Ciudadanía,2025-12-13T00:00:00.000,2025-12-13T00:00:00.000,2025-12-25T00:00:00.000,7000000,0,No,Cerrado,Distribuido,Funcionamiento,https://community.secop.gov.co/Public/Tendering/OpportunityDetail/Index?noticeUID=CO1.NTC.9278016&isFromPublicArea=True&isModal=true&asPopupView=true,CO1.BDOS.9250230,incidental,False,False,0.97
CO1.PCCNTR.8940570,SUPERINTENDENCIA DE SERVICIOS PÚBLICOS DOMICILIARIOS,Nacional,Planeación,Distrito Capital de Bogotá,Prestación de servicios,Contratación directa,Cédula de Ciudadanía,2026-01-17T00:00:00.000,2026-01-20T00:00:00.000,2026-10-19T00:00:00.000,108000000,60,No,Modificado,Distribuido,Inversión,https://community.secop.gov.co/Public/Tendering/OpportunityDetail/Index?noticeUID=CO1.NTC.9549806&isFromPublicArea=True&isModal=true&asPopupView=true,CO1.BDOS.9533643,individual_professional_ai,False,False,0.98
CO1.PCCNTR.6589967,AGENCIA DE EDUCACIÓN POSTSECUNDARIA DE MEDELLÍN -SAPIENCIA-,Territorial,Educación Nacional,Antioquia,Otro,Contratación Directa (con ofertas),NIT,2024-08-01T00:00:00.000,2024-08-01T00:00:00.000,2025-03-31T00:00:00.000,686200000,89,No,Modificado,Recursos Propios,Inversión,https://community.secop.gov.co/Public/Tendering/OpportunityDetail/Index?noticeUID=CO1.NTC.6473898&isFromPublicArea=True&isModal=true&asPopupView=true,CO1.BDOS.6463951,incidental,False,False,0.84
CO1.PCCNTR.5076496,DEPARTAMENTO NACIONAL DE PLANEACIÓN,Nacional,Planeación,Distrito Capital de Bogotá,Prestación de servicios,Contratación directa,Cédula de Ciudadanía,2023-06-14T00:00:00.000,2023-06-16T00:00:00.000,2023-12-31T00:00:00.000,52266672,0,No,En ejecución,Distribuido,Inversión,https://community.secop.gov.co/Public/Tendering/OpportunityDetail/Index?noticeUID=CO1.NTC.4565797&isFromPublicArea=True&isModal=true&asPopupView=true,CO1.BDOS.4559778,individual_professional_ai,False,False,0.97
CO1.PCCNTR.8902346,FONDO NACIONAL AMBIENTAL - ANLA,Nacional,Ambiente y Desarrollo Sostenible,Distrito Capital de Bogotá,Prestación de servicios,Contratación directa,Cédula de Ciudadanía,2026-01-15T00:00:00.000,2026-01-16T00:00:00.000,2026-12-31T00:00:00.000,48915300,0,No,En ejecución,Recursos Propios,Inversión,https://community.secop.gov.co/Public/Tendering/OpportunityDetail/Index?noticeUID=CO1.NTC.9535352&isFromPublicArea=True&isModal=true&asPopupView=true,CO1.BDOS.9521900,individual_professional_ai,False,False,0.78
CO1.PCCNTR.4549551,SENA DISTRITO CAPITAL GRUPO DE APOYO ADMINISTRATIVO - CGI,Nacional,Trabajo,Distrito Capital de Bogotá,Prestación de servicios,Contratación directa,Cédula de Ciudadanía,2023-02-03T00:00:00.000,2023-02-03T00:00:00.000,2023-12-15T00:00:00.000,42178500,0,Si,Cerrado,Distribuido,Inversión,https://community.secop.gov.co/Public/Tendering/OpportunityDetail/Index?noticeUID=CO1.NTC.3897280&isFromPublicArea=True&isModal=true&asPopupView=true,CO1.BDOS.3894690,individual_professional_ai,False,False,0.95
CO1.PCCNTR.5580079,FONDO UNICO DE TECNOLOGÍAS DE LA INFORMACIÓN Y LAS COMUNICACIONES,Nacional,Tecnologías de la Información y las Comunicaciones,Distrito Capital de Bogotá,Prestación de servicios,Contratación directa,NIT,2023-11-22T00:00:00.000,2023-11-27T00:00:00.000,2023-12-31T00:00:00.000,190400000,0,No,En ejecución,Distribuido,Inversión,https://community.secop.gov.co/Public/Tendering/OpportunityDetail/Index?noticeUID=CO1.NTC.5217440&isFromPublicArea=True&isModal=true&asPopupView=true,CO1.BDOS.5203042,unclear,False,False,0.88
CO1.PCCNTR.9230916,"AGENCIA DISTRITAL PARA LA EDUCACIÓN SUPERIOR, LA CIENCIA Y LA TECNOLOGÍA, ATENEA",Territorial,Educación Nacional,Distrito Capital de Bogotá,Prestación de servicios,Contratación directa,Cédula de Ciudadanía,2026-01-29T00:00:00.000,2026-02-09T00:00:00.000,2026-11-08T00:00:00.000,81000000,0,No,En ejecución,Recursos Propios,Inversión,https://community.secop.gov.co/Public/Tendering/OpportunityDetail/Index?noticeUID=CO1.NTC.9863037&isFromPublicArea=True&isModal=true&asPopupView=true,CO1.BDOS.9836419,individual_professional_ai,False,False,0.96
CO1.PCCNTR.8267193,ALCALDIA DE FILANDIA,Territorial,Servicio Público,Quindío,Prestación de servicios,Contratación directa,Cédula de Ciudadanía,2025-09-01T00:00:00.000,2025-09-02T00:00:00.000,2025-12-31T00:00:00.000,51554220,0,No,En ejecución,Distribuido,Funcionamiento,https://community.secop.gov.co/Public/Tendering/OpportunityDetail/Index?noticeUID=CO1.NTC.8700322&isFromPublicArea=True&isModal=true&asPopupView=true,CO1.BDOS.8677206,ai_product_or_platform,False,False,0.91
CO1.PCCNTR.9756196,AGENCIA DE EDUCACIÓN POSTSECUNDARIA DE MEDELLÍN -SAPIENCIA-,Territorial,Educación Nacional,Antioquia,Otro,Contratación Directa (con ofertas),NIT,2026-08-06T00:00:00.000,2026-08-11T00:00:00.000,2026-12-16T00:00:00.000,256300463,0,No,En ejecución,Recursos Propios,Inversión,https://community.secop.gov.co/Public/Tendering/OpportunityDetail/Index?noticeUID=CO1.NTC.10623659&isFromPublicArea=True&isModal=true&asPopupView=true,CO1.BDOS.10585002,ai_development_service,False,True,0.88
CO1.PCCNTR.7712763,SERVICIO GEOLOGICO COLOMBIANO**,Nacional,Minas y Energía,Distrito Capital de Bogotá,Prestación de servicios,Contratación directa,Cédula de Ciudadanía,2025-03-28T00:00:00.000,2025-03-28T00:00:00.000,2025-12-31T00:00:00.000,89751924,0,No,Modificado,Distribuido,Inversión,https://community.secop.gov.co/Public/Tendering/OpportunityDetail/Index?noticeUID=CO1.NTC.7911730&isFromPublicArea=True&isModal=true&asPopupView=true,CO1.BDOS.7893685,individual_professional_ai,False,False,0.96
CO1.PCCNTR.8124279,PROCURADURIA GENERAL DE LA NACION,Nacional,No aplica/No pertenece,Distrito Capital de Bogotá,Prestación de servicios,Contratación directa,Cédula de Ciudadanía,2025-07-25T00:00:00.000,2025-08-04T00:00:00.000,2025-12-30T00:00:00.000,39466666,0,No,Cerrado,Distribuido,Funcionamiento,https://community.secop.gov.co/Public/Tendering/OpportunityDetail/Index?noticeUID=CO1.NTC.8495280&isFromPublicArea=True&isModal=true&asPopupView=true,CO1.BDOS.8455673,individual_professional_ai,False,False,0.98
CO1.PCCNTR.8717292,TRANSMILENIO S.A.,Territorial,Transporte,Distrito Capital de Bogotá,Prestación de servicios,Selección Abreviada de Menor Cuantía,NIT,2025-12-24T00:00:00.000,2026-01-20T00:00:00.000,2026-03-19T00:00:00.000,443489200,0,No,En ejecución,Recursos Propios,Inversión,https://community.secop.gov.co/Public/Tendering/OpportunityDetail/Index?noticeUID=CO1.NTC.9190925&isFromPublicArea=True&isModal=true&asPopupView=true,CO1.BDOS.9017475,ai_product_or_platform,False,False,0.94
CO1.PCCNTR.8693345,PERSONERIA DISTRITAL DE SANTA MARTA,Territorial,Servicio Público,Magdalena,Prestación de servicios,Contratación directa,NIT,2025-12-11T00:00:00.000,2025-12-11T00:00:00.000,2025-12-31T00:00:00.000,240000000,0,No,En ejecución,Recursos Propios,Funcionamiento,https://community.secop.gov.co/Public/Tendering/OpportunityDetail/Index?noticeUID=CO1.NTC.9274336&isFromPublicArea=True&isModal=true&asPopupView=true,CO1.BDOS.9247024,ai_development_service,False,True,0.88
CO1.PCCNTR.8925307,FONDO NACIONAL AMBIENTAL - ANLA,Nacional,Ambiente y Desarrollo Sostenible,Distrito Capital de Bogotá,Prestación de servicios,Contratación directa,Cédula de Ciudadanía,2026-01-16T00:00:00.000,2026-01-16T00:00:00.000,2026-12-31T00:00:00.000,84573300,0,No,En ejecución,Recursos Propios,Funcionamiento,https://community.secop.gov.co/Public/Tendering/OpportunityDetail/Index?noticeUID=CO1.NTC.9558497&isFromPublicArea=True&isModal=true&asPopupView=true,CO1.BDOS.9545702,individual_professional_ai,False,False,0.68
CO1.PCCNTR.8528698,DEPARTAMENTO DE ANTIOQUIA//,Territorial,Servicio Público,Antioquia,Otro,Contratación directa,NIT,2025-10-31T00:00:00.000,2025-11-07T00:00:00.000,2026-12-15T00:00:00.000,3853623189,0,No,En ejecución,Distribuido,Inversión,https://community.secop.gov.co/Public/Tendering/OpportunityDetail/Index?noticeUID=CO1.NTC.9017193&isFromPublicArea=True&isModal=true&asPopupView=true,CO1.BDOS.8991561,incidental,False,False,0.95
CO1.PCCNTR.8943018,DEPARTAMENTO NACIONAL DE PLANEACIÓN,Nacional,Planeación,Distrito Capital de Bogotá,Prestación de servicios,Contratación directa,Cédula de Ciudadanía,2026-01-17T00:00:00.000,2026-01-19T00:00:00.000,2026-12-31T00:00:00.000,148633329,0,No,cedido,Distribuido,Inversión,https://community.secop.gov.co/Public/Tendering/OpportunityDetail/Index?noticeUID=CO1.NTC.9576091&isFromPublicArea=True&isModal=true&asPopupView=true,CO1.BDOS.9562190,individual_professional_ai,False,False,0.98
CO1.PCCNTR.7608890,SENA REGIONAL CALDAS GRUPO ADMINISTRATIVO CPA,Nacional,Trabajo,Caldas,Compraventa,Contratación Directa (con ofertas),NIT,2025-03-05T00:00:00.000,2025-03-07T00:00:00.000,2025-05-05T00:00:00.000,129176000,0,Si,En ejecución,Distribuido,Inversión,https://community.secop.gov.co/Public/Tendering/OpportunityDetail/Index?noticeUID=CO1.NTC.7736743&isFromPublicArea=True&isModal=true&asPopupView=true,CO1.BDOS.7717529,incidental,False,False,0.91
CO1.PCCNTR.9170335,ESAP TERRITORIAL CUNDINAMARCA,Nacional,Servicio Público,Cundinamarca,Prestación de servicios,Contratación directa,Cédula de Ciudadanía,2026-01-27T00:00:00.000,2026-03-02T00:00:00.000,2026-12-30T00:00:00.000,9600000,0,No,Modificado,Recursos Propios,Inversión,https://community.secop.gov.co/Public/Tendering/OpportunityDetail/Index?noticeUID=CO1.NTC.9802332&isFromPublicArea=True&isModal=true&asPopupView=true,CO1.BDOS.9783286,individual_professional_ai,False,False,0.98
CO1.PCCNTR.9895928,CORPOBOYACA,Nacional,Ambiente y Desarrollo Sostenible,Boyacá,Prestación de servicios,Contratación directa,Otro,2026-09-03T00:00:00.000,,2026-12-17T00:00:00.000,45000000,0,No,Aprobado,Recursos Propios,Inversión,https://community.secop.gov.co/Public/Tendering/OpportunityDetail/Index?noticeUID=CO1.NTC.10825699&isFromPublicArea=True&isModal=true&asPopupView=true,CO1.BDOS.10787767,incidental,False,False,0.94
CO1.PCCNTR.9868703,ALCALDIA MUNICIPAL FUSAGASUGA,Territorial,No aplica/No pertenece,Cundinamarca,Otro,Contratación directa,NIT,2026-08-28T00:00:00.000,2026-09-01T00:00:00.000,2026-12-30T00:00:00.000,149945359.76,0,No,En ejecución,Distribuido,Inversión,https://community.secop.gov.co/Public/Tendering/OpportunityDetail/Index?noticeUID=CO1.NTC.10788791&isFromPublicArea=True&isModal=true&asPopupView=true,CO1.BDOS.10750168,ai_development_service,False,False,0.94
CO1.PCCNTR.9144786,MUNICIPIO DE COGUA,Territorial,Servicio Público,Cundinamarca,Prestación de servicios,Contratación directa,Cédula de Ciudadanía,2026-01-26T00:00:00.000,2026-01-26T00:00:00.000,2026-11-25T00:00:00.000,45900000,0,No,En ejecución,Distribuido,Inversión,https://community.secop.gov.co/Public/Tendering/OpportunityDetail/Index?noticeUID=CO1.NTC.9777365&isFromPublicArea=True&isModal=true&asPopupView=true,CO1.BDOS.9758668,individual_professional_ai,True,True,0.94
CO1.PCCNTR.7263731,FONDO UNICO DE TECNOLOGÍAS DE LA INFORMACIÓN Y LAS COMUNICACIONES,Nacional,Tecnologías de la Información y las Comunicaciones,Distrito Capital de Bogotá,Prestación de servicios,Contratación directa,Cédula de Ciudadanía,2025-01-17T00:00:00.000,2025-01-21T00:00:00.000,2025-12-31T00:00:00.000,240000000,0,No,En ejecución,Distribuido,Inversión,https://community.secop.gov.co/Public/Tendering/OpportunityDetail/Index?noticeUID=CO1.NTC.7369691&isFromPublicArea=True&isModal=true&asPopupView=true,CO1.BDOS.7350668,individual_professional_ai,False,False,0.72
CO1.PCCNTR.7932214,SENA DISTRITO CAPITAL GRUPO DE APOYO ADMINISTRATIVO - CGI,Nacional,Trabajo,Distrito Capital de Bogotá,Prestación de servicios,Contratación directa,Cédula de Ciudadanía,2025-05-30T00:00:00.000,2025-06-03T00:00:00.000,2025-12-26T00:00:00.000,36468400,0,No,Cerrado,Distribuido,Inversión,https://community.secop.gov.co/Public/Tendering/OpportunityDetail/Index?noticeUID=CO1.NTC.8215354&isFromPublicArea=True&isModal=true&asPopupView=true,CO1.BDOS.8193132,individual_professional_ai,False,False,0.97
CO1.PCCNTR.6343131,MINCIENCIAS,Nacional,Ciencia Tecnología,Distrito Capital de Bogotá,Prestación de servicios,Contratación directa,Cédula de Ciudadanía,2024-05-20T00:00:00.000,2024-05-22T00:00:00.000,2024-11-21T00:00:00.000,72000000,0,No,En ejecución,Distribuido,Inversión,https://community.secop.gov.co/Public/Tendering/OpportunityDetail/Index?noticeUID=CO1.NTC.6145120&isFromPublicArea=True&isModal=true&asPopupView=true,CO1.BDOS.6136242,individual_professional_ai,False,False,0.94
CO1.PCCNTR.9808212,COMISIÓN DE REGULACIÓN DE AGUA POTABLE Y SANEAMIENTO BÁSICO.,Nacional,"Vivienda, Ciudad y Territorio",Distrito Capital de Bogotá,Prestación de servicios,Contratación directa,Cédula de Ciudadanía,2026-08-13T00:00:00.000,2026-08-19T00:00:00.000,2026-12-19T00:00:00.000,28000000,0,No,En ejecución,Distribuido,Inversión,https://community.secop.gov.co/Public/Tendering/OpportunityDetail/Index?noticeUID=CO1.NTC.10706023&isFromPublicArea=True&isModal=true&asPopupView=true,CO1.BDOS.10668178,individual_professional_ai,False,False,0.97
CO1.PCCNTR.7516591,TRANSMILENIO S.A.,Territorial,Transporte,Distrito Capital de Bogotá,Prestación de servicios,Contratación directa,Cédula de Ciudadanía,2025-02-18T00:00:00.000,2025-03-03T00:00:00.000,2025-09-02T00:00:00.000,54504000,0,Si,Cerrado,Distribuido,Funcionamiento,https://community.secop.gov.co/Public/Tendering/OpportunityDetail/Index?noticeUID=CO1.NTC.7651929&isFromPublicArea=True&isModal=true&asPopupView=true,CO1.BDOS.7631050,individual_professional_ai,False,False,0.84
CO1.PCCNTR.7686770,MINCIENCIAS,Nacional,Ciencia Tecnología,Distrito Capital de Bogotá,Prestación de servicios,Contratación directa,Cédula de Ciudadanía,2025-03-21T00:00:00.000,2025-03-25T00:00:00.000,2025-07-24T00:00:00.000,16480000,0,Si,En ejecución,Distribuido,Inversión,https://community.secop.gov.co/Public/Tendering/OpportunityDetail/Index?noticeUID=CO1.NTC.7879781&isFromPublicArea=True&isModal=true&asPopupView=true,CO1.BDOS.7863735,individual_professional_ai,False,False,0.96
CO1.PCCNTR.7661936,FUERZA AEROESPACIAL COLOMBIANA,Nacional,defensa,Distrito Capital de Bogotá,Prestación de servicios,Contratación directa,NIT,2025-03-21T00:00:00.000,2025-03-27T00:00:00.000,2025-06-30T00:00:00.000,50000000,0,Si,Cerrado,Distribuido,Funcionamiento,https://community.secop.gov.co/Public/Tendering/OpportunityDetail/Index?noticeUID=CO1.NTC.7843420&isFromPublicArea=True&isModal=true&asPopupView=true,CO1.BDOS.7817552,incidental,False,False,0.99
CO1.PCCNTR.9278321,"AGENCIA DISTRITAL PARA LA EDUCACIÓN SUPERIOR, LA CIENCIA Y LA TECNOLOGÍA, ATENEA",Territorial,Educación Nacional,Distrito Capital de Bogotá,Prestación de servicios,Contratación directa,NIT,2026-01-30T00:00:00.000,2026-07-27T00:00:00.000,2030-07-26T00:00:00.000,15672004287,0,No,En ejecución,Recursos Propios,Inversión,https://community.secop.gov.co/Public/Tendering/OpportunityDetail/Index?noticeUID=CO1.NTC.9910100&isFromPublicArea=True&isModal=true&asPopupView=true,CO1.BDOS.9884163,unclear,False,False,0.86
CO1.PCCNTR.8934986,ESTABLECIMIENTO PUBLICO AMBIENTAL BARRANQUILLA VERDE,Territorial,Ambiente y Desarrollo Sostenible,Atlántico,Prestación de servicios,Contratación directa,NIT,2026-01-16T00:00:00.000,2026-01-16T00:00:00.000,2026-12-31T00:00:00.000,142800000,0,No,En ejecución,Recursos Propios,Funcionamiento,https://community.secop.gov.co/Public/Tendering/OpportunityDetail/Index?noticeUID=CO1.NTC.9568855&isFromPublicArea=True&isModal=true&asPopupView=true,CO1.BDOS.9554794,ai_development_service,False,False,0.72
CO1.PCCNTR.8241159,INSTITUCIÓN UNIVERSITARIA ITM,Nacional,Educación Nacional,Antioquia,Prestación de servicios,Contratación directa,Cédula de Ciudadanía,2025-08-26T00:00:00.000,2025-08-26T00:00:00.000,2025-08-30T00:00:00.000,3000000,0,Si,En ejecución,Recursos Propios,Funcionamiento,https://community.secop.gov.co/Public/Tendering/OpportunityDetail/Index?noticeUID=CO1.NTC.8664330&isFromPublicArea=True&isModal=true&asPopupView=true,CO1.BDOS.8639703,individual_professional_ai,False,False,0.94
CO1.PCCNTR.6847567,MUNICIPIO DE VILLAPINZON,Territorial,No aplica/No pertenece,Cundinamarca,Prestación de servicios,Mínima cuantía,NIT,2024-10-03T00:00:00.000,2024-10-10T00:00:00.000,2024-12-31T00:00:00.000,35000000,0,No,terminado,Distribuido,Inversión,https://community.secop.gov.co/Public/Tendering/OpportunityDetail/Index?noticeUID=CO1.NTC.6770730&isFromPublicArea=True&isModal=true&asPopupView=true,CO1.BDOS.6759818,ai_development_service,False,True,0.79
CO1.PCCNTR.5402078,COMISIÓN DE REGULACIÓN DE COMUNICACIONES,Nacional,Tecnologías de la Información y las Comunicaciones,Distrito Capital de Bogotá,Prestación de servicios,Contratación directa,NIT,2023-09-22T00:00:00.000,2023-09-28T00:00:00.000,2023-12-15T00:00:00.000,54000000,0,No,terminado,Distribuido,Inversión,https://community.secop.gov.co/Public/Tendering/OpportunityDetail/Index?noticeUID=CO1.NTC.4986431&isFromPublicArea=True&isModal=true&asPopupView=true,CO1.BDOS.4975793,ai_development_service,False,False,0.82
CO1.PCCNTR.8554684,FONDO UNICO DE TECNOLOGÍAS DE LA INFORMACIÓN Y LAS COMUNICACIONES,Nacional,Tecnologías de la Información y las Comunicaciones,Distrito Capital de Bogotá,Otro,Contratación directa,NIT,2025-11-07T00:00:00.000,2025-11-25T00:00:00.000,2027-12-10T00:00:00.000,120000000000,0,No,En ejecución,Distribuido,Inversión,https://community.secop.gov.co/Public/Tendering/OpportunityDetail/Index?noticeUID=CO1.NTC.9081295&isFromPublicArea=True&isModal=true&asPopupView=true,CO1.BDOS.9056491,incidental,False,False,0.89
CO1.PCCNTR.7414525,ESCUELA TECNOLÓGICA INSTITUTO TÉCNICO CENTRAL,Nacional,Educación Nacional,Distrito Capital de Bogotá,Prestación de servicios,Contratación directa,Cédula de Ciudadanía,2025-02-06T00:00:00.000,2025-02-06T00:00:00.000,2025-06-30T00:00:00.000,11912435,0,No,En ejecución,Distribuido,Funcionamiento,https://community.secop.gov.co/Public/Tendering/OpportunityDetail/Index?noticeUID=CO1.NTC.7542738&isFromPublicArea=True&isModal=true&asPopupView=true,CO1.BDOS.7506175,individual_professional_ai,False,False,0.94
CO1.PCCNTR.7550370,INSTITUCIÓN UNIVERSITARIA ITM,Nacional,Educación Nacional,Antioquia,Prestación de servicios,Contratación directa,Cédula de Ciudadanía,2025-02-24T00:00:00.000,2025-02-24T00:00:00.000,2025-12-31T00:00:00.000,38356666,0,Si,En ejecución,Recursos Propios,Funcionamiento,https://community.secop.gov.co/Public/Tendering/OpportunityDetail/Index?noticeUID=CO1.NTC.7703469&isFromPublicArea=True&isModal=true&asPopupView=true,CO1.BDOS.7689114,individual_professional_ai,False,False,0.85
CO1.PCCNTR.5215218,SERVICIO GEOLOGICO COLOMBIANO**,Nacional,Minas y Energía,Distrito Capital de Bogotá,Prestación de servicios,Contratación directa,Cédula de Ciudadanía,2023-07-13T00:00:00.000,2023-07-14T00:00:00.000,2023-12-31T00:00:00.000,57904467,48,No,Modificado,Distribuido,Funcionamiento,https://community.secop.gov.co/Public/Tendering/OpportunityDetail/Index?noticeUID=CO1.NTC.4730111&isFromPublicArea=True&isModal=true&asPopupView=true,CO1.BDOS.4722425,individual_professional_ai,False,False,0.98
CO1.PCCNTR.9208637,FONDO UNICO DE TECNOLOGÍAS DE LA INFORMACIÓN Y LAS COMUNICACIONES,Nacional,Tecnologías de la Información y las Comunicaciones,Distrito Capital de Bogotá,Prestación de servicios,Contratación directa,Cédula de Ciudadanía,2026-01-29T00:00:00.000,2026-01-30T00:00:00.000,2026-10-29T00:00:00.000,99319500,0,No,En ejecución,Distribuido,Inversión,https://community.secop.gov.co/Public/Tendering/OpportunityDetail/Index?noticeUID=CO1.NTC.9840239&isFromPublicArea=True&isModal=true&asPopupView=true,CO1.BDOS.9821209,individual_professional_ai,False,False,0.96
CO1.PCCNTR.9866407,SECRETARIA DE EDUCACION DEL DISTRITO,Territorial,Educación Nacional,Distrito Capital de Bogotá,Prestación de servicios,Contratación directa,Cédula de Ciudadanía,2026-08-27T00:00:00.000,2026-09-01T00:00:00.000,2026-12-31T00:00:00.000,63060000,0,No,En ejecución,Distribuido,Inversión,https://community.secop.gov.co/Public/Tendering/OpportunityDetail/Index?noticeUID=CO1.NTC.10785951&isFromPublicArea=True&isModal=true&asPopupView=true,CO1.BDOS.10747957,individual_professional_ai,False,False,0.96
CO1.PCCNTR.8467915,MUNICIPIO DE MUTATA,Territorial,Servicio Público,Antioquia,Otro,Contratación directa,NIT,2025-10-22T00:00:00.000,2025-10-22T00:00:00.000,2025-12-31T00:00:00.000,204000000,0,No,Modificado,Distribuido,Inversión,https://community.secop.gov.co/Public/Tendering/OpportunityDetail/Index?noticeUID=CO1.NTC.8966653&isFromPublicArea=True&isModal=true&asPopupView=true,CO1.BDOS.8941518,incidental,False,False,0.97
CO1.PCCNTR.6021088,SERVICIO GEOLOGICO COLOMBIANO**,Nacional,Minas y Energía,Distrito Capital de Bogotá,Prestación de servicios,Contratación directa,Cédula de Ciudadanía,2024-02-29T00:00:00.000,2024-03-01T00:00:00.000,2024-08-30T00:00:00.000,72123306,0,No,terminado,Distribuido,Funcionamiento,https://community.secop.gov.co/Public/Tendering/OpportunityDetail/Index?noticeUID=CO1.NTC.5750150&isFromPublicArea=True&isModal=true&asPopupView=true,CO1.BDOS.5740361,individual_professional_ai,False,False,0.96
CO1.PCCNTR.9246301,SUPERINTENDENCIA DE SERVICIOS PÚBLICOS DOMICILIARIOS,Nacional,Planeación,Distrito Capital de Bogotá,Prestación de servicios,Contratación directa,Cédula de Ciudadanía,2026-01-29T00:00:00.000,2026-02-02T00:00:00.000,2026-09-01T00:00:00.000,101500000,0,No,En ejecución,Distribuido,Inversión,https://community.secop.gov.co/Public/Tendering/OpportunityDetail/Index?noticeUID=CO1.NTC.9878607&isFromPublicArea=True&isModal=true&asPopupView=true,CO1.BDOS.9833040,individual_professional_ai,False,False,0.98
CO1.PCCNTR.7530468,SERVICIO GEOLOGICO COLOMBIANO**,Nacional,Minas y Energía,Distrito Capital de Bogotá,Prestación de servicios,Contratación directa,Cédula de Ciudadanía,2025-02-20T00:00:00.000,2025-02-20T00:00:00.000,2025-11-21T00:00:00.000,94229181,2,No,Cerrado,Distribuido,Funcionamiento,https://community.secop.gov.co/Public/Tendering/OpportunityDetail/Index?noticeUID=CO1.NTC.7679811&isFromPublicArea=True&isModal=true&asPopupView=true,CO1.BDOS.7659514,individual_professional_ai,False,False,0.96
CO1.PCCNTR.7758695,REDDI COLOMBIA,Corporación Autónoma,Ciencia Tecnología,Valle del Cauca,Suministros,Contratación régimen especial,NIT,2025-04-29T00:00:00.000,2025-04-29T00:00:00.000,2025-05-07T00:00:00.000,14252922,0,No,Cerrado,Distribuido,Inversión,https://community.secop.gov.co/Public/Tendering/OpportunityDetail/Index?noticeUID=CO1.NTC.7969449&isFromPublicArea=True&isModal=true&asPopupView=true,CO1.BDOS.7952462,incidental,False,False,0.98
CO1.PCCNTR.8983101,MINCIENCIAS,Nacional,Ciencia Tecnología,Distrito Capital de Bogotá,Prestación de servicios,Contratación directa,Cédula de Ciudadanía,2026-01-19T00:00:00.000,2026-01-23T00:00:00.000,2026-07-22T00:00:00.000,51000000,0,Si,En ejecución,Distribuido,Inversión,https://community.secop.gov.co/Public/Tendering/OpportunityDetail/Index?noticeUID=CO1.NTC.9614008&isFromPublicArea=True&isModal=true&asPopupView=true,CO1.BDOS.9587052,individual_professional_ai,False,False,0.98
CO1.PCCNTR.8435025,UPRA,Nacional,agricultura,Distrito Capital de Bogotá,Prestación de servicios,Mínima cuantía,NIT,2025-10-16T00:00:00.000,2025-10-20T00:00:00.000,2025-12-31T00:00:00.000,16046000,0,No,En ejecución,Distribuido,Inversión,https://community.secop.gov.co/Public/Tendering/OpportunityDetail/Index?noticeUID=CO1.NTC.8810877&isFromPublicArea=True&isModal=true&asPopupView=true,CO1.BDOS.8764070,ai_product_or_platform,True,True,0.92
CO1.PCCNTR.7847343,SERVICIO GEOLOGICO COLOMBIANO**,Nacional,Minas y Energía,Distrito Capital de Bogotá,Prestación de servicios,Contratación directa,Cédula de Ciudadanía,2025-05-05T00:00:00.000,2025-05-06T00:00:00.000,2025-12-04T00:00:00.000,64287818,0,No,Modificado,Distribuido,Funcionamiento,https://community.secop.gov.co/Public/Tendering/OpportunityDetail/Index?noticeUID=CO1.NTC.8087636&isFromPublicArea=True&isModal=true&asPopupView=true,CO1.BDOS.8069052,individual_professional_ai,False,False,0.87
CO1.PCCNTR.7855147,MUNICIPIO DE SIBATE,Territorial,No aplica/No pertenece,Cundinamarca,Prestación de servicios,Contratación directa,Cédula de Ciudadanía,2025-05-08T00:00:00.000,2025-05-09T00:00:00.000,2025-12-08T00:00:00.000,13391000,0,Si,En ejecución,Distribuido,Inversión,https://community.secop.gov.co/Public/Tendering/OpportunityDetail/Index?noticeUID=CO1.NTC.8100397&isFromPublicArea=True&isModal=true&asPopupView=true,CO1.BDOS.8076972,individual_professional_ai,False,True,0.96
CO1.PCCNTR.7828307,Gobernación Norte de Santander*,Territorial,No aplica/No pertenece,Norte de Santander,Prestación de servicios,Contratación directa,Cédula de Ciudadanía,2025-04-29T00:00:00.000,2025-04-30T00:00:00.000,2025-12-29T00:00:00.000,26400000,61,No,terminado,Distribuido,Inversión,https://community.secop.gov.co/Public/Tendering/OpportunityDetail/Index?noticeUID=CO1.NTC.8061583&isFromPublicArea=True&isModal=true&asPopupView=true,CO1.BDOS.8043556,individual_professional_ai,False,False,0.78
CO1.PCCNTR.8183600,GOBERNACION DEL CHOCÓ.,Territorial,No aplica/No pertenece,No Definido,Prestación de servicios,Mínima cuantía,NIT,2025-08-12T00:00:00.000,2025-08-16T00:00:00.000,2025-12-30T00:00:00.000,92000000,0,No,En ejecución,Distribuido,Inversión,https://community.secop.gov.co/Public/Tendering/OpportunityDetail/Index?noticeUID=CO1.NTC.8550237&isFromPublicArea=True&isModal=true&asPopupView=true,CO1.BDOS.8504366,incidental,False,False,0.91
CO1.PCCNTR.7413804,UAECD,Territorial,Hacienda y Crédito Público,Distrito Capital de Bogotá,Prestación de servicios,Contratación directa,Cédula de Ciudadanía,2025-02-06T00:00:00.000,2025-02-12T00:00:00.000,2025-12-11T00:00:00.000,134879360,0,No,En ejecución,Distribuido,Inversión,https://community.secop.gov.co/Public/Tendering/OpportunityDetail/Index?noticeUID=CO1.NTC.7541675&isFromPublicArea=True&isModal=true&asPopupView=true,CO1.BDOS.7528184,individual_professional_ai,False,False,0.97
CO1.PCCNTR.6581231,GOBERNACIÓN DEL CAUCA,Territorial,Servicio Público,Cauca,Prestación de servicios,Contratación directa,Cédula de Ciudadanía,2024-08-02T00:00:00.000,2024-08-05T00:00:00.000,2024-12-26T00:00:00.000,17860000,0,No,Cerrado,Distribuido,Inversión,https://community.secop.gov.co/Public/Tendering/OpportunityDetail/Index?noticeUID=CO1.NTC.6466777&isFromPublicArea=True&isModal=true&asPopupView=true,CO1.BDOS.6371469,incidental,False,False,0.9
CO1.PCCNTR.6213741,SENA REGIONAL CASANARE Grupo Administrativo Mixto,Nacional,Trabajo,Casanare,Prestación de servicios,Contratación directa,Cédula de Ciudadanía,2024-04-16T00:00:00.000,2024-04-16T00:00:00.000,2024-12-31T00:00:00.000,23951266,0,No,terminado,Distribuido,Inversión,https://community.secop.gov.co/Public/Tendering/OpportunityDetail/Index?noticeUID=CO1.NTC.5982732&isFromPublicArea=True&isModal=true&asPopupView=true,CO1.BDOS.5967699,individual_professional_ai,False,False,0.96
CO1.PCCNTR.8664613,SENA REGIONAL NARIÑO Grupo de Apoyo Administrativo Mixto,Nacional,Trabajo,Nariño,Compraventa,Contratación directa,NIT,2025-12-05T00:00:00.000,2025-12-05T00:00:00.000,2025-12-24T00:00:00.000,279996899.98,1,Si,Modificado,Distribuido,Inversión,https://community.secop.gov.co/Public/Tendering/OpportunityDetail/Index?noticeUID=CO1.NTC.9230031&isFromPublicArea=True&isModal=true&asPopupView=true,CO1.BDOS.9201603,ai_product_or_platform,False,False,0.68
CO1.PCCNTR.9128558,UNP,Nacional,defensa,Distrito Capital de Bogotá,Prestación de servicios,Contratación directa,Cédula de Ciudadanía,2026-01-25T00:00:00.000,2026-01-31T00:00:00.000,2026-12-31T00:00:00.000,71920000,0,No,En ejecución,Distribuido,Funcionamiento,https://community.secop.gov.co/Public/Tendering/OpportunityDetail/Index?noticeUID=CO1.NTC.9759705&isFromPublicArea=True&isModal=true&asPopupView=true,CO1.BDOS.9735905,individual_professional_ai,False,False,0.91
CO1.PCCNTR.6705271,INSTITUTO DE DEPORTES Y RECREACION DE BARBOSA ANTIOQUIA,Territorial,No aplica/No pertenece,Antioquia,Prestación de servicios,Contratación directa,Cédula de Ciudadanía,2024-08-30T00:00:00.000,2024-08-30T00:00:00.000,2024-12-30T00:00:00.000,18000000,0,No,Cerrado,Distribuido,Funcionamiento,https://community.secop.gov.co/Public/Tendering/OpportunityDetail/Index?noticeUID=CO1.NTC.6633144&isFromPublicArea=True&isModal=true&asPopupView=true,CO1.BDOS.6623636,individual_professional_ai,False,False,0.91
CO1.PCCNTR.5448620,SENA DISTRITO CAPITAL GRUPO DE APOYO ADMINISTRATIVO - CGI,Nacional,Trabajo,Distrito Capital de Bogotá,Prestación de servicios,Contratación directa,Cédula de Ciudadanía,2023-10-11T00:00:00.000,2023-10-11T00:00:00.000,2023-12-16T00:00:00.000,8971300,0,No,Cerrado,Distribuido,Inversión,https://community.secop.gov.co/Public/Tendering/OpportunityDetail/Index?noticeUID=CO1.NTC.5049944&isFromPublicArea=True&isModal=true&asPopupView=true,CO1.BDOS.5036359,individual_professional_ai,False,False,0.97
CO1.PCCNTR.9801545,TRANSMILENIO S.A.,Territorial,Transporte,Distrito Capital de Bogotá,Prestación de servicios,Contratación directa,Cédula de Ciudadanía,2026-08-14T00:00:00.000,2026-08-19T00:00:00.000,2027-03-08T00:00:00.000,27397240,0,No,En ejecución,Recursos Propios,Inversión,https://community.secop.gov.co/Public/Tendering/OpportunityDetail/Index?noticeUID=CO1.NTC.10698003&isFromPublicArea=True&isModal=true&asPopupView=true,CO1.BDOS.10650381,individual_professional_ai,False,False,0.98
CO1.PCCNTR.6751873,ICBF SEDE NACIONAL,Nacional,Inclusión Social y Reconciliación,Distrito Capital de Bogotá,Prestación de servicios,Contratación directa,Cédula de Ciudadanía,2024-09-13T00:00:00.000,2024-09-24T00:00:00.000,2024-12-31T00:00:00.000,37500000,0,No,En ejecución,Distribuido,Inversión,https://community.secop.gov.co/Public/Tendering/OpportunityDetail/Index?noticeUID=CO1.NTC.6696910&isFromPublicArea=True&isModal=true&asPopupView=true,CO1.BDOS.6681957,individual_professional_ai,False,False,0.96
CO1.PCCNTR.5394626,Sena Regional Boyaca Grupo de Apoyo Administrativo Mixto,Nacional,Trabajo,Boyacá,Prestación de servicios,Contratación directa,Cédula de Ciudadanía,2023-09-20T00:00:00.000,2023-09-21T00:00:00.000,2023-11-20T00:00:00.000,4100000,0,No,En ejecución,Distribuido,Inversión,https://community.secop.gov.co/Public/Tendering/OpportunityDetail/Index?noticeUID=CO1.NTC.4975340&isFromPublicArea=True&isModal=true&asPopupView=true,CO1.BDOS.4965131,incidental,False,False,0.94
CO1.PCCNTR.4371332,EMPRESA SOCIAL DEL ESTADO DEL MUNICIPIO DE VILLAVICENCIO,Territorial,Salud y Protección Social,Meta,Decreto 092 de 2017,Contratación régimen especial,NIT,2023-01-05T00:00:00.000,2023-01-05T00:00:00.000,2023-06-30T00:00:00.000,40781519,0,Si,terminado,Recursos Propios,Funcionamiento,https://community.secop.gov.co/Public/Tendering/OpportunityDetail/Index?noticeUID=CO1.NTC.3710089&isFromPublicArea=True&isModal=true&asPopupView=true,CO1.BDOS.3693931,ai_product_or_platform,False,True,0.82
CO1.PCCNTR.8517746,DEPARTAMENTO ADMINISTRATIVO NACIONAL DE ESTADISTICA (DANE),Nacional,Información Estadística,Distrito Capital de Bogotá,Prestación de servicios,Contratación directa,Cédula de Ciudadanía,2025-11-04T00:00:00.000,2025-11-06T00:00:00.000,2025-12-31T00:00:00.000,10266667,0,No,Cerrado,Distribuido,Inversión,https://community.secop.gov.co/Public/Tendering/OpportunityDetail/Index?noticeUID=CO1.NTC.9033236&isFromPublicArea=True&isModal=true&asPopupView=true,CO1.BDOS.8990559,individual_professional_ai,False,False,0.94
CO1.PCCNTR.8610100,SANTIAGO DE CALI DISTRITO ESPECIAL - SECRETARIA DE GOBIERNO,Territorial,No aplica/No pertenece,Valle del Cauca,Prestación de servicios,Contratación directa,NIT,2025-11-20T00:00:00.000,2025-11-24T00:00:00.000,2025-12-31T00:00:00.000,146000000,0,No,En ejecución,Distribuido,Inversión,https://community.secop.gov.co/Public/Tendering/OpportunityDetail/Index?noticeUID=CO1.NTC.9155620&isFromPublicArea=True&isModal=true&asPopupView=true,CO1.BDOS.9126925,incidental,False,False,0.91
CO1.PCCNTR.8249109,MINCIENCIAS,Nacional,Ciencia Tecnología,Distrito Capital de Bogotá,Prestación de servicios,Contratación directa,Cédula de Ciudadanía,2025-08-28T00:00:00.000,2025-09-01T00:00:00.000,2025-12-31T00:00:00.000,35133333,0,Si,En ejecución,Distribuido,Inversión,https://community.secop.gov.co/Public/Tendering/OpportunityDetail/Index?noticeUID=CO1.NTC.8675698&isFromPublicArea=True&isModal=true&asPopupView=true,CO1.BDOS.8652304,individual_professional_ai,False,False,0.84
CO1.PCCNTR.9113487,DISTRITO ESPECIAL INDUSTRIAL Y PORTUARIO DE BARRANQUILLA,Territorial,Servicio Público,Atlántico,Prestación de servicios,Contratación directa,NIT,2026-01-24T00:00:00.000,2026-02-04T00:00:00.000,2026-06-30T00:00:00.000,2000000000,0,No,En ejecución,Distribuido,Inversión,https://community.secop.gov.co/Public/Tendering/OpportunityDetail/Index?noticeUID=CO1.NTC.9749359&isFromPublicArea=True&isModal=true&asPopupView=true,CO1.BDOS.9731646,incidental,False,False,0.94
CO1.PCCNTR.9588250,MUNICIPIO DE PÚERTO ASIS PUTUMAYO,Territorial,Servicio Público,Putumayo,Prestación de servicios,Mínima cuantía,NIT,2026-06-23T00:00:00.000,2026-07-02T00:00:00.000,2026-08-01T00:00:00.000,15609000,0,No,Modificado,Distribuido,Inversión,https://community.secop.gov.co/Public/Tendering/OpportunityDetail/Index?noticeUID=CO1.NTC.10384423&isFromPublicArea=True&isModal=true&asPopupView=true,CO1.BDOS.10345531,incidental,False,False,0.94
CO1.PCCNTR.8474374,DEPARTAMENTO NACIONAL DE PLANEACIÓN,Nacional,Planeación,Distrito Capital de Bogotá,Prestación de servicios,Contratación directa,Cédula de Ciudadanía,2025-10-20T00:00:00.000,2025-10-22T00:00:00.000,2025-12-31T00:00:00.000,22500000,0,No,En ejecución,Distribuido,Inversión,https://community.secop.gov.co/Public/Tendering/OpportunityDetail/Index?noticeUID=CO1.NTC.8975502&isFromPublicArea=True&isModal=true&asPopupView=true,CO1.BDOS.8949511,individual_professional_ai,False,False,0.98
CO1.PCCNTR.7980033,UNIATLANTICO,Territorial,Educación Nacional,Atlántico,Suministros,Contratación régimen especial,NIT,2025-06-17T00:00:00.000,2025-06-27T00:00:00.000,2025-07-30T00:00:00.000,540000000,0,Si,En ejecución,Distribuido,Funcionamiento,https://community.secop.gov.co/Public/Tendering/OpportunityDetail/Index?noticeUID=CO1.NTC.8285535&isFromPublicArea=True&isModal=true&asPopupView=true,CO1.BDOS.8078404,incidental,False,False,0.88
CO1.PCCNTR.6940765,SENA DIRECCION GENERAL,Nacional,Trabajo,Distrito Capital de Bogotá,Compraventa,Mínima cuantía,NIT,2024-10-25T00:00:00.000,2024-11-15T00:00:00.000,2024-12-31T00:00:00.000,76979305,0,No,terminado,Distribuido,Inversión,https://community.secop.gov.co/Public/Tendering/OpportunityDetail/Index?noticeUID=CO1.NTC.6860455&isFromPublicArea=True&isModal=true&asPopupView=true,CO1.BDOS.6836613,unclear,False,False,0.72
CO1.PCCNTR.7147301,ARMADA NACIONAL BASE NAVAL No. 6 ARC BOGOTA,Nacional,defensa,Distrito Capital de Bogotá,Compraventa,Mínima cuantía,NIT,2024-12-19T00:00:00.000,2024-12-26T00:00:00.000,2024-12-26T00:00:00.000,70180000,0,No,Cerrado,Distribuido,Funcionamiento,https://community.secop.gov.co/Public/Tendering/OpportunityDetail/Index?noticeUID=CO1.NTC.7173650&isFromPublicArea=True&isModal=true&asPopupView=true,CO1.BDOS.7153419,ai_product_or_platform,False,False,0.88
CO1.PCCNTR.9051322,UNP,Nacional,defensa,Distrito Capital de Bogotá,Prestación de servicios,Contratación directa,Cédula de Ciudadanía,2026-01-22T00:00:00.000,2026-01-23T00:00:00.000,2026-12-31T00:00:00.000,64960000,0,No,En ejecución,Distribuido,Funcionamiento,https://community.secop.gov.co/Public/Tendering/OpportunityDetail/Index?noticeUID=CO1.NTC.9575196&isFromPublicArea=True&isModal=true&asPopupView=true,CO1.BDOS.9557944,individual_professional_ai,False,False,0.94
CO1.PCCNTR.7903251,UNIDAD ADMINISTRATIVA ESPECIAL ESTUDIO DE GRABACION TAKESHIMA,Territorial,Cultura,Valle del Cauca,Prestación de servicios,Contratación directa,NIT,2025-05-22T00:00:00.000,2025-05-22T00:00:00.000,2025-08-15T00:00:00.000,53795000,0,No,Modificado,Distribuido,Funcionamiento,https://community.secop.gov.co/Public/Tendering/OpportunityDetail/Index?noticeUID=CO1.NTC.8175703&isFromPublicArea=True&isModal=true&asPopupView=true,CO1.BDOS.8155416,unclear,False,False,0.93
CO1.PCCNTR.6855709,MINISTERIO DE DEFENSA NACIONAL,Nacional,defensa,Distrito Capital de Bogotá,Prestación de servicios,Contratación directa,Cédula de Ciudadanía,2024-10-03T00:00:00.000,2024-10-07T00:00:00.000,2024-12-31T00:00:00.000,18900000,0,No,Cerrado,Distribuido,Funcionamiento,https://community.secop.gov.co/Public/Tendering/OpportunityDetail/Index?noticeUID=CO1.NTC.6830689&isFromPublicArea=True&isModal=true&asPopupView=true,CO1.BDOS.6820736,individual_professional_ai,False,False,0.98
CO1.PCCNTR.9050141,JEP,Nacional,No aplica/No pertenece,Distrito Capital de Bogotá,Prestación de servicios,Contratación régimen especial,Cédula de Ciudadanía,2026-01-27T00:00:00.000,2026-01-28T00:00:00.000,2026-12-31T00:00:00.000,122975700,0,No,En ejecución,Distribuido,Inversión,https://community.secop.gov.co/Public/Tendering/OpportunityDetail/Index?noticeUID=CO1.NTC.9685156&isFromPublicArea=True&isModal=true&asPopupView=true,CO1.BDOS.9672198,individual_professional_ai,False,False,0.79
CO1.PCCNTR.9153457,Superintendencia de Transporte**,Nacional,Transporte,Distrito Capital de Bogotá,Prestación de servicios,Contratación directa,Cédula de Ciudadanía,2026-01-26T00:00:00.000,2026-01-28T00:00:00.000,2026-08-27T00:00:00.000,51511124,0,Si,En ejecución,Distribuido,Inversión,https://community.secop.gov.co/Public/Tendering/OpportunityDetail/Index?noticeUID=CO1.NTC.9785711&isFromPublicArea=True&isModal=true&asPopupView=true,CO1.BDOS.9766961,individual_professional_ai,False,False,0.98
CO1.PCCNTR.4849465,SENA DISTRITO CAPITAL GRUPO DE APOYO ADMINISTRATIVO - CGI,Nacional,Trabajo,Distrito Capital de Bogotá,Prestación de servicios,Contratación directa,Cédula de Ciudadanía,2023-04-10T00:00:00.000,2023-04-10T00:00:00.000,2023-09-16T00:00:00.000,21022300,0,Si,Cerrado,Distribuido,Inversión,https://community.secop.gov.co/Public/Tendering/OpportunityDetail/Index?noticeUID=CO1.NTC.4273980&isFromPublicArea=True&isModal=true&asPopupView=true,CO1.BDOS.4263486,individual_professional_ai,False,False,0.96
CO1.PCCNTR.8240386,SENA REGIONAL VALLE Grupo de Apoyo Administrativo Mixto,Nacional,Educación Nacional,Valle del Cauca,Prestación de servicios,Contratación directa,NIT,2025-08-28T00:00:00.000,2025-09-01T00:00:00.000,2025-12-31T00:00:00.000,717991000,0,No,Modificado,Distribuido,Funcionamiento,https://community.secop.gov.co/Public/Tendering/OpportunityDetail/Index?noticeUID=CO1.NTC.8663320&isFromPublicArea=True&isModal=true&asPopupView=true,CO1.BDOS.8638598,ai_development_service,False,False,0.79
CO1.PCCNTR.8764262,JEP,Nacional,No aplica/No pertenece,Distrito Capital de Bogotá,Prestación de servicios,Contratación régimen especial,Cédula de Ciudadanía,2026-01-08T00:00:00.000,2026-01-13T00:00:00.000,2026-12-19T00:00:00.000,124051264,0,No,En ejecución,Distribuido,Inversión,https://community.secop.gov.co/Public/Tendering/OpportunityDetail/Index?noticeUID=CO1.NTC.9379738&isFromPublicArea=True&isModal=true&asPopupView=true,CO1.BDOS.9360278,individual_professional_ai,False,False,0.97
CO1.PCCNTR.9203788,ADRES,Nacional,Salud y Protección Social,Distrito Capital de Bogotá,Prestación de servicios,Contratación directa,Cédula de Ciudadanía,2026-01-28T00:00:00.000,2026-01-29T00:00:00.000,2026-09-28T00:00:00.000,89040000,244,No,terminado,Recursos Propios,Funcionamiento,https://community.secop.gov.co/Public/Tendering/OpportunityDetail/Index?noticeUID=CO1.NTC.9826757&isFromPublicArea=True&isModal=true&asPopupView=true,CO1.BDOS.9807140,individual_professional_ai,False,False,0.96
CO1.PCCNTR.7512974,INSTITUCION UNIVERSITARIA DE SANTA MARTA,Territorial,Educación Nacional,Magdalena,Prestación de servicios,Contratación directa,Cédula de Ciudadanía,2025-02-19T00:00:00.000,2025-02-19T00:00:00.000,2025-04-30T00:00:00.000,19500000,0,No,En ejecución,Distribuido,Funcionamiento,https://community.secop.gov.co/Public/Tendering/OpportunityDetail/Index?noticeUID=CO1.NTC.7658374&isFromPublicArea=True&isModal=true&asPopupView=true,CO1.BDOS.7643624,individual_professional_ai,False,False,0.92
CO1.PCCNTR.7033250,"AGENCIA DISTRITAL PARA LA EDUCACIÓN SUPERIOR, LA CIENCIA Y LA TECNOLOGÍA, ATENEA",Territorial,Educación Nacional,Distrito Capital de Bogotá,Otro,Contratación directa,NIT,2024-11-15T00:00:00.000,2024-11-18T00:00:00.000,2025-10-31T00:00:00.000,630509532,0,No,terminado,Recursos Propios,Inversión,https://community.secop.gov.co/Public/Tendering/OpportunityDetail/Index?noticeUID=CO1.NTC.7059635&isFromPublicArea=True&isModal=true&asPopupView=true,CO1.BDOS.7045273,ai_development_service,False,True,0.96
CO1.PCCNTR.7042114,INSTITUCIÓN UNIVERSITARIA ITM,Nacional,Educación Nacional,Antioquia,Prestación de servicios,Contratación directa,Cédula de Ciudadanía,2024-11-19T00:00:00.000,2024-11-19T00:00:00.000,2024-12-18T00:00:00.000,6000000,0,Si,En ejecución,Recursos Propios,Funcionamiento,https://community.secop.gov.co/Public/Tendering/OpportunityDetail/Index?noticeUID=CO1.NTC.7071438&isFromPublicArea=True&isModal=true&asPopupView=true,CO1.BDOS.7058016,incidental,False,False,0.99
CO1.PCCNTR.6514478,ESTABLECIMIENTO PUBLICO AMBIENTAL BARRANQUILLA VERDE,Territorial,Ambiente y Desarrollo Sostenible,Atlántico,Prestación de servicios,Contratación directa,NIT,2024-07-12T00:00:00.000,2024-07-18T00:00:00.000,2024-12-31T00:00:00.000,39270000,0,No,Modificado,Recursos Propios,Funcionamiento,https://community.secop.gov.co/Public/Tendering/OpportunityDetail/Index?noticeUID=CO1.NTC.6378616&isFromPublicArea=True&isModal=true&asPopupView=true,CO1.BDOS.6368349,ai_development_service,False,False,0.84
CO1.PCCNTR.9257279,UNP,Nacional,defensa,Distrito Capital de Bogotá,Prestación de servicios,Contratación directa,Cédula de Ciudadanía,2026-01-30T00:00:00.000,2026-01-31T00:00:00.000,2026-12-31T00:00:00.000,62533333,0,No,cedido,Distribuido,Funcionamiento,https://community.secop.gov.co/Public/Tendering/OpportunityDetail/Index?noticeUID=CO1.NTC.9889561&isFromPublicArea=True&isModal=true&asPopupView=true,CO1.BDOS.9866850,individual_professional_ai,False,False,0.98
CO1.PCCNTR.7671084,"AGENCIA DISTRITAL PARA LA EDUCACIÓN SUPERIOR, LA CIENCIA Y LA TECNOLOGÍA, ATENEA",Territorial,Educación Nacional,Distrito Capital de Bogotá,Prestación de servicios,Contratación directa,Cédula de Ciudadanía,2025-03-21T00:00:00.000,2025-03-27T00:00:00.000,2026-01-26T00:00:00.000,81833360,0,No,terminado,Recursos Propios,Funcionamiento,https://community.secop.gov.co/Public/Tendering/OpportunityDetail/Index?noticeUID=CO1.NTC.7859518&isFromPublicArea=True&isModal=true&asPopupView=true,CO1.BDOS.7840531,individual_professional_ai,False,False,0.96
CO1.PCCNTR.4648075,UNIDAD ADMINISTRATIVA ESPECIAL DE GESTION DE RESTITUCION DE TIERRAS DESPOJADAS**,Nacional,Inclusión Social y Reconciliación,Distrito Capital de Bogotá,Prestación de servicios,Contratación directa,Cédula de Ciudadanía,2023-02-21T00:00:00.000,2023-02-22T00:00:00.000,2023-07-31T00:00:00.000,45869136,0,No,Cerrado,Distribuido,Inversión,https://community.secop.gov.co/Public/Tendering/OpportunityDetail/Index?noticeUID=CO1.NTC.4026336&isFromPublicArea=True&isModal=true&asPopupView=true,CO1.BDOS.4025381,individual_professional_ai,False,False,0.99
CO1.PCCNTR.6060488,FONDO UNICO DE TECNOLOGÍAS DE LA INFORMACIÓN Y LAS COMUNICACIONES,Nacional,Tecnologías de la Información y las Comunicaciones,Distrito Capital de Bogotá,Prestación de servicios,Contratación directa,Cédula de Ciudadanía,2024-03-11T00:00:00.000,2024-03-13T00:00:00.000,2024-09-12T00:00:00.000,44142000,0,No,En ejecución,Distribuido,Inversión,https://community.secop.gov.co/Public/Tendering/OpportunityDetail/Index?noticeUID=CO1.NTC.5794471&isFromPublicArea=True&isModal=true&asPopupView=true,CO1.BDOS.5787177,incidental,False,False,0.91
CO1.PCCNTR.7878502,Gobernación Norte de Santander*,Territorial,No aplica/No pertenece,Norte de Santander,Prestación de servicios,Contratación directa,Cédula de Ciudadanía,2025-05-15T00:00:00.000,2025-05-19T00:00:00.000,2025-12-30T00:00:00.000,16280000,0,No,terminado,Distribuido,Inversión,https://community.secop.gov.co/Public/Tendering/OpportunityDetail/Index?noticeUID=CO1.NTC.8138731&isFromPublicArea=True&isModal=true&asPopupView=true,CO1.BDOS.8118926,individual_professional_ai,False,False,0.67
CO1.PCCNTR.6738853,GOBERNACIÓN DEL CAUCA,Territorial,Servicio Público,Cauca,Prestación de servicios,Contratación directa,Cédula de Ciudadanía,2024-09-11T00:00:00.000,2024-09-16T00:00:00.000,2024-12-26T00:00:00.000,14700000,0,No,Cerrado,Distribuido,Inversión,https://community.secop.gov.co/Public/Tendering/OpportunityDetail/Index?noticeUID=CO1.NTC.6678001&isFromPublicArea=True&isModal=true&asPopupView=true,CO1.BDOS.6601230,incidental,False,False,0.82
CO1.PCCNTR.9097846,PERSONERIA MUNICIPAL DE LA ESTRELLA,Territorial,Ley de Justicia,Antioquia,Prestación de servicios,Contratación directa,Cédula de Ciudadanía,2026-01-23T00:00:00.000,2026-01-27T00:00:00.000,2026-07-26T00:00:00.000,16380000,61,No,Modificado,Distribuido,Funcionamiento,https://community.secop.gov.co/Public/Tendering/OpportunityDetail/Index?noticeUID=CO1.NTC.9733827&isFromPublicArea=True&isModal=true&asPopupView=true,CO1.BDOS.9715172,individual_professional_ai,False,False,0.91
CO1.PCCNTR.8488540,ALCALDIA MUNICIPAL DE SANTA BARBARA,Nacional,Servicio Público,Antioquia,Prestación de servicios,Contratación directa,NIT,2025-10-23T00:00:00.000,2025-10-23T00:00:00.000,2025-10-26T00:00:00.000,12808000,0,No,Cerrado,Recursos Propios,Inversión,https://community.secop.gov.co/Public/Tendering/OpportunityDetail/Index?noticeUID=CO1.NTC.8996872&isFromPublicArea=True&isModal=true&asPopupView=true,CO1.BDOS.8972160,incidental,False,False,0.99
CO1.PCCNTR.7301208,EMPRESA SOCIAL DEL ESTADO DEL MUNICIPIO DE VILLAVICENCIO,Territorial,Salud y Protección Social,Meta,Decreto 092 de 2017,Contratación régimen especial,NIT,2025-01-24T00:00:00.000,2025-01-24T00:00:00.000,2026-01-13T00:00:00.000,143922240,13,No,Cerrado,Recursos Propios,Inversión,https://community.secop.gov.co/Public/Tendering/OpportunityDetail/Index?noticeUID=CO1.NTC.7382246&isFromPublicArea=True&isModal=true&asPopupView=true,CO1.BDOS.7338427,ai_product_or_platform,False,True,0.78
CO1.PCCNTR.7687666,ADRES,Nacional,Salud y Protección Social,Distrito Capital de Bogotá,Prestación de servicios,Contratación directa,Cédula de Ciudadanía,2025-03-26T00:00:00.000,2025-03-26T00:00:00.000,2025-12-31T00:00:00.000,97166667,0,No,Cerrado,Recursos Propios,Funcionamiento,https://community.secop.gov.co/Public/Tendering/OpportunityDetail/Index?noticeUID=CO1.NTC.7879915&isFromPublicArea=True&isModal=true&asPopupView=true,CO1.BDOS.7858159,individual_professional_ai,False,False,0.97
CO1.PCCNTR.8967716,FONDO NACIONAL AMBIENTAL - ANLA,Nacional,Ambiente y Desarrollo Sostenible,Distrito Capital de Bogotá,Prestación de servicios,Contratación directa,Cédula de Ciudadanía,2026-01-19T00:00:00.000,2026-01-19T00:00:00.000,2026-12-31T00:00:00.000,92756100,0,No,cedido,Recursos Propios,Inversión,https://community.secop.gov.co/Public/Tendering/OpportunityDetail/Index?noticeUID=CO1.NTC.9599030&isFromPublicArea=True&isModal=true&asPopupView=true,CO1.BDOS.9585640,individual_professional_ai,False,False,0.76
CO1.PCCNTR.7891789,SENA REGIONAL ATLANTICO Intercentros,Nacional,Transporte,Atlántico,Prestación de servicios,Contratación directa,Cédula de Ciudadanía,2025-05-19T00:00:00.000,2025-05-19T00:00:00.000,2025-11-29T00:00:00.000,16486076,0,Si,terminado,Recursos Propios,Inversión,https://community.secop.gov.co/Public/Tendering/OpportunityDetail/Index?noticeUID=CO1.NTC.8157459&isFromPublicArea=True&isModal=true&asPopupView=true,CO1.BDOS.8136243,individual_professional_ai,False,False,0.97
CO1.PCCNTR.5352348,MINCIENCIAS,Nacional,Ciencia Tecnología,Distrito Capital de Bogotá,Otro,Contratación Directa (con ofertas),NIT,2023-09-05T00:00:00.000,2023-09-06T00:00:00.000,2027-11-06T00:00:00.000,4529113449,425,Si,Modificado,Distribuido,Inversión,https://community.secop.gov.co/Public/Tendering/OpportunityDetail/Index?noticeUID=CO1.NTC.4913404&isFromPublicArea=True&isModal=true&asPopupView=true,CO1.BDOS.4904630,incidental,False,False,0.91
CO1.PCCNTR.7713746,INSTITUTO DEPARTAMENTAL DE BELLAS ARTES,Territorial,Cultura,Valle del Cauca,Prestación de servicios,Contratación directa,Cédula de Ciudadanía,2025-03-31T00:00:00.000,2025-04-01T00:00:00.000,2025-05-17T00:00:00.000,3400000,0,No,Cerrado,Distribuido,Inversión,https://community.secop.gov.co/Public/Tendering/OpportunityDetail/Index?noticeUID=CO1.NTC.7912916&isFromPublicArea=True&isModal=true&asPopupView=true,CO1.BDOS.7896553,individual_professional_ai,False,False,0.94
CO1.PCCNTR.8440683,UNP,Nacional,defensa,Distrito Capital de Bogotá,Prestación de servicios,Contratación directa,Cédula de Ciudadanía,2025-10-14T00:00:00.000,2025-10-15T00:00:00.000,2025-12-31T00:00:00.000,16059333,0,Si,En ejecución,Distribuido,Funcionamiento,https://community.secop.gov.co/Public/Tendering/OpportunityDetail/Index?noticeUID=CO1.NTC.8930056&isFromPublicArea=True&isModal=true&asPopupView=true,CO1.BDOS.8899894,individual_professional_ai,False,False,0.96
CO1.PCCNTR.7155753,MUNICIPIO DE MANIZALES,Territorial,Servicio Público,Caldas,Prestación de servicios,Mínima cuantía,NIT,2024-12-18T00:00:00.000,2024-12-19T00:00:00.000,2024-12-31T00:00:00.000,67000000,0,No,En ejecución,Distribuido,Inversión,https://community.secop.gov.co/Public/Tendering/OpportunityDetail/Index?noticeUID=CO1.NTC.7135140&isFromPublicArea=True&isModal=true&asPopupView=true,CO1.BDOS.7117335,ai_development_service,False,False,0.91
CO1.PCCNTR.7365267,FISCALÍA GENERAL DE LA NACIÓN NIVEL CENTRAL.,Nacional,Ley de Justicia,Distrito Capital de Bogotá,Prestación de servicios,Contratación directa,Cédula de Ciudadanía,2025-01-30T00:00:00.000,2025-02-04T00:00:00.000,2025-12-04T00:00:00.000,171000000,0,No,En ejecución,Distribuido,Funcionamiento,https://community.secop.gov.co/Public/Tendering/OpportunityDetail/Index?noticeUID=CO1.NTC.7488691&isFromPublicArea=True&isModal=true&asPopupView=true,CO1.BDOS.7465275,individual_professional_ai,False,False,0.98
CO1.PCCNTR.9020845,SERVICIO GEOLOGICO COLOMBIANO**,Nacional,Minas y Energía,Distrito Capital de Bogotá,Prestación de servicios,Contratación directa,Cédula de Ciudadanía,2026-01-22T00:00:00.000,2026-01-22T00:00:00.000,2026-12-20T00:00:00.000,127282100,0,No,En ejecución,Distribuido,Inversión,https://community.secop.gov.co/Public/Tendering/OpportunityDetail/Index?noticeUID=CO1.NTC.9654200&isFromPublicArea=True&isModal=true&asPopupView=true,CO1.BDOS.9596903,individual_professional_ai,False,False,0.98
CO1.PCCNTR.5317426,HMI,Territorial,Salud y Protección Social,Atlántico,Decreto 092 de 2017,Contratación régimen especial,Cédula de Ciudadanía,2023-08-22T00:00:00.000,2023-08-23T00:00:00.000,2023-09-22T00:00:00.000,80000000,0,No,En ejecución,Distribuido,Funcionamiento,https://community.secop.gov.co/Public/Tendering/OpportunityDetail/Index?noticeUID=CO1.NTC.4868572&isFromPublicArea=True&isModal=true&asPopupView=true,CO1.BDOS.4860289,incidental,False,True,0.91
CO1.PCCNTR.4396925,SECRETARÍA GENERAL DE LA ALCALDÍA MAYOR DE BOGOTÁ,Territorial,Servicio Público,Distrito Capital de Bogotá,Prestación de servicios,Contratación directa,Cédula de Ciudadanía,2023-01-13T00:00:00.000,2023-01-17T00:00:00.000,2023-12-30T00:00:00.000,129854175,0,No,Modificado,Distribuido,Inversión,https://community.secop.gov.co/Public/Tendering/OpportunityDetail/Index?noticeUID=CO1.NTC.3750446&isFromPublicArea=True&isModal=true&asPopupView=true,CO1.BDOS.3745841,incidental,False,False,0.94
CO1.PCCNTR.6435732,FONDANE - DIRECCION TERRITORIAL CENTRO,Nacional,Información Estadística,Distrito Capital de Bogotá,Prestación de servicios,Contratación directa,Cédula de Ciudadanía,2024-06-17T00:00:00.000,2024-06-18T00:00:00.000,2024-12-30T00:00:00.000,15724000,0,No,Cerrado,Distribuido,Inversión,https://community.secop.gov.co/Public/Tendering/OpportunityDetail/Index?noticeUID=CO1.NTC.6271771&isFromPublicArea=True&isModal=true&asPopupView=true,CO1.BDOS.6262107,incidental,False,False,0.93
CO1.PCCNTR.8929670,DEPARTAMENTO NACIONAL DE PLANEACIÓN,Nacional,Planeación,Distrito Capital de Bogotá,Prestación de servicios,Contratación directa,Cédula de Ciudadanía,2026-01-17T00:00:00.000,2026-01-19T00:00:00.000,2026-12-31T00:00:00.000,115474015,0,No,En ejecución,Distribuido,Inversión,https://community.secop.gov.co/Public/Tendering/OpportunityDetail/Index?noticeUID=CO1.NTC.9563406&isFromPublicArea=True&isModal=true&asPopupView=true,CO1.BDOS.9548605,individual_professional_ai,False,False,0.83
CO1.PCCNTR.8638878,AEROPUERTO INTERNACIONAL MATECAÑA,Territorial,Servicio Público,Risaralda,Suministros,Mínima cuantía,NIT,2025-11-27T00:00:00.000,2025-11-28T00:00:00.000,2025-12-27T00:00:00.000,31139000,1,No,Modificado,Recursos Propios,Inversión,https://community.secop.gov.co/Public/Tendering/OpportunityDetail/Index?noticeUID=CO1.NTC.9126762&isFromPublicArea=True&isModal=true&asPopupView=true,CO1.BDOS.9098820,ai_product_or_platform,False,True,0.68
CO1.PCCNTR.6634081,SECRETARÍA GENERAL DE LA ALCALDÍA MAYOR DE BOGOTÁ,Territorial,Servicio Público,Distrito Capital de Bogotá,Prestación de servicios,Contratación directa,Cédula de Ciudadanía,2024-08-13T00:00:00.000,2024-08-14T00:00:00.000,2024-12-30T00:00:00.000,48492036,0,No,Cerrado,Distribuido,Inversión,https://community.secop.gov.co/Public/Tendering/OpportunityDetail/Index?noticeUID=CO1.NTC.6539317&isFromPublicArea=True&isModal=true&asPopupView=true,CO1.BDOS.6529521,individual_professional_ai,False,True,0.78
CO1.PCCNTR.6435534,FONDANE - DIRECCION TERRITORIAL CENTRO,Nacional,Información Estadística,Distrito Capital de Bogotá,Prestación de servicios,Contratación directa,Cédula de Ciudadanía,2024-06-17T00:00:00.000,2024-06-18T00:00:00.000,2024-12-30T00:00:00.000,15724000,0,No,Cerrado,Distribuido,Inversión,https://community.secop.gov.co/Public/Tendering/OpportunityDetail/Index?noticeUID=CO1.NTC.6271665&isFromPublicArea=True&isModal=true&asPopupView=true,CO1.BDOS.6244328,incidental,False,True,0.89
CO1.PCCNTR.5141515,INSTITUTO DE DESARROLLO URBANO,Territorial,No aplica/No pertenece,Distrito Capital de Bogotá,Prestación de servicios,Contratación directa,NIT,2023-06-27T00:00:00.000,2023-07-07T00:00:00.000,2024-07-06T00:00:00.000,196028669,0,Si,terminado,Recursos Propios,Inversión,https://community.secop.gov.co/Public/Tendering/OpportunityDetail/Index?noticeUID=CO1.NTC.4639482&isFromPublicArea=True&isModal=true&asPopupView=true,CO1.BDOS.4632478,ai_product_or_platform,False,True,0.91
CO1.PCCNTR.8467126,MINISTERIO DEL INTERIOR,Nacional,interior,Distrito Capital de Bogotá,Otro,Contratación Directa (con ofertas),NIT,2025-10-20T00:00:00.000,2025-10-27T00:00:00.000,2025-12-31T00:00:00.000,50133800,0,No,En ejecución,Distribuido,Inversión,https://community.secop.gov.co/Public/Tendering/OpportunityDetail/Index?noticeUID=CO1.NTC.8954167&isFromPublicArea=True&isModal=true&asPopupView=true,CO1.BDOS.8929430,ai_product_or_platform,False,True,0.86
CO1.PCCNTR.7662917,DEPARTAMENTO NACIONAL DE PLANEACIÓN,Nacional,Planeación,Distrito Capital de Bogotá,Prestación de servicios,Contratación directa,Cédula de Ciudadanía,2025-03-19T00:00:00.000,2025-03-19T00:00:00.000,2025-12-31T00:00:00.000,92499489,0,No,Cerrado,Distribuido,Inversión,https://community.secop.gov.co/Public/Tendering/OpportunityDetail/Index?noticeUID=CO1.NTC.7848165&isFromPublicArea=True&isModal=true&asPopupView=true,CO1.BDOS.7831223,incidental,False,False,0.91
CO1.PCCNTR.6303133,FONDANE - DIR TER NOROCCIDENTE,Nacional,Información Estadística,Antioquia,Prestación de servicios,Contratación directa,Cédula de Ciudadanía,2024-05-09T00:00:00.000,2024-06-18T00:00:00.000,2024-12-31T00:00:00.000,15826400,14,No,Cerrado,Distribuido,Inversión,https://community.secop.gov.co/Public/Tendering/OpportunityDetail/Index?noticeUID=CO1.NTC.6088593&isFromPublicArea=True&isModal=true&asPopupView=true,CO1.BDOS.5866398,incidental,False,False,0.87
CO1.PCCNTR.6414329,FONDO ROTATORIO DEL DANE FONDANE-SUROCCIDENTE,Nacional,Información Estadística,Valle del Cauca,Prestación de servicios,Contratación directa,Cédula de Ciudadanía,2024-06-07T00:00:00.000,2024-06-11T00:00:00.000,2024-12-31T00:00:00.000,16397600,0,No,Cerrado,Distribuido,Inversión,https://community.secop.gov.co/Public/Tendering/OpportunityDetail/Index?noticeUID=CO1.NTC.6243038&isFromPublicArea=True&isModal=true&asPopupView=true,CO1.BDOS.6233369,incidental,False,False,0.94
CO1.PCCNTR.6407164,FONDO ROTATORIO DEL DANE (FONDANE),Nacional,Información Estadística,Distrito Capital de Bogotá,Prestación de servicios,Contratación directa,Cédula de Ciudadanía,2024-06-06T00:00:00.000,2024-06-12T00:00:00.000,2024-12-11T00:00:00.000,14684000,0,No,Cerrado,Distribuido,Inversión,https://community.secop.gov.co/Public/Tendering/OpportunityDetail/Index?noticeUID=CO1.NTC.6231173&isFromPublicArea=True&isModal=true&asPopupView=true,CO1.BDOS.6219758,incidental,False,False,0.91
CO1.PCCNTR.6435728,FONDANE - DIRECCION TERRITORIAL CENTRO,Nacional,Información Estadística,Distrito Capital de Bogotá,Prestación de servicios,Contratación directa,Cédula de Ciudadanía,2024-06-17T00:00:00.000,2024-06-18T00:00:00.000,2024-12-30T00:00:00.000,15724000,0,No,Cerrado,Distribuido,Inversión,https://community.secop.gov.co/Public/Tendering/OpportunityDetail/Index?noticeUID=CO1.NTC.6271840&isFromPublicArea=True&isModal=true&asPopupView=true,CO1.BDOS.6258595,incidental,False,True,0.91
CO1.PCCNTR.6420507,FONDO ROTATORIO DEL DANE - FONDANE - DIRECCIÓN TERRITORIAL CENTRO OCCIDENTE,Nacional,Información Estadística,Caldas,Prestación de servicios,Contratación directa,Cédula de Ciudadanía,2024-06-12T00:00:00.000,2024-06-18T00:00:00.000,2024-12-30T00:00:00.000,15744800,0,No,Cerrado,Distribuido,Inversión,https://community.secop.gov.co/Public/Tendering/OpportunityDetail/Index?noticeUID=CO1.NTC.6250885&isFromPublicArea=True&isModal=true&asPopupView=true,CO1.BDOS.6240975,incidental,False,False,0.94
CO1.PCCNTR.6419262,FONDO ROTATORIO DEL DANE - FONDANE - DIRECCIÓN TERRITORIAL CENTRO OCCIDENTE,Nacional,Información Estadística,Caldas,Prestación de servicios,Contratación directa,Cédula de Ciudadanía,2024-06-12T00:00:00.000,2024-06-18T00:00:00.000,2024-12-30T00:00:00.000,15744800,0,No,Cerrado,Distribuido,Inversión,https://community.secop.gov.co/Public/Tendering/OpportunityDetail/Index?noticeUID=CO1.NTC.6248948&isFromPublicArea=True&isModal=true&asPopupView=true,CO1.BDOS.6239262,incidental,False,False,0.91
CO1.PCCNTR.6304340,"INSTITUTO DE HIDROLOGIA, METEOROLOGÍA Y ESTUDIOS AMBIENTALES",Nacional,Ambiente y Desarrollo Sostenible,Distrito Capital de Bogotá,Prestación de servicios,Contratación directa,NIT,2024-05-08T00:00:00.000,2024-05-09T00:00:00.000,2024-11-30T00:00:00.000,21880009.24,0,No,En ejecución,Distribuido,Inversión,https://community.secop.gov.co/Public/Tendering/OpportunityDetail/Index?noticeUID=CO1.NTC.6095804&isFromPublicArea=True&isModal=true&asPopupView=true,CO1.BDOS.6086816,ai_product_or_platform,False,True,0.78
CO1.PCCNTR.6347388,FONDANE - DIR TER NOROCCIDENTE,Nacional,Información Estadística,Antioquia,Prestación de servicios,Contratación directa,Cédula de Ciudadanía,2024-05-22T00:00:00.000,2024-06-18T00:00:00.000,2024-12-31T00:00:00.000,15826400,14,No,Cerrado,Distribuido,Inversión,https://community.secop.gov.co/Public/Tendering/OpportunityDetail/Index?noticeUID=CO1.NTC.6150436&isFromPublicArea=True&isModal=true&asPopupView=true,CO1.BDOS.5866422,incidental,False,False,0.91
CO1.PCCNTR.8870152,SENA SECRETARIA GENERAL,Nacional,Trabajo,Distrito Capital de Bogotá,Prestación de servicios,Contratación directa,Cédula de Ciudadanía,2026-01-15T00:00:00.000,2026-01-20T00:00:00.000,2026-12-31T00:00:00.000,69000000,0,No,En ejecución,Distribuido,Inversión,https://community.secop.gov.co/Public/Tendering/OpportunityDetail/Index?noticeUID=CO1.NTC.9500361&isFromPublicArea=True&isModal=true&asPopupView=true,CO1.BDOS.9487766,individual_professional_ai,False,True,0.91
CO1.PCCNTR.4558538,"INSTITUTO DE HIDROLOGIA, METEOROLOGÍA Y ESTUDIOS AMBIENTALES",Nacional,Ambiente y Desarrollo Sostenible,Distrito Capital de Bogotá,Prestación de servicios,Contratación directa,Cédula de Ciudadanía,2023-02-06T00:00:00.000,2023-02-06T00:00:00.000,2023-08-05T00:00:00.000,13706000,0,No,Cerrado,Distribuido,Funcionamiento,https://community.secop.gov.co/Public/Tendering/OpportunityDetail/Index?noticeUID=CO1.NTC.3926666&isFromPublicArea=True&isModal=true&asPopupView=true,CO1.BDOS.3924970,incidental,False,True,0.91
CO1.PCCNTR.6479807,DEPARTAMENTO NACIONAL DE PLANEACIÓN,Nacional,Planeación,Distrito Capital de Bogotá,Prestación de servicios,Contratación directa,Cédula de Ciudadanía,2024-07-02T00:00:00.000,2024-07-04T00:00:00.000,2024-12-31T00:00:00.000,57120000,0,No,Cerrado,Distribuido,Inversión,https://community.secop.gov.co/Public/Tendering/OpportunityDetail/Index?noticeUID=CO1.NTC.6330115&isFromPublicArea=True&isModal=true&asPopupView=true,CO1.BDOS.6320536,individual_professional_ai,False,False,0.75
CO1.PCCNTR.6512579,FONDANE - DIRECCION TERRITORIAL CENTRO,Nacional,Información Estadística,Distrito Capital de Bogotá,Prestación de servicios,Contratación directa,Cédula de Ciudadanía,2024-07-15T00:00:00.000,2024-07-19T00:00:00.000,2024-12-31T00:00:00.000,14684000,0,No,Cerrado,Distribuido,Inversión,https://community.secop.gov.co/Public/Tendering/OpportunityDetail/Index?noticeUID=CO1.NTC.6375731&isFromPublicArea=True&isModal=true&asPopupView=true,CO1.BDOS.6361374,incidental,False,False,0.95
CO1.PCCNTR.7204372,EMPRESA SOCIAL DEL ESTADO BARRANCABERMEJA,Territorial,Salud y Protección Social,No Definido,Decreto 092 de 2017,Contratación régimen especial,NIT,2025-01-07T00:00:00.000,2025-01-07T00:00:00.000,2025-09-15T00:00:00.000,367690545,0,No,terminado,Recursos Propios,Funcionamiento,https://community.secop.gov.co/Public/Tendering/OpportunityDetail/Index?noticeUID=CO1.NTC.7288330&isFromPublicArea=True&isModal=true&asPopupView=true,CO1.BDOS.7271299,ai_product_or_platform,False,True,0.75
CO1.PCCNTR.6420328,FONDO ROTATORIO DEL DANE (FONDANE),Nacional,Información Estadística,Distrito Capital de Bogotá,Prestación de servicios,Contratación directa,Cédula de Ciudadanía,2024-06-11T00:00:00.000,2024-06-11T00:00:00.000,2024-12-31T00:00:00.000,16416000,0,No,Cerrado,Distribuido,Inversión,https://community.secop.gov.co/Public/Tendering/OpportunityDetail/Index?noticeUID=CO1.NTC.6251101&isFromPublicArea=True&isModal=true&asPopupView=true,CO1.BDOS.6240956,incidental,False,False,0.94
CO1.PCCNTR.6428415,FONDO ROTATORIO DEL DANE - FONDANE - DIRECCIÓN TERRITORIAL CENTRO OCCIDENTE,Nacional,Información Estadística,Caldas,Prestación de servicios,Contratación directa,Cédula de Ciudadanía,2024-06-13T00:00:00.000,2024-06-18T00:00:00.000,2024-12-30T00:00:00.000,15744800,0,No,Cerrado,Distribuido,Inversión,https://community.secop.gov.co/Public/Tendering/OpportunityDetail/Index?noticeUID=CO1.NTC.6261746&isFromPublicArea=True&isModal=true&asPopupView=true,CO1.BDOS.6252029,incidental,False,True,0.91
CO1.PCCNTR.6838928,ESAP SEDE CENTRAL (Cuenta Oficial),Nacional,Servicio Público,Distrito Capital de Bogotá,Prestación de servicios,Contratación directa,NIT,2024-10-01T00:00:00.000,2024-10-04T00:00:00.000,2024-12-31T00:00:00.000,87802825,0,No,terminado,Recursos Propios,Inversión,https://community.secop.gov.co/Public/Tendering/OpportunityDetail/Index?noticeUID=CO1.NTC.6809558&isFromPublicArea=True&isModal=true&asPopupView=true,CO1.BDOS.6799177,ai_product_or_platform,False,True,0.84
CO1.PCCNTR.8117117,DEPARTAMENTO ADMINISTRATIVO NACIONAL DE ESTADISTICA (DANE),Nacional,Información Estadística,Distrito Capital de Bogotá,Prestación de servicios,Contratación directa,NIT,2025-07-24T00:00:00.000,2025-07-30T00:00:00.000,2025-08-29T00:00:00.000,41138000,0,No,terminado,Distribuido,Inversión,https://community.secop.gov.co/Public/Tendering/OpportunityDetail/Index?noticeUID=CO1.NTC.8482994&isFromPublicArea=True&isModal=true&asPopupView=true,CO1.BDOS.8436322,ai_product_or_platform,False,True,0.76
CO1.PCCNTR.8961182,MINISTERIO DE SALUD Y PROTECCIÓN SOCIAL,Nacional,Salud y Protección Social,Distrito Capital de Bogotá,Prestación de servicios,Contratación directa,Cédula de Ciudadanía,2026-01-18T00:00:00.000,2026-01-20T00:00:00.000,2026-06-19T00:00:00.000,37500000,0,No,En ejecución,Distribuido,Funcionamiento,https://community.secop.gov.co/Public/Tendering/OpportunityDetail/Index?noticeUID=CO1.NTC.9593622&isFromPublicArea=True&isModal=true&asPopupView=true,CO1.BDOS.9576394,individual_professional_ai,False,True,0.9
CO1.PCCNTR.4523674,DEPARTAMENTO NACIONAL DE PLANEACIÓN,Nacional,Planeación,Distrito Capital de Bogotá,Prestación de servicios,Contratación directa,Cédula de Ciudadanía,2023-01-31T00:00:00.000,2023-02-02T00:00:00.000,2023-06-01T00:00:00.000,35280000,0,Si,Cerrado,Distribuido,Inversión,https://community.secop.gov.co/Public/Tendering/OpportunityDetail/Index?noticeUID=CO1.NTC.3887656&isFromPublicArea=True&isModal=true&asPopupView=true,CO1.BDOS.3886385,individual_professional_ai,False,True,0.78
CO1.PCCNTR.8056283,MINISTERIO DE SALUD Y PROTECCIÓN SOCIAL,Nacional,Salud y Protección Social,Distrito Capital de Bogotá,Prestación de servicios,Mínima cuantía,NIT,2025-07-08T00:00:00.000,2025-07-14T00:00:00.000,2025-12-13T00:00:00.000,32200000,0,No,Modificado,Distribuido,Inversión,https://community.secop.gov.co/Public/Tendering/OpportunityDetail/Index?noticeUID=CO1.NTC.8310718&isFromPublicArea=True&isModal=true&asPopupView=true,CO1.BDOS.8284239,ai_product_or_platform,False,True,0.86
CO1.PCCNTR.6420250,FONDO ROTATORIO DEL DANE (FONDANE),Nacional,Información Estadística,Distrito Capital de Bogotá,Prestación de servicios,Contratación directa,Cédula de Ciudadanía,2024-06-11T00:00:00.000,2024-06-11T00:00:00.000,2024-12-10T00:00:00.000,14684000,0,No,Cerrado,Distribuido,Inversión,https://community.secop.gov.co/Public/Tendering/OpportunityDetail/Index?noticeUID=CO1.NTC.6250814&isFromPublicArea=True&isModal=true&asPopupView=true,CO1.BDOS.6240876,incidental,False,False,0.91
CO1.PCCNTR.4398138,SECRETARÍA GENERAL DE LA ALCALDÍA MAYOR DE BOGOTÁ,Territorial,Servicio Público,Distrito Capital de Bogotá,Prestación de servicios,Contratación directa,Cédula de Ciudadanía,2023-01-13T00:00:00.000,2023-01-16T00:00:00.000,2024-01-12T00:00:00.000,103807841,28,Si,Modificado,Distribuido,Inversión,https://community.secop.gov.co/Public/Tendering/OpportunityDetail/Index?noticeUID=CO1.NTC.3752338&isFromPublicArea=True&isModal=true&asPopupView=true,CO1.BDOS.3748836,incidental,False,False,0.93
CO1.PCCNTR.9834548,Departamento Administrativo TIC - Alcaldía de Tuluá,Territorial,Servicio Público,Valle del Cauca,Prestación de servicios,Contratación directa,Cédula de Ciudadanía,2026-08-20T00:00:00.000,,2026-12-15T00:00:00.000,11448000,0,No,Aprobado,Distribuido,Funcionamiento,https://community.secop.gov.co/Public/Tendering/OpportunityDetail/Index?noticeUID=CO1.NTC.10740871&isFromPublicArea=True&isModal=true&asPopupView=true,CO1.BDOS.10702186,unclear,False,False,0.83
CO1.PCCNTR.8435919,HOSPITAL JORGE ISAAC RINCON TORRES,Nacional,defensa,Cesar,Decreto 092 de 2017,Contratación régimen especial,NIT,2025-10-09T00:00:00.000,2025-10-10T00:00:00.000,2025-12-28T00:00:00.000,14301420,0,No,En ejecución,Distribuido,Funcionamiento,https://community.secop.gov.co/Public/Tendering/OpportunityDetail/Index?noticeUID=CO1.NTC.8923313&isFromPublicArea=True&isModal=true&asPopupView=true,CO1.BDOS.8897924,ai_product_or_platform,False,True,0.77
CO1.PCCNTR.6356575,FONDO ROTATORIO DEL DANE (FONDANE),Nacional,Información Estadística,Distrito Capital de Bogotá,Prestación de servicios,Contratación directa,Cédula de Ciudadanía,2024-05-23T00:00:00.000,2024-06-12T00:00:00.000,2024-12-11T00:00:00.000,14684000,0,No,Cerrado,Distribuido,Inversión,https://community.secop.gov.co/Public/Tendering/OpportunityDetail/Index?noticeUID=CO1.NTC.6164476&isFromPublicArea=True&isModal=true&asPopupView=true,CO1.BDOS.6156108,incidental,False,True,0.84
CO1.PCCNTR.8619164,MINISTERIO DE JUSTICIA Y DEL DERECHO.,Nacional,Ley de Justicia,Distrito Capital de Bogotá,Compraventa,Contratación directa,NIT,2025-11-25T00:00:00.000,2025-11-26T00:00:00.000,2025-12-31T00:00:00.000,26408097,0,No,En ejecución,Distribuido,Funcionamiento,https://community.secop.gov.co/Public/Tendering/OpportunityDetail/Index?noticeUID=CO1.NTC.9167866&isFromPublicArea=True&isModal=true&asPopupView=true,CO1.BDOS.9134161,incidental,False,False,0.87
CO1.PCCNTR.6654452,EMPRESA SOCIAL DEL ESTADO BARRANCABERMEJA,Territorial,Salud y Protección Social,No Definido,Decreto 092 de 2017,Contratación régimen especial,NIT,2024-08-16T00:00:00.000,2024-08-16T00:00:00.000,2024-12-30T00:00:00.000,180434903,0,No,En ejecución,Recursos Propios,Funcionamiento,https://community.secop.gov.co/Public/Tendering/OpportunityDetail/Index?noticeUID=CO1.NTC.6566638&isFromPublicArea=True&isModal=true&asPopupView=true,CO1.BDOS.6556291,ai_product_or_platform,False,True,0.76
CO1.PCCNTR.8251912,GOBERNACIÓN DE BOLÍVAR//,Territorial,Servicio Público,Bolívar,Otro,Contratación directa,NIT,2025-09-01T00:00:00.000,,2025-12-31T00:00:00.000,500000000,0,No,Aprobado,Distribuido,Inversión,https://community.secop.gov.co/Public/Tendering/OpportunityDetail/Index?noticeUID=CO1.NTC.8677858&isFromPublicArea=True&isModal=true&asPopupView=true,CO1.BDOS.8652764,ai_development_service,False,True,0.94
CO1.PCCNTR.6435729,FONDANE - DIRECCION TERRITORIAL CENTRO,Nacional,Información Estadística,Distrito Capital de Bogotá,Prestación de servicios,Contratación directa,Cédula de Ciudadanía,2024-06-17T00:00:00.000,2024-06-18T00:00:00.000,2024-12-30T00:00:00.000,15724000,0,No,Cerrado,Distribuido,Inversión,https://community.secop.gov.co/Public/Tendering/OpportunityDetail/Index?noticeUID=CO1.NTC.6271575&isFromPublicArea=True&isModal=true&asPopupView=true,CO1.BDOS.6244327,incidental,False,False,0.93
CO1.PCCNTR.4392144,SECRETARÍA GENERAL DE LA ALCALDÍA MAYOR DE BOGOTÁ,Territorial,Servicio Público,Distrito Capital de Bogotá,Prestación de servicios,Contratación directa,Cédula de Ciudadanía,2023-01-12T00:00:00.000,2023-01-16T00:00:00.000,2023-12-30T00:00:00.000,100318502,0,No,cedido,Distribuido,Inversión,https://community.secop.gov.co/Public/Tendering/OpportunityDetail/Index?noticeUID=CO1.NTC.3743021&isFromPublicArea=True&isModal=true&asPopupView=true,CO1.BDOS.3739088,incidental,False,False,0.95
CO1.PCCNTR.8767299,EMPRESA SOCIAL DEL ESTADO BARRANCABERMEJA,Territorial,Salud y Protección Social,No Definido,Decreto 092 de 2017,Contratación régimen especial,NIT,2026-01-06T00:00:00.000,2026-01-08T00:00:00.000,2026-10-07T00:00:00.000,566258778,92,No,Modificado,Recursos Propios,Funcionamiento,https://community.secop.gov.co/Public/Tendering/OpportunityDetail/Index?noticeUID=CO1.NTC.9383582&isFromPublicArea=True&isModal=true&asPopupView=true,CO1.BDOS.9368596,cloud_or_software_nonAI,False,False,0.83
CO1.PCCNTR.8952576,SECRETARÍA GENERAL DE LA ALCALDÍA MAYOR DE BOGOTÁ,Territorial,Servicio Público,Distrito Capital de Bogotá,Prestación de servicios,Contratación directa,Cédula de Ciudadanía,2026-01-20T00:00:00.000,2026-01-20T00:00:00.000,2026-12-30T00:00:00.000,98862720,0,No,En ejecución,Distribuido,Inversión,https://community.secop.gov.co/Public/Tendering/OpportunityDetail/Index?noticeUID=CO1.NTC.9586308&isFromPublicArea=True&isModal=true&asPopupView=true,CO1.BDOS.9572730,individual_professional_ai,False,True,0.78
CO1.PCCNTR.6336678,EMPRESA SOCIAL DEL ESTADO BARRANCABERMEJA,Territorial,Salud y Protección Social,No Definido,Decreto 092 de 2017,Contratación régimen especial,NIT,2024-05-16T00:00:00.000,2024-05-16T00:00:00.000,2024-08-15T00:00:00.000,101198509,0,No,Modificado,Recursos Propios,Funcionamiento,https://community.secop.gov.co/Public/Tendering/OpportunityDetail/Index?noticeUID=CO1.NTC.6137521&isFromPublicArea=True&isModal=true&asPopupView=true,CO1.BDOS.6128966,ai_product_or_platform,False,True,0.84
CO1.PCCNTR.6583693,SECRETARÍA GENERAL DE LA ALCALDÍA MAYOR DE BOGOTÁ,Territorial,Servicio Público,Distrito Capital de Bogotá,Otro,Contratación Directa (con ofertas),NIT,2024-07-31T00:00:00.000,2024-07-31T00:00:00.000,2025-05-31T00:00:00.000,319974540,0,No,terminado,Distribuido,Inversión,https://community.secop.gov.co/Public/Tendering/OpportunityDetail/Index?noticeUID=CO1.NTC.6469305&isFromPublicArea=True&isModal=true&asPopupView=true,CO1.BDOS.6447442,cloud_or_software_nonAI,False,True,0.84
CO1.PCCNTR.6435927,FONDANE - DIRECCION TERRITORIAL CENTRO,Nacional,Información Estadística,Distrito Capital de Bogotá,Prestación de servicios,Contratación directa,Cédula de Ciudadanía,2024-06-17T00:00:00.000,2024-06-18T00:00:00.000,2024-12-30T00:00:00.000,15724000,0,No,Cerrado,Distribuido,Inversión,https://community.secop.gov.co/Public/Tendering/OpportunityDetail/Index?noticeUID=CO1.NTC.6271768&isFromPublicArea=True&isModal=true&asPopupView=true,CO1.BDOS.6256686,incidental,False,True,0.89
CO1.PCCNTR.6370846,INSTITUTO DE DEPORTES Y RECREACION DE MEDELLIN,Territorial,deportes,Antioquia,Prestación de servicios,Mínima cuantía,NIT,2024-05-27T00:00:00.000,2024-05-27T00:00:00.000,2024-06-11T00:00:00.000,10850000,0,No,En ejecución,Distribuido,Inversión,https://community.secop.gov.co/Public/Tendering/OpportunityDetail/Index?noticeUID=CO1.NTC.6035205&isFromPublicArea=True&isModal=true&asPopupView=true,CO1.BDOS.6019635,ai_product_or_platform,False,True,0.78
CO1.PCCNTR.8508729,MINSALUD,Nacional,Salud y Protección Social,Distrito Capital de Bogotá,Prestación de servicios,Contratación directa,Cédula de Ciudadanía,2025-10-29T00:00:00.000,2025-10-30T00:00:00.000,2025-12-30T00:00:00.000,6930000,0,No,En ejecución,Distribuido,Inversión,https://community.secop.gov.co/Public/Tendering/OpportunityDetail/Index?noticeUID=CO1.NTC.9020666&isFromPublicArea=True&isModal=true&asPopupView=true,CO1.BDOS.8991314,individual_professional_ai,False,True,0.84
CO1.PCCNTR.7015205,Departamento Administrativo TIC - Alcaldía de Tuluá,Territorial,Servicio Público,Valle del Cauca,Prestación de servicios,Mínima cuantía,NIT,2024-11-20T00:00:00.000,2024-11-21T00:00:00.000,2024-12-30T00:00:00.000,3977500,0,No,Cerrado,Distribuido,Inversión,https://community.secop.gov.co/Public/Tendering/OpportunityDetail/Index?noticeUID=CO1.NTC.7001649&isFromPublicArea=True&isModal=true&asPopupView=true,CO1.BDOS.6961216,ai_product_or_platform,False,True,0.78
CO1.PCCNTR.7776267,INSTITUTO DE DESARROLLO URBANO,Territorial,No aplica/No pertenece,Distrito Capital de Bogotá,Prestación de servicios,Contratación directa,NIT,2025-04-11T00:00:00.000,2025-04-23T00:00:00.000,2026-07-22T00:00:00.000,89885151,150,No,Modificado,Recursos Propios,Funcionamiento,https://community.secop.gov.co/Public/Tendering/OpportunityDetail/Index?noticeUID=CO1.NTC.7985687&isFromPublicArea=True&isModal=true&asPopupView=true,CO1.BDOS.7968325,ai_product_or_platform,False,True,0.98
CO1.PCCNTR.8807250,SECRETARÍA GENERAL DE LA ALCALDÍA MAYOR DE BOGOTÁ,Territorial,Servicio Público,Distrito Capital de Bogotá,Prestación de servicios,Contratación directa,Cédula de Ciudadanía,2026-01-09T00:00:00.000,2026-01-13T00:00:00.000,2026-12-27T00:00:00.000,150033600,0,No,En ejecución,Distribuido,Inversión,https://community.secop.gov.co/Public/Tendering/OpportunityDetail/Index?noticeUID=CO1.NTC.9436551&isFromPublicArea=True&isModal=true&asPopupView=true,CO1.BDOS.9422427,individual_professional_ai,False,True,0.69
CO1.PCCNTR.8236117,"INSTITUTO DE HIDROLOGIA, METEOROLOGÍA Y ESTUDIOS AMBIENTALES",Nacional,Ambiente y Desarrollo Sostenible,Distrito Capital de Bogotá,Prestación de servicios,Selección abreviada subasta inversa,NIT,2025-08-26T00:00:00.000,2025-08-29T00:00:00.000,2025-11-30T00:00:00.000,53015000,0,No,En ejecución,Distribuido,Inversión,https://community.secop.gov.co/Public/Tendering/OpportunityDetail/Index?noticeUID=CO1.NTC.8542337&isFromPublicArea=True&isModal=true&asPopupView=true,CO1.BDOS.8459917,ai_product_or_platform,False,True,0.82
CO1.PCCNTR.7175342,GOBIERNO DEPARTAMENTAL,Territorial,Servicio Público,Tolima,Prestación de servicios,Mínima cuantía,NIT,2024-12-30T00:00:00.000,2025-01-07T00:00:00.000,2025-01-16T00:00:00.000,95000000,0,No,terminado,Distribuido,Inversión,https://community.secop.gov.co/Public/Tendering/OpportunityDetail/Index?noticeUID=CO1.NTC.7181508&isFromPublicArea=True&isModal=true&asPopupView=true,CO1.BDOS.7154038,ai_development_service,False,True,0.88
CO1.PCCNTR.7355304,ALEJANDRO PROSPERO REVEREND E.S.E.,Territorial,Salud y Protección Social,Magdalena,Prestación de servicios,Contratación régimen especial,NIT,2025-01-29T00:00:00.000,2025-01-29T00:00:00.000,2025-03-30T00:00:00.000,13387500,0,No,En ejecución,Recursos Propios,Funcionamiento,https://community.secop.gov.co/Public/Tendering/OpportunityDetail/Index?noticeUID=CO1.NTC.7477785&isFromPublicArea=True&isModal=true&asPopupView=true,CO1.BDOS.7463358,incidental,False,False,0.93
CO1.PCCNTR.5874491,SECRETARÍA GENERAL DE LA ALCALDÍA MAYOR DE BOGOTÁ,Territorial,Servicio Público,Distrito Capital de Bogotá,Prestación de servicios,Contratación directa,Cédula de Ciudadanía,2024-02-02T00:00:00.000,2024-02-05T00:00:00.000,2024-04-04T00:00:00.000,17970096,0,No,En ejecución,Distribuido,Inversión,https://community.secop.gov.co/Public/Tendering/OpportunityDetail/Index?noticeUID=CO1.NTC.5573188&isFromPublicArea=True&isModal=true&asPopupView=true,CO1.BDOS.5565322,incidental,False,False,0.94
CO1.PCCNTR.6674510,SECRETARÍA GENERAL DE LA ALCALDÍA MAYOR DE BOGOTÁ,Territorial,Servicio Público,Distrito Capital de Bogotá,Prestación de servicios,Contratación directa,Cédula de Ciudadanía,2024-08-23T00:00:00.000,2024-08-26T00:00:00.000,2024-12-31T00:00:00.000,38336205,0,No,Cerrado,Distribuido,Inversión,https://community.secop.gov.co/Public/Tendering/OpportunityDetail/Index?noticeUID=CO1.NTC.6592619&isFromPublicArea=True&isModal=true&asPopupView=true,CO1.BDOS.6580670,individual_professional_ai,False,True,0.84
CO1.PCCNTR.6380956,SECRETARÍA GENERAL DE LA ALCALDÍA MAYOR DE BOGOTÁ,Territorial,Servicio Público,Distrito Capital de Bogotá,Otro,Contratación Directa (con ofertas),NIT,2024-05-29T00:00:00.000,2024-05-31T00:00:00.000,2024-07-29T00:00:00.000,229551311,0,No,Modificado,Distribuido,Inversión,https://community.secop.gov.co/Public/Tendering/OpportunityDetail/Index?noticeUID=CO1.NTC.6195627&isFromPublicArea=True&isModal=true&asPopupView=true,CO1.BDOS.6182810,ai_product_or_platform,False,True,0.68
CO1.PCCNTR.6891279,SECRETARÍA GENERAL DE LA ALCALDÍA MAYOR DE BOGOTÁ,Territorial,Servicio Público,Distrito Capital de Bogotá,Prestación de servicios,Contratación directa,Cédula de Ciudadanía,2024-10-11T00:00:00.000,2024-10-15T00:00:00.000,2025-01-19T00:00:00.000,38799074,0,No,Cerrado,Distribuido,Inversión,https://community.secop.gov.co/Public/Tendering/OpportunityDetail/Index?noticeUID=CO1.NTC.6878963&isFromPublicArea=True&isModal=true&asPopupView=true,CO1.BDOS.6869233,individual_professional_ai,False,True,0.82
CO1.PCCNTR.9159410,EMPRESA DE SERVICIOS PÚBLICOS DE FUSAGASUGÁ,Territorial,"Vivienda, Ciudad y Territorio",Cundinamarca,Decreto 092 de 2017,Contratación régimen especial,Cédula de Ciudadanía,2026-01-27T00:00:00.000,2026-01-28T00:00:00.000,2026-12-28T00:00:00.000,33000000,0,No,En ejecución,Distribuido,Funcionamiento,https://community.secop.gov.co/Public/Tendering/OpportunityDetail/Index?noticeUID=CO1.NTC.9791340&isFromPublicArea=True&isModal=true&asPopupView=true,CO1.BDOS.9771685,incidental,False,True,0.76
CO1.PCCNTR.6332834,FONDANE - DIR TER NOROCCIDENTE,Nacional,Información Estadística,Antioquia,Prestación de servicios,Contratación directa,Cédula de Ciudadanía,2024-05-22T00:00:00.000,2024-06-18T00:00:00.000,2024-12-31T00:00:00.000,15826400,0,No,Cerrado,Distribuido,Inversión,https://community.secop.gov.co/Public/Tendering/OpportunityDetail/Index?noticeUID=CO1.NTC.6130419&isFromPublicArea=True&isModal=true&asPopupView=true,CO1.BDOS.5866455,incidental,False,False,0.94
CO1.PCCNTR.7654051,empresa social del estado región de salud soacha.,Territorial,Salud y Protección Social,Cundinamarca,Prestación de servicios,Contratación régimen especial,NIT,2025-03-14T00:00:00.000,2025-03-17T00:00:00.000,2025-05-31T00:00:00.000,45000000,0,Si,En ejecución,Recursos Propios,Funcionamiento,https://community.secop.gov.co/Public/Tendering/OpportunityDetail/Index?noticeUID=CO1.NTC.7836697&isFromPublicArea=True&isModal=true&asPopupView=true,CO1.BDOS.7817873,ai_product_or_platform,False,True,0.73
CO1.PCCNTR.6662679,SECRETARÍA GENERAL DE LA ALCALDÍA MAYOR DE BOGOTÁ,Territorial,Servicio Público,Distrito Capital de Bogotá,Prestación de servicios,Contratación directa,Cédula de Ciudadanía,2024-08-20T00:00:00.000,2024-08-21T00:00:00.000,2024-12-31T00:00:00.000,53266632,0,No,Cerrado,Distribuido,Inversión,https://community.secop.gov.co/Public/Tendering/OpportunityDetail/Index?noticeUID=CO1.NTC.6577145&isFromPublicArea=True&isModal=true&asPopupView=true,CO1.BDOS.6568004,individual_professional_ai,False,True,0.74
CO1.PCCNTR.8961446,MINISTERIO DE SALUD Y PROTECCIÓN SOCIAL,Nacional,Salud y Protección Social,Distrito Capital de Bogotá,Prestación de servicios,Contratación directa,Cédula de Ciudadanía,2026-01-18T00:00:00.000,2026-01-20T00:00:00.000,2026-06-19T00:00:00.000,15000000,0,No,En ejecución,Distribuido,Funcionamiento,https://community.secop.gov.co/Public/Tendering/OpportunityDetail/Index?noticeUID=CO1.NTC.9593759&isFromPublicArea=True&isModal=true&asPopupView=true,CO1.BDOS.9577075,individual_professional_ai,False,True,0.76
CO1.PCCNTR.6172528,SECRETARÍA GENERAL DE LA ALCALDÍA MAYOR DE BOGOTÁ,Territorial,Servicio Público,Distrito Capital de Bogotá,Prestación de servicios,Contratación directa,Cédula de Ciudadanía,2024-04-04T00:00:00.000,2024-04-05T00:00:00.000,2024-07-31T00:00:00.000,34742186,31,No,Modificado,Distribuido,Inversión,https://community.secop.gov.co/Public/Tendering/OpportunityDetail/Index?noticeUID=CO1.NTC.5930080&isFromPublicArea=True&isModal=true&asPopupView=true,CO1.BDOS.5920095,incidental,False,False,0.95
CO1.PCCNTR.6684143,SECRETARÍA GENERAL DE LA ALCALDÍA MAYOR DE BOGOTÁ,Territorial,Servicio Público,Distrito Capital de Bogotá,Prestación de servicios,Contratación directa,Cédula de Ciudadanía,2024-08-27T00:00:00.000,2024-08-27T00:00:00.000,2024-12-31T00:00:00.000,38336205,0,Si,Cerrado,Distribuido,Inversión,https://community.secop.gov.co/Public/Tendering/OpportunityDetail/Index?noticeUID=CO1.NTC.6605239&isFromPublicArea=True&isModal=true&asPopupView=true,CO1.BDOS.6596604,individual_professional_ai,False,True,0.94
CO1.PCCNTR.7809378,CORPORACIÓN AUTÓNOMA REGIONAL DEL ATLÁNTICO,Corporación Autónoma,agricultura,Atlántico,Prestación de servicios,Contratación directa,NIT,2025-04-25T00:00:00.000,2025-04-30T00:00:00.000,2025-07-26T00:00:00.000,70999949,0,Si,Modificado,Recursos Propios,Inversión,https://community.secop.gov.co/Public/Tendering/OpportunityDetail/Index?noticeUID=CO1.NTC.8034021&isFromPublicArea=True&isModal=true&asPopupView=true,CO1.BDOS.8012982,ai_development_service,True,True,0.98
CO1.PCCNTR.7248934,SERVICIO NACIONAL DE APRENDIZAJE SENA REGIONAL SAN ANDRES,Nacional,Educación Nacional,"San Andrés, Providencia y Santa Catalina",Prestación de servicios,Contratación directa,Cédula de Ciudadanía,2025-01-20T00:00:00.000,2025-01-21T00:00:00.000,2025-12-31T00:00:00.000,35007633,0,No,En ejecución,Distribuido,Inversión,https://community.secop.gov.co/Public/Tendering/OpportunityDetail/Index?noticeUID=CO1.NTC.7352644&isFromPublicArea=True&isModal=true&asPopupView=true,CO1.BDOS.7335647,incidental,False,False,0.88
CO1.PCCNTR.6435535,FONDANE - DIRECCION TERRITORIAL CENTRO,Nacional,Información Estadística,Distrito Capital de Bogotá,Prestación de servicios,Contratación directa,Cédula de Ciudadanía,2024-06-17T00:00:00.000,2024-06-18T00:00:00.000,2024-12-30T00:00:00.000,15724000,0,No,Cerrado,Distribuido,Inversión,https://community.secop.gov.co/Public/Tendering/OpportunityDetail/Index?noticeUID=CO1.NTC.6271849&isFromPublicArea=True&isModal=true&asPopupView=true,CO1.BDOS.6260241,incidental,False,False,0.94
CO1.PCCNTR.5527224,MUNICIPIO DE FUNZA - ALCALDÍA DE FUNZA,Territorial,Servicio Público,Cundinamarca,Compraventa,Mínima cuantía,NIT,2023-11-08T00:00:00.000,2023-11-16T00:00:00.000,2023-12-15T00:00:00.000,34548820,0,No,Modificado,Distribuido,Inversión,https://community.secop.gov.co/Public/Tendering/OpportunityDetail/Index?noticeUID=CO1.NTC.5085832&isFromPublicArea=True&isModal=true&asPopupView=true,CO1.BDOS.5067319,unclear,False,True,0.88
CO1.PCCNTR.6415742,FONDO ROTATORIO DEL DANE FONDANE-SUROCCIDENTE,Nacional,Información Estadística,Valle del Cauca,Prestación de servicios,Contratación directa,Cédula de Ciudadanía,2024-06-12T00:00:00.000,2024-06-12T00:00:00.000,2024-12-31T00:00:00.000,16316000,0,No,Cerrado,Distribuido,Inversión,https://community.secop.gov.co/Public/Tendering/OpportunityDetail/Index?noticeUID=CO1.NTC.6244373&isFromPublicArea=True&isModal=true&asPopupView=true,CO1.BDOS.6234956,incidental,False,False,0.93
CO1.PCCNTR.5035318,DEPARTAMENTO NACIONAL DE PLANEACIÓN,Nacional,Planeación,Distrito Capital de Bogotá,Prestación de servicios,Contratación directa,Cédula de Ciudadanía,2023-06-02T00:00:00.000,2023-06-05T00:00:00.000,2023-12-31T00:00:00.000,61446000,0,No,Cerrado,Distribuido,Inversión,https://community.secop.gov.co/Public/Tendering/OpportunityDetail/Index?noticeUID=CO1.NTC.4512232&isFromPublicArea=True&isModal=true&asPopupView=true,CO1.BDOS.4505826,individual_professional_ai,False,True,0.72
CO1.PCCNTR.8557152,"AGENCIA DISTRITAL PARA LA EDUCACIÓN SUPERIOR, LA CIENCIA Y LA TECNOLOGÍA, ATENEA",Territorial,Educación Nacional,Distrito Capital de Bogotá,Otro,Contratación directa,NIT,2025-11-07T00:00:00.000,2025-11-07T00:00:00.000,2026-10-06T00:00:00.000,420219196.37,150,No,Modificado,Recursos Propios,Inversión,https://community.secop.gov.co/Public/Tendering/OpportunityDetail/Index?noticeUID=CO1.NTC.9084351&isFromPublicArea=True&isModal=true&asPopupView=true,CO1.BDOS.9059034,unclear,False,True,0.72
CO1.PCCNTR.6443612,FONDO ROTATORIO DEL DANE FONDANE-SUROCCIDENTE,Nacional,Información Estadística,Valle del Cauca,Prestación de servicios,Contratación directa,Cédula de Ciudadanía,2024-06-18T00:00:00.000,2024-06-18T00:00:00.000,2024-12-31T00:00:00.000,15826400,0,No,Cerrado,Distribuido,Inversión,https://community.secop.gov.co/Public/Tendering/OpportunityDetail/Index?noticeUID=CO1.NTC.6282153&isFromPublicArea=True&isModal=true&asPopupView=true,CO1.BDOS.6272525,incidental,False,False,0.94
CO1.PCCNTR.5592951,MINISTERIO DE JUSTICIA Y DEL DERECHO.,Nacional,Ley de Justicia,Distrito Capital de Bogotá,Prestación de servicios,Contratación directa,NIT,2023-11-28T00:00:00.000,2023-11-30T00:00:00.000,2023-12-31T00:00:00.000,22601529,0,No,terminado,Distribuido,Funcionamiento,https://community.secop.gov.co/Public/Tendering/OpportunityDetail/Index?noticeUID=CO1.NTC.5234517&isFromPublicArea=True&isModal=true&asPopupView=true,CO1.BDOS.5219252,ai_product_or_platform,False,True,0.78
CO1.PCCNTR.4397364,SECRETARÍA GENERAL DE LA ALCALDÍA MAYOR DE BOGOTÁ,Territorial,Servicio Público,Distrito Capital de Bogotá,Prestación de servicios,Contratación directa,Cédula de Ciudadanía,2023-01-13T00:00:00.000,2023-01-17T00:00:00.000,2023-12-30T00:00:00.000,118214591,0,No,Modificado,Distribuido,Inversión,https://community.secop.gov.co/Public/Tendering/OpportunityDetail/Index?noticeUID=CO1.NTC.3751835&isFromPublicArea=True&isModal=true&asPopupView=true,CO1.BDOS.3748142,incidental,False,False,0.91
CO1.PCCNTR.6420601,FONDO ROTATORIO DEL DANE (FONDANE),Nacional,Información Estadística,Distrito Capital de Bogotá,Prestación de servicios,Contratación directa,Cédula de Ciudadanía,2024-06-11T00:00:00.000,2024-06-11T00:00:00.000,2024-12-31T00:00:00.000,16416000,0,No,Cerrado,Distribuido,Inversión,https://community.secop.gov.co/Public/Tendering/OpportunityDetail/Index?noticeUID=CO1.NTC.6251009&isFromPublicArea=True&isModal=true&asPopupView=true,CO1.BDOS.6241224,incidental,False,False,0.94
CO1.PCCNTR.4977857,CONCEJO DISTRITAL DE SANTIAGO DE CALI,Territorial,No aplica/No pertenece,Valle del Cauca,Prestación de servicios,Contratación directa,NIT,2023-05-18T00:00:00.000,2023-05-18T00:00:00.000,2023-12-31T00:00:00.000,59990000,0,No,terminado,Distribuido,Funcionamiento,https://community.secop.gov.co/Public/Tendering/OpportunityDetail/Index?noticeUID=CO1.NTC.4437447&isFromPublicArea=True&isModal=true&asPopupView=true,CO1.BDOS.4433979,incidental,False,False,0.91
CO1.PCCNTR.8524713,MINSALUD,Nacional,Salud y Protección Social,Distrito Capital de Bogotá,Prestación de servicios,Contratación directa,Cédula de Ciudadanía,2025-10-31T00:00:00.000,2025-11-10T00:00:00.000,2025-12-30T00:00:00.000,8880174,0,No,En ejecución,Distribuido,Inversión,https://community.secop.gov.co/Public/Tendering/OpportunityDetail/Index?noticeUID=CO1.NTC.9041895&isFromPublicArea=True&isModal=true&asPopupView=true,CO1.BDOS.9013416,individual_professional_ai,False,True,0.85
CO1.PCCNTR.8675363,GOBIERNO DEPARTAMENTAL,Territorial,Servicio Público,Tolima,Otro,Contratación directa,NIT,2025-12-04T00:00:00.000,2025-12-18T00:00:00.000,2026-04-17T00:00:00.000,30000000,96,No,Modificado,Distribuido,Inversión,https://community.secop.gov.co/Public/Tendering/OpportunityDetail/Index?noticeUID=CO1.NTC.9246782&isFromPublicArea=True&isModal=true&asPopupView=true,CO1.BDOS.9219875,incidental,False,True,0.82
CO1.PCCNTR.6379777,FONDO ROTATORIO DEL DANE (FONDANE),Nacional,Información Estadística,Distrito Capital de Bogotá,Prestación de servicios,Contratación directa,Cédula de Ciudadanía,2024-05-30T00:00:00.000,2024-06-12T00:00:00.000,2024-12-11T00:00:00.000,14684000,0,No,Cerrado,Distribuido,Inversión,https://community.secop.gov.co/Public/Tendering/OpportunityDetail/Index?noticeUID=CO1.NTC.6195797&isFromPublicArea=True&isModal=true&asPopupView=true,CO1.BDOS.6161413,incidental,False,True,0.94
CO1.PCCNTR.5806274,CONCEJO DISTRITAL DE SANTIAGO DE CALI,Territorial,No aplica/No pertenece,Valle del Cauca,Prestación de servicios,Contratación directa,NIT,2024-01-25T00:00:00.000,2024-01-25T00:00:00.000,2024-12-31T00:00:00.000,85348700,0,No,Cerrado,Distribuido,Funcionamiento,https://community.secop.gov.co/Public/Tendering/OpportunityDetail/Index?noticeUID=CO1.NTC.5505541&isFromPublicArea=True&isModal=true&asPopupView=true,CO1.BDOS.5496722,incidental,False,False,0.91
CO1.PCCNTR.4409579,SECRETARÍA GENERAL DE LA ALCALDÍA MAYOR DE BOGOTÁ,Territorial,Servicio Público,Distrito Capital de Bogotá,Prestación de servicios,Contratación directa,Cédula de Ciudadanía,2023-01-16T00:00:00.000,2023-01-17T00:00:00.000,2023-12-30T00:00:00.000,108211816,25,No,Modificado,Distribuido,Inversión,https://community.secop.gov.co/Public/Tendering/OpportunityDetail/Index?noticeUID=CO1.NTC.3767424&isFromPublicArea=True&isModal=true&asPopupView=true,CO1.BDOS.3764568,incidental,False,False,0.91
CO1.PCCNTR.5286748,"INSTITUTO DE HIDROLOGIA, METEOROLOGÍA Y ESTUDIOS AMBIENTALES",Nacional,Ambiente y Desarrollo Sostenible,Distrito Capital de Bogotá,Prestación de servicios,Contratación directa,Cédula de Ciudadanía,2023-08-09T00:00:00.000,2023-08-09T00:00:00.000,2023-12-30T00:00:00.000,10857000,0,No,Cerrado,Distribuido,Funcionamiento,https://community.secop.gov.co/Public/Tendering/OpportunityDetail/Index?noticeUID=CO1.NTC.4826889&isFromPublicArea=True&isModal=true&asPopupView=true,CO1.BDOS.4818579,incidental,False,False,0.87
CO1.PCCNTR.4850424,SANTIAGO DE CALI DISTRITO ESPECIAL - DEPARTAMENTO ADMINISTRATIVO DE HACIENDA,Territorial,Hacienda y Crédito Público,Valle del Cauca,Prestación de servicios,Contratación directa,NIT,2023-04-14T00:00:00.000,2023-04-14T00:00:00.000,2023-12-29T00:00:00.000,1440000000,0,No,En ejecución,Distribuido,Funcionamiento,https://community.secop.gov.co/Public/Tendering/OpportunityDetail/Index?noticeUID=CO1.NTC.4274573&isFromPublicArea=True&isModal=true&asPopupView=true,CO1.BDOS.4271544,ai_product_or_platform,False,True,0.82
CO1.PCCNTR.6392167,FONDO ROTATORIO DEL DANE (FONDANE),Nacional,Información Estadística,Distrito Capital de Bogotá,Prestación de servicios,Contratación directa,Cédula de Ciudadanía,2024-05-31T00:00:00.000,2024-06-12T00:00:00.000,2024-12-11T00:00:00.000,14684000,0,No,Cerrado,Distribuido,Inversión,https://community.secop.gov.co/Public/Tendering/OpportunityDetail/Index?noticeUID=CO1.NTC.6210622&isFromPublicArea=True&isModal=true&asPopupView=true,CO1.BDOS.6202017,incidental,False,True,0.93
CO1.PCCNTR.7436354,CONCEJO DISTRITAL DE SANTIAGO DE CALI,Territorial,No aplica/No pertenece,Valle del Cauca,Prestación de servicios,Contratación directa,NIT,2025-02-11T00:00:00.000,2025-02-13T00:00:00.000,2025-06-30T00:00:00.000,44000000,0,No,terminado,Distribuido,Funcionamiento,https://community.secop.gov.co/Public/Tendering/OpportunityDetail/Index?noticeUID=CO1.NTC.7567927&isFromPublicArea=True&isModal=true&asPopupView=true,CO1.BDOS.7554494,incidental,False,False,0.91
CO1.PCCNTR.6580687,SECRETARÍA GENERAL DE LA ALCALDÍA MAYOR DE BOGOTÁ,Territorial,Servicio Público,Distrito Capital de Bogotá,Prestación de servicios,Contratación directa,Cédula de Ciudadanía,2024-07-31T00:00:00.000,2024-08-02T00:00:00.000,2024-09-16T00:00:00.000,72901415,0,No,Cerrado,Distribuido,Inversión,https://community.secop.gov.co/Public/Tendering/OpportunityDetail/Index?noticeUID=CO1.NTC.6466079&isFromPublicArea=True&isModal=true&asPopupView=true,CO1.BDOS.6456257,individual_professional_ai,False,True,0.77
CO1.PCCNTR.6406966,FONDO ROTATORIO DEL DANE - FONDANE - DIRECCIÓN TERRITORIAL CENTRO OCCIDENTE,Nacional,Información Estadística,Caldas,Prestación de servicios,Contratación directa,Cédula de Ciudadanía,2024-06-07T00:00:00.000,2024-06-18T00:00:00.000,2024-12-30T00:00:00.000,15744800,0,No,Cerrado,Distribuido,Inversión,https://community.secop.gov.co/Public/Tendering/OpportunityDetail/Index?noticeUID=CO1.NTC.6231511&isFromPublicArea=True&isModal=true&asPopupView=true,CO1.BDOS.6222513,incidental,False,False,0.91
CO1.PCCNTR.5528464,ESAP SEDE CENTRAL (Cuenta Oficial),Nacional,Servicio Público,Distrito Capital de Bogotá,Compraventa,Mínima cuantía,NIT,2023-11-14T00:00:00.000,2023-11-15T00:00:00.000,2023-12-31T00:00:00.000,28667500,0,No,terminado,Distribuido,Inversión,https://community.secop.gov.co/Public/Tendering/OpportunityDetail/Index?noticeUID=CO1.NTC.5108509&isFromPublicArea=True&isModal=true&asPopupView=true,CO1.BDOS.5093934,unclear,False,True,0.78
CO1.PCCNTR.6420602,FONDO ROTATORIO DEL DANE (FONDANE),Nacional,Información Estadística,Distrito Capital de Bogotá,Prestación de servicios,Contratación directa,Cédula de Ciudadanía,2024-06-11T00:00:00.000,2024-06-11T00:00:00.000,2024-12-31T00:00:00.000,16416000,0,No,Cerrado,Distribuido,Inversión,https://community.secop.gov.co/Public/Tendering/OpportunityDetail/Index?noticeUID=CO1.NTC.6250785&isFromPublicArea=True&isModal=true&asPopupView=true,CO1.BDOS.6240976,incidental,False,False,0.94
CO1.PCCNTR.8512972,MINSALUD,Nacional,Salud y Protección Social,Distrito Capital de Bogotá,Prestación de servicios,Contratación directa,Cédula de Ciudadanía,2025-10-30T00:00:00.000,2025-11-04T00:00:00.000,2025-12-30T00:00:00.000,19530000,0,No,En ejecución,Distribuido,Inversión,https://community.secop.gov.co/Public/Tendering/OpportunityDetail/Index?noticeUID=CO1.NTC.9026707&isFromPublicArea=True&isModal=true&asPopupView=true,CO1.BDOS.8993601,individual_professional_ai,False,True,0.88
CO1.PCCNTR.7582812,SECRETARÍA GENERAL DE LA ALCALDÍA MAYOR DE BOGOTÁ,Territorial,Servicio Público,Distrito Capital de Bogotá,Prestación de servicios,Contratación directa,Cédula de Ciudadanía,2025-02-28T00:00:00.000,2025-03-04T00:00:00.000,2025-12-31T00:00:00.000,83474820,0,No,cedido,Distribuido,Inversión,https://community.secop.gov.co/Public/Tendering/OpportunityDetail/Index?noticeUID=CO1.NTC.7744560&isFromPublicArea=True&isModal=true&asPopupView=true,CO1.BDOS.7730437,individual_professional_ai,False,True,0.72
CO1.PCCNTR.6302940,FONDANE - DIR TER NOROCCIDENTE,Nacional,Información Estadística,Antioquia,Prestación de servicios,Contratación directa,Cédula de Ciudadanía,2024-05-09T00:00:00.000,2024-06-18T00:00:00.000,2024-12-31T00:00:00.000,15826400,13,No,Cerrado,Distribuido,Inversión,https://community.secop.gov.co/Public/Tendering/OpportunityDetail/Index?noticeUID=CO1.NTC.6089514&isFromPublicArea=True&isModal=true&asPopupView=true,CO1.BDOS.5866181,incidental,False,False,0.88
CO1.PCCNTR.9177755,HOSPITAL DEPARTAMENTAL SAN JUAN DE DIOS DE RIOSUCIO - CALDAS E.S.E,Territorial,Salud y Protección Social,Caldas,Decreto 092 de 2017,Contratación régimen especial,NIT,2026-01-30T00:00:00.000,2026-01-31T00:00:00.000,2026-06-30T00:00:00.000,4179000,0,No,En ejecución,Recursos Propios,Funcionamiento,https://community.secop.gov.co/Public/Tendering/OpportunityDetail/Index?noticeUID=CO1.NTC.9809522&isFromPublicArea=True&isModal=true&asPopupView=true,CO1.BDOS.9773761,unclear,False,True,0.78
CO1.PCCNTR.5263616,"INSTITUTO DE HIDROLOGIA, METEOROLOGÍA Y ESTUDIOS AMBIENTALES",Nacional,Ambiente y Desarrollo Sostenible,Distrito Capital de Bogotá,Prestación de servicios,Contratación directa,NIT,2023-08-01T00:00:00.000,2023-08-01T00:00:00.000,2023-11-30T00:00:00.000,16234986.48,0,No,Cerrado,Distribuido,Inversión,https://community.secop.gov.co/Public/Tendering/OpportunityDetail/Index?noticeUID=CO1.NTC.4792521&isFromPublicArea=True&isModal=true&asPopupView=true,CO1.BDOS.4784096,ai_product_or_platform,False,True,0.76
CO1.PCCNTR.6415650,FONDO ROTATORIO DEL DANE FONDANE-SUROCCIDENTE,Nacional,Información Estadística,Valle del Cauca,Prestación de servicios,Contratación directa,Cédula de Ciudadanía,2024-06-08T00:00:00.000,2024-06-11T00:00:00.000,2024-12-31T00:00:00.000,16397600,0,No,Cerrado,Distribuido,Inversión,https://community.secop.gov.co/Public/Tendering/OpportunityDetail/Index?noticeUID=CO1.NTC.6244381&isFromPublicArea=True&isModal=true&asPopupView=true,CO1.BDOS.6234574,incidental,False,False,0.96
CO1.PCCNTR.6412147,FONDO ROTATORIO DEL DANE FONDANE-SUROCCIDENTE,Nacional,Información Estadística,Valle del Cauca,Prestación de servicios,Contratación directa,Cédula de Ciudadanía,2024-06-07T00:00:00.000,2024-06-12T00:00:00.000,2024-12-10T00:00:00.000,14684000,0,No,terminado,Distribuido,Inversión,https://community.secop.gov.co/Public/Tendering/OpportunityDetail/Index?noticeUID=CO1.NTC.6238992&isFromPublicArea=True&isModal=true&asPopupView=true,CO1.BDOS.6229597,incidental,False,False,0.94
CO1.PCCNTR.6347182,FONDANE - DIR TER NOROCCIDENTE,Nacional,Información Estadística,Antioquia,Prestación de servicios,Contratación directa,Cédula de Ciudadanía,2024-05-22T00:00:00.000,2024-06-18T00:00:00.000,2024-12-31T00:00:00.000,15826400,13,No,Cerrado,Distribuido,Inversión,https://community.secop.gov.co/Public/Tendering/OpportunityDetail/Index?noticeUID=CO1.NTC.6150198&isFromPublicArea=True&isModal=true&asPopupView=true,CO1.BDOS.5866133,incidental,False,False,0.91
CO1.PCCNTR.8464467,MUNICIPIO DE DUITAMA,Territorial,Servicio Público,Boyacá,Prestación de servicios,Contratación directa,Cédula de Ciudadanía,2025-10-17T00:00:00.000,2025-10-17T00:00:00.000,2025-12-31T00:00:00.000,8950000,0,No,En ejecución,Distribuido,Inversión,https://community.secop.gov.co/Public/Tendering/OpportunityDetail/Index?noticeUID=CO1.NTC.8961945&isFromPublicArea=True&isModal=true&asPopupView=true,CO1.BDOS.8936911,incidental,False,False,0.86
CO1.PCCNTR.8746014,INSTITUTO TOLIMENSE DE FORMACION TECNICA PROFESIONAL,Nacional,Educación Nacional,Tolima,Compraventa,Selección abreviada subasta inversa,NIT,2025-12-30T00:00:00.000,,2025-12-31T00:00:00.000,876000000,0,No,Aprobado,Distribuido,Funcionamiento,https://community.secop.gov.co/Public/Tendering/OpportunityDetail/Index?noticeUID=CO1.NTC.9308603&isFromPublicArea=True&isModal=true&asPopupView=true,CO1.BDOS.9241673,ai_product_or_platform,False,True,0.85
CO1.PCCNTR.6420258,FONDO ROTATORIO DEL DANE (FONDANE),Nacional,Información Estadística,Distrito Capital de Bogotá,Prestación de servicios,Contratación directa,Cédula de Ciudadanía,2024-06-11T00:00:00.000,2024-06-11T00:00:00.000,2024-12-31T00:00:00.000,16416000,0,No,Cerrado,Distribuido,Inversión,https://community.secop.gov.co/Public/Tendering/OpportunityDetail/Index?noticeUID=CO1.NTC.6250752&isFromPublicArea=True&isModal=true&asPopupView=true,CO1.BDOS.6240784,incidental,False,False,0.91
CO1.PCCNTR.6415737,FONDO ROTATORIO DEL DANE FONDANE-SUROCCIDENTE,Nacional,Información Estadística,Valle del Cauca,Prestación de servicios,Contratación directa,Cédula de Ciudadanía,2024-06-10T00:00:00.000,2024-06-11T00:00:00.000,2024-12-31T00:00:00.000,16397600,0,No,Cerrado,Distribuido,Inversión,https://community.secop.gov.co/Public/Tendering/OpportunityDetail/Index?noticeUID=CO1.NTC.6244357&isFromPublicArea=True&isModal=true&asPopupView=true,CO1.BDOS.6234845,incidental,False,False,0.88
CO1.PCCNTR.6468941,HOSPITAL JORGE ISAAC RINCON TORRES,Nacional,defensa,Cesar,Decreto 092 de 2017,Contratación régimen especial,NIT,2024-06-27T00:00:00.000,2024-06-27T00:00:00.000,2024-07-27T00:00:00.000,13594500,0,No,terminado,Distribuido,Funcionamiento,https://community.secop.gov.co/Public/Tendering/OpportunityDetail/Index?noticeUID=CO1.NTC.6316073&isFromPublicArea=True&isModal=true&asPopupView=true,CO1.BDOS.6306130,unclear,False,True,0.88
CO1.PCCNTR.7377422,SECRETARÍA GENERAL DE LA ALCALDÍA MAYOR DE BOGOTÁ,Territorial,Servicio Público,Distrito Capital de Bogotá,Prestación de servicios,Contratación directa,Cédula de Ciudadanía,2025-02-03T00:00:00.000,2025-02-05T00:00:00.000,2025-12-31T00:00:00.000,64137892,0,No,Modificado,Distribuido,Inversión,https://community.secop.gov.co/Public/Tendering/OpportunityDetail/Index?noticeUID=CO1.NTC.7501726&isFromPublicArea=True&isModal=true&asPopupView=true,CO1.BDOS.7481262,individual_professional_ai,False,True,0.68
CO1.PCCNTR.6572316,SECRETARÍA GENERAL DE LA ALCALDÍA MAYOR DE BOGOTÁ,Territorial,Servicio Público,Distrito Capital de Bogotá,Prestación de servicios,Contratación directa,Cédula de Ciudadanía,2024-07-30T00:00:00.000,2024-08-01T00:00:00.000,2024-12-31T00:00:00.000,53461035,0,No,Cerrado,Distribuido,Inversión,https://community.secop.gov.co/Public/Tendering/OpportunityDetail/Index?noticeUID=CO1.NTC.6455756&isFromPublicArea=True&isModal=true&asPopupView=true,CO1.BDOS.6440727,individual_professional_ai,False,True,0.62
CO1.PCCNTR.6993304,MINISTERIO DEL INTERIOR,Nacional,interior,Distrito Capital de Bogotá,Compraventa,Mínima cuantía,NIT,2024-11-08T00:00:00.000,2024-11-15T00:00:00.000,2024-12-31T00:00:00.000,16399500,0,No,En ejecución,Distribuido,Inversión,https://community.secop.gov.co/Public/Tendering/OpportunityDetail/Index?noticeUID=CO1.NTC.6906873&isFromPublicArea=True&isModal=true&asPopupView=true,CO1.BDOS.6872754,ai_product_or_platform,False,True,0.78
CO1.PCCNTR.9339266,PEOPLE CONTACT S.A.S. EN REESTRUCTURACIÓN,Territorial,Tecnologías de la Información y las Comunicaciones,Caldas,Prestación de servicios,Contratación régimen especial,NIT,2026-02-17T00:00:00.000,2026-02-18T00:00:00.000,2026-12-31T00:00:00.000,200000000,0,No,En ejecución,Recursos Propios,Funcionamiento,https://community.secop.gov.co/Public/Tendering/OpportunityDetail/Index?noticeUID=CO1.NTC.10025882&isFromPublicArea=True&isModal=true&asPopupView=true,CO1.BDOS.10000742,ai_product_or_platform,False,False,0.66
CO1.PCCNTR.8603421,MUNICIPIO DE SANTA FE DE ANTIOQUIA,Territorial,Servicio Público,Antioquia,Prestación de servicios,Contratación directa,NIT,2025-11-24T00:00:00.000,2025-11-24T00:00:00.000,2025-12-17T00:00:00.000,26000000,0,No,En ejecución,Distribuido,Funcionamiento,https://community.secop.gov.co/Public/Tendering/OpportunityDetail/Index?noticeUID=CO1.NTC.9145916&isFromPublicArea=True&isModal=true&asPopupView=true,CO1.BDOS.8923064,incidental,False,True,0.88
CO1.PCCNTR.6411876,FONDO ROTATORIO DEL DANE FONDANE-SUROCCIDENTE,Nacional,Información Estadística,Valle del Cauca,Prestación de servicios,Contratación directa,Cédula de Ciudadanía,2024-06-07T00:00:00.000,2024-06-11T00:00:00.000,2024-12-10T00:00:00.000,19484000,0,No,Cerrado,Distribuido,Inversión,https://community.secop.gov.co/Public/Tendering/OpportunityDetail/Index?noticeUID=CO1.NTC.6238787&isFromPublicArea=True&isModal=true&asPopupView=true,CO1.BDOS.6229667,incidental,False,False,0.91
CO1.PCCNTR.6567370,SECRETARÍA GENERAL DE LA ALCALDÍA MAYOR DE BOGOTÁ,Territorial,Servicio Público,Distrito Capital de Bogotá,Prestación de servicios,Contratación directa,Cédula de Ciudadanía,2024-07-25T00:00:00.000,2024-07-26T00:00:00.000,2024-12-30T00:00:00.000,75331462,0,No,Cerrado,Distribuido,Inversión,https://community.secop.gov.co/Public/Tendering/OpportunityDetail/Index?noticeUID=CO1.NTC.6450517&isFromPublicArea=True&isModal=true&asPopupView=true,CO1.BDOS.6440376,individual_professional_ai,False,True,0.74
CO1.PCCNTR.6682735,SECRETARÍA GENERAL DE LA ALCALDÍA MAYOR DE BOGOTÁ,Territorial,Servicio Público,Distrito Capital de Bogotá,Prestación de servicios,Contratación directa,Cédula de Ciudadanía,2024-08-29T00:00:00.000,2024-09-02T00:00:00.000,2024-12-31T00:00:00.000,30385803,0,No,Cerrado,Distribuido,Inversión,https://community.secop.gov.co/Public/Tendering/OpportunityDetail/Index?noticeUID=CO1.NTC.6603163&isFromPublicArea=True&isModal=true&asPopupView=true,CO1.BDOS.6594830,individual_professional_ai,False,True,0.65
CO1.PCCNTR.9595033,HOSPITAL DEPARTAMENTAL SAN JUAN DE DIOS DE RIOSUCIO - CALDAS E.S.E,Territorial,Salud y Protección Social,Caldas,Decreto 092 de 2017,Contratación régimen especial,NIT,2026-06-30T00:00:00.000,2026-07-01T00:00:00.000,2026-12-31T00:00:00.000,4179000,0,No,En ejecución,Recursos Propios,Funcionamiento,https://community.secop.gov.co/Public/Tendering/OpportunityDetail/Index?noticeUID=CO1.NTC.10417118&isFromPublicArea=True&isModal=true&asPopupView=true,CO1.BDOS.10375052,ai_product_or_platform,False,True,0.63
CO1.PCCNTR.8631274,ESAP SEDE CENTRAL (Cuenta Oficial),Nacional,Servicio Público,Distrito Capital de Bogotá,Prestación de servicios,Contratación directa,NIT,2025-11-25T00:00:00.000,2025-11-28T00:00:00.000,2025-12-31T00:00:00.000,48696000,0,No,En ejecución,Recursos Propios,Inversión,https://community.secop.gov.co/Public/Tendering/OpportunityDetail/Index?noticeUID=CO1.NTC.9185311&isFromPublicArea=True&isModal=true&asPopupView=true,CO1.BDOS.9160238,ai_product_or_platform,False,True,0.78
CO1.PCCNTR.4387325,SECRETARÍA GENERAL DE LA ALCALDÍA MAYOR DE BOGOTÁ,Territorial,Servicio Público,Distrito Capital de Bogotá,Prestación de servicios,Contratación directa,Cédula de Ciudadanía,2023-01-11T00:00:00.000,2023-01-12T00:00:00.000,2023-12-26T00:00:00.000,162789573,0,No,En ejecución,Distribuido,Inversión,https://community.secop.gov.co/Public/Tendering/OpportunityDetail/Index?noticeUID=CO1.NTC.3736049&isFromPublicArea=True&isModal=true&asPopupView=true,CO1.BDOS.3727487,incidental,False,False,0.91
CO1.PCCNTR.7293154,SECRETARÍA GENERAL DE LA ALCALDÍA MAYOR DE BOGOTÁ,Territorial,Servicio Público,Distrito Capital de Bogotá,Prestación de servicios,Contratación directa,Cédula de Ciudadanía,2025-01-21T00:00:00.000,2025-01-22T00:00:00.000,2025-12-31T00:00:00.000,142919010,0,No,Modificado,Distribuido,Inversión,https://community.secop.gov.co/Public/Tendering/OpportunityDetail/Index?noticeUID=CO1.NTC.7403798&isFromPublicArea=True&isModal=true&asPopupView=true,CO1.BDOS.7388980,individual_professional_ai,False,True,0.84
CO1.PCCNTR.8365521,ARCHIVO GENERAL DE LA NACION,Nacional,Cultura,Distrito Capital de Bogotá,Compraventa,Selección abreviada subasta inversa,NIT,2025-09-25T00:00:00.000,2025-09-29T00:00:00.000,2025-12-31T00:00:00.000,66900000,0,No,Modificado,Distribuido,Inversión,https://community.secop.gov.co/Public/Tendering/OpportunityDetail/Index?noticeUID=CO1.NTC.8672149&isFromPublicArea=True&isModal=true&asPopupView=true,CO1.BDOS.8571920,ai_product_or_platform,False,True,0.92
CO1.PCCNTR.6578494,SECRETARÍA GENERAL DE LA ALCALDÍA MAYOR DE BOGOTÁ,Territorial,Servicio Público,Distrito Capital de Bogotá,Prestación de servicios,Contratación directa,Cédula de Ciudadanía,2024-07-31T00:00:00.000,2024-08-01T00:00:00.000,2025-01-15T00:00:00.000,80191557,0,No,Cerrado,Distribuido,Inversión,https://community.secop.gov.co/Public/Tendering/OpportunityDetail/Index?noticeUID=CO1.NTC.6464074&isFromPublicArea=True&isModal=true&asPopupView=true,CO1.BDOS.6453566,incidental,False,False,0.91
CO1.PCCNTR.8581531,SECRETARÍA GENERAL DE LA ALCALDÍA MAYOR DE BOGOTÁ,Territorial,Servicio Público,Distrito Capital de Bogotá,Prestación de servicios,Contratación directa,Cédula de Ciudadanía,2025-11-12T00:00:00.000,2025-11-13T00:00:00.000,2026-12-31T00:00:00.000,82503456,0,No,En ejecución,Distribuido,Inversión,https://community.secop.gov.co/Public/Tendering/OpportunityDetail/Index?noticeUID=CO1.NTC.9114088&isFromPublicArea=True&isModal=true&asPopupView=true,CO1.BDOS.9083021,individual_professional_ai,False,True,0.83
CO1.PCCNTR.7933818,SECRETARÍA GENERAL DE LA ALCALDÍA MAYOR DE BOGOTÁ,Territorial,Servicio Público,Distrito Capital de Bogotá,Otro,Contratación Directa (con ofertas),NIT,2025-05-30T00:00:00.000,2025-06-01T00:00:00.000,2026-10-31T00:00:00.000,678787965,184,No,Modificado,Distribuido,Inversión,https://community.secop.gov.co/Public/Tendering/OpportunityDetail/Index?noticeUID=CO1.NTC.8217116&isFromPublicArea=True&isModal=true&asPopupView=true,CO1.BDOS.8193911,ai_product_or_platform,False,True,0.76
CO1.PCCNTR.7088793,MINISTERIO DE JUSTICIA Y DEL DERECHO.,Nacional,Ley de Justicia,Distrito Capital de Bogotá,Prestación de servicios,Contratación directa,NIT,2024-12-02T00:00:00.000,2024-12-02T00:00:00.000,2024-12-31T00:00:00.000,25085351,0,No,En ejecución,Distribuido,Funcionamiento,https://community.secop.gov.co/Public/Tendering/OpportunityDetail/Index?noticeUID=CO1.NTC.7132859&isFromPublicArea=True&isModal=true&asPopupView=true,CO1.BDOS.7112237,ai_development_service,False,True,0.66
CO1.PCCNTR.6038716,SECRETARÍA GENERAL DE LA ALCALDÍA MAYOR DE BOGOTÁ,Territorial,Servicio Público,Distrito Capital de Bogotá,Prestación de servicios,Contratación directa,Cédula de Ciudadanía,2024-03-02T00:00:00.000,2024-03-05T00:00:00.000,2024-07-30T00:00:00.000,56765899,30,No,Modificado,Distribuido,Inversión,https://community.secop.gov.co/Public/Tendering/OpportunityDetail/Index?noticeUID=CO1.NTC.5768587&isFromPublicArea=True&isModal=true&asPopupView=true,CO1.BDOS.5761254,incidental,False,False,0.91
CO1.PCCNTR.9691250,INSTITUTO DE DESARROLLO URBANO,Territorial,No aplica/No pertenece,Distrito Capital de Bogotá,Prestación de servicios,Contratación directa,NIT,2026-07-21T00:00:00.000,2026-08-10T00:00:00.000,2027-02-09T00:00:00.000,40027257,0,No,En ejecución,Recursos Propios,Inversión,https://community.secop.gov.co/Public/Tendering/OpportunityDetail/Index?noticeUID=CO1.NTC.10546324&isFromPublicArea=True&isModal=true&asPopupView=true,CO1.BDOS.10508254,ai_product_or_platform,False,True,0.83
CO1.PCCNTR.8331679,EMPRESA SOCIAL DEL ESTADO BARRANCABERMEJA,Territorial,Salud y Protección Social,No Definido,Decreto 092 de 2017,Contratación régimen especial,NIT,2025-09-16T00:00:00.000,2025-09-16T00:00:00.000,2025-12-26T00:00:00.000,153786132,11,No,Modificado,Recursos Propios,Funcionamiento,https://community.secop.gov.co/Public/Tendering/OpportunityDetail/Index?noticeUID=CO1.NTC.8786036&isFromPublicArea=True&isModal=true&asPopupView=true,CO1.BDOS.8762588,ai_product_or_platform,False,True,0.74
CO1.PCCNTR.6809379,UNIDAD DE PLANEACIÓN DE INFRAESTRUCTURA DE TRANSPORTE,Nacional,Transporte,Distrito Capital de Bogotá,Compraventa,Contratación régimen especial,NIT,2024-09-30T00:00:00.000,2024-10-16T00:00:00.000,2024-11-16T00:00:00.000,58243422,0,No,En ejecución,Distribuido,Inversión,https://community.secop.gov.co/Public/Tendering/OpportunityDetail/Index?noticeUID=CO1.NTC.6770468&isFromPublicArea=True&isModal=true&asPopupView=true,CO1.BDOS.6760901,cloud_or_software_nonAI,True,False,0.99
CO1.PCCNTR.9381067,COMISIÓN DE REGULACIÓN DE COMUNICACIONES,Nacional,Tecnologías de la Información y las Comunicaciones,Distrito Capital de Bogotá,Prestación de servicios,Mínima cuantía,NIT,2026-03-06T00:00:00.000,2026-03-13T00:00:00.000,2026-03-23T00:00:00.000,48829827,0,No,En ejecución,Distribuido,Inversión,https://community.secop.gov.co/Public/Tendering/OpportunityDetail/Index?noticeUID=CO1.NTC.10053312&isFromPublicArea=True&isModal=true&asPopupView=true,CO1.BDOS.10026224,cloud_or_software_nonAI,True,False,0.99
CO1.PCCNTR.8378899,PROSPERIDAD SOCIAL,Nacional,Inclusión Social y Reconciliación,Distrito Capital de Bogotá,Compraventa,Contratación régimen especial (con ofertas),NIT,2025-10-01T00:00:00.000,2025-10-03T00:00:00.000,2025-12-31T00:00:00.000,5295486907,0,No,En ejecución,Distribuido,Inversión,https://community.secop.gov.co/Public/Tendering/OpportunityDetail/Index?noticeUID=CO1.NTC.8759132&isFromPublicArea=True&isModal=true&asPopupView=true,CO1.BDOS.8733888,cloud_or_software_nonAI,True,False,0.99
CO1.PCCNTR.8172401,INSTITUTO COLOMBIANO DE CREDITO EDUCATIVO Y ESTUDIO TÉCNICOS EN EL EXTERIOR MARIANO OSPINA PEREZ.,Nacional,Educación Nacional,Distrito Capital de Bogotá,Prestación de servicios,Contratación régimen especial,Cédula de Ciudadanía,2025-08-13T00:00:00.000,2025-08-14T00:00:00.000,2025-12-31T00:00:00.000,75000000,0,No,En ejecución,Recursos Propios,Funcionamiento,https://community.secop.gov.co/Public/Tendering/OpportunityDetail/Index?noticeUID=CO1.NTC.8564967&isFromPublicArea=True&isModal=true&asPopupView=true,CO1.BDOS.8542837,cloud_or_software_nonAI,True,False,0.99
CO1.PCCNTR.7945312,DEPARTAMENTO ADMINISTRATIVO DEL SERVICIO CIVIL DISTRITAL,Territorial,Servicio Público,Distrito Capital de Bogotá,Prestación de servicios,Contratación directa,Cédula de Ciudadanía,2025-06-06T00:00:00.000,2025-06-10T00:00:00.000,2026-01-24T00:00:00.000,60000000,0,No,Cerrado,Distribuido,No Definido,https://community.secop.gov.co/Public/Tendering/OpportunityDetail/Index?noticeUID=CO1.NTC.8234322&isFromPublicArea=True&isModal=true&asPopupView=true,CO1.BDOS.8210801,cloud_or_software_nonAI,True,False,0.94
CO1.PCCNTR.4607113,UPRA,Nacional,agricultura,Distrito Capital de Bogotá,Prestación de servicios,Contratación directa,Cédula de Ciudadanía,2023-02-13T00:00:00.000,2023-02-14T00:00:00.000,2023-12-18T00:00:00.000,105733333,0,No,Cerrado,Distribuido,Inversión,https://community.secop.gov.co/Public/Tendering/OpportunityDetail/Index?noticeUID=CO1.NTC.3981657&isFromPublicArea=True&isModal=true&asPopupView=true,CO1.BDOS.3971489,cloud_or_software_nonAI,True,False,0.98
CO1.PCCNTR.6578792,Rama Judicial  Dirección Seccional de Administración Judicial de Tunja,Nacional,Ley de Justicia,Boyacá,Prestación de servicios,Contratación directa,Cédula de Ciudadanía,2024-07-30T00:00:00.000,2024-08-01T00:00:00.000,2024-12-19T00:00:00.000,20250000,0,No,terminado,Distribuido,Inversión,https://community.secop.gov.co/Public/Tendering/OpportunityDetail/Index?noticeUID=CO1.NTC.6464507&isFromPublicArea=True&isModal=true&asPopupView=true,CO1.BDOS.6454518,incidental,False,False,0.96
CO1.PCCNTR.7401731,SUPERINTENDENCIA NACIONAL DE SALUD,Nacional,Salud y Protección Social,No Definido,Prestación de servicios,Contratación directa,Cédula de Ciudadanía,2025-02-07T00:00:00.000,2025-02-07T00:00:00.000,2025-12-30T00:00:00.000,143478841,0,No,En ejecución,Distribuido,Inversión,https://community.secop.gov.co/Public/Tendering/OpportunityDetail/Index?noticeUID=CO1.NTC.7527291&isFromPublicArea=True&isModal=true&asPopupView=true,CO1.BDOS.7486213,cloud_or_software_nonAI,True,False,0.99
CO1.PCCNTR.5029502,DEPARTAMENTO NACIONAL DE PLANEACIÓN,Nacional,Planeación,Distrito Capital de Bogotá,Prestación de servicios,Contratación directa,Cédula de Ciudadanía,2023-06-01T00:00:00.000,2023-06-02T00:00:00.000,2023-12-31T00:00:00.000,68355000,0,No,Cerrado,Distribuido,Funcionamiento,https://community.secop.gov.co/Public/Tendering/OpportunityDetail/Index?noticeUID=CO1.NTC.4504509&isFromPublicArea=True&isModal=true&asPopupView=true,CO1.BDOS.4497017,cloud_or_software_nonAI,True,False,0.99
CO1.PCCNTR.6585501,Rama Judicial  Dirección Seccional de Administración Judicial de Tunja,Nacional,Ley de Justicia,Boyacá,Prestación de servicios,Contratación directa,Cédula de Ciudadanía,2024-07-31T00:00:00.000,2024-08-01T00:00:00.000,2024-12-19T00:00:00.000,20250000,0,No,terminado,Distribuido,Inversión,https://community.secop.gov.co/Public/Tendering/OpportunityDetail/Index?noticeUID=CO1.NTC.6471525&isFromPublicArea=True&isModal=true&asPopupView=true,CO1.BDOS.6462030,cloud_or_software_nonAI,False,False,0.95
CO1.PCCNTR.5433290,Rama Judicial  Dirección Seccional de Administración Judicial de Tunja,Nacional,Ley de Justicia,Boyacá,Prestación de servicios,Contratación directa,Cédula de Ciudadanía,2023-10-04T00:00:00.000,2023-10-12T00:00:00.000,2023-12-19T00:00:00.000,7500000,0,No,terminado,Distribuido,Inversión,https://community.secop.gov.co/Public/Tendering/OpportunityDetail/Index?noticeUID=CO1.NTC.5021537&isFromPublicArea=True&isModal=true&asPopupView=true,CO1.BDOS.5009352,cloud_or_software_nonAI,False,False,0.95
CO1.PCCNTR.5214041,INSTITUCIÓN UNIVERSITARIA COLEGIO MAYOR DE ANTIOQUIA,Territorial,Educación Nacional,Antioquia,Prestación de servicios,Contratación directa,NIT,2023-07-12T00:00:00.000,2023-07-19T00:00:00.000,2023-12-31T00:00:00.000,1519188000,0,No,Cerrado,Distribuido,Funcionamiento,https://community.secop.gov.co/Public/Tendering/OpportunityDetail/Index?noticeUID=CO1.NTC.4728920&isFromPublicArea=True&isModal=true&asPopupView=true,CO1.BDOS.4721515,incidental,False,False,0.96
CO1.PCCNTR.5615097,Rama Judicial  Dirección Seccional de Administración Judicial de Tunja,Nacional,Ley de Justicia,Boyacá,Prestación de servicios,Contratación directa,Cédula de Ciudadanía,2023-12-01T00:00:00.000,2023-12-01T00:00:00.000,2023-12-31T00:00:00.000,3000000,0,No,terminado,Distribuido,Inversión,https://community.secop.gov.co/Public/Tendering/OpportunityDetail/Index?noticeUID=CO1.NTC.5172595&isFromPublicArea=True&isModal=true&asPopupView=true,CO1.BDOS.5151144,incidental,True,False,0.95
CO1.PCCNTR.6576720,Rama Judicial  Dirección Seccional de Administración Judicial de Tunja,Nacional,Ley de Justicia,Boyacá,Prestación de servicios,Contratación directa,Cédula de Ciudadanía,2024-07-29T00:00:00.000,2024-08-01T00:00:00.000,2024-12-19T00:00:00.000,20250000,0,No,terminado,Distribuido,Inversión,https://community.secop.gov.co/Public/Tendering/OpportunityDetail/Index?noticeUID=CO1.NTC.6461330&isFromPublicArea=True&isModal=true&asPopupView=true,CO1.BDOS.6442485,incidental,False,False,0.93
CO1.PCCNTR.7031901,Rama Judicial  Dirección Seccional de Administración Judicial de Tunja,Nacional,Ley de Justicia,Boyacá,Prestación de servicios,Contratación directa,Cédula de Ciudadanía,2024-11-15T00:00:00.000,2024-11-19T00:00:00.000,2024-12-23T00:00:00.000,4500000,0,No,terminado,Distribuido,Inversión,https://community.secop.gov.co/Public/Tendering/OpportunityDetail/Index?noticeUID=CO1.NTC.7054916&isFromPublicArea=True&isModal=true&asPopupView=true,CO1.BDOS.7010932,cloud_or_software_nonAI,False,False,0.97
CO1.PCCNTR.8554186,METRO DE BOGOTA SA,Territorial,Transporte,Distrito Capital de Bogotá,Compraventa,Mínima cuantía,NIT,2025-11-07T00:00:00.000,2025-11-21T00:00:00.000,2025-12-20T00:00:00.000,122364415,0,No,En ejecución,Distribuido,Inversión,https://community.secop.gov.co/Public/Tendering/OpportunityDetail/Index?noticeUID=CO1.NTC.8998688&isFromPublicArea=True&isModal=true&asPopupView=true,CO1.BDOS.8964611,cloud_or_software_nonAI,True,False,0.99
CO1.PCCNTR.6015048,MINTRABAJO NIVEL CENTRAL*/,Nacional,Trabajo,Distrito Capital de Bogotá,Otro,Contratación régimen especial,Cédula de Ciudadanía,2024-02-27T00:00:00.000,2024-02-29T00:00:00.000,2024-12-31T00:00:00.000,149050000,0,No,Cerrado,Recursos Propios,Inversión,https://community.secop.gov.co/Public/Tendering/OpportunityDetail/Index?noticeUID=CO1.NTC.5741478&isFromPublicArea=True&isModal=true&asPopupView=true,CO1.BDOS.5730019,cloud_or_software_nonAI,True,False,0.99
CO1.PCCNTR.7646546,ALCALDÍA MUNICIPAL DE SOPO,Territorial,No aplica/No pertenece,Cundinamarca,Prestación de servicios,Contratación directa,NIT,2025-03-14T00:00:00.000,2025-03-14T00:00:00.000,2025-12-30T00:00:00.000,58703301,79,No,terminado,Distribuido,Funcionamiento,https://community.secop.gov.co/Public/Tendering/OpportunityDetail/Index?noticeUID=CO1.NTC.7826985&isFromPublicArea=True&isModal=true&asPopupView=true,CO1.BDOS.7808234,cloud_or_software_nonAI,True,False,0.99
CO1.PCCNTR.6576628,Rama Judicial  Dirección Seccional de Administración Judicial de Tunja,Nacional,Ley de Justicia,Boyacá,Prestación de servicios,Contratación directa,Cédula de Ciudadanía,2024-07-29T00:00:00.000,2024-08-01T00:00:00.000,2024-12-19T00:00:00.000,20250000,0,No,terminado,Distribuido,Inversión,https://community.secop.gov.co/Public/Tendering/OpportunityDetail/Index?noticeUID=CO1.NTC.6461336&isFromPublicArea=True&isModal=true&asPopupView=true,CO1.BDOS.6442891,cloud_or_software_nonAI,False,False,0.94
CO1.PCCNTR.8805840,ANM,Nacional,Minas y Energía,Distrito Capital de Bogotá,Prestación de servicios,Contratación directa,Cédula de Ciudadanía,2026-01-09T00:00:00.000,2026-01-14T00:00:00.000,2026-12-28T00:00:00.000,106950000,0,No,En ejecución,Distribuido,Inversión,https://community.secop.gov.co/Public/Tendering/OpportunityDetail/Index?noticeUID=CO1.NTC.9434730&isFromPublicArea=True&isModal=true&asPopupView=true,CO1.BDOS.9419223,cloud_or_software_nonAI,True,False,0.99
CO1.PCCNTR.6579627,Rama Judicial  Dirección Seccional de Administración Judicial de Tunja,Nacional,Ley de Justicia,Boyacá,Prestación de servicios,Contratación directa,Cédula de Ciudadanía,2024-07-30T00:00:00.000,2024-08-01T00:00:00.000,2024-12-19T00:00:00.000,20250000,0,No,terminado,Distribuido,Inversión,https://community.secop.gov.co/Public/Tendering/OpportunityDetail/Index?noticeUID=CO1.NTC.6464526&isFromPublicArea=True&isModal=true&asPopupView=true,CO1.BDOS.6454570,cloud_or_software_nonAI,False,False,0.94
CO1.PCCNTR.7358406,FONDO FINANCIERO DISTRITAL DE SALUD.,Territorial,Salud y Protección Social,Distrito Capital de Bogotá,Prestación de servicios,Contratación directa,Cédula de Ciudadanía,2025-01-30T00:00:00.000,2025-02-03T00:00:00.000,2025-10-15T00:00:00.000,87664500,0,No,terminado,Distribuido,Inversión,https://community.secop.gov.co/Public/Tendering/OpportunityDetail/Index?noticeUID=CO1.NTC.7481047&isFromPublicArea=True&isModal=true&asPopupView=true,CO1.BDOS.7466402,cloud_or_software_nonAI,True,False,0.99
CO1.PCCNTR.9053264,JEP,Nacional,No aplica/No pertenece,Distrito Capital de Bogotá,Prestación de servicios,Contratación régimen especial,Cédula de Ciudadanía,2026-01-28T00:00:00.000,2026-01-30T00:00:00.000,2026-12-31T00:00:00.000,111263734,0,No,cedido,Distribuido,Inversión,https://community.secop.gov.co/Public/Tendering/OpportunityDetail/Index?noticeUID=CO1.NTC.9687973&isFromPublicArea=True&isModal=true&asPopupView=true,CO1.BDOS.9675110,incidental,False,False,0.97
CO1.PCCNTR.8700221,AREA METROPOLITANA DEL VALLE DE ABURRA,Territorial,Ambiente y Desarrollo Sostenible,Antioquia,Otro,Selección abreviada subasta inversa,NIT,2025-12-19T00:00:00.000,2025-12-22T00:00:00.000,2025-12-31T00:00:00.000,1114000000,0,No,terminado,Recursos Propios,Inversión,https://community.secop.gov.co/Public/Tendering/OpportunityDetail/Index?noticeUID=CO1.NTC.9124717&isFromPublicArea=True&isModal=true&asPopupView=true,CO1.BDOS.9018484,cloud_or_software_nonAI,True,False,0.99
CO1.PCCNTR.5896160,ALCALDÍA MUNICIPAL DE SOPO,Territorial,No aplica/No pertenece,Cundinamarca,Prestación de servicios,Contratación directa,NIT,2024-02-06T00:00:00.000,2024-02-08T00:00:00.000,2024-06-07T00:00:00.000,21500000,0,No,terminado,Distribuido,Inversión,https://community.secop.gov.co/Public/Tendering/OpportunityDetail/Index?noticeUID=CO1.NTC.5597336&isFromPublicArea=True&isModal=true&asPopupView=true,CO1.BDOS.5545772,cloud_or_software_nonAI,True,False,0.98
CO1.PCCNTR.7030865,Rama Judicial  Dirección Seccional de Administración Judicial de Tunja,Nacional,Ley de Justicia,Boyacá,Prestación de servicios,Contratación directa,Cédula de Ciudadanía,2024-11-15T00:00:00.000,2024-11-19T00:00:00.000,2024-12-23T00:00:00.000,4500000,0,No,terminado,Distribuido,Inversión,https://community.secop.gov.co/Public/Tendering/OpportunityDetail/Index?noticeUID=CO1.NTC.7054589&isFromPublicArea=True&isModal=true&asPopupView=true,CO1.BDOS.7010913,cloud_or_software_nonAI,False,False,0.96
CO1.PCCNTR.5615364,Rama Judicial  Dirección Seccional de Administración Judicial de Tunja,Nacional,Ley de Justicia,Boyacá,Prestación de servicios,Contratación directa,Cédula de Ciudadanía,2023-12-01T00:00:00.000,2023-12-01T00:00:00.000,2023-12-29T00:00:00.000,3000000,0,No,terminado,Distribuido,Inversión,https://community.secop.gov.co/Public/Tendering/OpportunityDetail/Index?noticeUID=CO1.NTC.5172816&isFromPublicArea=True&isModal=true&asPopupView=true,CO1.BDOS.5148006,incidental,False,False,0.97
CO1.PCCNTR.5487441,Rama Judicial  Dirección Seccional de Administración Judicial de Tunja,Nacional,Ley de Justicia,Boyacá,Prestación de servicios,Contratación directa,Cédula de Ciudadanía,2023-10-25T00:00:00.000,2023-10-26T00:00:00.000,2023-12-25T00:00:00.000,6000000,0,No,terminado,Distribuido,Inversión,https://community.secop.gov.co/Public/Tendering/OpportunityDetail/Index?noticeUID=CO1.NTC.5086717&isFromPublicArea=True&isModal=true&asPopupView=true,CO1.BDOS.5073276,incidental,False,False,0.98
CO1.PCCNTR.8954217,FONDO FINANCIERO DISTRITAL DE SALUD.,Territorial,Salud y Protección Social,Distrito Capital de Bogotá,Prestación de servicios,Contratación directa,Cédula de Ciudadanía,2026-01-19T00:00:00.000,2026-01-21T00:00:00.000,2026-12-31T00:00:00.000,65631447,0,No,En ejecución,Distribuido,Inversión,https://community.secop.gov.co/Public/Tendering/OpportunityDetail/Index?noticeUID=CO1.NTC.9587096&isFromPublicArea=True&isModal=true&asPopupView=true,CO1.BDOS.9573714,cloud_or_software_nonAI,True,False,0.98
CO1.PCCNTR.8746327,SUBRED INTEGRADA DE SERVICIO DE SALUD CENTRO ORIENTE E.S.E 1,Territorial,Salud y Protección Social,Distrito Capital de Bogotá,Compraventa,Contratación régimen especial,NIT,2025-12-31T00:00:00.000,2025-12-31T00:00:00.000,2026-02-28T00:00:00.000,9256456,0,No,En ejecución,Recursos Propios,Funcionamiento,https://community.secop.gov.co/Public/Tendering/OpportunityDetail/Index?noticeUID=CO1.NTC.9354634&isFromPublicArea=True&isModal=true&asPopupView=true,CO1.BDOS.9334312,cloud_or_software_nonAI,True,False,0.99
CO1.PCCNTR.8744209,INSTITUTO NACIONAL DE VIGILANCIA DE MEDICAMENTOS Y ALIMENTOS //,Nacional,Salud y Protección Social,Distrito Capital de Bogotá,Otro,Contratación Directa (con ofertas),NIT,2025-12-30T00:00:00.000,2025-12-31T00:00:00.000,2025-12-31T00:00:00.000,1737859464,0,No,En ejecución,Distribuido,Inversión,https://community.secop.gov.co/Public/Tendering/OpportunityDetail/Index?noticeUID=CO1.NTC.9350823&isFromPublicArea=True&isModal=true&asPopupView=true,CO1.BDOS.9326287,cloud_or_software_nonAI,True,False,0.99
CO1.PCCNTR.8038916,IEMP,Nacional,No aplica/No pertenece,Distrito Capital de Bogotá,Prestación de servicios,Contratación directa,Cédula de Ciudadanía,2025-07-03T00:00:00.000,2025-08-21T00:00:00.000,2025-10-30T00:00:00.000,22500000,0,Si,Cerrado,Distribuido,Inversión,https://community.secop.gov.co/Public/Tendering/OpportunityDetail/Index?noticeUID=CO1.NTC.8369205&isFromPublicArea=True&isModal=true&asPopupView=true,CO1.BDOS.8347249,cloud_or_software_nonAI,True,False,0.98
CO1.PCCNTR.6576604,Rama Judicial  Dirección Seccional de Administración Judicial de Tunja,Nacional,Ley de Justicia,Boyacá,Prestación de servicios,Contratación directa,Cédula de Ciudadanía,2024-07-29T00:00:00.000,2024-08-01T00:00:00.000,2024-12-19T00:00:00.000,20250000,0,No,terminado,Distribuido,Inversión,https://community.secop.gov.co/Public/Tendering/OpportunityDetail/Index?noticeUID=CO1.NTC.6461117&isFromPublicArea=True&isModal=true&asPopupView=true,CO1.BDOS.6419173,cloud_or_software_nonAI,False,False,0.96
CO1.PCCNTR.8510928,IGAC Sede Central *,Nacional,Información Estadística,Distrito Capital de Bogotá,Prestación de servicios,Contratación directa,Cédula de Ciudadanía,2025-10-30T00:00:00.000,2025-11-04T00:00:00.000,2025-12-31T00:00:00.000,19304000,0,No,Modificado,Distribuido,Inversión,https://community.secop.gov.co/Public/Tendering/OpportunityDetail/Index?noticeUID=CO1.NTC.9023484&isFromPublicArea=True&isModal=true&asPopupView=true,CO1.BDOS.9000152,cloud_or_software_nonAI,True,False,0.98
CO1.PCCNTR.8716585,Patrimonio Autónomo-Fondo De Seguridad Vial,Nacional,Hacienda y Crédito Público,No Definido,Decreto 092 de 2017,Contratación régimen especial,NIT,2025-12-23T00:00:00.000,2025-12-30T00:00:00.000,2026-12-22T00:00:00.000,1336271997,0,No,En ejecución,Recursos Propios,Inversión,https://community.secop.gov.co/Public/Tendering/OpportunityDetail/Index?noticeUID=CO1.NTC.9311828&isFromPublicArea=True&isModal=true&asPopupView=true,CO1.BDOS.9286181,cloud_or_software_nonAI,True,False,0.99
CO1.PCCNTR.4445693,COLOMBIA COMPRA EFICIENTE,Nacional,Planeación,Distrito Capital de Bogotá,Prestación de servicios,Contratación directa,Cédula de Ciudadanía,2023-01-23T00:00:00.000,2023-01-26T00:00:00.000,2023-12-31T00:00:00.000,125298968,0,No,Cerrado,Distribuido,Inversión,https://community.secop.gov.co/Public/Tendering/OpportunityDetail/Index?noticeUID=CO1.NTC.3804172&isFromPublicArea=True&isModal=true&asPopupView=true,CO1.BDOS.3802001,cloud_or_software_nonAI,True,False,0.98
CO1.PCCNTR.7031083,Rama Judicial  Dirección Seccional de Administración Judicial de Tunja,Nacional,Ley de Justicia,Boyacá,Prestación de servicios,Contratación directa,Cédula de Ciudadanía,2024-11-15T00:00:00.000,2024-11-19T00:00:00.000,2024-12-23T00:00:00.000,4500000,0,No,terminado,Distribuido,Inversión,https://community.secop.gov.co/Public/Tendering/OpportunityDetail/Index?noticeUID=CO1.NTC.7054594&isFromPublicArea=True&isModal=true&asPopupView=true,CO1.BDOS.7010844,cloud_or_software_nonAI,True,False,0.93
CO1.PCCNTR.8676336,COMISIÓN DE REGULACIÓN DE COMUNICACIONES,Nacional,Tecnologías de la Información y las Comunicaciones,Distrito Capital de Bogotá,Prestación de servicios,Mínima cuantía,NIT,2025-12-10T00:00:00.000,2025-12-25T00:00:00.000,2026-10-31T00:00:00.000,42260470,129,No,Modificado,Distribuido,Funcionamiento,https://community.secop.gov.co/Public/Tendering/OpportunityDetail/Index?noticeUID=CO1.NTC.9134243&isFromPublicArea=True&isModal=true&asPopupView=true,CO1.BDOS.9106025,incidental,False,False,0.97
CO1.PCCNTR.5399007,Rama Judicial  Dirección Seccional de Administración Judicial de Tunja,Nacional,Ley de Justicia,Boyacá,Prestación de servicios,Contratación directa,Cédula de Ciudadanía,2023-09-27T00:00:00.000,2023-09-27T00:00:00.000,2023-11-11T00:00:00.000,4500000,0,No,terminado,Distribuido,Inversión,https://community.secop.gov.co/Public/Tendering/OpportunityDetail/Index?noticeUID=CO1.NTC.4974327&isFromPublicArea=True&isModal=true&asPopupView=true,CO1.BDOS.4863976,incidental,False,False,0.98
CO1.PCCNTR.5575801,UNIDAD ADMINISTRATIVA ESPECIAL DIRECCION NACIONAL DE BOMBEROS,Nacional,Servicio Público,Distrito Capital de Bogotá,Otro,Contratación directa,NIT,2023-11-24T00:00:00.000,2023-11-30T00:00:00.000,2024-01-30T00:00:00.000,851926948,30,No,Modificado,Distribuido,Inversión,https://community.secop.gov.co/Public/Tendering/OpportunityDetail/Index?noticeUID=CO1.NTC.5211209&isFromPublicArea=True&isModal=true&asPopupView=true,CO1.BDOS.5198415,cloud_or_software_nonAI,True,False,0.99
CO1.PCCNTR.6576722,Rama Judicial  Dirección Seccional de Administración Judicial de Tunja,Nacional,Ley de Justicia,Boyacá,Prestación de servicios,Contratación directa,Cédula de Ciudadanía,2024-07-29T00:00:00.000,2024-08-12T00:00:00.000,2024-12-19T00:00:00.000,20250000,0,No,terminado,Distribuido,Inversión,https://community.secop.gov.co/Public/Tendering/OpportunityDetail/Index?noticeUID=CO1.NTC.6461332&isFromPublicArea=True&isModal=true&asPopupView=true,CO1.BDOS.6442587,cloud_or_software_nonAI,False,False,0.93
CO1.PCCNTR.5433594,Rama Judicial  Dirección Seccional de Administración Judicial de Tunja,Nacional,Ley de Justicia,Boyacá,Prestación de servicios,Contratación directa,Cédula de Ciudadanía,2023-10-09T00:00:00.000,2023-10-10T00:00:00.000,2023-12-19T00:00:00.000,7500000,0,No,terminado,Distribuido,Inversión,https://community.secop.gov.co/Public/Tendering/OpportunityDetail/Index?noticeUID=CO1.NTC.5021539&isFromPublicArea=True&isModal=true&asPopupView=true,CO1.BDOS.5009834,cloud_or_software_nonAI,False,False,0.88
CO1.PCCNTR.8124266,CGA,Territorial,Servicio Público,Antioquia,Otro,Contratación directa,NIT,2025-07-28T00:00:00.000,2025-07-28T00:00:00.000,2026-07-25T00:00:00.000,131486220,0,Si,En ejecución,Distribuido,Funcionamiento,https://community.secop.gov.co/Public/Tendering/OpportunityDetail/Index?noticeUID=CO1.NTC.8494995&isFromPublicArea=True&isModal=true&asPopupView=true,CO1.BDOS.8473827,cloud_or_software_nonAI,True,False,0.99
CO1.PCCNTR.7734611,COMISIÓN DE REGULACIÓN DE COMUNICACIONES,Nacional,Tecnologías de la Información y las Comunicaciones,Distrito Capital de Bogotá,Prestación de servicios,Mínima cuantía,NIT,2025-04-04T00:00:00.000,2025-04-14T00:00:00.000,2025-09-21T00:00:00.000,7100000,0,No,terminado,Distribuido,Inversión,https://community.secop.gov.co/Public/Tendering/OpportunityDetail/Index?noticeUID=CO1.NTC.7848391&isFromPublicArea=True&isModal=true&asPopupView=true,CO1.BDOS.7831977,cloud_or_software_nonAI,True,False,0.99
CO1.PCCNTR.9745425,INSTITUCIÓN UNIVERSITARIA ITM,Nacional,Educación Nacional,Antioquia,Prestación de servicios,Contratación directa,Cédula de Ciudadanía,2026-08-03T00:00:00.000,2026-08-03T00:00:00.000,2026-08-31T00:00:00.000,10266667,0,No,En ejecución,Recursos Propios,Funcionamiento,https://community.secop.gov.co/Public/Tendering/OpportunityDetail/Index?noticeUID=CO1.NTC.10622096&isFromPublicArea=True&isModal=true&asPopupView=true,CO1.BDOS.10584197,cloud_or_software_nonAI,True,False,0.95
CO1.PCCNTR.8844489,Superintendencia de Transporte**,Nacional,Transporte,Distrito Capital de Bogotá,Prestación de servicios,Contratación directa,Cédula de Ciudadanía,2026-01-13T00:00:00.000,2026-01-14T00:00:00.000,2026-09-13T00:00:00.000,41663088,0,Si,En ejecución,Distribuido,Inversión,https://community.secop.gov.co/Public/Tendering/OpportunityDetail/Index?noticeUID=CO1.NTC.9473981&isFromPublicArea=True&isModal=true&asPopupView=true,CO1.BDOS.9461412,cloud_or_software_nonAI,True,False,0.98
CO1.PCCNTR.7342164,INSTITUTO NACIONAL DE SALUD,Nacional,Salud y Protección Social,Distrito Capital de Bogotá,Prestación de servicios,Contratación directa,Cédula de Ciudadanía,2025-01-28T00:00:00.000,2025-01-28T00:00:00.000,2025-12-31T00:00:00.000,87600000,31,No,Modificado,Distribuido,Inversión,https://community.secop.gov.co/Public/Tendering/OpportunityDetail/Index?noticeUID=CO1.NTC.7462725&isFromPublicArea=True&isModal=true&asPopupView=true,CO1.BDOS.7445537,cloud_or_software_nonAI,True,False,0.99
CO1.PCCNTR.6576606,Rama Judicial  Dirección Seccional de Administración Judicial de Tunja,Nacional,Ley de Justicia,Boyacá,Prestación de servicios,Contratación directa,Cédula de Ciudadanía,2024-07-29T00:00:00.000,2024-08-01T00:00:00.000,2024-12-19T00:00:00.000,20250000,0,No,terminado,Distribuido,Inversión,https://community.secop.gov.co/Public/Tendering/OpportunityDetail/Index?noticeUID=CO1.NTC.6461015&isFromPublicArea=True&isModal=true&asPopupView=true,CO1.BDOS.6449140,cloud_or_software_nonAI,False,False,0.96
CO1.PCCNTR.5991091,DEPARTAMENTO ADMINISTRATIVO DEL SERVICIO CIVIL DISTRITAL,Territorial,Servicio Público,Distrito Capital de Bogotá,Prestación de servicios,Contratación directa,Cédula de Ciudadanía,2024-02-27T00:00:00.000,2024-03-01T00:00:00.000,2024-06-30T00:00:00.000,28000000,0,No,Cerrado,Distribuido,Inversión,https://community.secop.gov.co/Public/Tendering/OpportunityDetail/Index?noticeUID=CO1.NTC.5713824&isFromPublicArea=True&isModal=true&asPopupView=true,CO1.BDOS.5705332,cloud_or_software_nonAI,True,False,0.91
CO1.PCCNTR.8731545,ARCHIVO GENERAL DE LA NACION,Nacional,Cultura,Distrito Capital de Bogotá,Otro,Contratación directa,NIT,2025-12-29T00:00:00.000,2025-12-29T00:00:00.000,2025-12-31T00:00:00.000,283958351,0,No,En ejecución,Distribuido,Inversión,https://community.secop.gov.co/Public/Tendering/OpportunityDetail/Index?noticeUID=CO1.NTC.9331388&isFromPublicArea=True&isModal=true&asPopupView=true,CO1.BDOS.9307363,cloud_or_software_nonAI,True,False,0.99
CO1.PCCNTR.4465581,DEPARTAMENTO NACIONAL DE PLANEACIÓN,Nacional,Planeación,Distrito Capital de Bogotá,Prestación de servicios,Contratación directa,Cédula de Ciudadanía,2023-01-23T00:00:00.000,2023-02-01T00:00:00.000,2023-05-31T00:00:00.000,39060000,0,No,Cerrado,Distribuido,Inversión,https://community.secop.gov.co/Public/Tendering/OpportunityDetail/Index?noticeUID=CO1.NTC.3827136&isFromPublicArea=True&isModal=true&asPopupView=true,CO1.BDOS.3825679,cloud_or_software_nonAI,True,False,0.98
CO1.PCCNTR.8481684,AREA METROPOLITANA DEL VALLE DE ABURRA,Territorial,Ambiente y Desarrollo Sostenible,Antioquia,Prestación de servicios,Contratación directa,NIT,2025-10-22T00:00:00.000,2025-10-27T00:00:00.000,2025-12-31T00:00:00.000,24904320,0,No,terminado,Recursos Propios,Funcionamiento,https://community.secop.gov.co/Public/Tendering/OpportunityDetail/Index?noticeUID=CO1.NTC.8987089&isFromPublicArea=True&isModal=true&asPopupView=true,CO1.BDOS.8916489,cloud_or_software_nonAI,True,False,0.99
CO1.PCCNTR.8596460,Unidad Administrativa Especial de Alimentación Escolar -Alimentos para Aprender-,Nacional,Educación Nacional,Distrito Capital de Bogotá,Compraventa,Mínima cuantía,NIT,2025-11-19T00:00:00.000,2025-12-12T00:00:00.000,2025-12-31T00:00:00.000,100513770,0,No,En ejecución,Distribuido,Funcionamiento,https://community.secop.gov.co/Public/Tendering/OpportunityDetail/Index?noticeUID=CO1.NTC.9023146&isFromPublicArea=True&isModal=true&asPopupView=true,CO1.BDOS.8998936,cloud_or_software_nonAI,True,False,0.99
CO1.PCCNTR.5487370,Rama Judicial  Dirección Seccional de Administración Judicial de Tunja,Nacional,Ley de Justicia,Boyacá,Prestación de servicios,Contratación directa,Cédula de Ciudadanía,2023-10-25T00:00:00.000,2023-10-26T00:00:00.000,2023-12-23T00:00:00.000,6000000,0,No,terminado,Distribuido,Inversión,https://community.secop.gov.co/Public/Tendering/OpportunityDetail/Index?noticeUID=CO1.NTC.5086520&isFromPublicArea=True&isModal=true&asPopupView=true,CO1.BDOS.5073657,incidental,False,False,0.98
CO1.PCCNTR.6582433,Rama Judicial  Dirección Seccional de Administración Judicial de Tunja,Nacional,Ley de Justicia,Boyacá,Prestación de servicios,Contratación directa,Cédula de Ciudadanía,2024-07-30T00:00:00.000,2024-08-08T00:00:00.000,2024-12-19T00:00:00.000,20250000,0,No,terminado,Distribuido,Inversión,https://community.secop.gov.co/Public/Tendering/OpportunityDetail/Index?noticeUID=CO1.NTC.6468683&isFromPublicArea=True&isModal=true&asPopupView=true,CO1.BDOS.6459184,cloud_or_software_nonAI,False,False,0.96
CO1.PCCNTR.6576409,Rama Judicial  Dirección Seccional de Administración Judicial de Tunja,Nacional,Ley de Justicia,Boyacá,Prestación de servicios,Contratación directa,Cédula de Ciudadanía,2024-07-29T00:00:00.000,2024-11-01T00:00:00.000,2024-12-19T00:00:00.000,6750000,0,No,terminado,Distribuido,Inversión,https://community.secop.gov.co/Public/Tendering/OpportunityDetail/Index?noticeUID=CO1.NTC.6461019&isFromPublicArea=True&isModal=true&asPopupView=true,CO1.BDOS.6419284,cloud_or_software_nonAI,False,False,0.91
CO1.PCCNTR.6585502,Rama Judicial  Dirección Seccional de Administración Judicial de Tunja,Nacional,Ley de Justicia,Boyacá,Prestación de servicios,Contratación directa,Cédula de Ciudadanía,2024-07-31T00:00:00.000,2024-08-01T00:00:00.000,2024-12-19T00:00:00.000,20250000,0,No,terminado,Distribuido,Inversión,https://community.secop.gov.co/Public/Tendering/OpportunityDetail/Index?noticeUID=CO1.NTC.6471526&isFromPublicArea=True&isModal=true&asPopupView=true,CO1.BDOS.6461834,cloud_or_software_nonAI,False,False,0.97
CO1.PCCNTR.7880624,MINSALUD,Nacional,Salud y Protección Social,Distrito Capital de Bogotá,Otro,Contratación Directa (con ofertas),NIT,2025-05-19T00:00:00.000,2025-05-22T00:00:00.000,2026-06-28T00:00:00.000,2741606770,38,Si,Modificado,Distribuido,Inversión,https://community.secop.gov.co/Public/Tendering/OpportunityDetail/Index?noticeUID=CO1.NTC.8140229&isFromPublicArea=True&isModal=true&asPopupView=true,CO1.BDOS.8115985,cloud_or_software_nonAI,True,False,0.98
CO1.PCCNTR.8871449,ALCALDÍA MUNICIPAL DE SOPO,Territorial,No aplica/No pertenece,Cundinamarca,Prestación de servicios,Contratación directa,NIT,2026-01-14T00:00:00.000,2026-01-14T00:00:00.000,2026-08-01T00:00:00.000,42738863,0,No,En ejecución,Distribuido,Funcionamiento,https://community.secop.gov.co/Public/Tendering/OpportunityDetail/Index?noticeUID=CO1.NTC.9501695&isFromPublicArea=True&isModal=true&asPopupView=true,CO1.BDOS.9488733,cloud_or_software_nonAI,True,False,0.98
CO1.PCCNTR.6576610,Rama Judicial  Dirección Seccional de Administración Judicial de Tunja,Nacional,Ley de Justicia,Boyacá,Prestación de servicios,Contratación directa,Cédula de Ciudadanía,2024-07-29T00:00:00.000,2024-08-01T00:00:00.000,2024-12-19T00:00:00.000,20250000,0,No,terminado,Distribuido,Inversión,https://community.secop.gov.co/Public/Tendering/OpportunityDetail/Index?noticeUID=CO1.NTC.6461250&isFromPublicArea=True&isModal=true&asPopupView=true,CO1.BDOS.6419596,incidental,False,False,0.94
CO1.PCCNTR.7367907,FONDO FINANCIERO DISTRITAL DE SALUD.,Territorial,Salud y Protección Social,Distrito Capital de Bogotá,Prestación de servicios,Contratación directa,Cédula de Ciudadanía,2025-01-31T00:00:00.000,2025-02-03T00:00:00.000,2025-12-31T00:00:00.000,60242667,0,No,Cerrado,Distribuido,Inversión,https://community.secop.gov.co/Public/Tendering/OpportunityDetail/Index?noticeUID=CO1.NTC.7491822&isFromPublicArea=True&isModal=true&asPopupView=true,CO1.BDOS.7478004,cloud_or_software_nonAI,True,False,0.98
CO1.PCCNTR.6578607,Rama Judicial  Dirección Seccional de Administración Judicial de Tunja,Nacional,Ley de Justicia,Boyacá,Prestación de servicios,Contratación directa,Cédula de Ciudadanía,2024-07-29T00:00:00.000,2024-08-01T00:00:00.000,2024-12-19T00:00:00.000,20250000,0,No,terminado,Distribuido,Inversión,https://community.secop.gov.co/Public/Tendering/OpportunityDetail/Index?noticeUID=CO1.NTC.6463527&isFromPublicArea=True&isModal=true&asPopupView=true,CO1.BDOS.6453088,cloud_or_software_nonAI,False,False,0.94
CO1.PCCNTR.7059571,Rama Judicial  Dirección Seccional de Administración Judicial de Tunja,Nacional,Ley de Justicia,Boyacá,Prestación de servicios,Contratación directa,Cédula de Ciudadanía,2024-11-22T00:00:00.000,2024-11-22T00:00:00.000,2024-12-31T00:00:00.000,4500000,0,No,terminado,Distribuido,Inversión,https://community.secop.gov.co/Public/Tendering/OpportunityDetail/Index?noticeUID=CO1.NTC.7090695&isFromPublicArea=True&isModal=true&asPopupView=true,CO1.BDOS.7067718,cloud_or_software_nonAI,True,False,0.97
CO1.PCCNTR.5899964,UNIDAD ADMINISTRATIVA ESPECIAL DE GESTION DE RESTITUCION DE TIERRAS DESPOJADAS**,Nacional,Inclusión Social y Reconciliación,Distrito Capital de Bogotá,Prestación de servicios,Contratación directa,Cédula de Ciudadanía,2024-02-08T00:00:00.000,2024-02-09T00:00:00.000,2024-12-31T00:00:00.000,106420600,0,No,Cerrado,Distribuido,Inversión,https://community.secop.gov.co/Public/Tendering/OpportunityDetail/Index?noticeUID=CO1.NTC.5602701&isFromPublicArea=True&isModal=true&asPopupView=true,CO1.BDOS.5595251,cloud_or_software_nonAI,True,False,0.99
CO1.PCCNTR.5991105,GOBERNACIÓN DE LA GUAJIRA,Territorial,Servicio Público,La Guajira,Prestación de servicios,Contratación directa,NIT,2024-02-22T00:00:00.000,2024-02-23T00:00:00.000,2024-12-31T00:00:00.000,81064845,0,No,En ejecución,Distribuido,Funcionamiento,https://community.secop.gov.co/Public/Tendering/OpportunityDetail/Index?noticeUID=CO1.NTC.5713410&isFromPublicArea=True&isModal=true&asPopupView=true,CO1.BDOS.5700542,cloud_or_software_nonAI,True,False,0.98
CO1.PCCNTR.5797116,IGAC Sede Central *,Nacional,Información Estadística,Distrito Capital de Bogotá,Prestación de servicios,Contratación directa,Cédula de Ciudadanía,2024-01-24T00:00:00.000,2024-01-26T00:00:00.000,2024-12-28T00:00:00.000,90465000,0,Si,Cerrado,Distribuido,Inversión,https://community.secop.gov.co/Public/Tendering/OpportunityDetail/Index?noticeUID=CO1.NTC.5495828&isFromPublicArea=True&isModal=true&asPopupView=true,CO1.BDOS.5486263,cloud_or_software_nonAI,True,False,0.99
CO1.PCCNTR.7359996,DEPARTAMENTO NACIONAL DE PLANEACIÓN,Nacional,Planeación,Distrito Capital de Bogotá,Prestación de servicios,Contratación directa,Cédula de Ciudadanía,2025-01-29T00:00:00.000,2025-01-30T00:00:00.000,2025-12-31T00:00:00.000,177066666,92,No,Modificado,Distribuido,Funcionamiento,https://community.secop.gov.co/Public/Tendering/OpportunityDetail/Index?noticeUID=CO1.NTC.7483225&isFromPublicArea=True&isModal=true&asPopupView=true,CO1.BDOS.7467008,cloud_or_software_nonAI,True,False,0.99
CO1.PCCNTR.5567647,UNIDAD ADMINISTRATIVA ESPECIAL DE GESTION DE RESTITUCION DE TIERRAS DESPOJADAS**,Nacional,Inclusión Social y Reconciliación,Distrito Capital de Bogotá,Prestación de servicios,Contratación directa,Cédula de Ciudadanía,2023-11-20T00:00:00.000,2023-11-21T00:00:00.000,2023-12-31T00:00:00.000,6088857,0,No,En ejecución,Distribuido,Inversión,https://community.secop.gov.co/Public/Tendering/OpportunityDetail/Index?noticeUID=CO1.NTC.5202409&isFromPublicArea=True&isModal=true&asPopupView=true,CO1.BDOS.5190742,cloud_or_software_nonAI,True,False,0.99
CO1.PCCNTR.5355548,Rama Judicial  Dirección Seccional de Administración Judicial de Tunja,Nacional,Ley de Justicia,Boyacá,Prestación de servicios,Contratación directa,Cédula de Ciudadanía,2023-09-06T00:00:00.000,2023-09-06T00:00:00.000,2023-10-15T00:00:00.000,4500000,0,No,terminado,Distribuido,Inversión,https://community.secop.gov.co/Public/Tendering/OpportunityDetail/Index?noticeUID=CO1.NTC.4903496&isFromPublicArea=True&isModal=true&asPopupView=true,CO1.BDOS.4864013,incidental,False,False,0.94
CO1.PCCNTR.8851504,DEPARTAMENTO NACIONAL DE PLANEACIÓN,Nacional,Planeación,Distrito Capital de Bogotá,Prestación de servicios,Contratación directa,Cédula de Ciudadanía,2026-01-14T00:00:00.000,2026-01-15T00:00:00.000,2026-12-31T00:00:00.000,196170661,0,No,Modificado,Distribuido,Inversión,https://community.secop.gov.co/Public/Tendering/OpportunityDetail/Index?noticeUID=CO1.NTC.9481251&isFromPublicArea=True&isModal=true&asPopupView=true,CO1.BDOS.9468845,cloud_or_software_nonAI,True,False,0.94
CO1.PCCNTR.4442347,COMISIÓN DE REGULACIÓN DE COMUNICACIONES,Nacional,Tecnologías de la Información y las Comunicaciones,Distrito Capital de Bogotá,Prestación de servicios,Contratación directa,Cédula de Ciudadanía,2023-01-20T00:00:00.000,2023-01-23T00:00:00.000,2023-05-20T00:00:00.000,26167768,0,Si,Cerrado,Distribuido,Inversión,https://community.secop.gov.co/Public/Tendering/OpportunityDetail/Index?noticeUID=CO1.NTC.3800999&isFromPublicArea=True&isModal=true&asPopupView=true,CO1.BDOS.3799352,cloud_or_software_nonAI,True,False,0.96
CO1.PCCNTR.7031007,Rama Judicial  Dirección Seccional de Administración Judicial de Tunja,Nacional,Ley de Justicia,Boyacá,Prestación de servicios,Contratación directa,Cédula de Ciudadanía,2024-11-15T00:00:00.000,2024-11-19T00:00:00.000,2024-12-23T00:00:00.000,4500000,0,No,terminado,Distribuido,Inversión,https://community.secop.gov.co/Public/Tendering/OpportunityDetail/Index?noticeUID=CO1.NTC.7054816&isFromPublicArea=True&isModal=true&asPopupView=true,CO1.BDOS.7009763,incidental,False,False,0.97
CO1.PCCNTR.8695969,AGENCIA NACIONAL DE HIDROCARBUROS**,Nacional,Minas y Energía,Distrito Capital de Bogotá,Otro,Contratación régimen especial,NIT,2025-12-11T00:00:00.000,2025-12-16T00:00:00.000,2025-12-31T00:00:00.000,5396104,0,No,terminado,Distribuido,Funcionamiento,https://community.secop.gov.co/Public/Tendering/OpportunityDetail/Index?noticeUID=CO1.NTC.9279024&isFromPublicArea=True&isModal=true&asPopupView=true,CO1.BDOS.9250930,cloud_or_software_nonAI,True,False,0.99
CO1.PCCNTR.5615168,Rama Judicial  Dirección Seccional de Administración Judicial de Tunja,Nacional,Ley de Justicia,Boyacá,Prestación de servicios,Contratación directa,Cédula de Ciudadanía,2023-12-01T00:00:00.000,2023-12-01T00:00:00.000,2023-12-31T00:00:00.000,3000000,0,No,terminado,Distribuido,Inversión,https://community.secop.gov.co/Public/Tendering/OpportunityDetail/Index?noticeUID=CO1.NTC.5172389&isFromPublicArea=True&isModal=true&asPopupView=true,CO1.BDOS.5151084,incidental,True,False,0.87
CO1.PCCNTR.7059677,Rama Judicial  Dirección Seccional de Administración Judicial de Tunja,Nacional,Ley de Justicia,Boyacá,Prestación de servicios,Contratación directa,Cédula de Ciudadanía,2024-11-25T00:00:00.000,2024-11-25T00:00:00.000,2024-12-31T00:00:00.000,4500000,0,No,terminado,Distribuido,Inversión,https://community.secop.gov.co/Public/Tendering/OpportunityDetail/Index?noticeUID=CO1.NTC.7090698&isFromPublicArea=True&isModal=true&asPopupView=true,CO1.BDOS.7067485,cloud_or_software_nonAI,True,False,0.96
CO1.PCCNTR.7639238,GOBERNACIÓN DE LA GUAJIRA,Territorial,Servicio Público,La Guajira,Prestación de servicios,Contratación directa,NIT,2025-03-12T00:00:00.000,2025-03-26T00:00:00.000,2025-12-31T00:00:00.000,92002906,0,No,En ejecución,Distribuido,Funcionamiento,https://community.secop.gov.co/Public/Tendering/OpportunityDetail/Index?noticeUID=CO1.NTC.7817284&isFromPublicArea=True&isModal=true&asPopupView=true,CO1.BDOS.7800282,cloud_or_software_nonAI,True,False,0.98
CO1.PCCNTR.8762205,SECRETARIA DISTRITAL DE GOBIERNO 1,Territorial,Servicio Público,Distrito Capital de Bogotá,Prestación de servicios,Contratación directa,Cédula de Ciudadanía,2026-01-05T00:00:00.000,2026-01-06T00:00:00.000,2026-12-05T00:00:00.000,95711000,0,Si,En ejecución,Distribuido,Inversión,https://community.secop.gov.co/Public/Tendering/OpportunityDetail/Index?noticeUID=CO1.NTC.9376104&isFromPublicArea=True&isModal=true&asPopupView=true,CO1.BDOS.9276020,cloud_or_software_nonAI,True,False,0.96
CO1.PCCNTR.8887691,SENA SECRETARIA GENERAL,Nacional,Trabajo,Distrito Capital de Bogotá,Prestación de servicios,Contratación directa,Cédula de Ciudadanía,2026-01-15T00:00:00.000,2026-01-19T00:00:00.000,2026-12-31T00:00:00.000,162866666,0,No,En ejecución,Distribuido,Inversión,https://community.secop.gov.co/Public/Tendering/OpportunityDetail/Index?noticeUID=CO1.NTC.9520662&isFromPublicArea=True&isModal=true&asPopupView=true,CO1.BDOS.9507448,cloud_or_software_nonAI,True,False,0.99
CO1.PCCNTR.9192235,FISCALÍA GENERAL DE LA NACIÓN NIVEL CENTRAL.,Nacional,Ley de Justicia,Distrito Capital de Bogotá,Prestación de servicios,Contratación directa,Cédula de Ciudadanía,2026-01-27T00:00:00.000,2026-01-28T00:00:00.000,2026-12-31T00:00:00.000,105814116.17,0,No,En ejecución,Distribuido,Funcionamiento,https://community.secop.gov.co/Public/Tendering/OpportunityDetail/Index?noticeUID=CO1.NTC.9824503&isFromPublicArea=True&isModal=true&asPopupView=true,CO1.BDOS.9707838,cloud_or_software_nonAI,True,False,0.99
CO1.PCCNTR.6576608,Rama Judicial  Dirección Seccional de Administración Judicial de Tunja,Nacional,Ley de Justicia,Boyacá,Prestación de servicios,Contratación directa,Cédula de Ciudadanía,2024-07-29T00:00:00.000,2024-08-01T00:00:00.000,2024-12-19T00:00:00.000,20250000,0,No,terminado,Distribuido,Inversión,https://community.secop.gov.co/Public/Tendering/OpportunityDetail/Index?noticeUID=CO1.NTC.6461125&isFromPublicArea=True&isModal=true&asPopupView=true,CO1.BDOS.6419611,cloud_or_software_nonAI,False,False,0.94
CO1.PCCNTR.6576408,Rama Judicial  Dirección Seccional de Administración Judicial de Tunja,Nacional,Ley de Justicia,Boyacá,Prestación de servicios,Contratación directa,Cédula de Ciudadanía,2024-07-29T00:00:00.000,2024-08-01T00:00:00.000,2024-12-19T00:00:00.000,20250000,0,No,terminado,Distribuido,Inversión,https://community.secop.gov.co/Public/Tendering/OpportunityDetail/Index?noticeUID=CO1.NTC.6461016&isFromPublicArea=True&isModal=true&asPopupView=true,CO1.BDOS.6419289,cloud_or_software_nonAI,False,False,0.91
CO1.PCCNTR.9280896,SUPERINTENDENCIA NACIONAL DE SALUD,Nacional,Salud y Protección Social,No Definido,Prestación de servicios,Contratación directa,Cédula de Ciudadanía,2026-01-30T00:00:00.000,2026-02-04T00:00:00.000,2026-12-31T00:00:00.000,150445817,0,No,En ejecución,Distribuido,Inversión,https://community.secop.gov.co/Public/Tendering/OpportunityDetail/Index?noticeUID=CO1.NTC.9912692&isFromPublicArea=True&isModal=true&asPopupView=true,CO1.BDOS.9890001,cloud_or_software_nonAI,True,False,0.99
CO1.PCCNTR.6576611,Rama Judicial  Dirección Seccional de Administración Judicial de Tunja,Nacional,Ley de Justicia,Boyacá,Prestación de servicios,Contratación directa,Cédula de Ciudadanía,2024-07-29T00:00:00.000,2024-08-01T00:00:00.000,2024-12-19T00:00:00.000,20250000,0,No,terminado,Distribuido,Inversión,https://community.secop.gov.co/Public/Tendering/OpportunityDetail/Index?noticeUID=CO1.NTC.6461253&isFromPublicArea=True&isModal=true&asPopupView=true,CO1.BDOS.6419178,cloud_or_software_nonAI,False,False,0.87
CO1.PCCNTR.6582079,Rama Judicial  Dirección Seccional de Administración Judicial de Tunja,Nacional,Ley de Justicia,Boyacá,Prestación de servicios,Contratación directa,Cédula de Ciudadanía,2024-07-30T00:00:00.000,2024-08-01T00:00:00.000,2024-12-19T00:00:00.000,20250000,0,No,terminado,Distribuido,Inversión,https://community.secop.gov.co/Public/Tendering/OpportunityDetail/Index?noticeUID=CO1.NTC.6468640&isFromPublicArea=True&isModal=true&asPopupView=true,CO1.BDOS.6457798,cloud_or_software_nonAI,False,False,0.95
CO1.PCCNTR.6249619,LOTERIA DE BOYCA,Territorial,Industria,Boyacá,Prestación de servicios,Contratación régimen especial,NIT,2024-04-24T00:00:00.000,2024-04-26T00:00:00.000,2024-05-17T00:00:00.000,44000000,0,Si,terminado,Recursos Propios,Inversión,https://community.secop.gov.co/Public/Tendering/OpportunityDetail/Index?noticeUID=CO1.NTC.6025341&isFromPublicArea=True&isModal=true&asPopupView=true,CO1.BDOS.5991502,cloud_or_software_nonAI,True,False,0.99
CO1.PCCNTR.9901259,ALCALDÍA MUNICIPAL DE SOPO,Territorial,No aplica/No pertenece,Cundinamarca,Prestación de servicios,Contratación directa,NIT,2026-09-04T00:00:00.000,2026-09-04T00:00:00.000,2026-12-31T00:00:00.000,53000000,0,No,En ejecución,Distribuido,Funcionamiento,https://community.secop.gov.co/Public/Tendering/OpportunityDetail/Index?noticeUID=CO1.NTC.10834529&isFromPublicArea=True&isModal=true&asPopupView=true,CO1.BDOS.10792330,cloud_or_software_nonAI,True,False,0.98
CO1.PCCNTR.5615616,Rama Judicial  Dirección Seccional de Administración Judicial de Tunja,Nacional,Ley de Justicia,Boyacá,Prestación de servicios,Contratación directa,Cédula de Ciudadanía,2023-12-01T00:00:00.000,2023-12-01T00:00:00.000,2023-12-31T00:00:00.000,3000000,0,No,terminado,Distribuido,Inversión,https://community.secop.gov.co/Public/Tendering/OpportunityDetail/Index?noticeUID=CO1.NTC.5261677&isFromPublicArea=True&isModal=true&asPopupView=true,CO1.BDOS.5232185,incidental,False,False,0.94
CO1.PCCNTR.7942636,INSTITUCION UNIVERSITARIA DE ENVIGADO,Territorial,Educación Nacional,Antioquia,Otro,Contratación Directa (con ofertas),NIT,2025-06-04T00:00:00.000,2025-06-16T00:00:00.000,2027-12-31T00:00:00.000,3406841100,0,No,En ejecución,Recursos Propios,Inversión,https://community.secop.gov.co/Public/Tendering/OpportunityDetail/Index?noticeUID=CO1.NTC.8223682&isFromPublicArea=True&isModal=true&asPopupView=true,CO1.BDOS.8202127,cloud_or_software_nonAI,True,False,0.99
CO1.PCCNTR.9919923,INSTITUCIÓN UNIVERSITARIA ITM,Nacional,Educación Nacional,Antioquia,Prestación de servicios,Contratación directa,Cédula de Ciudadanía,2026-09-09T00:00:00.000,2026-09-09T00:00:00.000,2026-12-31T00:00:00.000,41433333,0,No,En ejecución,Recursos Propios,Funcionamiento,https://community.secop.gov.co/Public/Tendering/OpportunityDetail/Index?noticeUID=CO1.NTC.10860614&isFromPublicArea=True&isModal=true&asPopupView=true,CO1.BDOS.10821553,cloud_or_software_nonAI,True,False,0.96
CO1.PCCNTR.5548833,ALCALDÍA MUNICIPAL DE SOPO,Territorial,No aplica/No pertenece,Cundinamarca,Prestación de servicios,Contratación directa,NIT,2023-11-21T00:00:00.000,2023-11-22T00:00:00.000,2023-12-31T00:00:00.000,9868125,0,No,terminado,Distribuido,Inversión,https://community.secop.gov.co/Public/Tendering/OpportunityDetail/Index?noticeUID=CO1.NTC.5178020&isFromPublicArea=True&isModal=true&asPopupView=true,CO1.BDOS.5161134,cloud_or_software_nonAI,True,False,0.99
CO1.PCCNTR.8726127,Rama Judicial  Dirección Ejecutiva de Administración Judicial,Nacional,Ley de Justicia,Distrito Capital de Bogotá,Compraventa,Selección abreviada subasta inversa,NIT,2025-12-24T00:00:00.000,2025-12-29T00:00:00.000,2025-12-31T00:00:00.000,52327197000,0,No,En ejecución,Distribuido,Inversión,https://community.secop.gov.co/Public/Tendering/OpportunityDetail/Index?noticeUID=CO1.NTC.9239138&isFromPublicArea=True&isModal=true&asPopupView=true,CO1.BDOS.9159850,cloud_or_software_nonAI,True,False,0.99
CO1.PCCNTR.6096931,COLOMBIA COMPRA EFICIENTE,Nacional,Planeación,Distrito Capital de Bogotá,Prestación de servicios,Contratación directa,Cédula de Ciudadanía,2024-03-19T00:00:00.000,2024-04-01T00:00:00.000,2024-10-17T00:00:00.000,61464000,0,No,Cerrado,Distribuido,Inversión,https://community.secop.gov.co/Public/Tendering/OpportunityDetail/Index?noticeUID=CO1.NTC.5839501&isFromPublicArea=True&isModal=true&asPopupView=true,CO1.BDOS.5829599,cloud_or_software_nonAI,True,False,0.98
CO1.PCCNTR.9067330,GOBERNACIÓN DE LA GUAJIRA,Territorial,Servicio Público,La Guajira,Prestación de servicios,Contratación directa,NIT,2026-01-26T00:00:00.000,2026-02-11T00:00:00.000,2026-12-31T00:00:00.000,97983093,0,No,En ejecución,Distribuido,Funcionamiento,https://community.secop.gov.co/Public/Tendering/OpportunityDetail/Index?noticeUID=CO1.NTC.9701777&isFromPublicArea=True&isModal=true&asPopupView=true,CO1.BDOS.9688557,cloud_or_software_nonAI,True,False,0.99
CO1.PCCNTR.8783350,INSTITUTO COLOMBIANO DE CREDITO EDUCATIVO Y ESTUDIO TÉCNICOS EN EL EXTERIOR MARIANO OSPINA PEREZ.,Nacional,Educación Nacional,Distrito Capital de Bogotá,Prestación de servicios,Contratación régimen especial,Cédula de Ciudadanía,2026-01-08T00:00:00.000,2026-01-09T00:00:00.000,2026-12-31T00:00:00.000,180000000,122,No,Modificado,Recursos Propios,Funcionamiento,https://community.secop.gov.co/Public/Tendering/OpportunityDetail/Index?noticeUID=CO1.NTC.9406792&isFromPublicArea=True&isModal=true&asPopupView=true,CO1.BDOS.9392035,cloud_or_software_nonAI,True,False,0.99
CO1.PCCNTR.5780339,ICBF SEDE NACIONAL,Nacional,Inclusión Social y Reconciliación,Distrito Capital de Bogotá,Prestación de servicios,Contratación directa,Cédula de Ciudadanía,2024-01-21T00:00:00.000,2024-01-22T00:00:00.000,2024-12-31T00:00:00.000,138552000,0,No,Cerrado,Recursos Propios,Inversión,https://community.secop.gov.co/Public/Tendering/OpportunityDetail/Index?noticeUID=CO1.NTC.5476519&isFromPublicArea=True&isModal=true&asPopupView=true,CO1.BDOS.5466904,cloud_or_software_nonAI,True,False,0.94
CO1.PCCNTR.6576507,Rama Judicial  Dirección Seccional de Administración Judicial de Tunja,Nacional,Ley de Justicia,Boyacá,Prestación de servicios,Contratación directa,Cédula de Ciudadanía,2024-07-29T00:00:00.000,2024-08-01T00:00:00.000,2024-12-19T00:00:00.000,20250000,0,No,terminado,Distribuido,Inversión,https://community.secop.gov.co/Public/Tendering/OpportunityDetail/Index?noticeUID=CO1.NTC.6461222&isFromPublicArea=True&isModal=true&asPopupView=true,CO1.BDOS.6441464,incidental,False,False,0.96
CO1.PCCNTR.5615099,Rama Judicial  Dirección Seccional de Administración Judicial de Tunja,Nacional,Ley de Justicia,Boyacá,Prestación de servicios,Contratación directa,Cédula de Ciudadanía,2023-12-01T00:00:00.000,2023-12-30T00:00:00.000,2023-12-31T00:00:00.000,3000000,0,No,terminado,Distribuido,Inversión,https://community.secop.gov.co/Public/Tendering/OpportunityDetail/Index?noticeUID=CO1.NTC.5172735&isFromPublicArea=True&isModal=true&asPopupView=true,CO1.BDOS.5150997,incidental,False,False,0.96
CO1.PCCNTR.6454444,UNIDAD DE PLANEACIÓN DE INFRAESTRUCTURA DE TRANSPORTE,Nacional,Transporte,Distrito Capital de Bogotá,Compraventa,Contratación Directa (con ofertas),NIT,2024-06-25T00:00:00.000,2024-07-02T00:00:00.000,2024-08-01T00:00:00.000,96762100,0,No,En ejecución,Distribuido,Inversión,https://community.secop.gov.co/Public/Tendering/OpportunityDetail/Index?noticeUID=CO1.NTC.6206503&isFromPublicArea=True&isModal=true&asPopupView=true,CO1.BDOS.6196062,cloud_or_software_nonAI,True,False,0.98
CO1.PCCNTR.5354755,Rama Judicial  Dirección Seccional de Administración Judicial de Tunja,Nacional,Ley de Justicia,Boyacá,Prestación de servicios,Contratación directa,Cédula de Ciudadanía,2023-09-06T00:00:00.000,2023-09-11T00:00:00.000,2023-10-15T00:00:00.000,4500000,0,No,terminado,Distribuido,Inversión,https://community.secop.gov.co/Public/Tendering/OpportunityDetail/Index?noticeUID=CO1.NTC.4903488&isFromPublicArea=True&isModal=true&asPopupView=true,CO1.BDOS.4863747,cloud_or_software_nonAI,True,False,0.87
CO1.PCCNTR.9366801,DIVRI,Nacional,defensa,Distrito Capital de Bogotá,Prestación de servicios,Selección abreviada subasta inversa,NIT,2026-03-04T00:00:00.000,2026-03-05T00:00:00.000,2026-12-31T00:00:00.000,494669703,0,Si,En ejecución,Distribuido,Funcionamiento,https://community.secop.gov.co/Public/Tendering/OpportunityDetail/Index?noticeUID=CO1.NTC.10046135&isFromPublicArea=True&isModal=true&asPopupView=true,CO1.BDOS.9959145,cloud_or_software_nonAI,True,False,0.99
CO1.PCCNTR.6578700,Rama Judicial  Dirección Seccional de Administración Judicial de Tunja,Nacional,Ley de Justicia,Boyacá,Prestación de servicios,Contratación directa,Cédula de Ciudadanía,2024-07-30T00:00:00.000,2024-08-01T00:00:00.000,2024-12-19T00:00:00.000,20250000,0,No,terminado,Distribuido,Inversión,https://community.secop.gov.co/Public/Tendering/OpportunityDetail/Index?noticeUID=CO1.NTC.6464429&isFromPublicArea=True&isModal=true&asPopupView=true,CO1.BDOS.6454156,cloud_or_software_nonAI,False,False,0.97
CO1.PCCNTR.7031222,Rama Judicial  Dirección Seccional de Administración Judicial de Tunja,Nacional,Ley de Justicia,Boyacá,Prestación de servicios,Contratación directa,Cédula de Ciudadanía,2024-11-15T00:00:00.000,2024-11-19T00:00:00.000,2024-12-23T00:00:00.000,4500000,0,No,terminado,Distribuido,Inversión,https://community.secop.gov.co/Public/Tendering/OpportunityDetail/Index?noticeUID=CO1.NTC.7054585&isFromPublicArea=True&isModal=true&asPopupView=true,CO1.BDOS.7010828,cloud_or_software_nonAI,False,False,0.92
CO1.PCCNTR.6576410,Rama Judicial  Dirección Seccional de Administración Judicial de Tunja,Nacional,Ley de Justicia,Boyacá,Prestación de servicios,Contratación directa,Cédula de Ciudadanía,2024-07-29T00:00:00.000,2024-08-01T00:00:00.000,2024-12-19T00:00:00.000,20250000,0,No,terminado,Distribuido,Inversión,https://community.secop.gov.co/Public/Tendering/OpportunityDetail/Index?noticeUID=CO1.NTC.6461021&isFromPublicArea=True&isModal=true&asPopupView=true,CO1.BDOS.6419604,cloud_or_software_nonAI,True,False,0.96
CO1.PCCNTR.5761626,ESCUELA TECNOLÓGICA INSTITUTO TÉCNICO CENTRAL,Nacional,Educación Nacional,Distrito Capital de Bogotá,Prestación de servicios,Contratación directa,Cédula de Ciudadanía,2024-01-25T00:00:00.000,2024-01-26T00:00:00.000,2024-12-30T00:00:00.000,45491253,0,Si,Cerrado,Distribuido,Funcionamiento,https://community.secop.gov.co/Public/Tendering/OpportunityDetail/Index?noticeUID=CO1.NTC.5456852&isFromPublicArea=True&isModal=true&asPopupView=true,CO1.BDOS.5440671,cloud_or_software_nonAI,True,False,0.98
CO1.PCCNTR.6576524,Rama Judicial  Dirección Seccional de Administración Judicial de Tunja,Nacional,Ley de Justicia,Boyacá,Prestación de servicios,Contratación directa,Cédula de Ciudadanía,2024-07-29T00:00:00.000,2024-08-01T00:00:00.000,2024-12-19T00:00:00.000,20250000,0,No,terminado,Distribuido,Inversión,https://community.secop.gov.co/Public/Tendering/OpportunityDetail/Index?noticeUID=CO1.NTC.6461434&isFromPublicArea=True&isModal=true&asPopupView=true,CO1.BDOS.6442989,cloud_or_software_nonAI,False,False,0.94
CO1.PCCNTR.6576418,Rama Judicial  Dirección Seccional de Administración Judicial de Tunja,Nacional,Ley de Justicia,Boyacá,Prestación de servicios,Contratación directa,Cédula de Ciudadanía,2024-07-29T00:00:00.000,2024-08-01T00:00:00.000,2024-12-19T00:00:00.000,20250000,0,No,terminado,Distribuido,Inversión,https://community.secop.gov.co/Public/Tendering/OpportunityDetail/Index?noticeUID=CO1.NTC.6461328&isFromPublicArea=True&isModal=true&asPopupView=true,CO1.BDOS.6442433,cloud_or_software_nonAI,False,False,0.9
CO1.PCCNTR.8481200,SUBRED INTEGRADA DE SERVICIO DE SALUD CENTRO ORIENTE E.S.E 1,Territorial,Salud y Protección Social,Distrito Capital de Bogotá,Compraventa,Contratación régimen especial,NIT,2025-10-27T00:00:00.000,2025-10-27T00:00:00.000,2025-11-26T00:00:00.000,4627700,0,No,En ejecución,Recursos Propios,Funcionamiento,https://community.secop.gov.co/Public/Tendering/OpportunityDetail/Index?noticeUID=CO1.NTC.8986880&isFromPublicArea=True&isModal=true&asPopupView=true,CO1.BDOS.8947491,cloud_or_software_nonAI,True,False,0.99
CO1.PCCNTR.5848156,MINSALUD,Nacional,Salud y Protección Social,Distrito Capital de Bogotá,Prestación de servicios,Contratación directa,Cédula de Ciudadanía,2024-02-02T00:00:00.000,2024-02-07T00:00:00.000,2024-12-30T00:00:00.000,88533333,0,No,En ejecución,Distribuido,Inversión,https://community.secop.gov.co/Public/Tendering/OpportunityDetail/Index?noticeUID=CO1.NTC.5545757&isFromPublicArea=True&isModal=true&asPopupView=true,CO1.BDOS.5536909,cloud_or_software_nonAI,True,False,0.97
CO1.PCCNTR.9031061,UAECD,Territorial,Hacienda y Crédito Público,Distrito Capital de Bogotá,Prestación de servicios,Contratación directa,Cédula de Ciudadanía,2026-01-21T00:00:00.000,2026-01-28T00:00:00.000,2026-12-27T00:00:00.000,110495000,5,No,Modificado,Distribuido,Inversión,https://community.secop.gov.co/Public/Tendering/OpportunityDetail/Index?noticeUID=CO1.NTC.9665404&isFromPublicArea=True&isModal=true&asPopupView=true,CO1.BDOS.9381751,cloud_or_software_nonAI,True,False,0.99
CO1.PCCNTR.7316325,E.S.P .PIEDECUESTANA DE SERVICIOS PUBLICOS,Territorial,No aplica/No pertenece,Santander,Otro,Contratación régimen especial,NIT,2025-01-23T00:00:00.000,2025-01-27T00:00:00.000,2025-12-26T00:00:00.000,26140500,0,No,En ejecución,Recursos Propios,Funcionamiento,https://community.secop.gov.co/Public/Tendering/OpportunityDetail/Index?noticeUID=CO1.NTC.7432253&isFromPublicArea=True&isModal=true&asPopupView=true,CO1.BDOS.7361151,cloud_or_software_nonAI,True,False,0.99
CO1.PCCNTR.5682929,MINTRABAJO NIVEL CENTRAL*/,Nacional,Trabajo,Distrito Capital de Bogotá,Otro,Contratación régimen especial,NIT,2023-12-20T00:00:00.000,2023-12-21T00:00:00.000,2023-12-31T00:00:00.000,2573856000,0,No,En ejecución,Recursos Propios,Inversión,https://community.secop.gov.co/Public/Tendering/OpportunityDetail/Index?noticeUID=CO1.NTC.5305830&isFromPublicArea=True&isModal=true&asPopupView=true,CO1.BDOS.5290841,cloud_or_software_nonAI,True,False,0.99
CO1.PCCNTR.7816614,UNIDAD DE PLANEACIÓN DE INFRAESTRUCTURA DE TRANSPORTE,Nacional,Transporte,Distrito Capital de Bogotá,Compraventa,Contratación Directa (con ofertas),NIT,2025-04-28T00:00:00.000,2025-04-30T00:00:00.000,2025-06-30T00:00:00.000,285077008,0,No,En ejecución,Distribuido,Inversión,https://community.secop.gov.co/Public/Tendering/OpportunityDetail/Index?noticeUID=CO1.NTC.7994491&isFromPublicArea=True&isModal=true&asPopupView=true,CO1.BDOS.7969678,cloud_or_software_nonAI,True,False,0.99
CO1.PCCNTR.9385300,METRO DE BOGOTA SA,Territorial,Transporte,Distrito Capital de Bogotá,Compraventa,Selección abreviada subasta inversa,NIT,2026-03-11T00:00:00.000,2026-03-26T00:00:00.000,2026-04-25T00:00:00.000,407802544,0,No,En ejecución,Distribuido,Inversión,https://community.secop.gov.co/Public/Tendering/OpportunityDetail/Index?noticeUID=CO1.NTC.10015644&isFromPublicArea=True&isModal=true&asPopupView=true,CO1.BDOS.9807946,cloud_or_software_nonAI,True,False,0.99
CO1.PCCNTR.5366029,Rama Judicial  Dirección Seccional de Administración Judicial de Tunja,Nacional,Ley de Justicia,Boyacá,Prestación de servicios,Contratación directa,Cédula de Ciudadanía,2023-09-11T00:00:00.000,2023-09-11T00:00:00.000,2023-10-23T00:00:00.000,4500000,0,No,terminado,Distribuido,Inversión,https://community.secop.gov.co/Public/Tendering/OpportunityDetail/Index?noticeUID=CO1.NTC.4922119&isFromPublicArea=True&isModal=true&asPopupView=true,CO1.BDOS.4864119,incidental,True,False,0.88
CO1.PCCNTR.8976781,AREA METROPOLITANA DEL VALLE DE ABURRA,Territorial,Ambiente y Desarrollo Sostenible,Antioquia,Prestación de servicios,Contratación directa,NIT,2026-01-19T00:00:00.000,2026-01-20T00:00:00.000,2026-12-30T00:00:00.000,242557700,120,No,Modificado,Recursos Propios,Funcionamiento,https://community.secop.gov.co/Public/Tendering/OpportunityDetail/Index?noticeUID=CO1.NTC.9607583&isFromPublicArea=True&isModal=true&asPopupView=true,CO1.BDOS.9516764,cloud_or_software_nonAI,True,False,0.99
CO1.PCCNTR.7093531,COLOMBIA COMPRA EFICIENTE,Nacional,Planeación,Distrito Capital de Bogotá,Prestación de servicios,Contratación directa,Cédula de Ciudadanía,2024-12-02T00:00:00.000,2024-12-04T00:00:00.000,2024-12-31T00:00:00.000,15000000,0,No,En ejecución,Distribuido,Inversión,https://community.secop.gov.co/Public/Tendering/OpportunityDetail/Index?noticeUID=CO1.NTC.7139559&isFromPublicArea=True&isModal=true&asPopupView=true,CO1.BDOS.7115757,cloud_or_software_nonAI,True,False,0.98
CO1.PCCNTR.8826379,IGAC Sede Central *,Nacional,Información Estadística,Distrito Capital de Bogotá,Prestación de servicios,Contratación directa,Cédula de Ciudadanía,2026-01-13T00:00:00.000,2026-01-15T00:00:00.000,2026-12-30T00:00:00.000,114371533,92,No,Modificado,Distribuido,Inversión,https://community.secop.gov.co/Public/Tendering/OpportunityDetail/Index?noticeUID=CO1.NTC.9455945&isFromPublicArea=True&isModal=true&asPopupView=true,CO1.BDOS.9434985,cloud_or_software_nonAI,True,False,0.98
CO1.PCCNTR.6585601,Rama Judicial  Dirección Seccional de Administración Judicial de Tunja,Nacional,Ley de Justicia,Boyacá,Prestación de servicios,Contratación directa,Cédula de Ciudadanía,2024-07-31T00:00:00.000,2024-08-01T00:00:00.000,2024-12-19T00:00:00.000,20250000,0,No,terminado,Distribuido,Inversión,https://community.secop.gov.co/Public/Tendering/OpportunityDetail/Index?noticeUID=CO1.NTC.6471298&isFromPublicArea=True&isModal=true&asPopupView=true,CO1.BDOS.6462053,cloud_or_software_nonAI,False,False,0.96
CO1.PCCNTR.6577853,Rama Judicial  Dirección Seccional de Administración Judicial de Tunja,Nacional,Ley de Justicia,Boyacá,Prestación de servicios,Contratación directa,Cédula de Ciudadanía,2024-07-29T00:00:00.000,2024-08-01T00:00:00.000,2024-12-19T00:00:00.000,20250000,0,No,terminado,Distribuido,Inversión,https://community.secop.gov.co/Public/Tendering/OpportunityDetail/Index?noticeUID=CO1.NTC.6461060&isFromPublicArea=True&isModal=true&asPopupView=true,CO1.BDOS.6450546,cloud_or_software_nonAI,True,False,0.94
CO1.PCCNTR.6807867,ALCALDÍA MUNICIPAL DE SOPO,Territorial,No aplica/No pertenece,Cundinamarca,Prestación de servicios,Contratación directa,NIT,2024-09-25T00:00:00.000,2024-09-25T00:00:00.000,2024-12-29T00:00:00.000,17020835,0,No,terminado,Distribuido,Funcionamiento,https://community.secop.gov.co/Public/Tendering/OpportunityDetail/Index?noticeUID=CO1.NTC.6768599&isFromPublicArea=True&isModal=true&asPopupView=true,CO1.BDOS.6745056,cloud_or_software_nonAI,True,False,0.98
CO1.PCCNTR.6653830,FONDO FINANCIERO DISTRITAL DE SALUD.,Territorial,Salud y Protección Social,Distrito Capital de Bogotá,Prestación de servicios,Contratación directa,Cédula de Ciudadanía,2024-08-17T00:00:00.000,2024-08-21T00:00:00.000,2024-12-31T00:00:00.000,17116667,0,No,terminado,Distribuido,Inversión,https://community.secop.gov.co/Public/Tendering/OpportunityDetail/Index?noticeUID=CO1.NTC.6565374&isFromPublicArea=True&isModal=true&asPopupView=true,CO1.BDOS.6555657,cloud_or_software_nonAI,True,False,0.99
CO1.PCCNTR.7832217,AREA METROPOLITANA DEL VALLE DE ABURRA,Territorial,Ambiente y Desarrollo Sostenible,Antioquia,Prestación de servicios,Contratación directa,Cédula de Ciudadanía,2025-05-01T00:00:00.000,2025-05-05T00:00:00.000,2025-12-31T00:00:00.000,63591075,0,No,terminado,Recursos Propios,Funcionamiento,https://community.secop.gov.co/Public/Tendering/OpportunityDetail/Index?noticeUID=CO1.NTC.8066683&isFromPublicArea=True&isModal=true&asPopupView=true,CO1.BDOS.8000597,cloud_or_software_nonAI,True,False,0.99
CO1.PCCNTR.9278801,SENA SECRETARIA GENERAL,Nacional,Trabajo,Distrito Capital de Bogotá,Prestación de servicios,Contratación directa,Cédula de Ciudadanía,2026-01-30T00:00:00.000,2026-02-03T00:00:00.000,2026-12-31T00:00:00.000,121000000,0,No,En ejecución,Distribuido,Inversión,https://community.secop.gov.co/Public/Tendering/OpportunityDetail/Index?noticeUID=CO1.NTC.9910592&isFromPublicArea=True&isModal=true&asPopupView=true,CO1.BDOS.9884993,cloud_or_software_nonAI,True,False,0.99
CO1.PCCNTR.9254315,INSTITUTO COLOMBIANO PARA LA EVALUACIÓN DE LA EDUCACIÓN - ICFES,Nacional,Educación Nacional,Distrito Capital de Bogotá,Prestación de servicios,Contratación régimen especial,NIT,2026-01-29T00:00:00.000,2026-02-05T00:00:00.000,2026-03-30T00:00:00.000,199990210,0,No,En ejecución,Recursos Propios,Funcionamiento,https://community.secop.gov.co/Public/Tendering/OpportunityDetail/Index?noticeUID=CO1.NTC.9886724&isFromPublicArea=True&isModal=true&asPopupView=true,CO1.BDOS.9865749,cloud_or_software_nonAI,True,False,0.98
CO1.PCCNTR.5911192,UPRA,Nacional,agricultura,Distrito Capital de Bogotá,Prestación de servicios,Contratación directa,Cédula de Ciudadanía,2024-02-08T00:00:00.000,2024-02-13T00:00:00.000,2024-12-27T00:00:00.000,126672000,0,Si,Cerrado,Distribuido,Inversión,https://community.secop.gov.co/Public/Tendering/OpportunityDetail/Index?noticeUID=CO1.NTC.5616474&isFromPublicArea=True&isModal=true&asPopupView=true,CO1.BDOS.5600930,cloud_or_software_nonAI,True,False,0.98
CO1.PCCNTR.6576417,Rama Judicial  Dirección Seccional de Administración Judicial de Tunja,Nacional,Ley de Justicia,Boyacá,Prestación de servicios,Contratación directa,Cédula de Ciudadanía,2024-07-29T00:00:00.000,2024-12-19T00:00:00.000,2024-12-19T00:00:00.000,20250000,0,No,terminado,Distribuido,Inversión,https://community.secop.gov.co/Public/Tendering/OpportunityDetail/Index?noticeUID=CO1.NTC.6461326&isFromPublicArea=True&isModal=true&asPopupView=true,CO1.BDOS.6442041,cloud_or_software_nonAI,False,False,0.96
CO1.PCCNTR.6578512,Rama Judicial  Dirección Seccional de Administración Judicial de Tunja,Nacional,Ley de Justicia,Boyacá,Prestación de servicios,Contratación directa,Cédula de Ciudadanía,2024-07-29T00:00:00.000,2024-08-01T00:00:00.000,2024-12-19T00:00:00.000,20250000,0,No,terminado,Distribuido,Inversión,https://community.secop.gov.co/Public/Tendering/OpportunityDetail/Index?noticeUID=CO1.NTC.6463615&isFromPublicArea=True&isModal=true&asPopupView=true,CO1.BDOS.6450457,incidental,True,False,0.94
CO1.PCCNTR.6576630,Rama Judicial  Dirección Seccional de Administración Judicial de Tunja,Nacional,Ley de Justicia,Boyacá,Prestación de servicios,Contratación directa,Cédula de Ciudadanía,2024-07-29T00:00:00.000,2024-08-01T00:00:00.000,2024-12-19T00:00:00.000,20250000,0,No,terminado,Distribuido,Inversión,https://community.secop.gov.co/Public/Tendering/OpportunityDetail/Index?noticeUID=CO1.NTC.6461338&isFromPublicArea=True&isModal=true&asPopupView=true,CO1.BDOS.6442972,cloud_or_software_nonAI,True,False,0.94
CO1.PCCNTR.6566486,IEMP,Nacional,No aplica/No pertenece,Distrito Capital de Bogotá,Prestación de servicios,Contratación directa,Cédula de Ciudadanía,2024-08-01T00:00:00.000,2024-08-08T00:00:00.000,2024-10-30T00:00:00.000,5000000,0,Si,Cerrado,Distribuido,Inversión,https://community.secop.gov.co/Public/Tendering/OpportunityDetail/Index?noticeUID=CO1.NTC.6449260&isFromPublicArea=True&isModal=true&asPopupView=true,CO1.BDOS.6438660,cloud_or_software_nonAI,True,False,0.99
CO1.PCCNTR.7243642,ESCUELA TECNOLÓGICA INSTITUTO TÉCNICO CENTRAL,Nacional,Educación Nacional,Distrito Capital de Bogotá,Prestación de servicios,Contratación directa,Cédula de Ciudadanía,2025-01-15T00:00:00.000,2025-01-15T00:00:00.000,2025-12-30T00:00:00.000,49044841,0,No,En ejecución,Distribuido,Funcionamiento,https://community.secop.gov.co/Public/Tendering/OpportunityDetail/Index?noticeUID=CO1.NTC.7345277&isFromPublicArea=True&isModal=true&asPopupView=true,CO1.BDOS.7324278,cloud_or_software_nonAI,True,False,0.98
CO1.PCCNTR.6576622,Rama Judicial  Dirección Seccional de Administración Judicial de Tunja,Nacional,Ley de Justicia,Boyacá,Prestación de servicios,Contratación directa,Cédula de Ciudadanía,2024-07-29T00:00:00.000,2024-08-01T00:00:00.000,2024-12-19T00:00:00.000,20250000,0,No,terminado,Distribuido,Inversión,https://community.secop.gov.co/Public/Tendering/OpportunityDetail/Index?noticeUID=CO1.NTC.6461335&isFromPublicArea=True&isModal=true&asPopupView=true,CO1.BDOS.6442931,incidental,False,False,0.95
CO1.PCCNTR.5433278,Rama Judicial  Dirección Seccional de Administración Judicial de Tunja,Nacional,Ley de Justicia,Boyacá,Prestación de servicios,Contratación directa,Cédula de Ciudadanía,2023-10-04T00:00:00.000,2023-10-12T00:00:00.000,2023-12-19T00:00:00.000,7500000,0,No,En ejecución,Distribuido,Inversión,https://community.secop.gov.co/Public/Tendering/OpportunityDetail/Index?noticeUID=CO1.NTC.5021533&isFromPublicArea=True&isModal=true&asPopupView=true,CO1.BDOS.5008799,cloud_or_software_nonAI,False,False,0.96
CO1.PCCNTR.6578087,Rama Judicial  Dirección Seccional de Administración Judicial de Tunja,Nacional,Ley de Justicia,Boyacá,Prestación de servicios,Contratación directa,Cédula de Ciudadanía,2024-07-29T00:00:00.000,2024-08-01T00:00:00.000,2024-12-19T00:00:00.000,20250000,0,No,terminado,Distribuido,Inversión,https://community.secop.gov.co/Public/Tendering/OpportunityDetail/Index?noticeUID=CO1.NTC.6463612&isFromPublicArea=True&isModal=true&asPopupView=true,CO1.BDOS.6450855,incidental,True,False,0.97
CO1.PCCNTR.5166751,INSTITUTO FINANCIERO PARA EL DESARROLLO DEL VALLE-INFIVALLE,Territorial,Hacienda y Crédito Público,Valle del Cauca,Otro,Contratación directa,NIT,2023-06-28T00:00:00.000,2023-06-28T00:00:00.000,2023-12-31T00:00:00.000,0,0,No,Cerrado,Distribuido,Funcionamiento,https://community.secop.gov.co/Public/Tendering/OpportunityDetail/Index?noticeUID=CO1.NTC.4663803&isFromPublicArea=True&isModal=true&asPopupView=true,CO1.BDOS.4657295,cloud_or_software_nonAI,True,False,0.98
CO1.PCCNTR.6238129,COMISIÓN DE REGULACIÓN DE COMUNICACIONES,Nacional,Tecnologías de la Información y las Comunicaciones,Distrito Capital de Bogotá,Prestación de servicios,Mínima cuantía,NIT,2024-04-30T00:00:00.000,2024-05-25T00:00:00.000,2025-02-24T00:00:00.000,44635770,0,No,Cerrado,Distribuido,Funcionamiento,https://community.secop.gov.co/Public/Tendering/OpportunityDetail/Index?noticeUID=CO1.NTC.5902831&isFromPublicArea=True&isModal=true&asPopupView=true,CO1.BDOS.5895952,cloud_or_software_nonAI,False,False,0.96
CO1.PCCNTR.6429189,AEROCIVIL,Nacional,Transporte,Distrito Capital de Bogotá,Compraventa,Mínima cuantía,NIT,2024-06-18T00:00:00.000,,2024-06-25T00:00:00.000,59992500,0,No,Aprobado,Distribuido,Inversión,https://community.secop.gov.co/Public/Tendering/OpportunityDetail/Index?noticeUID=CO1.NTC.6156892&isFromPublicArea=True&isModal=true&asPopupView=true,CO1.BDOS.6148137,cloud_or_software_nonAI,True,False,0.99
CO1.PCCNTR.6930063,SECRETARÍA DISTRITAL DE MOVILIDAD,Territorial,Transporte,Distrito Capital de Bogotá,Prestación de servicios,Contratación directa,Cédula de Ciudadanía,2024-10-21T00:00:00.000,2024-11-25T00:00:00.000,2025-05-24T00:00:00.000,61800000,61,Si,Modificado,Distribuido,Inversión,https://community.secop.gov.co/Public/Tendering/OpportunityDetail/Index?noticeUID=CO1.NTC.6925434&isFromPublicArea=True&isModal=true&asPopupView=true,CO1.BDOS.6912874,cloud_or_software_nonAI,True,False,0.98
CO1.PCCNTR.8734732,Rama Judicial  Dirección Ejecutiva de Administración Judicial,Nacional,Ley de Justicia,Distrito Capital de Bogotá,Prestación de servicios,Contratación directa,NIT,2025-12-30T00:00:00.000,2025-12-31T00:00:00.000,2026-12-31T00:00:00.000,2824418490,0,No,En ejecución,Distribuido,Inversión,https://community.secop.gov.co/Public/Tendering/OpportunityDetail/Index?noticeUID=CO1.NTC.9335872&isFromPublicArea=True&isModal=true&asPopupView=true,CO1.BDOS.9311065,cloud_or_software_nonAI,True,False,0.99
CO1.PCCNTR.6576728,Rama Judicial  Dirección Seccional de Administración Judicial de Tunja,Nacional,Ley de Justicia,Boyacá,Prestación de servicios,Contratación directa,Cédula de Ciudadanía,2024-07-29T00:00:00.000,2024-08-01T00:00:00.000,2024-12-19T00:00:00.000,20250000,0,No,terminado,Distribuido,Inversión,https://community.secop.gov.co/Public/Tendering/OpportunityDetail/Index?noticeUID=CO1.NTC.6461343&isFromPublicArea=True&isModal=true&asPopupView=true,CO1.BDOS.6443452,cloud_or_software_nonAI,False,False,0.96
CO1.PCCNTR.5305309,IGAC Sede Central *,Nacional,Información Estadística,Distrito Capital de Bogotá,Prestación de servicios,Contratación directa,Cédula de Ciudadanía,2023-08-16T00:00:00.000,2023-08-18T00:00:00.000,2023-12-30T00:00:00.000,40956020,0,No,Cerrado,Distribuido,Inversión,https://community.secop.gov.co/Public/Tendering/OpportunityDetail/Index?noticeUID=CO1.NTC.4853467&isFromPublicArea=True&isModal=true&asPopupView=true,CO1.BDOS.4844944,cloud_or_software_nonAI,True,False,0.98
CO1.PCCNTR.6805703,SECRETARIA DISTRITAL DE GOBIERNO 1,Territorial,Servicio Público,Distrito Capital de Bogotá,Prestación de servicios,Contratación directa,Cédula de Ciudadanía,2024-09-24T00:00:00.000,2024-09-25T00:00:00.000,2025-02-09T00:00:00.000,36000000,0,No,Cerrado,Distribuido,Inversión,https://community.secop.gov.co/Public/Tendering/OpportunityDetail/Index?noticeUID=CO1.NTC.6766207&isFromPublicArea=True&isModal=true&asPopupView=true,CO1.BDOS.6750530,cloud_or_software_nonAI,True,False,0.99
CO1.PCCNTR.7322412,CAMARA DE REPRESENTANTES,Nacional,No aplica/No pertenece,Distrito Capital de Bogotá,Prestación de servicios,Contratación directa,Cédula de Ciudadanía,2025-01-27T00:00:00.000,2025-01-28T00:00:00.000,2025-12-27T00:00:00.000,82500000,0,No,Cerrado,Distribuido,Funcionamiento,https://community.secop.gov.co/Public/Tendering/OpportunityDetail/Index?noticeUID=CO1.NTC.7439642&isFromPublicArea=True&isModal=true&asPopupView=true,CO1.BDOS.7425455,cloud_or_software_nonAI,True,False,0.99
CO1.PCCNTR.6578459,Rama Judicial  Dirección Seccional de Administración Judicial de Tunja,Nacional,Ley de Justicia,Boyacá,Prestación de servicios,Contratación directa,Cédula de Ciudadanía,2024-07-29T00:00:00.000,2024-08-01T00:00:00.000,2024-12-19T00:00:00.000,20250000,0,No,terminado,Distribuido,Inversión,https://community.secop.gov.co/Public/Tendering/OpportunityDetail/Index?noticeUID=CO1.NTC.6463452&isFromPublicArea=True&isModal=true&asPopupView=true,CO1.BDOS.6450456,cloud_or_software_nonAI,False,False,0.96
CO1.PCCNTR.8689774,Institución Universitaria Pascual Bravo COMPRADOR,Nacional,Educación Nacional,Antioquia,Compraventa,Mínima cuantía,NIT,2025-12-15T00:00:00.000,2025-12-15T00:00:00.000,2025-12-23T00:00:00.000,4000000,8,No,Cerrado,Distribuido,Funcionamiento,https://community.secop.gov.co/Public/Tendering/OpportunityDetail/Index?noticeUID=CO1.NTC.9197777&isFromPublicArea=True&isModal=true&asPopupView=true,CO1.BDOS.9172618,cloud_or_software_nonAI,True,False,0.98
CO1.PCCNTR.7424943,COMISIÓN DE REGULACIÓN DE COMUNICACIONES,Nacional,Tecnologías de la Información y las Comunicaciones,Distrito Capital de Bogotá,Prestación de servicios,Mínima cuantía,NIT,2025-02-11T00:00:00.000,2025-02-25T00:00:00.000,2025-06-24T00:00:00.000,22332311,31,No,terminado,Distribuido,Funcionamiento,https://community.secop.gov.co/Public/Tendering/OpportunityDetail/Index?noticeUID=CO1.NTC.7406223&isFromPublicArea=True&isModal=true&asPopupView=true,CO1.BDOS.7385891,cloud_or_software_nonAI,False,False,0.97
CO1.PCCNTR.5311392,MINTRABAJO NIVEL CENTRAL*/,Nacional,Trabajo,Distrito Capital de Bogotá,Otro,Contratación régimen especial,Cédula de Ciudadanía,2023-08-18T00:00:00.000,2023-08-22T00:00:00.000,2023-12-31T00:00:00.000,67750000,0,No,Cerrado,Recursos Propios,Inversión,https://community.secop.gov.co/Public/Tendering/OpportunityDetail/Index?noticeUID=CO1.NTC.4861273&isFromPublicArea=True&isModal=true&asPopupView=true,CO1.BDOS.4852743,cloud_or_software_nonAI,True,False,0.98
CO1.PCCNTR.6576509,Rama Judicial  Dirección Seccional de Administración Judicial de Tunja,Nacional,Ley de Justicia,Boyacá,Prestación de servicios,Contratación directa,Cédula de Ciudadanía,2024-07-29T00:00:00.000,2024-08-01T00:00:00.000,2024-12-19T00:00:00.000,20250000,0,No,terminado,Distribuido,Inversión,https://community.secop.gov.co/Public/Tendering/OpportunityDetail/Index?noticeUID=CO1.NTC.6461243&isFromPublicArea=True&isModal=true&asPopupView=true,CO1.BDOS.6419593,cloud_or_software_nonAI,False,False,0.91
CO1.PCCNTR.5369118,Rama Judicial  Dirección Seccional de Administración Judicial de Tunja,Nacional,Ley de Justicia,Boyacá,Prestación de servicios,Contratación directa,Cédula de Ciudadanía,2023-09-11T00:00:00.000,2023-09-13T00:00:00.000,2023-10-23T00:00:00.000,4500000,0,No,terminado,Distribuido,Inversión,https://community.secop.gov.co/Public/Tendering/OpportunityDetail/Index?noticeUID=CO1.NTC.4922130&isFromPublicArea=True&isModal=true&asPopupView=true,CO1.BDOS.4864130,incidental,True,False,0.95
CO1.PCCNTR.7030684,Rama Judicial  Dirección Seccional de Administración Judicial de Tunja,Nacional,Ley de Justicia,Boyacá,Prestación de servicios,Contratación directa,Cédula de Ciudadanía,2024-11-15T00:00:00.000,2024-11-19T00:00:00.000,2024-12-23T00:00:00.000,4500000,0,No,terminado,Distribuido,Inversión,https://community.secop.gov.co/Public/Tendering/OpportunityDetail/Index?noticeUID=CO1.NTC.7054580&isFromPublicArea=True&isModal=true&asPopupView=true,CO1.BDOS.7010815,cloud_or_software_nonAI,True,False,0.95
CO1.PCCNTR.6578076,Rama Judicial  Dirección Seccional de Administración Judicial de Tunja,Nacional,Ley de Justicia,Boyacá,Prestación de servicios,Contratación directa,Cédula de Ciudadanía,2024-07-29T00:00:00.000,2024-08-01T00:00:00.000,2024-12-19T00:00:00.000,20250000,0,No,terminado,Distribuido,Inversión,https://community.secop.gov.co/Public/Tendering/OpportunityDetail/Index?noticeUID=CO1.NTC.6463447&isFromPublicArea=True&isModal=true&asPopupView=true,CO1.BDOS.6450854,cloud_or_software_nonAI,True,False,0.94
CO1.PCCNTR.5851474,SUPERINTENDENCIA NACIONAL DE SALUD,Nacional,Salud y Protección Social,No Definido,Prestación de servicios,Contratación directa,Cédula de Ciudadanía,2024-01-31T00:00:00.000,2024-02-01T00:00:00.000,2024-12-30T00:00:00.000,136052224,0,Si,En ejecución,Distribuido,Inversión,https://community.secop.gov.co/Public/Tendering/OpportunityDetail/Index?noticeUID=CO1.NTC.5549558&isFromPublicArea=True&isModal=true&asPopupView=true,CO1.BDOS.5517562,cloud_or_software_nonAI,True,False,0.99
CO1.PCCNTR.6983149,MINTRABAJO NIVEL CENTRAL*/,Nacional,Trabajo,Distrito Capital de Bogotá,Otro,Contratación régimen especial,NIT,2024-11-01T00:00:00.000,2024-11-05T00:00:00.000,2024-11-30T00:00:00.000,25000000,0,No,Cerrado,Recursos Propios,Inversión,https://community.secop.gov.co/Public/Tendering/OpportunityDetail/Index?noticeUID=CO1.NTC.6990358&isFromPublicArea=True&isModal=true&asPopupView=true,CO1.BDOS.6974752,cloud_or_software_nonAI,True,False,0.99
CO1.PCCNTR.9389012,MINISTERIO DE AGRICULTURA Y DESARROLLO RURAL,Nacional,agricultura,Distrito Capital de Bogotá,Compraventa,Selección abreviada subasta inversa,NIT,2026-03-12T00:00:00.000,2026-03-17T00:00:00.000,2026-04-16T00:00:00.000,1597984628,0,No,En ejecución,Distribuido,Inversión,https://community.secop.gov.co/Public/Tendering/OpportunityDetail/Index?noticeUID=CO1.NTC.10046241&isFromPublicArea=True&isModal=true&asPopupView=true,CO1.BDOS.9951238,cloud_or_software_nonAI,True,False,0.99
CO1.PCCNTR.5355541,Rama Judicial  Dirección Seccional de Administración Judicial de Tunja,Nacional,Ley de Justicia,Boyacá,Prestación de servicios,Contratación directa,Cédula de Ciudadanía,2023-09-06T00:00:00.000,2023-09-06T00:00:00.000,2023-10-15T00:00:00.000,4500000,0,No,terminado,Distribuido,Inversión,https://community.secop.gov.co/Public/Tendering/OpportunityDetail/Index?noticeUID=CO1.NTC.4903293&isFromPublicArea=True&isModal=true&asPopupView=true,CO1.BDOS.4863795,incidental,False,False,0.96
CO1.PCCNTR.8920628,E.S.P .PIEDECUESTANA DE SERVICIOS PUBLICOS,Territorial,No aplica/No pertenece,Santander,Otro,Contratación régimen especial,NIT,2026-01-16T00:00:00.000,2026-01-21T00:00:00.000,2026-12-20T00:00:00.000,27070000,0,No,En ejecución,Recursos Propios,Funcionamiento,https://community.secop.gov.co/Public/Tendering/OpportunityDetail/Index?noticeUID=CO1.NTC.9488413&isFromPublicArea=True&isModal=true&asPopupView=true,CO1.BDOS.9467211,cloud_or_software_nonAI,True,False,0.99
CO1.PCCNTR.7006322,ADRES,Nacional,Salud y Protección Social,Distrito Capital de Bogotá,Prestación de servicios,Contratación directa,Cédula de Ciudadanía,2024-11-08T00:00:00.000,2024-11-14T00:00:00.000,2024-12-31T00:00:00.000,9774000,0,No,Cerrado,Recursos Propios,Funcionamiento,https://community.secop.gov.co/Public/Tendering/OpportunityDetail/Index?noticeUID=CO1.NTC.7017646&isFromPublicArea=True&isModal=true&asPopupView=true,CO1.BDOS.7004956,incidental,True,False,0.94
CO1.PCCNTR.8637231,INSTITUTO CARO Y CUERVO,Nacional,Cultura,Distrito Capital de Bogotá,Compraventa,Selección abreviada subasta inversa,NIT,2025-12-04T00:00:00.000,2025-12-09T00:00:00.000,2025-12-31T00:00:00.000,197267054,0,No,En ejecución,Distribuido,Inversión,https://community.secop.gov.co/Public/Tendering/OpportunityDetail/Index?noticeUID=CO1.NTC.9068733&isFromPublicArea=True&isModal=true&asPopupView=true,CO1.BDOS.8940714,cloud_or_software_nonAI,True,False,0.99
CO1.PCCNTR.7925807,LOTERIA DE BOYCA,Territorial,Industria,Boyacá,Suministros,Contratación régimen especial,NIT,2025-05-28T00:00:00.000,2025-05-28T00:00:00.000,2025-06-20T00:00:00.000,54000000,0,Si,terminado,Recursos Propios,Funcionamiento,https://community.secop.gov.co/Public/Tendering/OpportunityDetail/Index?noticeUID=CO1.NTC.8206534&isFromPublicArea=True&isModal=true&asPopupView=true,CO1.BDOS.8184882,cloud_or_software_nonAI,True,False,0.99
CO1.PCCNTR.7517386,CAMARA DE REPRESENTANTES,Nacional,No aplica/No pertenece,Distrito Capital de Bogotá,Prestación de servicios,Contratación directa,Cédula de Ciudadanía,2025-02-18T00:00:00.000,2025-02-20T00:00:00.000,2025-12-19T00:00:00.000,80000000,0,No,En ejecución,Distribuido,Funcionamiento,https://community.secop.gov.co/Public/Tendering/OpportunityDetail/Index?noticeUID=CO1.NTC.7664215&isFromPublicArea=True&isModal=true&asPopupView=true,CO1.BDOS.7649082,cloud_or_software_nonAI,True,False,0.98
CO1.PCCNTR.5381876,COMISIÓN DE REGULACIÓN DE COMUNICACIONES,Nacional,Tecnologías de la Información y las Comunicaciones,Distrito Capital de Bogotá,Prestación de servicios,Contratación directa,Cédula de Ciudadanía,2023-09-15T00:00:00.000,2023-09-19T00:00:00.000,2023-12-31T00:00:00.000,26279994,0,No,Cerrado,Distribuido,Inversión,https://community.secop.gov.co/Public/Tendering/OpportunityDetail/Index?noticeUID=CO1.NTC.4959887&isFromPublicArea=True&isModal=true&asPopupView=true,CO1.BDOS.4949745,cloud_or_software_nonAI,True,False,0.98
CO1.PCCNTR.9537536,E.S.E HOSPITAL SAN RAFAEL DE CAQUEZA,Territorial,Salud y Protección Social,Cundinamarca,Decreto 092 de 2017,Contratación régimen especial,NIT,2026-06-02T00:00:00.000,2026-06-02T00:00:00.000,2026-12-31T00:00:00.000,20000000,0,No,En ejecución,Recursos Propios,Funcionamiento,https://community.secop.gov.co/Public/Tendering/OpportunityDetail/Index?noticeUID=CO1.NTC.10332840&isFromPublicArea=True&isModal=true&asPopupView=true,CO1.BDOS.10297890,cloud_or_software_nonAI,True,False,0.99
CO1.PCCNTR.5615242,Rama Judicial  Dirección Seccional de Administración Judicial de Tunja,Nacional,Ley de Justicia,Boyacá,Prestación de servicios,Contratación directa,Cédula de Ciudadanía,2023-12-01T00:00:00.000,2023-12-04T00:00:00.000,2023-12-31T00:00:00.000,3000000,0,No,terminado,Distribuido,Inversión,https://community.secop.gov.co/Public/Tendering/OpportunityDetail/Index?noticeUID=CO1.NTC.5172814&isFromPublicArea=True&isModal=true&asPopupView=true,CO1.BDOS.5140464,cloud_or_software_nonAI,True,False,0.96
CO1.PCCNTR.6094752,MINTRABAJO NIVEL CENTRAL*/,Nacional,Trabajo,Distrito Capital de Bogotá,Otro,Contratación régimen especial,Cédula de Ciudadanía,2024-03-14T00:00:00.000,2024-03-15T00:00:00.000,2024-12-31T00:00:00.000,110000000,0,No,Cerrado,Recursos Propios,Inversión,https://community.secop.gov.co/Public/Tendering/OpportunityDetail/Index?noticeUID=CO1.NTC.5837235&isFromPublicArea=True&isModal=true&asPopupView=true,CO1.BDOS.5829778,cloud_or_software_nonAI,True,False,0.98
CO1.PCCNTR.6576419,Rama Judicial  Dirección Seccional de Administración Judicial de Tunja,Nacional,Ley de Justicia,Boyacá,Prestación de servicios,Contratación directa,Cédula de Ciudadanía,2024-07-29T00:00:00.000,2024-08-01T00:00:00.000,2024-12-19T00:00:00.000,20250000,0,No,terminado,Distribuido,Inversión,https://community.secop.gov.co/Public/Tendering/OpportunityDetail/Index?noticeUID=CO1.NTC.6461329&isFromPublicArea=True&isModal=true&asPopupView=true,CO1.BDOS.6442464,incidental,False,False,0.96
CO1.PCCNTR.8671279,SUBRED INTEGRADA DE SERVICIO DE SALUD CENTRO ORIENTE E.S.E 1,Territorial,Salud y Protección Social,Distrito Capital de Bogotá,Compraventa,Contratación régimen especial,NIT,2025-12-04T00:00:00.000,2025-12-04T00:00:00.000,2026-01-04T00:00:00.000,4627700,0,No,En ejecución,Recursos Propios,Funcionamiento,https://community.secop.gov.co/Public/Tendering/OpportunityDetail/Index?noticeUID=CO1.NTC.9240301&isFromPublicArea=True&isModal=true&asPopupView=true,CO1.BDOS.9205193,cloud_or_software_nonAI,True,False,0.99
CO1.PCCNTR.6576807,Rama Judicial  Dirección Seccional de Administración Judicial de Tunja,Nacional,Ley de Justicia,Boyacá,Prestación de servicios,Contratación directa,Cédula de Ciudadanía,2024-07-29T00:00:00.000,2024-08-01T00:00:00.000,2024-12-19T00:00:00.000,20250000,0,No,terminado,Distribuido,Inversión,https://community.secop.gov.co/Public/Tendering/OpportunityDetail/Index?noticeUID=CO1.NTC.6461703&isFromPublicArea=True&isModal=true&asPopupView=true,CO1.BDOS.6450769,incidental,False,False,0.95
CO1.PCCNTR.7551960,AREA METROPOLITANA DEL VALLE DE ABURRA,Territorial,Ambiente y Desarrollo Sostenible,Antioquia,Prestación de servicios,Contratación directa,Cédula de Ciudadanía,2025-02-24T00:00:00.000,2025-02-26T00:00:00.000,2025-12-31T00:00:00.000,71459220,0,No,terminado,Distribuido,No Definido,https://community.secop.gov.co/Public/Tendering/OpportunityDetail/Index?noticeUID=CO1.NTC.7706119&isFromPublicArea=True&isModal=true&asPopupView=true,CO1.BDOS.7689502,cloud_or_software_nonAI,True,False,0.99
CO1.PCCNTR.8931947,INSTITUTO NACIONAL DE SALUD,Nacional,Salud y Protección Social,Distrito Capital de Bogotá,Prestación de servicios,Contratación directa,Cédula de Ciudadanía,2026-01-16T00:00:00.000,2026-01-23T00:00:00.000,2026-08-31T00:00:00.000,54750000,0,No,cedido,Distribuido,Inversión,https://community.secop.gov.co/Public/Tendering/OpportunityDetail/Index?noticeUID=CO1.NTC.9565638&isFromPublicArea=True&isModal=true&asPopupView=true,CO1.BDOS.9544683,cloud_or_software_nonAI,True,False,0.98
CO1.PCCNTR.7071883,ADRES,Nacional,Salud y Protección Social,Distrito Capital de Bogotá,Prestación de servicios,Contratación directa,Cédula de Ciudadanía,2024-11-28T00:00:00.000,2024-11-28T00:00:00.000,2024-12-31T00:00:00.000,6154000,0,No,Cerrado,Recursos Propios,Funcionamiento,https://community.secop.gov.co/Public/Tendering/OpportunityDetail/Index?noticeUID=CO1.NTC.7110061&isFromPublicArea=True&isModal=true&asPopupView=true,CO1.BDOS.7092991,incidental,True,False,0.94
CO1.PCCNTR.6576701,Rama Judicial  Dirección Seccional de Administración Judicial de Tunja,Nacional,Ley de Justicia,Boyacá,Prestación de servicios,Contratación directa,Cédula de Ciudadanía,2024-07-29T00:00:00.000,2024-08-01T00:00:00.000,2024-12-19T00:00:00.000,20250000,0,No,terminado,Distribuido,Inversión,https://community.secop.gov.co/Public/Tendering/OpportunityDetail/Index?noticeUID=CO1.NTC.6461413&isFromPublicArea=True&isModal=true&asPopupView=true,CO1.BDOS.6419399,cloud_or_software_nonAI,False,False,0.96
CO1.PCCNTR.5413434,SUPERINTENDENCIA FINANCIERA DE COLOMBIA**,Nacional,Hacienda y Crédito Público,Distrito Capital de Bogotá,Prestación de servicios,Selección abreviada subasta inversa,NIT,2023-10-12T00:00:00.000,2023-10-31T00:00:00.000,2026-12-31T00:00:00.000,550893478,184,No,Modificado,Distribuido,Inversión,https://community.secop.gov.co/Public/Tendering/OpportunityDetail/Index?noticeUID=CO1.NTC.4878512&isFromPublicArea=True&isModal=true&asPopupView=true,CO1.BDOS.4571860,cloud_or_software_nonAI,True,False,0.99
CO1.PCCNTR.4510829,UNIDAD ADMINISTRATIVA ESPECIAL DE GESTION DE RESTITUCION DE TIERRAS DESPOJADAS**,Nacional,Inclusión Social y Reconciliación,Distrito Capital de Bogotá,Prestación de servicios,Contratación directa,Cédula de Ciudadanía,2023-01-31T00:00:00.000,2023-01-31T00:00:00.000,2023-12-31T00:00:00.000,101143397,0,No,Cerrado,Distribuido,Inversión,https://community.secop.gov.co/Public/Tendering/OpportunityDetail/Index?noticeUID=CO1.NTC.3873833&isFromPublicArea=True&isModal=true&asPopupView=true,CO1.BDOS.3872448,cloud_or_software_nonAI,True,False,0.98
CO1.PCCNTR.6576727,Rama Judicial  Dirección Seccional de Administración Judicial de Tunja,Nacional,Ley de Justicia,Boyacá,Prestación de servicios,Contratación directa,Cédula de Ciudadanía,2024-07-29T00:00:00.000,2024-08-01T00:00:00.000,2024-12-19T00:00:00.000,20250000,0,No,terminado,Distribuido,Inversión,https://community.secop.gov.co/Public/Tendering/OpportunityDetail/Index?noticeUID=CO1.NTC.6461437&isFromPublicArea=True&isModal=true&asPopupView=true,CO1.BDOS.6442998,cloud_or_software_nonAI,True,False,0.91
CO1.PCCNTR.5976879,Superintendencia de Transporte**,Nacional,Transporte,Distrito Capital de Bogotá,Prestación de servicios,Contratación directa,Cédula de Ciudadanía,2024-02-23T00:00:00.000,2024-02-26T00:00:00.000,2024-12-31T00:00:00.000,48495000,0,No,Modificado,Distribuido,Inversión,https://community.secop.gov.co/Public/Tendering/OpportunityDetail/Index?noticeUID=CO1.NTC.5694911&isFromPublicArea=True&isModal=true&asPopupView=true,CO1.BDOS.5686802,cloud_or_software_nonAI,True,False,0.98
CO1.PCCNTR.6579266,Rama Judicial  Dirección Seccional de Administración Judicial de Tunja,Nacional,Ley de Justicia,Boyacá,Prestación de servicios,Contratación directa,Cédula de Ciudadanía,2024-07-30T00:00:00.000,2024-08-01T00:00:00.000,2024-12-19T00:00:00.000,20250000,0,No,terminado,Distribuido,Inversión,https://community.secop.gov.co/Public/Tendering/OpportunityDetail/Index?noticeUID=CO1.NTC.6464468&isFromPublicArea=True&isModal=true&asPopupView=true,CO1.BDOS.6454386,incidental,False,False,0.9
CO1.PCCNTR.5355188,Rama Judicial  Dirección Seccional de Administración Judicial de Tunja,Nacional,Ley de Justicia,Boyacá,Prestación de servicios,Contratación directa,Cédula de Ciudadanía,2023-09-06T00:00:00.000,2023-09-06T00:00:00.000,2023-10-15T00:00:00.000,4500000,0,No,terminado,Distribuido,Inversión,https://community.secop.gov.co/Public/Tendering/OpportunityDetail/Index?noticeUID=CO1.NTC.4903377&isFromPublicArea=True&isModal=true&asPopupView=true,CO1.BDOS.4863553,incidental,True,False,0.91
CO1.PCCNTR.6576626,Rama Judicial  Dirección Seccional de Administración Judicial de Tunja,Nacional,Ley de Justicia,Boyacá,Prestación de servicios,Contratación directa,Cédula de Ciudadanía,2024-07-29T00:00:00.000,2024-08-01T00:00:00.000,2024-12-19T00:00:00.000,20250000,0,No,terminado,Distribuido,Inversión,https://community.secop.gov.co/Public/Tendering/OpportunityDetail/Index?noticeUID=CO1.NTC.6461430&isFromPublicArea=True&isModal=true&asPopupView=true,CO1.BDOS.6442939,cloud_or_software_nonAI,False,False,0.96
CO1.PCCNTR.5433137,Rama Judicial  Dirección Seccional de Administración Judicial de Tunja,Nacional,Ley de Justicia,Boyacá,Prestación de servicios,Contratación directa,Cédula de Ciudadanía,2023-10-04T00:00:00.000,2023-10-13T00:00:00.000,2023-12-19T00:00:00.000,7500000,0,No,terminado,Distribuido,Inversión,https://community.secop.gov.co/Public/Tendering/OpportunityDetail/Index?noticeUID=CO1.NTC.5021530&isFromPublicArea=True&isModal=true&asPopupView=true,CO1.BDOS.5008874,cloud_or_software_nonAI,False,False,0.96
CO1.PCCNTR.8222166,CAMARA DE REPRESENTANTES,Nacional,No aplica/No pertenece,Distrito Capital de Bogotá,Prestación de servicios,Contratación directa,Cédula de Ciudadanía,2025-08-25T00:00:00.000,2025-08-27T00:00:00.000,2025-12-14T00:00:00.000,43200000,0,No,Cerrado,Distribuido,Funcionamiento,https://community.secop.gov.co/Public/Tendering/OpportunityDetail/Index?noticeUID=CO1.NTC.8638417&isFromPublicArea=True&isModal=true&asPopupView=true,CO1.BDOS.8615384,cloud_or_software_nonAI,True,False,0.99
CO1.PCCNTR.7161432,Rama Judicial  Dirección Ejecutiva de Administración Judicial,Nacional,Ley de Justicia,Distrito Capital de Bogotá,Prestación de servicios,Contratación directa,NIT,2024-12-27T00:00:00.000,2024-12-30T00:00:00.000,2025-12-31T00:00:00.000,1206834542,0,No,En ejecución,Distribuido,Inversión,https://community.secop.gov.co/Public/Tendering/OpportunityDetail/Index?noticeUID=CO1.NTC.7229556&isFromPublicArea=True&isModal=true&asPopupView=true,CO1.BDOS.7186364,cloud_or_software_nonAI,True,False,0.99
CO1.PCCNTR.7008205,ADRES,Nacional,Salud y Protección Social,Distrito Capital de Bogotá,Prestación de servicios,Contratación directa,Cédula de Ciudadanía,2024-11-12T00:00:00.000,2024-11-13T00:00:00.000,2024-12-31T00:00:00.000,10860000,0,No,Cerrado,Recursos Propios,Funcionamiento,https://community.secop.gov.co/Public/Tendering/OpportunityDetail/Index?noticeUID=CO1.NTC.7024873&isFromPublicArea=True&isModal=true&asPopupView=true,CO1.BDOS.7011596,cloud_or_software_nonAI,True,False,0.91
CO1.PCCNTR.4564908,IGAC Sede Central *,Nacional,Información Estadística,Distrito Capital de Bogotá,Prestación de servicios,Contratación directa,Cédula de Ciudadanía,2023-02-07T00:00:00.000,2023-02-08T00:00:00.000,2023-08-07T00:00:00.000,55429746,0,Si,Cerrado,Distribuido,Inversión,https://community.secop.gov.co/Public/Tendering/OpportunityDetail/Index?noticeUID=CO1.NTC.3932913&isFromPublicArea=True&isModal=true&asPopupView=true,CO1.BDOS.3931506,cloud_or_software_nonAI,True,False,0.99
CO1.PCCNTR.8456805,CAMARA DE REPRESENTANTES,Nacional,No aplica/No pertenece,Distrito Capital de Bogotá,Prestación de servicios,Contratación directa,Cédula de Ciudadanía,2025-10-16T00:00:00.000,2025-10-20T00:00:00.000,2025-12-19T00:00:00.000,16000000,0,No,Cerrado,Distribuido,Funcionamiento,https://community.secop.gov.co/Public/Tendering/OpportunityDetail/Index?noticeUID=CO1.NTC.8950913&isFromPublicArea=True&isModal=true&asPopupView=true,CO1.BDOS.8925871,cloud_or_software_nonAI,True,False,0.98
CO1.PCCNTR.5355409,Rama Judicial  Dirección Seccional de Administración Judicial de Tunja,Nacional,Ley de Justicia,Boyacá,Prestación de servicios,Contratación directa,Cédula de Ciudadanía,2023-09-06T00:00:00.000,2023-09-06T00:00:00.000,2023-10-15T00:00:00.000,4500000,0,No,terminado,Distribuido,Inversión,https://community.secop.gov.co/Public/Tendering/OpportunityDetail/Index?noticeUID=CO1.NTC.4903289&isFromPublicArea=True&isModal=true&asPopupView=true,CO1.BDOS.4863466,cloud_or_software_nonAI,True,False,0.91
CO1.PCCNTR.6578755,Rama Judicial  Dirección Seccional de Administración Judicial de Tunja,Nacional,Ley de Justicia,Boyacá,Prestación de servicios,Contratación directa,Cédula de Ciudadanía,2024-07-30T00:00:00.000,2024-08-01T00:00:00.000,2024-12-19T00:00:00.000,20250000,0,No,terminado,Distribuido,Inversión,https://community.secop.gov.co/Public/Tendering/OpportunityDetail/Index?noticeUID=CO1.NTC.6464436&isFromPublicArea=True&isModal=true&asPopupView=true,CO1.BDOS.6454130,cloud_or_software_nonAI,False,False,0.94
CO1.PCCNTR.8727120,FONDO FINANCIERO DISTRITAL DE SALUD.,Territorial,Salud y Protección Social,Distrito Capital de Bogotá,Otro,Contratación Directa (con ofertas),NIT,2025-12-22T00:00:00.000,2025-12-24T00:00:00.000,2025-12-31T00:00:00.000,7974731750,0,No,terminado,Distribuido,Inversión,https://community.secop.gov.co/Public/Tendering/OpportunityDetail/Index?noticeUID=CO1.NTC.9317927&isFromPublicArea=True&isModal=true&asPopupView=true,CO1.BDOS.9292066,cloud_or_software_nonAI,True,False,0.99
CO1.PCCNTR.4381809,ICBF SEDE NACIONAL,Nacional,Inclusión Social y Reconciliación,Distrito Capital de Bogotá,Prestación de servicios,Contratación directa,Cédula de Ciudadanía,2023-01-10T00:00:00.000,2023-01-11T00:00:00.000,2023-12-31T00:00:00.000,80987400,0,No,Cerrado,Distribuido,Inversión,https://community.secop.gov.co/Public/Tendering/OpportunityDetail/Index?noticeUID=CO1.NTC.3728723&isFromPublicArea=True&isModal=true&asPopupView=true,CO1.BDOS.3720085,cloud_or_software_nonAI,True,False,0.91
CO1.PCCNTR.8190807,MINISTERIO DE HACIENDA Y CREDITO PUBLICO,Nacional,Hacienda y Crédito Público,Distrito Capital de Bogotá,Prestación de servicios,Selección abreviada subasta inversa,NIT,2025-08-22T00:00:00.000,2025-10-01T00:00:00.000,2026-11-30T00:00:00.000,2898369000,122,No,Modificado,Distribuido,Funcionamiento,https://community.secop.gov.co/Public/Tendering/OpportunityDetail/Index?noticeUID=CO1.NTC.8380676&isFromPublicArea=True&isModal=true&asPopupView=true,CO1.BDOS.8224514,cloud_or_software_nonAI,True,False,0.99
CO1.PCCNTR.6831124,SECRETARIA DE EDUCACION DEL DISTRITO,Territorial,Educación Nacional,Distrito Capital de Bogotá,Prestación de servicios,Licitación pública,Cédula de Ciudadanía,2024-10-10T00:00:00.000,2024-10-16T00:00:00.000,2025-03-24T00:00:00.000,1453824309,90,No,Modificado,Distribuido,Inversión,https://community.secop.gov.co/Public/Tendering/OpportunityDetail/Index?noticeUID=CO1.NTC.6598324&isFromPublicArea=True&isModal=true&asPopupView=true,CO1.BDOS.6458241,cloud_or_software_nonAI,True,False,0.99
CO1.PCCNTR.5615085,Rama Judicial  Dirección Seccional de Administración Judicial de Tunja,Nacional,Ley de Justicia,Boyacá,Prestación de servicios,Contratación directa,Cédula de Ciudadanía,2023-12-01T00:00:00.000,2023-12-01T00:00:00.000,2023-12-30T00:00:00.000,3000000,0,No,terminado,Distribuido,Inversión,https://community.secop.gov.co/Public/Tendering/OpportunityDetail/Index?noticeUID=CO1.NTC.5172649&isFromPublicArea=True&isModal=true&asPopupView=true,CO1.BDOS.5150815,incidental,True,False,0.91
CO1.PCCNTR.8622661,MINTRABAJO NIVEL CENTRAL*/,Nacional,Trabajo,Distrito Capital de Bogotá,Otro,Contratación régimen especial,NIT,2025-11-21T00:00:00.000,2025-11-26T00:00:00.000,2025-12-31T00:00:00.000,999999409.98,0,No,Cerrado,Recursos Propios,Inversión,https://community.secop.gov.co/Public/Tendering/OpportunityDetail/Index?noticeUID=CO1.NTC.9173128&isFromPublicArea=True&isModal=true&asPopupView=true,CO1.BDOS.9098539,cloud_or_software_nonAI,True,False,0.98
CO1.PCCNTR.6576627,Rama Judicial  Dirección Seccional de Administración Judicial de Tunja,Nacional,Ley de Justicia,Boyacá,Prestación de servicios,Contratación directa,Cédula de Ciudadanía,2024-07-30T00:00:00.000,2024-08-01T00:00:00.000,2024-12-19T00:00:00.000,20250000,0,No,terminado,Distribuido,Inversión,https://community.secop.gov.co/Public/Tendering/OpportunityDetail/Index?noticeUID=CO1.NTC.6461431&isFromPublicArea=True&isModal=true&asPopupView=true,CO1.BDOS.6442955,cloud_or_software_nonAI,False,False,0.92
CO1.PCCNTR.7808019,CAMARA DE REPRESENTANTES,Nacional,No aplica/No pertenece,Distrito Capital de Bogotá,Prestación de servicios,Contratación directa,Cédula de Ciudadanía,2025-04-24T00:00:00.000,2025-04-29T00:00:00.000,2025-12-28T00:00:00.000,64000000,0,No,Cerrado,Distribuido,Funcionamiento,https://community.secop.gov.co/Public/Tendering/OpportunityDetail/Index?noticeUID=CO1.NTC.8034104&isFromPublicArea=True&isModal=true&asPopupView=true,CO1.BDOS.8016842,cloud_or_software_nonAI,True,False,0.98
CO1.PCCNTR.5814520,E.S.P .PIEDECUESTANA DE SERVICIOS PUBLICOS,Territorial,No aplica/No pertenece,Santander,Otro,Contratación régimen especial,NIT,2024-01-26T00:00:00.000,2024-01-30T00:00:00.000,2024-12-29T00:00:00.000,22997000,0,No,En ejecución,Recursos Propios,Funcionamiento,https://community.secop.gov.co/Public/Tendering/OpportunityDetail/Index?noticeUID=CO1.NTC.5513064&isFromPublicArea=True&isModal=true&asPopupView=true,CO1.BDOS.5496619,cloud_or_software_nonAI,True,False,0.98
CO1.PCCNTR.4377474,INSTITUTO COLOMBIANO PARA LA EVALUACIÓN DE LA EDUCACIÓN - ICFES,Nacional,Educación Nacional,Distrito Capital de Bogotá,Prestación de servicios,Contratación régimen especial,Cédula de Ciudadanía,2023-01-06T00:00:00.000,2023-01-11T00:00:00.000,2023-05-10T00:00:00.000,34000000,0,No,Cerrado,Recursos Propios,Funcionamiento,https://community.secop.gov.co/Public/Tendering/OpportunityDetail/Index?noticeUID=CO1.NTC.3722396&isFromPublicArea=True&isModal=true&asPopupView=true,CO1.BDOS.3714411,cloud_or_software_nonAI,True,False,0.99
CO1.PCCNTR.5778076,IGAC Sede Central *,Nacional,Información Estadística,Distrito Capital de Bogotá,Prestación de servicios,Contratación directa,Cédula de Ciudadanía,2024-01-25T00:00:00.000,2024-01-26T00:00:00.000,2024-12-30T00:00:00.000,128416667,0,Si,Cerrado,Distribuido,Inversión,https://community.secop.gov.co/Public/Tendering/OpportunityDetail/Index?noticeUID=CO1.NTC.5475089&isFromPublicArea=True&isModal=true&asPopupView=true,CO1.BDOS.5465511,cloud_or_software_nonAI,True,False,0.98
CO1.PCCNTR.5615520,Rama Judicial  Dirección Seccional de Administración Judicial de Tunja,Nacional,Ley de Justicia,Boyacá,Prestación de servicios,Contratación directa,Cédula de Ciudadanía,2023-12-01T00:00:00.000,2023-12-04T00:00:00.000,2023-12-31T00:00:00.000,3000000,0,No,terminado,Distribuido,Inversión,https://community.secop.gov.co/Public/Tendering/OpportunityDetail/Index?noticeUID=CO1.NTC.5172593&isFromPublicArea=True&isModal=true&asPopupView=true,CO1.BDOS.5151051,incidental,False,False,0.91
CO1.PCCNTR.7450035,SECRETARIA DISTRITAL DE GOBIERNO 1,Territorial,Servicio Público,Distrito Capital de Bogotá,Prestación de servicios,Contratación directa,Cédula de Ciudadanía,2025-02-10T00:00:00.000,2025-02-11T00:00:00.000,2025-12-25T00:00:00.000,87847200,0,No,Cerrado,Distribuido,Inversión,https://community.secop.gov.co/Public/Tendering/OpportunityDetail/Index?noticeUID=CO1.NTC.7582053&isFromPublicArea=True&isModal=true&asPopupView=true,CO1.BDOS.7523816,cloud_or_software_nonAI,True,False,0.98
CO1.PCCNTR.4404937,ESCUELA TECNOLÓGICA INSTITUTO TÉCNICO CENTRAL,Nacional,Educación Nacional,Distrito Capital de Bogotá,Prestación de servicios,Contratación directa,Cédula de Ciudadanía,2023-01-17T00:00:00.000,2023-01-17T00:00:00.000,2023-12-30T00:00:00.000,42111771,110,Si,Modificado,Distribuido,Funcionamiento,https://community.secop.gov.co/Public/Tendering/OpportunityDetail/Index?noticeUID=CO1.NTC.3761765&isFromPublicArea=True&isModal=true&asPopupView=true,CO1.BDOS.3755663,incidental,True,False,0.98
CO1.PCCNTR.5998251,CORPORACION AUTONOMA REGIONAL DE CUNDINAMARCA - CAR.,Corporación Autónoma,Ambiente y Desarrollo Sostenible,Distrito Capital de Bogotá,Prestación de servicios,Contratación directa,Cédula de Ciudadanía,2024-02-23T00:00:00.000,2024-02-26T00:00:00.000,2024-12-31T00:00:00.000,45105000,0,No,En ejecución,Recursos Propios,Inversión,https://community.secop.gov.co/Public/Tendering/OpportunityDetail/Index?noticeUID=CO1.NTC.5722169&isFromPublicArea=True&isModal=true&asPopupView=true,CO1.BDOS.5701906,cloud_or_software_nonAI,True,False,0.98
CO1.PCCNTR.7059251,Rama Judicial  Dirección Seccional de Administración Judicial de Tunja,Nacional,Ley de Justicia,Boyacá,Prestación de servicios,Contratación directa,Cédula de Ciudadanía,2024-11-22T00:00:00.000,2024-11-22T00:00:00.000,2024-12-31T00:00:00.000,4500000,0,No,terminado,Distribuido,Inversión,https://community.secop.gov.co/Public/Tendering/OpportunityDetail/Index?noticeUID=CO1.NTC.7090694&isFromPublicArea=True&isModal=true&asPopupView=true,CO1.BDOS.7067175,cloud_or_software_nonAI,False,False,0.88
CO1.PCCNTR.7269859,INSTITUTO DE PLANIFICACIÓN Y PROMOCIÓN DE SOLUCIONES ENERGÉTICAS PARA LAS ZONAS NO INTERCONECTADAS IPSE,Nacional,Minas y Energía,Distrito Capital de Bogotá,Prestación de servicios,Contratación directa,Cédula de Ciudadanía,2025-01-17T00:00:00.000,2025-01-21T00:00:00.000,2025-06-30T00:00:00.000,44000000,0,No,Cerrado,Distribuido,Inversión,https://community.secop.gov.co/Public/Tendering/OpportunityDetail/Index?noticeUID=CO1.NTC.7377568&isFromPublicArea=True&isModal=true&asPopupView=true,CO1.BDOS.7362506,cloud_or_software_nonAI,True,False,0.98
CO1.PCCNTR.8726853,SERVICIO GEOLOGICO COLOMBIANO**,Nacional,Minas y Energía,Distrito Capital de Bogotá,Prestación de servicios,Contratación directa,Cédula de Ciudadanía,2025-12-23T00:00:00.000,2025-12-26T00:00:00.000,2026-12-18T00:00:00.000,140400000,0,No,Modificado,Distribuido,Funcionamiento,https://community.secop.gov.co/Public/Tendering/OpportunityDetail/Index?noticeUID=CO1.NTC.9323969&isFromPublicArea=True&isModal=true&asPopupView=true,CO1.BDOS.9287987,cloud_or_software_nonAI,True,False,0.96
CO1.PCCNTR.6576609,Rama Judicial  Dirección Seccional de Administración Judicial de Tunja,Nacional,Ley de Justicia,Boyacá,Prestación de servicios,Contratación directa,Cédula de Ciudadanía,2024-07-29T00:00:00.000,2024-08-01T00:00:00.000,2024-12-19T00:00:00.000,20250000,0,No,terminado,Distribuido,Inversión,https://community.secop.gov.co/Public/Tendering/OpportunityDetail/Index?noticeUID=CO1.NTC.6461247&isFromPublicArea=True&isModal=true&asPopupView=true,CO1.BDOS.6419610,cloud_or_software_nonAI,True,False,0.98
CO1.PCCNTR.6576525,Rama Judicial  Dirección Seccional de Administración Judicial de Tunja,Nacional,Ley de Justicia,Boyacá,Prestación de servicios,Contratación directa,Cédula de Ciudadanía,2024-07-29T00:00:00.000,2024-08-01T00:00:00.000,2024-12-19T00:00:00.000,20250000,0,No,terminado,Distribuido,Inversión,https://community.secop.gov.co/Public/Tendering/OpportunityDetail/Index?noticeUID=CO1.NTC.6461059&isFromPublicArea=True&isModal=true&asPopupView=true,CO1.BDOS.6419286,incidental,False,False,0.96
CO1.PCCNTR.8489104,FONDO FINANCIERO DISTRITAL DE SALUD.,Territorial,Salud y Protección Social,Distrito Capital de Bogotá,Prestación de servicios,Contratación directa,Cédula de Ciudadanía,2025-10-24T00:00:00.000,2025-10-30T00:00:00.000,2027-01-31T00:00:00.000,163163385,123,No,Modificado,Distribuido,Inversión,https://community.secop.gov.co/Public/Tendering/OpportunityDetail/Index?noticeUID=CO1.NTC.8997481&isFromPublicArea=True&isModal=true&asPopupView=true,CO1.BDOS.8972091,cloud_or_software_nonAI,True,False,0.98
CO1.PCCNTR.6094326,INSTITUCION UNIVERSITARIA DE ENVIGADO,Territorial,Educación Nacional,Antioquia,Prestación de servicios,Licitación pública,NIT,2024-03-21T00:00:00.000,2024-04-01T00:00:00.000,2025-04-30T00:00:00.000,1017163499,0,No,terminado,Recursos Propios,Inversión,https://community.secop.gov.co/Public/Tendering/OpportunityDetail/Index?noticeUID=CO1.NTC.5650921&isFromPublicArea=True&isModal=true&asPopupView=true,CO1.BDOS.5510899,cloud_or_software_nonAI,True,False,0.99
CO1.PCCNTR.8894847,LOTERIA DE CUNDINAMARCA,Territorial,No aplica/No pertenece,Distrito Capital de Bogotá,Prestación de servicios,Contratación régimen especial,NIT,2026-01-18T00:00:00.000,2026-01-21T00:00:00.000,2026-09-20T00:00:00.000,45951092,5,No,Modificado,Recursos Propios,Funcionamiento,https://community.secop.gov.co/Public/Tendering/OpportunityDetail/Index?noticeUID=CO1.NTC.9527309&isFromPublicArea=True&isModal=true&asPopupView=true,CO1.BDOS.9500232,cloud_or_software_nonAI,True,False,0.99
CO1.PCCNTR.6576415,Rama Judicial  Dirección Seccional de Administración Judicial de Tunja,Nacional,Ley de Justicia,Boyacá,Prestación de servicios,Contratación directa,Cédula de Ciudadanía,2024-07-29T00:00:00.000,2024-08-01T00:00:00.000,2024-12-19T00:00:00.000,20250000,0,No,terminado,Distribuido,Inversión,https://community.secop.gov.co/Public/Tendering/OpportunityDetail/Index?noticeUID=CO1.NTC.6461324&isFromPublicArea=True&isModal=true&asPopupView=true,CO1.BDOS.6442012,cloud_or_software_nonAI,False,False,0.94
CO1.PCCNTR.7783630,ANM,Nacional,Minas y Energía,Distrito Capital de Bogotá,Prestación de servicios,Contratación directa,Cédula de Ciudadanía,2025-04-14T00:00:00.000,2025-04-15T00:00:00.000,2025-12-31T00:00:00.000,85333334,0,Si,terminado,Distribuido,Inversión,https://community.secop.gov.co/Public/Tendering/OpportunityDetail/Index?noticeUID=CO1.NTC.8000971&isFromPublicArea=True&isModal=true&asPopupView=true,CO1.BDOS.7984304,cloud_or_software_nonAI,True,False,0.97
CO1.PCCNTR.5615513,Rama Judicial  Dirección Seccional de Administración Judicial de Tunja,Nacional,Ley de Justicia,Boyacá,Prestación de servicios,Contratación directa,Cédula de Ciudadanía,2023-12-01T00:00:00.000,2023-12-04T00:00:00.000,2023-12-31T00:00:00.000,3000000,0,No,terminado,Distribuido,Inversión,https://community.secop.gov.co/Public/Tendering/OpportunityDetail/Index?noticeUID=CO1.NTC.5172375&isFromPublicArea=True&isModal=true&asPopupView=true,CO1.BDOS.5151117,incidental,False,False,0.94
CO1.PCCNTR.6576521,Rama Judicial  Dirección Seccional de Administración Judicial de Tunja,Nacional,Ley de Justicia,Boyacá,Prestación de servicios,Contratación directa,Cédula de Ciudadanía,2024-07-29T00:00:00.000,2024-08-01T00:00:00.000,2024-12-19T00:00:00.000,20250000,0,No,terminado,Distribuido,Inversión,https://community.secop.gov.co/Public/Tendering/OpportunityDetail/Index?noticeUID=CO1.NTC.6461055&isFromPublicArea=True&isModal=true&asPopupView=true,CO1.BDOS.6443119,incidental,False,False,0.96
CO1.PCCNTR.8841872,(Secretaría Distrital de Integración Social),Territorial,Inclusión Social y Reconciliación,Distrito Capital de Bogotá,Prestación de servicios,Contratación directa,Cédula de Ciudadanía,2026-01-15T00:00:00.000,2026-01-20T00:00:00.000,2027-01-19T00:00:00.000,114786360,129,No,Modificado,Distribuido,Inversión,https://community.secop.gov.co/Public/Tendering/OpportunityDetail/Index?noticeUID=CO1.NTC.9471628&isFromPublicArea=True&isModal=true&asPopupView=true,CO1.BDOS.9458472,cloud_or_software_nonAI,True,False,0.98
CO1.PCCNTR.4990212,INSTITUTO COLOMBIANO PARA LA EVALUACIÓN DE LA EDUCACIÓN - ICFES,Nacional,Educación Nacional,Distrito Capital de Bogotá,Prestación de servicios,Contratación régimen especial,Cédula de Ciudadanía,2023-05-23T00:00:00.000,2023-05-23T00:00:00.000,2023-12-28T00:00:00.000,68400000,0,No,Cerrado,Recursos Propios,Funcionamiento,https://community.secop.gov.co/Public/Tendering/OpportunityDetail/Index?noticeUID=CO1.NTC.4453035&isFromPublicArea=True&isModal=true&asPopupView=true,CO1.BDOS.4448496,cloud_or_software_nonAI,True,False,0.98
CO1.PCCNTR.4397047,ICBF SEDE NACIONAL,Nacional,Inclusión Social y Reconciliación,Distrito Capital de Bogotá,Prestación de servicios,Contratación directa,Cédula de Ciudadanía,2023-01-15T00:00:00.000,2023-01-15T00:00:00.000,2023-12-31T00:00:00.000,127233333,0,No,Cerrado,Distribuido,Inversión,https://community.secop.gov.co/Public/Tendering/OpportunityDetail/Index?noticeUID=CO1.NTC.3750819&isFromPublicArea=True&isModal=true&asPopupView=true,CO1.BDOS.3738144,cloud_or_software_nonAI,True,False,0.95
CO1.PCCNTR.5615128,Rama Judicial  Dirección Seccional de Administración Judicial de Tunja,Nacional,Ley de Justicia,Boyacá,Prestación de servicios,Contratación directa,Cédula de Ciudadanía,2023-12-01T00:00:00.000,2023-12-01T00:00:00.000,2023-12-30T00:00:00.000,3000000,0,No,terminado,Distribuido,Inversión,https://community.secop.gov.co/Public/Tendering/OpportunityDetail/Index?noticeUID=CO1.NTC.5172818&isFromPublicArea=True&isModal=true&asPopupView=true,CO1.BDOS.5150662,incidental,False,False,0.98
CO1.PCCNTR.5615266,Rama Judicial  Dirección Seccional de Administración Judicial de Tunja,Nacional,Ley de Justicia,Boyacá,Prestación de servicios,Contratación directa,Cédula de Ciudadanía,2023-12-01T00:00:00.000,2023-12-01T00:00:00.000,2023-12-31T00:00:00.000,3000000,0,No,terminado,Distribuido,Inversión,https://community.secop.gov.co/Public/Tendering/OpportunityDetail/Index?noticeUID=CO1.NTC.5172820&isFromPublicArea=True&isModal=true&asPopupView=true,CO1.BDOS.5150665,cloud_or_software_nonAI,True,False,0.95
CO1.PCCNTR.6578352,Rama Judicial  Dirección Seccional de Administración Judicial de Tunja,Nacional,Ley de Justicia,Boyacá,Prestación de servicios,Contratación directa,Cédula de Ciudadanía,2024-07-29T00:00:00.000,2024-08-01T00:00:00.000,2024-12-19T00:00:00.000,20250000,0,No,terminado,Distribuido,Inversión,https://community.secop.gov.co/Public/Tendering/OpportunityDetail/Index?noticeUID=CO1.NTC.6463706&isFromPublicArea=True&isModal=true&asPopupView=true,CO1.BDOS.6450455,cloud_or_software_nonAI,False,False,0.94
CO1.PCCNTR.6576430,Rama Judicial  Dirección Seccional de Administración Judicial de Tunja,Nacional,Ley de Justicia,Boyacá,Prestación de servicios,Contratación directa,Cédula de Ciudadanía,2024-07-29T00:00:00.000,2024-08-01T00:00:00.000,2024-12-19T00:00:00.000,20250000,0,No,terminado,Distribuido,Inversión,https://community.secop.gov.co/Public/Tendering/OpportunityDetail/Index?noticeUID=CO1.NTC.6461373&isFromPublicArea=True&isModal=true&asPopupView=true,CO1.BDOS.6450548,incidental,False,False,0.93
CO1.PCCNTR.5115372,MINSALUD,Nacional,Salud y Protección Social,Distrito Capital de Bogotá,Prestación de servicios,Contratación directa,Cédula de Ciudadanía,2023-06-25T00:00:00.000,2023-06-27T00:00:00.000,2023-12-29T00:00:00.000,41358000,33,No,Modificado,Distribuido,Inversión,https://community.secop.gov.co/Public/Tendering/OpportunityDetail/Index?noticeUID=CO1.NTC.4611688&isFromPublicArea=True&isModal=true&asPopupView=true,CO1.BDOS.4600751,cloud_or_software_nonAI,True,False,0.98
CO1.PCCNTR.6576605,Rama Judicial  Dirección Seccional de Administración Judicial de Tunja,Nacional,Ley de Justicia,Boyacá,Prestación de servicios,Contratación directa,Cédula de Ciudadanía,2024-07-29T00:00:00.000,2024-08-01T00:00:00.000,2024-12-19T00:00:00.000,20250000,0,No,terminado,Distribuido,Inversión,https://community.secop.gov.co/Public/Tendering/OpportunityDetail/Index?noticeUID=CO1.NTC.6461232&isFromPublicArea=True&isModal=true&asPopupView=true,CO1.BDOS.6419614,cloud_or_software_nonAI,True,False,0.96
CO1.PCCNTR.6852707,SUPERINTENDENCIA FINANCIERA DE COLOMBIA**,Nacional,Hacienda y Crédito Público,Distrito Capital de Bogotá,Prestación de servicios,Selección abreviada subasta inversa,NIT,2024-10-18T00:00:00.000,2024-10-25T00:00:00.000,2024-12-15T00:00:00.000,1722936843,0,No,terminado,Distribuido,Inversión,https://community.secop.gov.co/Public/Tendering/OpportunityDetail/Index?noticeUID=CO1.NTC.6680195&isFromPublicArea=True&isModal=true&asPopupView=true,CO1.BDOS.6492089,cloud_or_software_nonAI,True,False,0.98
CO1.PCCNTR.5219734,MINISTERIO DE HACIENDA Y CREDITO PUBLICO,Nacional,Hacienda y Crédito Público,Distrito Capital de Bogotá,Prestación de servicios,Selección abreviada subasta inversa,No Definido,2023-08-23T00:00:00.000,2023-08-24T00:00:00.000,2025-08-31T00:00:00.000,4258127811.06,0,Si,Cerrado,Distribuido,Inversión,https://community.secop.gov.co/Public/Tendering/OpportunityDetail/Index?noticeUID=CO1.NTC.4587316&isFromPublicArea=True&isModal=true&asPopupView=true,CO1.BDOS.4248727,cloud_or_software_nonAI,True,False,0.99
CO1.PCCNTR.9196101,ESCUELA TECNOLÓGICA INSTITUTO TÉCNICO CENTRAL,Nacional,Educación Nacional,Distrito Capital de Bogotá,Prestación de servicios,Contratación directa,Cédula de Ciudadanía,2026-01-28T00:00:00.000,2026-01-28T00:00:00.000,2026-12-31T00:00:00.000,60550000,0,No,En ejecución,Distribuido,Funcionamiento,https://community.secop.gov.co/Public/Tendering/OpportunityDetail/Index?noticeUID=CO1.NTC.9828517&isFromPublicArea=True&isModal=true&asPopupView=true,CO1.BDOS.9538873,cloud_or_software_nonAI,True,False,0.98
CO1.PCCNTR.9603456,Unidad Administrativa Especial de Alimentación Escolar -Alimentos para Aprender-,Nacional,Educación Nacional,Distrito Capital de Bogotá,Prestación de servicios,Contratación directa,Cédula de Ciudadanía,2026-06-30T00:00:00.000,2026-07-02T00:00:00.000,2026-12-31T00:00:00.000,47733333.33,0,No,Modificado,Distribuido,Inversión,https://community.secop.gov.co/Public/Tendering/OpportunityDetail/Index?noticeUID=CO1.NTC.10427292&isFromPublicArea=True&isModal=true&asPopupView=true,CO1.BDOS.10385452,cloud_or_software_nonAI,True,False,0.94
CO1.PCCNTR.5233312,OPERADORA DISTRITAL DE TRANSPORTE S.A.S.,Territorial,Transporte,Distrito Capital de Bogotá,Prestación de servicios,Contratación directa,NIT,2024-01-23T00:00:00.000,2024-01-23T00:00:00.000,2024-07-30T00:00:00.000,233035092,0,No,Modificado,Recursos Propios,Funcionamiento,https://community.secop.gov.co/Public/Tendering/OpportunityDetail/Index?noticeUID=CO1.NTC.4291580&isFromPublicArea=True&isModal=true&asPopupView=true,CO1.BDOS.4281184,cloud_or_software_nonAI,True,False,0.99
CO1.PCCNTR.5615291,Rama Judicial  Dirección Seccional de Administración Judicial de Tunja,Nacional,Ley de Justicia,Boyacá,Prestación de servicios,Contratación directa,Cédula de Ciudadanía,2023-12-01T00:00:00.000,2023-12-04T00:00:00.000,2023-12-31T00:00:00.000,3000000,0,No,terminado,Distribuido,Inversión,https://community.secop.gov.co/Public/Tendering/OpportunityDetail/Index?noticeUID=CO1.NTC.5172832&isFromPublicArea=True&isModal=true&asPopupView=true,CO1.BDOS.5151017,cloud_or_software_nonAI,True,False,0.93
CO1.PCCNTR.6673519,FONDO FINANCIERO DISTRITAL DE SALUD.,Territorial,Salud y Protección Social,Distrito Capital de Bogotá,Prestación de servicios,Contratación directa,Cédula de Ciudadanía,2024-08-23T00:00:00.000,2024-08-27T00:00:00.000,2024-12-31T00:00:00.000,40920000,0,No,terminado,Distribuido,Inversión,https://community.secop.gov.co/Public/Tendering/OpportunityDetail/Index?noticeUID=CO1.NTC.6591169&isFromPublicArea=True&isModal=true&asPopupView=true,CO1.BDOS.6582347,cloud_or_software_nonAI,True,False,0.99
CO1.PCCNTR.7855132,MINTRABAJO NIVEL CENTRAL*/,Nacional,Trabajo,Distrito Capital de Bogotá,Otro,Contratación régimen especial,Cédula de Ciudadanía,2025-05-07T00:00:00.000,2025-05-08T00:00:00.000,2025-12-31T00:00:00.000,139565000,0,Si,Cerrado,Recursos Propios,Inversión,https://community.secop.gov.co/Public/Tendering/OpportunityDetail/Index?noticeUID=CO1.NTC.8100347&isFromPublicArea=True&isModal=true&asPopupView=true,CO1.BDOS.8076264,cloud_or_software_nonAI,True,False,0.99
CO1.PCCNTR.6581555,Rama Judicial  Dirección Seccional de Administración Judicial de Tunja,Nacional,Ley de Justicia,Boyacá,Prestación de servicios,Contratación directa,Cédula de Ciudadanía,2024-07-30T00:00:00.000,2024-08-01T00:00:00.000,2024-12-19T00:00:00.000,20250000,0,No,terminado,Distribuido,Inversión,https://community.secop.gov.co/Public/Tendering/OpportunityDetail/Index?noticeUID=CO1.NTC.6467197&isFromPublicArea=True&isModal=true&asPopupView=true,CO1.BDOS.6457676,cloud_or_software_nonAI,False,False,0.97
CO1.PCCNTR.6582347,Rama Judicial  Dirección Seccional de Administración Judicial de Tunja,Nacional,Ley de Justicia,Boyacá,Prestación de servicios,Contratación directa,Cédula de Ciudadanía,2024-07-30T00:00:00.000,2024-08-01T00:00:00.000,2024-12-19T00:00:00.000,20250000,0,No,terminado,Distribuido,Inversión,https://community.secop.gov.co/Public/Tendering/OpportunityDetail/Index?noticeUID=CO1.NTC.6468650&isFromPublicArea=True&isModal=true&asPopupView=true,CO1.BDOS.6458316,cloud_or_software_nonAI,False,False,0.96
CO1.PCCNTR.8593452,MINISTERIO DE JUSTICIA Y DEL DERECHO.,Nacional,Ley de Justicia,Distrito Capital de Bogotá,Compraventa,Selección abreviada subasta inversa,NIT,2025-11-24T00:00:00.000,2025-11-25T00:00:00.000,2025-12-31T00:00:00.000,1028787781,0,Si,En ejecución,Distribuido,Inversión,https://community.secop.gov.co/Public/Tendering/OpportunityDetail/Index?noticeUID=CO1.NTC.8992841&isFromPublicArea=True&isModal=true&asPopupView=true,CO1.BDOS.8897082,cloud_or_software_nonAI,True,False,0.99
CO1.PCCNTR.4522362,CAMARA DE REPRESENTANTES,Nacional,No aplica/No pertenece,Distrito Capital de Bogotá,Prestación de servicios,Contratación directa,Cédula de Ciudadanía,2023-01-31T00:00:00.000,2023-02-01T00:00:00.000,2023-03-30T00:00:00.000,10000000,0,No,Cerrado,Distribuido,Funcionamiento,https://community.secop.gov.co/Public/Tendering/OpportunityDetail/Index?noticeUID=CO1.NTC.3885972&isFromPublicArea=True&isModal=true&asPopupView=true,CO1.BDOS.3884576,cloud_or_software_nonAI,True,False,0.98
CO1.PCCNTR.6585503,Rama Judicial  Dirección Seccional de Administración Judicial de Tunja,Nacional,Ley de Justicia,Boyacá,Prestación de servicios,Contratación directa,Cédula de Ciudadanía,2024-07-31T00:00:00.000,2024-08-01T00:00:00.000,2024-12-19T00:00:00.000,20250000,0,No,terminado,Distribuido,Inversión,https://community.secop.gov.co/Public/Tendering/OpportunityDetail/Index?noticeUID=CO1.NTC.6471297&isFromPublicArea=True&isModal=true&asPopupView=true,CO1.BDOS.6462045,cloud_or_software_nonAI,True,False,0.91
CO1.PCCNTR.6409239,ALCALDÍA MUNICIPAL DE SOPO,Territorial,No aplica/No pertenece,Cundinamarca,Prestación de servicios,Contratación directa,NIT,2024-06-07T00:00:00.000,2024-06-11T00:00:00.000,2024-09-10T00:00:00.000,16125000,0,No,terminado,Distribuido,Funcionamiento,https://community.secop.gov.co/Public/Tendering/OpportunityDetail/Index?noticeUID=CO1.NTC.6234225&isFromPublicArea=True&isModal=true&asPopupView=true,CO1.BDOS.6217946,cloud_or_software_nonAI,True,False,0.98
CO1.PCCNTR.8696859,DIRECCION DE IMPUESTOS Y ADUANAS NACIONALES*,Nacional,Hacienda y Crédito Público,Distrito Capital de Bogotá,Compraventa,Contratación Directa (con ofertas),NIT,2025-12-12T00:00:00.000,2025-12-30T00:00:00.000,2025-12-31T00:00:00.000,4418617560,0,No,En ejecución,Distribuido,Funcionamiento,https://community.secop.gov.co/Public/Tendering/OpportunityDetail/Index?noticeUID=CO1.NTC.9273860&isFromPublicArea=True&isModal=true&asPopupView=true,CO1.BDOS.9245248,cloud_or_software_nonAI,True,False,0.99
CO1.PCCNTR.5365613,Rama Judicial  Dirección Seccional de Administración Judicial de Tunja,Nacional,Ley de Justicia,Boyacá,Prestación de servicios,Contratación directa,Cédula de Ciudadanía,2023-09-08T00:00:00.000,2023-09-13T00:00:00.000,2023-10-23T00:00:00.000,4500000,0,No,terminado,Distribuido,Inversión,https://community.secop.gov.co/Public/Tendering/OpportunityDetail/Index?noticeUID=CO1.NTC.4922210&isFromPublicArea=True&isModal=true&asPopupView=true,CO1.BDOS.4864039,incidental,False,False,0.96
CO1.PCCNTR.4630999,ALCALDÍA MUNICIPAL DE SOPO,Territorial,No aplica/No pertenece,Cundinamarca,Prestación de servicios,Contratación directa,NIT,2023-02-17T00:00:00.000,2023-02-17T00:00:00.000,2023-09-30T00:00:00.000,49340625,0,No,terminado,Distribuido,Inversión,https://community.secop.gov.co/Public/Tendering/OpportunityDetail/Index?noticeUID=CO1.NTC.4006397&isFromPublicArea=True&isModal=true&asPopupView=true,CO1.BDOS.3989088,cloud_or_software_nonAI,True,False,0.98
CO1.PCCNTR.5615137,Rama Judicial  Dirección Seccional de Administración Judicial de Tunja,Nacional,Ley de Justicia,Boyacá,Prestación de servicios,Contratación directa,Cédula de Ciudadanía,2023-12-01T00:00:00.000,2023-12-01T00:00:00.000,2023-12-30T00:00:00.000,3000000,0,No,terminado,Distribuido,Inversión,https://community.secop.gov.co/Public/Tendering/OpportunityDetail/Index?noticeUID=CO1.NTC.5172823&isFromPublicArea=True&isModal=true&asPopupView=true,CO1.BDOS.5150581,incidental,True,False,0.9
CO1.PCCNTR.4579340,GOBERNACIÓN DE LA GUAJIRA,Territorial,Servicio Público,La Guajira,Prestación de servicios,Contratación directa,NIT,2023-02-08T00:00:00.000,2023-02-08T00:00:00.000,2023-12-31T00:00:00.000,73031392,0,No,En ejecución,Distribuido,Funcionamiento,https://community.secop.gov.co/Public/Tendering/OpportunityDetail/Index?noticeUID=CO1.NTC.3950274&isFromPublicArea=True&isModal=true&asPopupView=true,CO1.BDOS.3949138,cloud_or_software_nonAI,True,False,0.98
CO1.PCCNTR.5433334,Rama Judicial  Dirección Seccional de Administración Judicial de Tunja,Nacional,Ley de Justicia,Boyacá,Prestación de servicios,Contratación directa,Cédula de Ciudadanía,2023-10-04T00:00:00.000,2023-10-05T00:00:00.000,2023-12-19T00:00:00.000,7500000,0,No,terminado,Distribuido,Inversión,https://community.secop.gov.co/Public/Tendering/OpportunityDetail/Index?noticeUID=CO1.NTC.5021279&isFromPublicArea=True&isModal=true&asPopupView=true,CO1.BDOS.5009631,cloud_or_software_nonAI,False,False,0.98
CO1.PCCNTR.6576725,Rama Judicial  Dirección Seccional de Administración Judicial de Tunja,Nacional,Ley de Justicia,Boyacá,Prestación de servicios,Contratación directa,Cédula de Ciudadanía,2024-07-29T00:00:00.000,2024-08-01T00:00:00.000,2024-12-19T00:00:00.000,20250000,0,No,terminado,Distribuido,Inversión,https://community.secop.gov.co/Public/Tendering/OpportunityDetail/Index?noticeUID=CO1.NTC.6461436&isFromPublicArea=True&isModal=true&asPopupView=true,CO1.BDOS.6443428,cloud_or_software_nonAI,False,False,0.91
CO1.PCCNTR.5898446,UNIDAD ADMINISTRATIVA ESPECIAL DE GESTION DE RESTITUCION DE TIERRAS DESPOJADAS**,Nacional,Inclusión Social y Reconciliación,Distrito Capital de Bogotá,Prestación de servicios,Contratación directa,Cédula de Ciudadanía,2024-02-08T00:00:00.000,2024-02-09T00:00:00.000,2024-12-31T00:00:00.000,49117200,0,No,Cerrado,Distribuido,Inversión,https://community.secop.gov.co/Public/Tendering/OpportunityDetail/Index?noticeUID=CO1.NTC.5600221&isFromPublicArea=True&isModal=true&asPopupView=true,CO1.BDOS.5592904,cloud_or_software_nonAI,True,False,0.98
CO1.PCCNTR.6576413,Rama Judicial  Dirección Seccional de Administración Judicial de Tunja,Nacional,Ley de Justicia,Boyacá,Prestación de servicios,Contratación directa,Cédula de Ciudadanía,2024-07-29T00:00:00.000,2024-08-01T00:00:00.000,2024-12-19T00:00:00.000,20250000,0,No,terminado,Distribuido,Inversión,https://community.secop.gov.co/Public/Tendering/OpportunityDetail/Index?noticeUID=CO1.NTC.6461131&isFromPublicArea=True&isModal=true&asPopupView=true,CO1.BDOS.6441904,cloud_or_software_nonAI,False,False,0.96
CO1.PCCNTR.5432890,Rama Judicial  Dirección Seccional de Administración Judicial de Tunja,Nacional,Ley de Justicia,Boyacá,Prestación de servicios,Contratación directa,Cédula de Ciudadanía,2023-10-04T00:00:00.000,2023-10-13T00:00:00.000,2023-12-19T00:00:00.000,7500000,0,No,terminado,Distribuido,Inversión,https://community.secop.gov.co/Public/Tendering/OpportunityDetail/Index?noticeUID=CO1.NTC.5021344&isFromPublicArea=True&isModal=true&asPopupView=true,CO1.BDOS.5007538,cloud_or_software_nonAI,False,False,0.96
CO1.PCCNTR.8690412,(Secretaría Distrital de Integración Social),Territorial,Inclusión Social y Reconciliación,Distrito Capital de Bogotá,Prestación de servicios,Selección abreviada subasta inversa,NIT,2025-12-12T00:00:00.000,2025-12-16T00:00:00.000,2026-01-29T00:00:00.000,898140000,0,No,terminado,Distribuido,Inversión,https://community.secop.gov.co/Public/Tendering/OpportunityDetail/Index?noticeUID=CO1.NTC.9104856&isFromPublicArea=True&isModal=true&asPopupView=true,CO1.BDOS.8966490,cloud_or_software_nonAI,True,False,0.99
CO1.PCCNTR.6643078,MUNICIPIO DE GACHANCIPA,Territorial,Servicio Público,Cundinamarca,Prestación de servicios,Contratación directa,NIT,2024-08-16T00:00:00.000,2024-08-16T00:00:00.000,2024-12-28T00:00:00.000,35000000,0,No,En ejecución,Distribuido,Inversión,https://community.secop.gov.co/Public/Tendering/OpportunityDetail/Index?noticeUID=CO1.NTC.6551309&isFromPublicArea=True&isModal=true&asPopupView=true,CO1.BDOS.6539857,ai_development_service,False,False,0.93
CO1.PCCNTR.7495003,"SECRETARÍA DISTRITAL DE CULTURA, RECREACIÓN Y DEPORTE",Territorial,Cultura,Distrito Capital de Bogotá,Prestación de servicios,Contratación directa,Cédula de Ciudadanía,2025-02-17T00:00:00.000,2025-02-19T00:00:00.000,2025-12-30T00:00:00.000,59467200,12,Si,Modificado,Distribuido,Inversión,https://community.secop.gov.co/Public/Tendering/OpportunityDetail/Index?noticeUID=CO1.NTC.7635470&isFromPublicArea=True&isModal=true&asPopupView=true,CO1.BDOS.7613167,individual_professional_ai,False,False,0.98
CO1.PCCNTR.6161311,DEPARTAMENTO ADMINISTRATIVO NACIONAL DE ESTADISTICA (DANE),Nacional,Información Estadística,Distrito Capital de Bogotá,Prestación de servicios,Contratación directa,Cédula de Ciudadanía,2024-04-02T00:00:00.000,2024-04-04T00:00:00.000,2024-12-30T00:00:00.000,62300000,0,No,Cerrado,Distribuido,Inversión,https://community.secop.gov.co/Public/Tendering/OpportunityDetail/Index?noticeUID=CO1.NTC.5914877&isFromPublicArea=True&isModal=true&asPopupView=true,CO1.BDOS.5896801,individual_professional_ai,False,False,0.99
CO1.PCCNTR.4806666,SENA REGIONAL DISTRITO CAPITAL Grupo Administrativo Intercentros CGMLTI,Nacional,Trabajo,Distrito Capital de Bogotá,Prestación de servicios,Contratación directa,Cédula de Ciudadanía,2023-03-27T00:00:00.000,2023-03-28T00:00:00.000,2023-06-08T00:00:00.000,6565740,0,No,Cerrado,Distribuido,Inversión,https://community.secop.gov.co/Public/Tendering/OpportunityDetail/Index?noticeUID=CO1.NTC.4217836&isFromPublicArea=True&isModal=true&asPopupView=true,CO1.BDOS.4212417,individual_professional_ai,False,False,0.86
CO1.PCCNTR.8664719,UNIATLANTICO,Territorial,Educación Nacional,Atlántico,Suministros,Contratación régimen especial,NIT,2025-12-04T00:00:00.000,2025-12-18T00:00:00.000,2025-12-31T00:00:00.000,49943389,0,Si,En ejecución,Distribuido,Funcionamiento,https://community.secop.gov.co/Public/Tendering/OpportunityDetail/Index?noticeUID=CO1.NTC.9230035&isFromPublicArea=True&isModal=true&asPopupView=true,CO1.BDOS.8721681,incidental,False,False,0.98
CO1.PCCNTR.7543686,INSTITUCIÓN UNIVERSITARIA ITM,Nacional,Educación Nacional,Antioquia,Prestación de servicios,Contratación directa,NIT,2025-02-24T00:00:00.000,2025-02-24T00:00:00.000,2025-05-30T00:00:00.000,101281205,0,No,En ejecución,Recursos Propios,Funcionamiento,https://community.secop.gov.co/Public/Tendering/OpportunityDetail/Index?noticeUID=CO1.NTC.7695621&isFromPublicArea=True&isModal=true&asPopupView=true,CO1.BDOS.7680429,incidental,False,False,0.97
CO1.PCCNTR.8696842,SECRETARIA DISTRITAL DE GOBIERNO 1,Territorial,Servicio Público,Distrito Capital de Bogotá,Prestación de servicios,Contratación directa,Cédula de Ciudadanía,2025-12-12T00:00:00.000,2025-12-15T00:00:00.000,2025-12-31T00:00:00.000,7390000,0,No,En ejecución,Distribuido,Inversión,https://community.secop.gov.co/Public/Tendering/OpportunityDetail/Index?noticeUID=CO1.NTC.9279890&isFromPublicArea=True&isModal=true&asPopupView=true,CO1.BDOS.9246566,individual_professional_ai,True,False,0.97
CO1.PCCNTR.8894635,UAECD,Territorial,Hacienda y Crédito Público,Distrito Capital de Bogotá,Prestación de servicios,Contratación directa,Cédula de Ciudadanía,2026-01-15T00:00:00.000,2026-02-02T00:00:00.000,2026-07-19T00:00:00.000,51825760,0,Si,En ejecución,Distribuido,Inversión,https://community.secop.gov.co/Public/Tendering/OpportunityDetail/Index?noticeUID=CO1.NTC.9526769&isFromPublicArea=True&isModal=true&asPopupView=true,CO1.BDOS.9382286,individual_professional_ai,False,False,0.98
CO1.PCCNTR.5368767,CORPORACION AUTONOMA REGIONAL DE SANTANDER+,Nacional,Ambiente y Desarrollo Sostenible,Santander,Prestación de servicios,Contratación directa,NIT,2023-09-14T00:00:00.000,2023-09-25T00:00:00.000,2023-12-31T00:00:00.000,557373984,0,No,terminado,Recursos Propios,Inversión,https://community.secop.gov.co/Public/Tendering/OpportunityDetail/Index?noticeUID=CO1.NTC.4931796&isFromPublicArea=True&isModal=true&asPopupView=true,CO1.BDOS.4923321,ai_development_service,False,False,0.94
CO1.PCCNTR.4533186,AGENCIA DE EDUCACIÓN POSTSECUNDARIA DE MEDELLÍN -SAPIENCIA-,Territorial,Educación Nacional,Antioquia,Prestación de servicios,Contratación directa,Cédula de Ciudadanía,2023-02-01T00:00:00.000,2023-02-01T00:00:00.000,2023-02-28T00:00:00.000,6994359,0,No,terminado,Distribuido,No Definido,https://community.secop.gov.co/Public/Tendering/OpportunityDetail/Index?noticeUID=CO1.NTC.3898495&isFromPublicArea=True&isModal=true&asPopupView=true,CO1.BDOS.3859616,individual_professional_ai,False,False,0.98
CO1.PCCNTR.7702148,DIRECCION GENERAL MARITIMA - SUBDIRECCION ADMINISTRATIVA Y FINANCIERA - SUBAFIN,Nacional,defensa,Distrito Capital de Bogotá,Prestación de servicios,Contratación directa,Cédula de Extranjería,2025-03-26T00:00:00.000,2025-03-26T00:00:00.000,2025-12-15T00:00:00.000,61620000,0,No,Cerrado,Distribuido,Inversión,https://community.secop.gov.co/Public/Tendering/OpportunityDetail/Index?noticeUID=CO1.NTC.7898433&isFromPublicArea=True&isModal=true&asPopupView=true,CO1.BDOS.7880108,individual_professional_ai,False,False,0.98
CO1.PCCNTR.8675078,SENA REGIONAL NARIÑO Grupo de Apoyo Administrativo Mixto,Nacional,Trabajo,Nariño,Compraventa,Mínima cuantía,NIT,2025-12-05T00:00:00.000,2025-12-12T00:00:00.000,2025-12-26T00:00:00.000,29186892,0,Si,En ejecución,Distribuido,Inversión,https://community.secop.gov.co/Public/Tendering/OpportunityDetail/Index?noticeUID=CO1.NTC.9164400&isFromPublicArea=True&isModal=true&asPopupView=true,CO1.BDOS.9138349,incidental,False,False,0.98
CO1.PCCNTR.8442280,INSTITUTO DISTRITAL DE GESTIÓN DE RIESGOS Y CAMBIO CLIMÁTICO - IDIGER,Territorial,Ambiente y Desarrollo Sostenible,Distrito Capital de Bogotá,Prestación de servicios,Contratación directa,Cédula de Ciudadanía,2025-10-16T00:00:00.000,2025-10-23T00:00:00.000,2026-10-22T00:00:00.000,96000000,0,Si,En ejecución,Recursos Propios,Inversión,https://community.secop.gov.co/Public/Tendering/OpportunityDetail/Index?noticeUID=CO1.NTC.8931740&isFromPublicArea=True&isModal=true&asPopupView=true,CO1.BDOS.8841283,individual_professional_ai,False,False,0.97
CO1.PCCNTR.7496571,IGAC Sede Central *,Nacional,Información Estadística,Distrito Capital de Bogotá,Prestación de servicios,Contratación directa,Cédula de Ciudadanía,2025-02-18T00:00:00.000,2025-02-19T00:00:00.000,2025-11-18T00:00:00.000,67662036,0,No,Cerrado,Distribuido,Inversión,https://community.secop.gov.co/Public/Tendering/OpportunityDetail/Index?noticeUID=CO1.NTC.7638339&isFromPublicArea=True&isModal=true&asPopupView=true,CO1.BDOS.7623500,individual_professional_ai,False,False,0.96
CO1.PCCNTR.6596522,SERVICIO GEOLOGICO COLOMBIANO**,Nacional,Minas y Energía,Distrito Capital de Bogotá,Prestación de servicios,Contratación directa,Cédula de Ciudadanía,2024-08-01T00:00:00.000,2024-08-01T00:00:00.000,2025-02-28T00:00:00.000,67410000,0,No,Modificado,Distribuido,Funcionamiento,https://community.secop.gov.co/Public/Tendering/OpportunityDetail/Index?noticeUID=CO1.NTC.6484875&isFromPublicArea=True&isModal=true&asPopupView=true,CO1.BDOS.6470222,individual_professional_ai,False,False,0.95
CO1.PCCNTR.8236027,AUTORIDAD NACIONAL DE LICENCIAS AMBIENTALES - ANLA,Nacional,Ambiente y Desarrollo Sostenible,Distrito Capital de Bogotá,Prestación de servicios,Contratación directa,Cédula de Ciudadanía,2025-08-25T00:00:00.000,2025-08-25T00:00:00.000,2025-12-31T00:00:00.000,31500000,0,No,En ejecución,Distribuido,Funcionamiento,https://community.secop.gov.co/Public/Tendering/OpportunityDetail/Index?noticeUID=CO1.NTC.8656630&isFromPublicArea=True&isModal=true&asPopupView=true,CO1.BDOS.8634166,individual_professional_ai,False,False,0.98
CO1.PCCNTR.6117669,SERVICIO GEOLOGICO COLOMBIANO**,Nacional,Minas y Energía,Distrito Capital de Bogotá,Prestación de servicios,Contratación directa,Cédula de Ciudadanía,2024-03-19T00:00:00.000,2024-03-20T00:00:00.000,2024-12-31T00:00:00.000,60129504,0,No,En ejecución,Distribuido,Inversión,https://community.secop.gov.co/Public/Tendering/OpportunityDetail/Index?noticeUID=CO1.NTC.5864578&isFromPublicArea=True&isModal=true&asPopupView=true,CO1.BDOS.5857295,individual_professional_ai,False,False,0.99
CO1.PCCNTR.4762459,SECRETARÍA DISTRITAL DE MOVILIDAD,Territorial,Transporte,Distrito Capital de Bogotá,Prestación de servicios,Contratación directa,Cédula de Ciudadanía,2023-03-13T00:00:00.000,2023-03-16T00:00:00.000,2024-03-30T00:00:00.000,52500000,0,Si,Cerrado,Distribuido,Inversión,https://community.secop.gov.co/Public/Tendering/OpportunityDetail/Index?noticeUID=CO1.NTC.4163417&isFromPublicArea=True&isModal=true&asPopupView=true,CO1.BDOS.4159104,individual_professional_ai,False,False,0.98
CO1.PCCNTR.5635514,CGR-NIVEL CENTRAL,Nacional,No aplica/No pertenece,Distrito Capital de Bogotá,Otro,Contratación directa,NIT,2023-12-06T00:00:00.000,2023-12-07T00:00:00.000,2023-12-22T00:00:00.000,450000000,0,No,Cerrado,Distribuido,Inversión,https://community.secop.gov.co/Public/Tendering/OpportunityDetail/Index?noticeUID=CO1.NTC.5287762&isFromPublicArea=True&isModal=true&asPopupView=true,CO1.BDOS.5273048,incidental,False,False,0.97
CO1.PCCNTR.5431116,SENA REGIONAL QUINDIO Grupo de Apoyo Administrativo Mixto,Nacional,Trabajo,Quindío,Prestación de servicios,Contratación directa,Cédula de Ciudadanía,2023-10-04T00:00:00.000,2023-10-05T00:00:00.000,2023-12-31T00:00:00.000,4838652,0,No,terminado,Distribuido,Inversión,https://community.secop.gov.co/Public/Tendering/OpportunityDetail/Index?noticeUID=CO1.NTC.5021447&isFromPublicArea=True&isModal=true&asPopupView=true,CO1.BDOS.5011262,individual_professional_ai,False,False,0.98
CO1.PCCNTR.5046103,AGENCIA DE EDUCACIÓN POSTSECUNDARIA DE MEDELLÍN -SAPIENCIA-,Territorial,Educación Nacional,Antioquia,Prestación de servicios,Contratación directa,Cédula de Ciudadanía,2023-06-05T00:00:00.000,2023-06-05T00:00:00.000,2023-12-31T00:00:00.000,34931997,0,No,terminado,Recursos Propios,Inversión,https://community.secop.gov.co/Public/Tendering/OpportunityDetail/Index?noticeUID=CO1.NTC.4526193&isFromPublicArea=True&isModal=true&asPopupView=true,CO1.BDOS.4514023,individual_professional_ai,False,False,0.98
CO1.PCCNTR.6429305,UNIATLANTICO,Territorial,Educación Nacional,Atlántico,Suministros,Contratación régimen especial,NIT,2024-06-24T00:00:00.000,2024-07-05T00:00:00.000,2024-09-30T00:00:00.000,197731590,0,Si,En ejecución,Distribuido,Funcionamiento,https://community.secop.gov.co/Public/Tendering/OpportunityDetail/Index?noticeUID=CO1.NTC.6263066&isFromPublicArea=True&isModal=true&asPopupView=true,CO1.BDOS.6161540,incidental,False,False,0.99
CO1.PCCNTR.5395919,IGAC Sede Central *,Nacional,Información Estadística,Distrito Capital de Bogotá,Prestación de servicios,Contratación directa,Cédula de Ciudadanía,2023-09-25T00:00:00.000,2023-10-05T00:00:00.000,2023-12-30T00:00:00.000,11433425,0,No,Cerrado,Distribuido,Inversión,https://community.secop.gov.co/Public/Tendering/OpportunityDetail/Index?noticeUID=CO1.NTC.4977661&isFromPublicArea=True&isModal=true&asPopupView=true,CO1.BDOS.4967635,individual_professional_ai,False,False,0.97
CO1.PCCNTR.5382537,DEPARTAMENTO ADMINISTRATIVO NACIONAL DE ESTADISTICA (DANE),Nacional,Información Estadística,Distrito Capital de Bogotá,Prestación de servicios,Contratación directa,Cédula de Ciudadanía,2023-09-19T00:00:00.000,2023-09-22T00:00:00.000,2023-12-31T00:00:00.000,24775200,0,No,En ejecución,Distribuido,Inversión,https://community.secop.gov.co/Public/Tendering/OpportunityDetail/Index?noticeUID=CO1.NTC.4961111&isFromPublicArea=True&isModal=true&asPopupView=true,CO1.BDOS.4950556,individual_professional_ai,False,False,0.96
CO1.PCCNTR.7506235,IGAC Sede Central *,Nacional,Información Estadística,Distrito Capital de Bogotá,Prestación de servicios,Contratación directa,Cédula de Ciudadanía,2025-02-18T00:00:00.000,2025-02-19T00:00:00.000,2025-12-31T00:00:00.000,95680000,0,No,Cerrado,Distribuido,Inversión,https://community.secop.gov.co/Public/Tendering/OpportunityDetail/Index?noticeUID=CO1.NTC.7649645&isFromPublicArea=True&isModal=true&asPopupView=true,CO1.BDOS.7634371,individual_professional_ai,False,False,0.98
CO1.PCCNTR.5798287,AGENCIA NACIONAL DE TIERRAS - ANT,Nacional,agricultura,Distrito Capital de Bogotá,Prestación de servicios,Contratación directa,Cédula de Ciudadanía,2024-01-24T00:00:00.000,2024-01-29T00:00:00.000,2024-06-30T00:00:00.000,34200000,0,No,En ejecución,Distribuido,Inversión,https://community.secop.gov.co/Public/Tendering/OpportunityDetail/Index?noticeUID=CO1.NTC.5497400&isFromPublicArea=True&isModal=true&asPopupView=true,CO1.BDOS.5488165,individual_professional_ai,False,False,0.98
CO1.PCCNTR.8973620,AUTORIDAD NACIONAL DE LICENCIAS AMBIENTALES - ANLA,Nacional,Ambiente y Desarrollo Sostenible,Distrito Capital de Bogotá,Prestación de servicios,Contratación directa,Cédula de Ciudadanía,2026-01-19T00:00:00.000,2026-01-19T00:00:00.000,2026-12-11T00:00:00.000,59216667,0,No,En ejecución,Distribuido,Inversión,https://community.secop.gov.co/Public/Tendering/OpportunityDetail/Index?noticeUID=CO1.NTC.9604312&isFromPublicArea=True&isModal=true&asPopupView=true,CO1.BDOS.9589454,individual_professional_ai,False,False,0.94
CO1.PCCNTR.4751624,SENA REGIONAL DISTRITO CAPITAL Grupo Administrativo Intercentros CEET,Nacional,Trabajo,Distrito Capital de Bogotá,Prestación de servicios,Contratación directa,Cédula de Ciudadanía,2023-03-14T00:00:00.000,2023-03-16T00:00:00.000,2023-12-30T00:00:00.000,39360000,0,No,Cerrado,Distribuido,Inversión,https://community.secop.gov.co/Public/Tendering/OpportunityDetail/Index?noticeUID=CO1.NTC.4145760&isFromPublicArea=True&isModal=true&asPopupView=true,CO1.BDOS.4144927,individual_professional_ai,False,False,0.98
CO1.PCCNTR.5350651,INSTITUCIÓN UNIVERSITARIA ITM,Nacional,Educación Nacional,Antioquia,Prestación de servicios,Contratación directa,Cédula de Ciudadanía,2023-09-04T00:00:00.000,2023-09-04T00:00:00.000,2023-10-17T00:00:00.000,6315000,0,Si,Modificado,Recursos Propios,Inversión,https://community.secop.gov.co/Public/Tendering/OpportunityDetail/Index?noticeUID=CO1.NTC.4912130&isFromPublicArea=True&isModal=true&asPopupView=true,CO1.BDOS.4903539,individual_professional_ai,False,False,0.79
CO1.PCCNTR.8800267,AUTORIDAD NACIONAL DE LICENCIAS AMBIENTALES - ANLA,Nacional,Ambiente y Desarrollo Sostenible,Distrito Capital de Bogotá,Prestación de servicios,Contratación directa,Cédula de Ciudadanía,2026-01-09T00:00:00.000,2026-01-09T00:00:00.000,2026-12-11T00:00:00.000,61050000,0,No,En ejecución,Distribuido,Inversión,https://community.secop.gov.co/Public/Tendering/OpportunityDetail/Index?noticeUID=CO1.NTC.9428443&isFromPublicArea=True&isModal=true&asPopupView=true,CO1.BDOS.9299664,individual_professional_ai,False,False,0.98
CO1.PCCNTR.7877923,COLEGIO JOHN F KENNEDY IED,Territorial,Educación Nacional,Distrito Capital de Bogotá,Compraventa,Contratación régimen especial (con ofertas),NIT,2025-05-16T00:00:00.000,2025-05-19T00:00:00.000,2025-07-03T00:00:00.000,5099800,0,No,En ejecución,Distribuido,Inversión,https://community.secop.gov.co/Public/Tendering/OpportunityDetail/Index?noticeUID=CO1.NTC.8066235&isFromPublicArea=True&isModal=true&asPopupView=true,CO1.BDOS.8047931,incidental,False,False,0.94
CO1.PCCNTR.5373508,ESAP SEDE CENTRAL (Cuenta Oficial),Nacional,Servicio Público,Distrito Capital de Bogotá,Prestación de servicios,Contratación directa,Cédula de Ciudadanía,2023-09-13T00:00:00.000,2023-09-19T00:00:00.000,2023-12-30T00:00:00.000,23796660,0,No,En ejecución,Recursos Propios,Inversión,https://community.secop.gov.co/Public/Tendering/OpportunityDetail/Index?noticeUID=CO1.NTC.4947796&isFromPublicArea=True&isModal=true&asPopupView=true,CO1.BDOS.4934302,individual_professional_ai,False,False,0.96
CO1.PCCNTR.5212267,SENA REGIONAL DISTRITO CAPITAL Grupo Administrativo Intercentros CGMLTI,Nacional,Trabajo,Distrito Capital de Bogotá,Prestación de servicios,Contratación directa,Cédula de Ciudadanía,2023-07-12T00:00:00.000,2023-07-13T00:00:00.000,2023-11-05T00:00:00.000,10395755,0,No,Cerrado,Distribuido,Inversión,https://community.secop.gov.co/Public/Tendering/OpportunityDetail/Index?noticeUID=CO1.NTC.4725900&isFromPublicArea=True&isModal=true&asPopupView=true,CO1.BDOS.4713741,individual_professional_ai,False,False,0.94
CO1.PCCNTR.5457814,SENA REGIONAL NARIÑO CENTRO SUR COLOMBIANO DE LOGISTICA INTERNACIONAL,Nacional,Trabajo,Nariño,Compraventa,Mínima cuantía,NIT,2023-10-17T00:00:00.000,2023-10-17T00:00:00.000,2023-12-15T00:00:00.000,84500000,14,Si,Modificado,Distribuido,Inversión,https://community.secop.gov.co/Public/Tendering/OpportunityDetail/Index?noticeUID=CO1.NTC.5026078&isFromPublicArea=True&isModal=true&asPopupView=true,CO1.BDOS.5015097,incidental,False,False,0.95
CO1.PCCNTR.5617095,SENA REGIONAL QUINDIO Grupo de Apoyo Administrativo Mixto,Nacional,Trabajo,Quindío,Prestación de servicios,Contratación directa,Cédula de Ciudadanía,2023-12-01T00:00:00.000,2023-12-01T00:00:00.000,2023-12-31T00:00:00.000,4152955,0,No,En ejecución,Distribuido,Inversión,https://community.secop.gov.co/Public/Tendering/OpportunityDetail/Index?noticeUID=CO1.NTC.5265816&isFromPublicArea=True&isModal=true&asPopupView=true,CO1.BDOS.5251976,individual_professional_ai,False,False,0.86
CO1.PCCNTR.8216992,AGENCIA NACIONAL DE HIDROCARBUROS**,Nacional,Minas y Energía,Distrito Capital de Bogotá,Prestación de servicios,Contratación directa,Cédula de Ciudadanía,2025-08-21T00:00:00.000,2025-08-25T00:00:00.000,2025-12-31T00:00:00.000,66495000,0,No,En ejecución,Distribuido,Funcionamiento,https://community.secop.gov.co/Public/Tendering/OpportunityDetail/Index?noticeUID=CO1.NTC.8630353&isFromPublicArea=True&isModal=true&asPopupView=true,CO1.BDOS.8607453,individual_professional_ai,False,False,0.98
CO1.PCCNTR.5296335,SENA REGIONAL NARIÑO CENTRO SUR COLOMBIANO DE LOGISTICA INTERNACIONAL,Nacional,Trabajo,Nariño,Compraventa,Mínima cuantía,Cédula de Ciudadanía,2023-08-15T00:00:00.000,2023-08-15T00:00:00.000,2023-09-14T00:00:00.000,5172399,0,Si,En ejecución,Distribuido,Inversión,https://community.secop.gov.co/Public/Tendering/OpportunityDetail/Index?noticeUID=CO1.NTC.4796382&isFromPublicArea=True&isModal=true&asPopupView=true,CO1.BDOS.4787608,incidental,False,False,0.97
CO1.PCCNTR.8047428,SENA REGIONAL NARIÑO Grupo de Apoyo Administrativo Mixto,Nacional,Trabajo,Nariño,Prestación de servicios,Contratación directa,Cédula de Ciudadanía,2025-07-04T00:00:00.000,2025-07-07T00:00:00.000,2025-12-31T00:00:00.000,27689490,0,No,En ejecución,Distribuido,Inversión,https://community.secop.gov.co/Public/Tendering/OpportunityDetail/Index?noticeUID=CO1.NTC.8381845&isFromPublicArea=True&isModal=true&asPopupView=true,CO1.BDOS.8356656,individual_professional_ai,False,False,0.98
CO1.PCCNTR.4806848,SENA REGIONAL DISTRITO CAPITAL Grupo Administrativo Intercentros CGMLTI,Nacional,Trabajo,Distrito Capital de Bogotá,Prestación de servicios,Contratación directa,Cédula de Ciudadanía,2023-03-28T00:00:00.000,2023-03-28T00:00:00.000,2023-12-30T00:00:00.000,39893000,0,No,Cerrado,Distribuido,Inversión,https://community.secop.gov.co/Public/Tendering/OpportunityDetail/Index?noticeUID=CO1.NTC.4217835&isFromPublicArea=True&isModal=true&asPopupView=true,CO1.BDOS.4212099,individual_professional_ai,False,False,0.98
CO1.PCCNTR.8854496,AUTORIDAD NACIONAL DE LICENCIAS AMBIENTALES - ANLA,Nacional,Ambiente y Desarrollo Sostenible,Distrito Capital de Bogotá,Prestación de servicios,Contratación directa,Cédula de Ciudadanía,2026-01-13T00:00:00.000,2026-01-13T00:00:00.000,2026-12-11T00:00:00.000,98700000,0,No,En ejecución,Recursos Propios,Inversión,https://community.secop.gov.co/Public/Tendering/OpportunityDetail/Index?noticeUID=CO1.NTC.9484856&isFromPublicArea=True&isModal=true&asPopupView=true,CO1.BDOS.9472446,individual_professional_ai,False,False,0.97
CO1.PCCNTR.4806954,SENA REGIONAL DISTRITO CAPITAL Grupo Administrativo Intercentros CGMLTI,Nacional,Trabajo,Distrito Capital de Bogotá,Prestación de servicios,Contratación directa,Cédula de Ciudadanía,2023-03-28T00:00:00.000,2023-03-29T00:00:00.000,2023-12-30T00:00:00.000,37993333,0,No,Cerrado,Distribuido,Inversión,https://community.secop.gov.co/Public/Tendering/OpportunityDetail/Index?noticeUID=CO1.NTC.4217834&isFromPublicArea=True&isModal=true&asPopupView=true,CO1.BDOS.4212304,individual_professional_ai,False,False,0.94
CO1.PCCNTR.4752217,SENA REGIONAL DISTRITO CAPITAL Grupo Administrativo Intercentros CEET,Nacional,Trabajo,Distrito Capital de Bogotá,Prestación de servicios,Contratación directa,Cédula de Ciudadanía,2023-03-16T00:00:00.000,2023-03-17T00:00:00.000,2023-12-30T00:00:00.000,38950000,0,No,Cerrado,Distribuido,Inversión,https://community.secop.gov.co/Public/Tendering/OpportunityDetail/Index?noticeUID=CO1.NTC.4145760&isFromPublicArea=True&isModal=true&asPopupView=true,CO1.BDOS.4144927,individual_professional_ai,False,False,0.98
CO1.PCCNTR.9733861,INSTITUCIÓN UNIVERSITARIA ITM,Nacional,Educación Nacional,Antioquia,Prestación de servicios,Contratación directa,Cédula de Ciudadanía,2026-07-30T00:00:00.000,2026-08-01T00:00:00.000,2026-10-29T00:00:00.000,14799999,0,Si,En ejecución,Recursos Propios,Inversión,https://community.secop.gov.co/Public/Tendering/OpportunityDetail/Index?noticeUID=CO1.NTC.10607606&isFromPublicArea=True&isModal=true&asPopupView=true,CO1.BDOS.10570059,individual_professional_ai,False,False,0.98
CO1.PCCNTR.7610430,IGAC Sede Central *,Nacional,Información Estadística,Distrito Capital de Bogotá,Prestación de servicios,Contratación directa,Cédula de Ciudadanía,2025-03-06T00:00:00.000,2025-03-10T00:00:00.000,2025-12-31T00:00:00.000,93950000,0,No,Cerrado,Distribuido,Inversión,https://community.secop.gov.co/Public/Tendering/OpportunityDetail/Index?noticeUID=CO1.NTC.7779726&isFromPublicArea=True&isModal=true&asPopupView=true,CO1.BDOS.7764825,individual_professional_ai,False,False,0.99
CO1.PCCNTR.5352136,INSTITUCIÓN UNIVERSITARIA ITM,Nacional,Educación Nacional,Antioquia,Prestación de servicios,Contratación directa,Cédula de Ciudadanía,2023-09-04T00:00:00.000,2023-09-04T00:00:00.000,2023-10-17T00:00:00.000,6315000,0,Si,Modificado,Recursos Propios,Inversión,https://community.secop.gov.co/Public/Tendering/OpportunityDetail/Index?noticeUID=CO1.NTC.4912862&isFromPublicArea=True&isModal=true&asPopupView=true,CO1.BDOS.4904649,individual_professional_ai,False,False,0.78
CO1.PCCNTR.5869364,DEPARTAMENTO ADMINISTRATIVO NACIONAL DE ESTADISTICA (DANE),Nacional,Información Estadística,Distrito Capital de Bogotá,Prestación de servicios,Contratación directa,Cédula de Ciudadanía,2024-02-01T00:00:00.000,2024-02-05T00:00:00.000,2024-12-04T00:00:00.000,57140000,0,No,Cerrado,Distribuido,Inversión,https://community.secop.gov.co/Public/Tendering/OpportunityDetail/Index?noticeUID=CO1.NTC.5567576&isFromPublicArea=True&isModal=true&asPopupView=true,CO1.BDOS.5496192,individual_professional_ai,False,False,0.99
CO1.PCCNTR.8296206,Universidad del Atlántico,Territorial,Educación Nacional,Atlántico,Suministros,Contratación régimen especial,NIT,2025-09-15T00:00:00.000,2025-09-26T00:00:00.000,2025-10-20T00:00:00.000,18319393,0,No,En ejecución,Distribuido,Funcionamiento,https://community.secop.gov.co/Public/Tendering/OpportunityDetail/Index?noticeUID=CO1.NTC.8738598&isFromPublicArea=True&isModal=true&asPopupView=true,CO1.BDOS.8632333,incidental,False,False,0.99
CO1.PCCNTR.4713578,AGENCIA DE EDUCACIÓN POSTSECUNDARIA DE MEDELLÍN -SAPIENCIA-,Territorial,Educación Nacional,Antioquia,Prestación de servicios,Contratación directa,Cédula de Ciudadanía,2023-03-01T00:00:00.000,2023-03-01T00:00:00.000,2023-05-31T00:00:00.000,20983077,0,No,terminado,Recursos Propios,Inversión,https://community.secop.gov.co/Public/Tendering/OpportunityDetail/Index?noticeUID=CO1.NTC.4100310&isFromPublicArea=True&isModal=true&asPopupView=true,CO1.BDOS.4096303,individual_professional_ai,False,False,0.98
CO1.PCCNTR.6534433,DEPARTAMENTO ADMINISTRATIVO NACIONAL DE ESTADISTICA (DANE),Nacional,Información Estadística,Distrito Capital de Bogotá,Prestación de servicios,Contratación directa,Cédula de Ciudadanía,2024-07-16T00:00:00.000,2024-07-17T00:00:00.000,2024-12-31T00:00:00.000,42000000,0,No,Cerrado,Distribuido,Inversión,https://community.secop.gov.co/Public/Tendering/OpportunityDetail/Index?noticeUID=CO1.NTC.6406019&isFromPublicArea=True&isModal=true&asPopupView=true,CO1.BDOS.6367055,individual_professional_ai,False,False,0.98
CO1.PCCNTR.8973733,AGENCIA NACIONAL DE HIDROCARBUROS**,Nacional,Minas y Energía,Distrito Capital de Bogotá,Prestación de servicios,Contratación directa,Cédula de Ciudadanía,2026-01-19T00:00:00.000,2026-01-24T00:00:00.000,2026-12-23T00:00:00.000,173349000,5,No,terminado,Distribuido,Funcionamiento,https://community.secop.gov.co/Public/Tendering/OpportunityDetail/Index?noticeUID=CO1.NTC.9604331&isFromPublicArea=True&isModal=true&asPopupView=true,CO1.BDOS.9591255,individual_professional_ai,False,False,0.98
CO1.PCCNTR.9106902,AUTORIDAD NACIONAL DE LICENCIAS AMBIENTALES - ANLA,Nacional,Ambiente y Desarrollo Sostenible,Distrito Capital de Bogotá,Prestación de servicios,Contratación directa,Cédula de Ciudadanía,2026-01-23T00:00:00.000,2026-01-23T00:00:00.000,2026-07-10T00:00:00.000,42000000,0,No,En ejecución,Distribuido,Inversión,https://community.secop.gov.co/Public/Tendering/OpportunityDetail/Index?noticeUID=CO1.NTC.9743025&isFromPublicArea=True&isModal=true&asPopupView=true,CO1.BDOS.9724797,individual_professional_ai,False,False,0.96
CO1.PCCNTR.5309732,SERVICIO GEOLOGICO COLOMBIANO**,Nacional,Minas y Energía,Distrito Capital de Bogotá,Prestación de servicios,Contratación directa,Cédula de Ciudadanía,2023-08-17T00:00:00.000,2023-08-18T00:00:00.000,2024-02-17T00:00:00.000,26136000,33,No,Modificado,Distribuido,Funcionamiento,https://community.secop.gov.co/Public/Tendering/OpportunityDetail/Index?noticeUID=CO1.NTC.4859341&isFromPublicArea=True&isModal=true&asPopupView=true,CO1.BDOS.4850175,individual_professional_ai,False,False,0.96
CO1.PCCNTR.5086318,SENA REGIONAL QUINDIO Grupo de Apoyo Administrativo Mixto,Nacional,Trabajo,Quindío,Prestación de servicios,Contratación directa,Cédula de Ciudadanía,2023-06-15T00:00:00.000,2023-06-16T00:00:00.000,2023-12-15T00:00:00.000,24600000,0,Si,terminado,Distribuido,Inversión,https://community.secop.gov.co/Public/Tendering/OpportunityDetail/Index?noticeUID=CO1.NTC.4577752&isFromPublicArea=True&isModal=true&asPopupView=true,CO1.BDOS.4571575,individual_professional_ai,False,False,0.91
CO1.PCCNTR.5187020,AGENCIA DE EDUCACIÓN POSTSECUNDARIA DE MEDELLÍN -SAPIENCIA-,Territorial,Educación Nacional,Antioquia,Prestación de servicios,Contratación directa,Cédula de Ciudadanía,2023-07-04T00:00:00.000,2023-07-04T00:00:00.000,2023-12-31T00:00:00.000,30014386,0,No,terminado,Recursos Propios,Inversión,https://community.secop.gov.co/Public/Tendering/OpportunityDetail/Index?noticeUID=CO1.NTC.4688099&isFromPublicArea=True&isModal=true&asPopupView=true,CO1.BDOS.4680152,individual_professional_ai,False,False,0.98
CO1.PCCNTR.6207902,SECRETARÍA DISTRITAL DE MOVILIDAD,Territorial,Transporte,Distrito Capital de Bogotá,Prestación de servicios,Contratación directa,Cédula de Ciudadanía,2024-04-12T00:00:00.000,2024-04-16T00:00:00.000,2025-02-28T00:00:00.000,48166020,0,Si,Cerrado,Distribuido,Inversión,https://community.secop.gov.co/Public/Tendering/OpportunityDetail/Index?noticeUID=CO1.NTC.5974391&isFromPublicArea=True&isModal=true&asPopupView=true,CO1.BDOS.5950292,individual_professional_ai,False,False,0.98
CO1.PCCNTR.6523650,Institución Universitaria Pascual Bravo COMPRADOR,Nacional,Educación Nacional,Antioquia,Prestación de servicios,Contratación directa,NIT,2024-07-12T00:00:00.000,2024-07-16T00:00:00.000,2024-12-15T00:00:00.000,87306750,4,No,Modificado,Distribuido,Funcionamiento,https://community.secop.gov.co/Public/Tendering/OpportunityDetail/Index?noticeUID=CO1.NTC.6391464&isFromPublicArea=True&isModal=true&asPopupView=true,CO1.BDOS.6381147,incidental,False,False,0.96
CO1.PCCNTR.6097049,SERVICIO GEOLOGICO COLOMBIANO**,Nacional,Minas y Energía,Distrito Capital de Bogotá,Prestación de servicios,Contratación directa,Cédula de Ciudadanía,2024-03-14T00:00:00.000,2024-03-15T00:00:00.000,2024-12-31T00:00:00.000,46332000,0,No,En ejecución,Distribuido,Inversión,https://community.secop.gov.co/Public/Tendering/OpportunityDetail/Index?noticeUID=CO1.NTC.5840207&isFromPublicArea=True&isModal=true&asPopupView=true,CO1.BDOS.5833444,individual_professional_ai,False,False,0.98
CO1.PCCNTR.5170857,Institución Universitaria Pascual Bravo COMPRADOR,Nacional,Educación Nacional,Antioquia,Prestación de servicios,Contratación directa,NIT,2023-06-28T00:00:00.000,2023-07-19T00:00:00.000,2023-12-15T00:00:00.000,1139391000,0,No,Cerrado,Recursos Propios,Inversión,https://community.secop.gov.co/Public/Tendering/OpportunityDetail/Index?noticeUID=CO1.NTC.4645667&isFromPublicArea=True&isModal=true&asPopupView=true,CO1.BDOS.4632607,incidental,False,False,0.97
CO1.PCCNTR.5204673,SENA REGIONAL NARIÑO CENTRO SUR COLOMBIANO DE LOGISTICA INTERNACIONAL,Nacional,Trabajo,Nariño,Compraventa,Mínima cuantía,Cédula de Ciudadanía,2023-07-11T00:00:00.000,2023-07-11T00:00:00.000,2023-08-25T00:00:00.000,7994800,15,Si,Modificado,Distribuido,Inversión,https://community.secop.gov.co/Public/Tendering/OpportunityDetail/Index?noticeUID=CO1.NTC.4646905&isFromPublicArea=True&isModal=true&asPopupView=true,CO1.BDOS.4637376,incidental,False,False,0.94
CO1.PCCNTR.5364181,MINCIENCIAS,Nacional,Ciencia Tecnología,Distrito Capital de Bogotá,Otro,Contratación Directa (con ofertas),NIT,2023-09-08T00:00:00.000,2023-09-25T00:00:00.000,2026-09-11T00:00:00.000,899657995,0,Si,En ejecución,Distribuido,Inversión,https://community.secop.gov.co/Public/Tendering/OpportunityDetail/Index?noticeUID=CO1.NTC.4929381&isFromPublicArea=True&isModal=true&asPopupView=true,CO1.BDOS.4920753,unclear,False,False,0.84
CO1.PCCNTR.7062424,INSTITUCIÓN UNIVERSITARIA ITM,Nacional,Educación Nacional,Antioquia,Prestación de servicios,Contratación directa,NIT,2024-11-23T00:00:00.000,2024-11-23T00:00:00.000,2024-12-31T00:00:00.000,202256410,0,No,En ejecución,Recursos Propios,Funcionamiento,https://community.secop.gov.co/Public/Tendering/OpportunityDetail/Index?noticeUID=CO1.NTC.7097898&isFromPublicArea=True&isModal=true&asPopupView=true,CO1.BDOS.7082714,incidental,False,False,0.98
CO1.PCCNTR.7221633,UAECD,Territorial,Hacienda y Crédito Público,Distrito Capital de Bogotá,Prestación de servicios,Contratación directa,Cédula de Ciudadanía,2025-01-10T00:00:00.000,2025-01-27T00:00:00.000,2025-06-26T00:00:00.000,42066385,0,No,En ejecución,Distribuido,Inversión,https://community.secop.gov.co/Public/Tendering/OpportunityDetail/Index?noticeUID=CO1.NTC.7317869&isFromPublicArea=True&isModal=true&asPopupView=true,CO1.BDOS.7301356,individual_professional_ai,False,False,0.98
CO1.PCCNTR.8959469,AUTORIDAD NACIONAL DE LICENCIAS AMBIENTALES - ANLA,Nacional,Ambiente y Desarrollo Sostenible,Distrito Capital de Bogotá,Prestación de servicios,Contratación directa,Cédula de Ciudadanía,2026-01-19T00:00:00.000,2026-01-19T00:00:00.000,2026-12-04T00:00:00.000,79000000,0,No,En ejecución,Distribuido,Inversión,https://community.secop.gov.co/Public/Tendering/OpportunityDetail/Index?noticeUID=CO1.NTC.9592219&isFromPublicArea=True&isModal=true&asPopupView=true,CO1.BDOS.9547913,individual_professional_ai,False,False,0.98
CO1.PCCNTR.8604761,ESAP SEDE CENTRAL (Cuenta Oficial),Nacional,Servicio Público,Distrito Capital de Bogotá,Prestación de servicios,Contratación directa,Cédula de Ciudadanía,2025-11-27T00:00:00.000,2025-12-01T00:00:00.000,2025-12-31T00:00:00.000,10633333,0,No,En ejecución,Recursos Propios,Inversión,https://community.secop.gov.co/Public/Tendering/OpportunityDetail/Index?noticeUID=CO1.NTC.9147902&isFromPublicArea=True&isModal=true&asPopupView=true,CO1.BDOS.9122655,individual_professional_ai,False,False,0.97
CO1.PCCNTR.6059734,SERVICIO GEOLOGICO COLOMBIANO**,Nacional,Minas y Energía,Distrito Capital de Bogotá,Prestación de servicios,Contratación directa,Cédula de Ciudadanía,2024-03-07T00:00:00.000,2024-03-08T00:00:00.000,2024-09-07T00:00:00.000,57780000,0,No,terminado,Distribuido,Funcionamiento,https://community.secop.gov.co/Public/Tendering/OpportunityDetail/Index?noticeUID=CO1.NTC.5793463&isFromPublicArea=True&isModal=true&asPopupView=true,CO1.BDOS.5784658,individual_professional_ai,False,False,0.97
CO1.PCCNTR.5515266,DEPARTAMENTO NACIONAL DE PLANEACIÓN,Nacional,Planeación,Distrito Capital de Bogotá,Prestación de servicios,Contratación directa,Cédula de Ciudadanía,2023-11-03T00:00:00.000,2023-11-07T00:00:00.000,2023-12-31T00:00:00.000,18600000,0,No,En ejecución,Distribuido,Inversión,https://community.secop.gov.co/Public/Tendering/OpportunityDetail/Index?noticeUID=CO1.NTC.5134195&isFromPublicArea=True&isModal=true&asPopupView=true,CO1.BDOS.5121351,individual_professional_ai,False,False,0.98
CO1.PCCNTR.5244449,SERVICIO GEOLOGICO COLOMBIANO**,Nacional,Minas y Energía,Distrito Capital de Bogotá,Prestación de servicios,Contratación directa,Cédula de Ciudadanía,2023-07-25T00:00:00.000,2023-07-27T00:00:00.000,2023-12-22T00:00:00.000,20440000,26,No,Modificado,Distribuido,Inversión,https://community.secop.gov.co/Public/Tendering/OpportunityDetail/Index?noticeUID=CO1.NTC.4768075&isFromPublicArea=True&isModal=true&asPopupView=true,CO1.BDOS.4757679,individual_professional_ai,False,False,0.98
CO1.PCCNTR.8805474,COMISIÓN DE REGULACIÓN DE AGUA POTABLE Y SANEAMIENTO BÁSICO.,Nacional,"Vivienda, Ciudad y Territorio",Distrito Capital de Bogotá,Prestación de servicios,Contratación directa,Cédula de Ciudadanía,2026-01-09T00:00:00.000,2026-01-15T00:00:00.000,2026-12-15T00:00:00.000,130000000,2,No,Modificado,Distribuido,Inversión,https://community.secop.gov.co/Public/Tendering/OpportunityDetail/Index?noticeUID=CO1.NTC.9434754&isFromPublicArea=True&isModal=true&asPopupView=true,CO1.BDOS.9420482,individual_professional_ai,False,False,0.97
CO1.PCCNTR.8554914,JEP,Nacional,No aplica/No pertenece,Distrito Capital de Bogotá,Prestación de servicios,Contratación régimen especial,Cédula de Ciudadanía,2025-11-13T00:00:00.000,2025-11-19T00:00:00.000,2025-12-31T00:00:00.000,21511786,0,No,Modificado,Distribuido,Inversión,https://community.secop.gov.co/Public/Tendering/OpportunityDetail/Index?noticeUID=CO1.NTC.9081120&isFromPublicArea=True&isModal=true&asPopupView=true,CO1.BDOS.9056270,individual_professional_ai,False,False,0.99
CO1.PCCNTR.8554701,JEP,Nacional,No aplica/No pertenece,Distrito Capital de Bogotá,Prestación de servicios,Contratación régimen especial,Cédula de Ciudadanía,2025-11-13T00:00:00.000,2025-11-19T00:00:00.000,2025-12-31T00:00:00.000,21511786,0,No,Modificado,Distribuido,Inversión,https://community.secop.gov.co/Public/Tendering/OpportunityDetail/Index?noticeUID=CO1.NTC.9080926&isFromPublicArea=True&isModal=true&asPopupView=true,CO1.BDOS.9056173,individual_professional_ai,False,False,0.98
CO1.PCCNTR.8773072,JEP,Nacional,No aplica/No pertenece,Distrito Capital de Bogotá,Prestación de servicios,Contratación régimen especial,Cédula de Ciudadanía,2026-01-07T00:00:00.000,2026-01-09T00:00:00.000,2026-12-31T00:00:00.000,127995106,0,No,En ejecución,Distribuido,Inversión,https://community.secop.gov.co/Public/Tendering/OpportunityDetail/Index?noticeUID=CO1.NTC.9392862&isFromPublicArea=True&isModal=true&asPopupView=true,CO1.BDOS.9378407,individual_professional_ai,False,False,0.98
CO1.PCCNTR.4493759,DEPARTAMENTO NACIONAL DE PLANEACIÓN,Nacional,Planeación,Distrito Capital de Bogotá,Prestación de servicios,Contratación directa,Cédula de Ciudadanía,2023-01-30T00:00:00.000,2023-01-31T00:00:00.000,2023-05-30T00:00:00.000,16808000,0,No,Cerrado,Distribuido,Inversión,https://community.secop.gov.co/Public/Tendering/OpportunityDetail/Index?noticeUID=CO1.NTC.3857652&isFromPublicArea=True&isModal=true&asPopupView=true,CO1.BDOS.3856623,individual_professional_ai,False,False,0.98
CO1.PCCNTR.7463824,ADRES,Nacional,Salud y Protección Social,Distrito Capital de Bogotá,Prestación de servicios,Contratación directa,Cédula de Ciudadanía,2025-02-11T00:00:00.000,2025-02-12T00:00:00.000,2025-12-31T00:00:00.000,112713334,81,No,Modificado,Recursos Propios,Funcionamiento,https://community.secop.gov.co/Public/Tendering/OpportunityDetail/Index?noticeUID=CO1.NTC.7597719&isFromPublicArea=True&isModal=true&asPopupView=true,CO1.BDOS.7583339,individual_professional_ai,False,False,0.99
CO1.PCCNTR.6083907,ADRES,Nacional,Salud y Protección Social,Distrito Capital de Bogotá,Prestación de servicios,Contratación directa,Cédula de Ciudadanía,2024-03-13T00:00:00.000,2024-03-15T00:00:00.000,2024-08-14T00:00:00.000,60000000,0,No,Cerrado,Recursos Propios,Funcionamiento,https://community.secop.gov.co/Public/Tendering/OpportunityDetail/Index?noticeUID=CO1.NTC.5815736&isFromPublicArea=True&isModal=true&asPopupView=true,CO1.BDOS.5808332,individual_professional_ai,False,False,0.99
CO1.PCCNTR.5020632,DEPARTAMENTO NACIONAL DE PLANEACIÓN,Nacional,Planeación,Distrito Capital de Bogotá,Prestación de servicios,Contratación directa,Cédula de Ciudadanía,2023-05-31T00:00:00.000,2023-06-01T00:00:00.000,2023-12-31T00:00:00.000,29554067,0,No,Cerrado,Distribuido,Inversión,https://community.secop.gov.co/Public/Tendering/OpportunityDetail/Index?noticeUID=CO1.NTC.4493488&isFromPublicArea=True&isModal=true&asPopupView=true,CO1.BDOS.4488610,individual_professional_ai,False,False,0.99
CO1.PCCNTR.7424304,DEPARTAMENTO NACIONAL DE PLANEACIÓN,Nacional,Planeación,Distrito Capital de Bogotá,Prestación de servicios,Contratación directa,Cédula de Ciudadanía,2025-02-06T00:00:00.000,2025-02-10T00:00:00.000,2025-12-31T00:00:00.000,106333327,0,No,Modificado,Distribuido,Inversión,https://community.secop.gov.co/Public/Tendering/OpportunityDetail/Index?noticeUID=CO1.NTC.7554362&isFromPublicArea=True&isModal=true&asPopupView=true,CO1.BDOS.7535932,individual_professional_ai,False,False,0.98
CO1.PCCNTR.5362518,Unidad de Busqueda de Personas Desaparecidas,Nacional,Ley de Justicia,Distrito Capital de Bogotá,Prestación de servicios,Contratación directa,Cédula de Ciudadanía,2023-09-08T00:00:00.000,2023-09-08T00:00:00.000,2023-12-31T00:00:00.000,35410433,0,No,Cerrado,Distribuido,Inversión,https://community.secop.gov.co/Public/Tendering/OpportunityDetail/Index?noticeUID=CO1.NTC.4930889&isFromPublicArea=True&isModal=true&asPopupView=true,CO1.BDOS.4921906,individual_professional_ai,False,False,0.97
CO1.PCCNTR.6070623,INSTITUCIÓN UNIVERSITARIA ITM,Nacional,Educación Nacional,Antioquia,Prestación de servicios,Contratación directa,Cédula de Ciudadanía,2024-03-08T00:00:00.000,2024-03-08T00:00:00.000,2024-06-30T00:00:00.000,22708585,0,No,En ejecución,Recursos Propios,Funcionamiento,https://community.secop.gov.co/Public/Tendering/OpportunityDetail/Index?noticeUID=CO1.NTC.5805976&isFromPublicArea=True&isModal=true&asPopupView=true,CO1.BDOS.5798965,individual_professional_ai,False,False,0.97
CO1.PCCNTR.5017368,DEPARTAMENTO NACIONAL DE PLANEACIÓN,Nacional,Planeación,Distrito Capital de Bogotá,Prestación de servicios,Contratación directa,Cédula de Ciudadanía,2023-05-30T00:00:00.000,2023-06-01T00:00:00.000,2023-12-31T00:00:00.000,29694134,0,No,Cerrado,Distribuido,Inversión,https://community.secop.gov.co/Public/Tendering/OpportunityDetail/Index?noticeUID=CO1.NTC.4489550&isFromPublicArea=True&isModal=true&asPopupView=true,CO1.BDOS.4484485,individual_professional_ai,False,False,0.98
CO1.PCCNTR.6913901,ADRES,Nacional,Salud y Protección Social,Distrito Capital de Bogotá,Prestación de servicios,Contratación directa,Cédula de Ciudadanía,2024-10-17T00:00:00.000,2024-10-18T00:00:00.000,2024-12-31T00:00:00.000,13756000,0,No,Cerrado,Recursos Propios,Funcionamiento,https://community.secop.gov.co/Public/Tendering/OpportunityDetail/Index?noticeUID=CO1.NTC.6899452&isFromPublicArea=True&isModal=true&asPopupView=true,CO1.BDOS.6888104,individual_professional_ai,False,False,0.97
CO1.PCCNTR.8235850,Patrimonio Autónomo-Fondo De Seguridad Vial,Nacional,Hacienda y Crédito Público,No Definido,Decreto 092 de 2017,Contratación régimen especial,Cédula de Ciudadanía,2025-08-27T00:00:00.000,2025-09-03T00:00:00.000,2026-09-02T00:00:00.000,107880000,0,No,En ejecución,Recursos Propios,Inversión,https://community.secop.gov.co/Public/Tendering/OpportunityDetail/Index?noticeUID=CO1.NTC.8655801&isFromPublicArea=True&isModal=true&asPopupView=true,CO1.BDOS.8632700,individual_professional_ai,False,False,0.93
CO1.PCCNTR.8958093,IGAC Sede Central *,Nacional,Información Estadística,Distrito Capital de Bogotá,Prestación de servicios,Contratación directa,Cédula de Ciudadanía,2026-01-19T00:00:00.000,2026-01-26T00:00:00.000,2026-09-25T00:00:00.000,32000000,5,No,terminado,Distribuido,Inversión,https://community.secop.gov.co/Public/Tendering/OpportunityDetail/Index?noticeUID=CO1.NTC.9591011&isFromPublicArea=True&isModal=true&asPopupView=true,CO1.BDOS.9577000,individual_professional_ai,False,False,0.98
CO1.PCCNTR.4719732,DEPARTAMENTO NACIONAL DE PLANEACIÓN,Nacional,Planeación,Distrito Capital de Bogotá,Prestación de servicios,Contratación directa,Cédula de Ciudadanía,2023-03-02T00:00:00.000,2023-03-03T00:00:00.000,2023-07-02T00:00:00.000,16808000,0,No,En ejecución,Distribuido,Inversión,https://community.secop.gov.co/Public/Tendering/OpportunityDetail/Index?noticeUID=CO1.NTC.4107082&isFromPublicArea=True&isModal=true&asPopupView=true,CO1.BDOS.4106216,individual_professional_ai,False,False,0.98
CO1.PCCNTR.5781846,ADRES,Nacional,Salud y Protección Social,Distrito Capital de Bogotá,Prestación de servicios,Contratación directa,Cédula de Ciudadanía,2024-01-23T00:00:00.000,2024-01-26T00:00:00.000,2024-08-31T00:00:00.000,48000000,0,No,Cerrado,Recursos Propios,Funcionamiento,https://community.secop.gov.co/Public/Tendering/OpportunityDetail/Index?noticeUID=CO1.NTC.5471769&isFromPublicArea=True&isModal=true&asPopupView=true,CO1.BDOS.5459209,individual_professional_ai,False,False,0.98
CO1.PCCNTR.5180789,DEPARTAMENTO NACIONAL DE PLANEACIÓN,Nacional,Planeación,Distrito Capital de Bogotá,Prestación de servicios,Contratación directa,Cédula de Ciudadanía,2023-07-04T00:00:00.000,2023-07-05T00:00:00.000,2023-12-31T00:00:00.000,24791809,0,No,Cerrado,Distribuido,Inversión,https://community.secop.gov.co/Public/Tendering/OpportunityDetail/Index?noticeUID=CO1.NTC.4681501&isFromPublicArea=True&isModal=true&asPopupView=true,CO1.BDOS.4674534,individual_professional_ai,False,False,0.98
CO1.PCCNTR.7542120,IGAC Sede Central *,Nacional,Información Estadística,Distrito Capital de Bogotá,Prestación de servicios,Contratación directa,Cédula de Ciudadanía,2025-02-25T00:00:00.000,2025-02-27T00:00:00.000,2025-12-31T00:00:00.000,33295500,0,No,Cerrado,Distribuido,Inversión,https://community.secop.gov.co/Public/Tendering/OpportunityDetail/Index?noticeUID=CO1.NTC.7693118&isFromPublicArea=True&isModal=true&asPopupView=true,CO1.BDOS.7678126,individual_professional_ai,False,False,0.98
CO1.PCCNTR.6390402,ADRES,Nacional,Salud y Protección Social,Distrito Capital de Bogotá,Prestación de servicios,Contratación directa,Cédula de Ciudadanía,2024-06-06T00:00:00.000,2024-06-12T00:00:00.000,2024-10-11T00:00:00.000,21720000,0,No,Cerrado,Recursos Propios,Funcionamiento,https://community.secop.gov.co/Public/Tendering/OpportunityDetail/Index?noticeUID=CO1.NTC.6204651&isFromPublicArea=True&isModal=true&asPopupView=true,CO1.BDOS.6187363,individual_professional_ai,False,False,0.99
CO1.PCCNTR.7081215,ADRES,Nacional,Salud y Protección Social,Distrito Capital de Bogotá,Prestación de servicios,Contratación directa,Cédula de Ciudadanía,2024-11-28T00:00:00.000,2024-12-04T00:00:00.000,2024-12-31T00:00:00.000,7600000,0,No,Cerrado,Recursos Propios,Funcionamiento,https://community.secop.gov.co/Public/Tendering/OpportunityDetail/Index?noticeUID=CO1.NTC.7120876&isFromPublicArea=True&isModal=true&asPopupView=true,CO1.BDOS.7104423,individual_professional_ai,False,False,0.98
CO1.PCCNTR.4473042,DEPARTAMENTO NACIONAL DE PLANEACIÓN,Nacional,Planeación,Distrito Capital de Bogotá,Prestación de servicios,Contratación directa,Cédula de Ciudadanía,2023-01-25T00:00:00.000,2023-01-27T00:00:00.000,2023-05-26T00:00:00.000,23540000,0,No,Cerrado,Distribuido,Inversión,https://community.secop.gov.co/Public/Tendering/OpportunityDetail/Index?noticeUID=CO1.NTC.3826369&isFromPublicArea=True&isModal=true&asPopupView=true,CO1.BDOS.3822758,individual_professional_ai,False,False,0.97
CO1.PCCNTR.5495833,Unidad de Busqueda de Personas Desaparecidas,Nacional,Ley de Justicia,Distrito Capital de Bogotá,Prestación de servicios,Contratación directa,Cédula de Ciudadanía,2023-10-30T00:00:00.000,2023-11-01T00:00:00.000,2023-12-31T00:00:00.000,18802000,0,No,Cerrado,Distribuido,Inversión,https://community.secop.gov.co/Public/Tendering/OpportunityDetail/Index?noticeUID=CO1.NTC.5110944&isFromPublicArea=True&isModal=true&asPopupView=true,CO1.BDOS.5097598,individual_professional_ai,False,False,0.98
CO1.PCCNTR.8856629,ADRES,Nacional,Salud y Protección Social,Distrito Capital de Bogotá,Prestación de servicios,Contratación directa,Cédula de Ciudadanía,2026-01-14T00:00:00.000,2026-01-15T00:00:00.000,2026-11-14T00:00:00.000,132447000,61,No,Modificado,Recursos Propios,Funcionamiento,https://community.secop.gov.co/Public/Tendering/OpportunityDetail/Index?noticeUID=CO1.NTC.9481830&isFromPublicArea=True&isModal=true&asPopupView=true,CO1.BDOS.9462880,individual_professional_ai,False,False,0.98
CO1.PCCNTR.5020323,DEPARTAMENTO NACIONAL DE PLANEACIÓN,Nacional,Planeación,Distrito Capital de Bogotá,Prestación de servicios,Contratación directa,Cédula de Ciudadanía,2023-05-31T00:00:00.000,2023-06-01T00:00:00.000,2023-12-31T00:00:00.000,36601467,0,No,Cerrado,Distribuido,Inversión,https://community.secop.gov.co/Public/Tendering/OpportunityDetail/Index?noticeUID=CO1.NTC.4493225&isFromPublicArea=True&isModal=true&asPopupView=true,CO1.BDOS.4487770,individual_professional_ai,False,False,0.98
CO1.PCCNTR.8774124,JEP,Nacional,No aplica/No pertenece,Distrito Capital de Bogotá,Prestación de servicios,Contratación régimen especial,Cédula de Ciudadanía,2026-01-09T00:00:00.000,2026-01-16T00:00:00.000,2026-12-31T00:00:00.000,124051287,0,No,Modificado,Distribuido,Inversión,https://community.secop.gov.co/Public/Tendering/OpportunityDetail/Index?noticeUID=CO1.NTC.9394312&isFromPublicArea=True&isModal=true&asPopupView=true,CO1.BDOS.9379841,individual_professional_ai,False,False,0.97
CO1.PCCNTR.5854326,DEPARTAMENTO NACIONAL DE PLANEACIÓN,Nacional,Planeación,Distrito Capital de Bogotá,Prestación de servicios,Contratación directa,Cédula de Ciudadanía,2024-01-31T00:00:00.000,2024-02-01T00:00:00.000,2024-12-31T00:00:00.000,53155300,0,No,En ejecución,Distribuido,Inversión,https://community.secop.gov.co/Public/Tendering/OpportunityDetail/Index?noticeUID=CO1.NTC.5551695&isFromPublicArea=True&isModal=true&asPopupView=true,CO1.BDOS.5543609,individual_professional_ai,False,False,0.98
CO1.PCCNTR.6875359,ADRES,Nacional,Salud y Protección Social,Distrito Capital de Bogotá,Prestación de servicios,Contratación directa,Cédula de Ciudadanía,2024-10-09T00:00:00.000,2024-10-09T00:00:00.000,2024-12-31T00:00:00.000,15023000,0,No,Cerrado,Recursos Propios,Funcionamiento,https://community.secop.gov.co/Public/Tendering/OpportunityDetail/Index?noticeUID=CO1.NTC.6857266&isFromPublicArea=True&isModal=true&asPopupView=true,CO1.BDOS.6847300,individual_professional_ai,False,False,0.99
CO1.PCCNTR.5846106,ADRES,Nacional,Salud y Protección Social,Distrito Capital de Bogotá,Prestación de servicios,Contratación directa,Cédula de Ciudadanía,2024-01-31T00:00:00.000,2024-02-01T00:00:00.000,2024-12-31T00:00:00.000,65162544,0,No,Cerrado,Recursos Propios,Funcionamiento,https://community.secop.gov.co/Public/Tendering/OpportunityDetail/Index?noticeUID=CO1.NTC.5530300&isFromPublicArea=True&isModal=true&asPopupView=true,CO1.BDOS.5520729,individual_professional_ai,False,False,0.98
CO1.PCCNTR.5841073,DEPARTAMENTO NACIONAL DE PLANEACIÓN,Nacional,Planeación,Distrito Capital de Bogotá,Prestación de servicios,Contratación directa,Cédula de Ciudadanía,2024-01-30T00:00:00.000,2024-01-31T00:00:00.000,2024-12-31T00:00:00.000,54282832,0,No,En ejecución,Distribuido,Inversión,https://community.secop.gov.co/Public/Tendering/OpportunityDetail/Index?noticeUID=CO1.NTC.5538446&isFromPublicArea=True&isModal=true&asPopupView=true,CO1.BDOS.5528671,individual_professional_ai,False,False,0.98
CO1.PCCNTR.6390852,ADRES,Nacional,Salud y Protección Social,Distrito Capital de Bogotá,Prestación de servicios,Contratación directa,Cédula de Ciudadanía,2024-06-06T00:00:00.000,2024-06-07T00:00:00.000,2024-10-06T00:00:00.000,21720000,0,No,Cerrado,Recursos Propios,Funcionamiento,https://community.secop.gov.co/Public/Tendering/OpportunityDetail/Index?noticeUID=CO1.NTC.6204651&isFromPublicArea=True&isModal=true&asPopupView=true,CO1.BDOS.6187363,individual_professional_ai,False,False,0.97
CO1.PCCNTR.5854341,DEPARTAMENTO NACIONAL DE PLANEACIÓN,Nacional,Planeación,Distrito Capital de Bogotá,Prestación de servicios,Contratación directa,Cédula de Ciudadanía,2024-01-31T00:00:00.000,2024-02-01T00:00:00.000,2024-12-31T00:00:00.000,53155300,0,No,Cerrado,Distribuido,Inversión,https://community.secop.gov.co/Public/Tendering/OpportunityDetail/Index?noticeUID=CO1.NTC.5551578&isFromPublicArea=True&isModal=true&asPopupView=true,CO1.BDOS.5543452,individual_professional_ai,False,False,0.97
CO1.PCCNTR.5531967,ADRES,Nacional,Salud y Protección Social,Distrito Capital de Bogotá,Prestación de servicios,Contratación directa,Cédula de Ciudadanía,2023-11-10T00:00:00.000,2023-11-14T00:00:00.000,2023-12-31T00:00:00.000,36000000,0,No,Cerrado,Recursos Propios,Funcionamiento,https://community.secop.gov.co/Public/Tendering/OpportunityDetail/Index?noticeUID=CO1.NTC.5127877&isFromPublicArea=True&isModal=true&asPopupView=true,CO1.BDOS.5114436,individual_professional_ai,False,False,0.98
CO1.PCCNTR.6870895,ADRES,Nacional,Salud y Protección Social,Distrito Capital de Bogotá,Prestación de servicios,Contratación directa,Cédula de Ciudadanía,2024-10-08T00:00:00.000,2024-10-09T00:00:00.000,2024-12-31T00:00:00.000,16290000,0,No,Cerrado,Recursos Propios,Funcionamiento,https://community.secop.gov.co/Public/Tendering/OpportunityDetail/Index?noticeUID=CO1.NTC.6850892&isFromPublicArea=True&isModal=true&asPopupView=true,CO1.BDOS.6841016,individual_professional_ai,False,False,0.98
CO1.PCCNTR.7551299,ANM,Nacional,Minas y Energía,Distrito Capital de Bogotá,Prestación de servicios,Contratación directa,Cédula de Ciudadanía,2025-02-25T00:00:00.000,2025-02-27T00:00:00.000,2025-12-31T00:00:00.000,101000000,0,Si,terminado,Distribuido,Inversión,https://community.secop.gov.co/Public/Tendering/OpportunityDetail/Index?noticeUID=CO1.NTC.7704960&isFromPublicArea=True&isModal=true&asPopupView=true,CO1.BDOS.7690843,individual_professional_ai,False,False,0.98
CO1.PCCNTR.5828297,DEPARTAMENTO NACIONAL DE PLANEACIÓN,Nacional,Planeación,Distrito Capital de Bogotá,Prestación de servicios,Contratación directa,Cédula de Ciudadanía,2024-01-29T00:00:00.000,2024-01-30T00:00:00.000,2024-12-31T00:00:00.000,72934764,0,Si,En ejecución,Distribuido,Inversión,https://community.secop.gov.co/Public/Tendering/OpportunityDetail/Index?noticeUID=CO1.NTC.5525587&isFromPublicArea=True&isModal=true&asPopupView=true,CO1.BDOS.5516252,individual_professional_ai,False,False,0.98
CO1.PCCNTR.8142442,ADRES,Nacional,Salud y Protección Social,Distrito Capital de Bogotá,Prestación de servicios,Contratación directa,Cédula de Ciudadanía,2025-07-31T00:00:00.000,2025-08-01T00:00:00.000,2025-12-31T00:00:00.000,75684000,0,No,Cerrado,Recursos Propios,Funcionamiento,https://community.secop.gov.co/Public/Tendering/OpportunityDetail/Index?noticeUID=CO1.NTC.8520837&isFromPublicArea=True&isModal=true&asPopupView=true,CO1.BDOS.8497932,individual_professional_ai,False,False,0.99
CO1.PCCNTR.6654713,ADRES,Nacional,Salud y Protección Social,Distrito Capital de Bogotá,Prestación de servicios,Contratación directa,Cédula de Ciudadanía,2024-08-16T00:00:00.000,2024-08-23T00:00:00.000,2024-12-31T00:00:00.000,54400000,0,No,Cerrado,Recursos Propios,Funcionamiento,https://community.secop.gov.co/Public/Tendering/OpportunityDetail/Index?noticeUID=CO1.NTC.6559509&isFromPublicArea=True&isModal=true&asPopupView=true,CO1.BDOS.6548390,individual_professional_ai,False,False,0.99
CO1.PCCNTR.8424053,JEP,Nacional,No aplica/No pertenece,Distrito Capital de Bogotá,Prestación de servicios,Contratación régimen especial,Cédula de Ciudadanía,2025-10-10T00:00:00.000,2025-10-16T00:00:00.000,2025-12-31T00:00:00.000,27248250,0,No,Modificado,Distribuido,Inversión,https://community.secop.gov.co/Public/Tendering/OpportunityDetail/Index?noticeUID=CO1.NTC.8907701&isFromPublicArea=True&isModal=true&asPopupView=true,CO1.BDOS.8881482,individual_professional_ai,False,False,0.96
CO1.PCCNTR.5362510,Unidad de Busqueda de Personas Desaparecidas,Nacional,Ley de Justicia,Distrito Capital de Bogotá,Prestación de servicios,Contratación directa,Cédula de Ciudadanía,2023-09-08T00:00:00.000,2023-09-08T00:00:00.000,2023-12-31T00:00:00.000,35410433,0,No,Cerrado,Distribuido,Inversión,https://community.secop.gov.co/Public/Tendering/OpportunityDetail/Index?noticeUID=CO1.NTC.4930727&isFromPublicArea=True&isModal=true&asPopupView=true,CO1.BDOS.4921715,individual_professional_ai,False,False,0.98
CO1.PCCNTR.7141735,INSTITUCION UNIVERSITARIA DE ENVIGADO,Territorial,Educación Nacional,Antioquia,Prestación de servicios,Contratación directa,Cédula de Ciudadanía,2024-12-13T00:00:00.000,2024-12-13T00:00:00.000,2024-12-20T00:00:00.000,18000000,0,No,Cerrado,Recursos Propios,Inversión,https://community.secop.gov.co/Public/Tendering/OpportunityDetail/Index?noticeUID=CO1.NTC.7203774&isFromPublicArea=True&isModal=true&asPopupView=true,CO1.BDOS.7177649,incidental,False,False,0.91
CO1.PCCNTR.7463934,ADRES,Nacional,Salud y Protección Social,Distrito Capital de Bogotá,Prestación de servicios,Contratación directa,Cédula de Ciudadanía,2025-02-12T00:00:00.000,2025-02-13T00:00:00.000,2025-12-31T00:00:00.000,112360000,0,No,Cerrado,Recursos Propios,Funcionamiento,https://community.secop.gov.co/Public/Tendering/OpportunityDetail/Index?noticeUID=CO1.NTC.7597719&isFromPublicArea=True&isModal=true&asPopupView=true,CO1.BDOS.7583339,individual_professional_ai,False,False,0.98
CO1.PCCNTR.5111002,DEPARTAMENTO NACIONAL DE PLANEACIÓN,Nacional,Planeación,Distrito Capital de Bogotá,Prestación de servicios,Contratación directa,Cédula de Ciudadanía,2023-06-21T00:00:00.000,2023-06-23T00:00:00.000,2023-12-31T00:00:00.000,37075503,0,No,En ejecución,Distribuido,Inversión,https://community.secop.gov.co/Public/Tendering/OpportunityDetail/Index?noticeUID=CO1.NTC.4607104&isFromPublicArea=True&isModal=true&asPopupView=true,CO1.BDOS.4600498,individual_professional_ai,False,False,0.98
CO1.PCCNTR.6618456,DEPARTAMENTO ADMINISTRATIVO NACIONAL DE ESTADISTICA (DANE),Nacional,Información Estadística,Distrito Capital de Bogotá,Prestación de servicios,Contratación directa,Cédula de Ciudadanía,2024-08-08T00:00:00.000,2024-08-09T00:00:00.000,2024-12-31T00:00:00.000,50000000,0,No,En ejecución,Distribuido,Inversión,https://community.secop.gov.co/Public/Tendering/OpportunityDetail/Index?noticeUID=CO1.NTC.6517141&isFromPublicArea=True&isModal=true&asPopupView=true,CO1.BDOS.6500977,individual_professional_ai,False,False,0.98
CO1.PCCNTR.8992980,"INSTITUTO DE HIDROLOGIA, METEOROLOGÍA Y ESTUDIOS AMBIENTALES",Nacional,Ambiente y Desarrollo Sostenible,Distrito Capital de Bogotá,Prestación de servicios,Contratación directa,Cédula de Ciudadanía,2026-01-20T00:00:00.000,2026-01-21T00:00:00.000,2026-12-31T00:00:00.000,72919440,0,No,En ejecución,Distribuido,Inversión,https://community.secop.gov.co/Public/Tendering/OpportunityDetail/Index?noticeUID=CO1.NTC.9625103&isFromPublicArea=True&isModal=true&asPopupView=true,CO1.BDOS.9611321,individual_professional_ai,False,False,0.98
CO1.PCCNTR.9177981,ADRES,Nacional,Salud y Protección Social,Distrito Capital de Bogotá,Prestación de servicios,Contratación directa,Cédula de Ciudadanía,2026-01-27T00:00:00.000,2026-01-28T00:00:00.000,2026-09-27T00:00:00.000,77711200,0,No,En ejecución,Recursos Propios,Funcionamiento,https://community.secop.gov.co/Public/Tendering/OpportunityDetail/Index?noticeUID=CO1.NTC.9809093&isFromPublicArea=True&isModal=true&asPopupView=true,CO1.BDOS.9789626,individual_professional_ai,False,False,0.98
CO1.PCCNTR.6675445,ADRES,Nacional,Salud y Protección Social,Distrito Capital de Bogotá,Prestación de servicios,Contratación directa,Cédula de Ciudadanía,2024-08-23T00:00:00.000,2024-08-29T00:00:00.000,2024-12-31T00:00:00.000,38700000,0,No,Cerrado,Recursos Propios,Funcionamiento,https://community.secop.gov.co/Public/Tendering/OpportunityDetail/Index?noticeUID=CO1.NTC.6594559&isFromPublicArea=True&isModal=true&asPopupView=true,CO1.BDOS.6582871,individual_professional_ai,False,False,0.99
CO1.PCCNTR.7463915,ADRES,Nacional,Salud y Protección Social,Distrito Capital de Bogotá,Prestación de servicios,Contratación directa,Cédula de Ciudadanía,2025-02-11T00:00:00.000,2025-02-12T00:00:00.000,2025-12-31T00:00:00.000,112713334,0,No,Cerrado,Recursos Propios,Funcionamiento,https://community.secop.gov.co/Public/Tendering/OpportunityDetail/Index?noticeUID=CO1.NTC.7597719&isFromPublicArea=True&isModal=true&asPopupView=true,CO1.BDOS.7583339,individual_professional_ai,False,False,0.98
CO1.PCCNTR.7307679,DEPARTAMENTO NACIONAL DE PLANEACIÓN,Nacional,Planeación,Distrito Capital de Bogotá,Prestación de servicios,Contratación directa,Cédula de Ciudadanía,2025-01-23T00:00:00.000,2025-01-24T00:00:00.000,2025-12-31T00:00:00.000,51714000,0,No,Modificado,Distribuido,Inversión,https://community.secop.gov.co/Public/Tendering/OpportunityDetail/Index?noticeUID=CO1.NTC.7422313&isFromPublicArea=True&isModal=true&asPopupView=true,CO1.BDOS.7400292,individual_professional_ai,False,False,0.98
CO1.PCCNTR.7558186,INSTITUCIÓN UNIVERSITARIA ITM,Nacional,Educación Nacional,Antioquia,Prestación de servicios,Contratación directa,Cédula de Ciudadanía,2025-02-25T00:00:00.000,2025-02-25T00:00:00.000,2025-05-31T00:00:00.000,11400000,0,Si,En ejecución,Recursos Propios,Funcionamiento,https://community.secop.gov.co/Public/Tendering/OpportunityDetail/Index?noticeUID=CO1.NTC.7714467&isFromPublicArea=True&isModal=true&asPopupView=true,CO1.BDOS.7699973,individual_professional_ai,False,False,0.95
CO1.PCCNTR.6390948,ADRES,Nacional,Salud y Protección Social,Distrito Capital de Bogotá,Prestación de servicios,Contratación directa,Cédula de Ciudadanía,2024-06-06T00:00:00.000,2024-06-07T00:00:00.000,2024-10-06T00:00:00.000,21720000,0,No,Cerrado,Recursos Propios,Funcionamiento,https://community.secop.gov.co/Public/Tendering/OpportunityDetail/Index?noticeUID=CO1.NTC.6204651&isFromPublicArea=True&isModal=true&asPopupView=true,CO1.BDOS.6187363,individual_professional_ai,False,False,0.98
CO1.PCCNTR.7423672,DEPARTAMENTO NACIONAL DE PLANEACIÓN,Nacional,Planeación,Distrito Capital de Bogotá,Prestación de servicios,Contratación directa,Cédula de Ciudadanía,2025-02-06T00:00:00.000,2025-02-10T00:00:00.000,2025-12-31T00:00:00.000,132916673,0,No,Modificado,Distribuido,Inversión,https://community.secop.gov.co/Public/Tendering/OpportunityDetail/Index?noticeUID=CO1.NTC.7554309&isFromPublicArea=True&isModal=true&asPopupView=true,CO1.BDOS.7511115,individual_professional_ai,False,False,0.98
CO1.PCCNTR.8778725,JEP,Nacional,No aplica/No pertenece,Distrito Capital de Bogotá,Prestación de servicios,Contratación régimen especial,Cédula de Ciudadanía,2026-01-08T00:00:00.000,2026-01-14T00:00:00.000,2026-12-31T00:00:00.000,127995106,0,No,En ejecución,Distribuido,Inversión,https://community.secop.gov.co/Public/Tendering/OpportunityDetail/Index?noticeUID=CO1.NTC.9400449&isFromPublicArea=True&isModal=true&asPopupView=true,CO1.BDOS.9385435,individual_professional_ai,False,False,0.97
CO1.PCCNTR.4493486,DEPARTAMENTO NACIONAL DE PLANEACIÓN,Nacional,Planeación,Distrito Capital de Bogotá,Prestación de servicios,Contratación directa,Cédula de Ciudadanía,2023-01-27T00:00:00.000,2023-01-30T00:00:00.000,2023-05-29T00:00:00.000,16808000,0,No,Cerrado,Distribuido,Inversión,https://community.secop.gov.co/Public/Tendering/OpportunityDetail/Index?noticeUID=CO1.NTC.3857297&isFromPublicArea=True&isModal=true&asPopupView=true,CO1.BDOS.3856621,individual_professional_ai,False,False,0.99
CO1.PCCNTR.5828561,DEPARTAMENTO NACIONAL DE PLANEACIÓN,Nacional,Planeación,Distrito Capital de Bogotá,Prestación de servicios,Contratación directa,Cédula de Ciudadanía,2024-01-29T00:00:00.000,2024-01-30T00:00:00.000,2024-12-31T00:00:00.000,70358080,0,Si,Cerrado,Distribuido,Inversión,https://community.secop.gov.co/Public/Tendering/OpportunityDetail/Index?noticeUID=CO1.NTC.5525930&isFromPublicArea=True&isModal=true&asPopupView=true,CO1.BDOS.5516514,individual_professional_ai,False,False,0.98
CO1.PCCNTR.5520037,DEPARTAMENTO ADMINISTRATIVO NACIONAL DE ESTADISTICA (DANE),Nacional,Información Estadística,Distrito Capital de Bogotá,Prestación de servicios,Contratación directa,Cédula de Ciudadanía,2023-11-07T00:00:00.000,2023-11-10T00:00:00.000,2023-12-31T00:00:00.000,22500000,0,No,En ejecución,Distribuido,Inversión,https://community.secop.gov.co/Public/Tendering/OpportunityDetail/Index?noticeUID=CO1.NTC.5140906&isFromPublicArea=True&isModal=true&asPopupView=true,CO1.BDOS.5128686,individual_professional_ai,False,False,0.96
CO1.PCCNTR.8853946,ADRES,Nacional,Salud y Protección Social,Distrito Capital de Bogotá,Prestación de servicios,Contratación directa,Cédula de Ciudadanía,2026-01-13T00:00:00.000,2026-01-14T00:00:00.000,2026-09-13T00:00:00.000,89040000,0,No,terminado,Recursos Propios,Funcionamiento,https://community.secop.gov.co/Public/Tendering/OpportunityDetail/Index?noticeUID=CO1.NTC.9481492&isFromPublicArea=True&isModal=true&asPopupView=true,CO1.BDOS.9463450,individual_professional_ai,False,False,0.98
CO1.PCCNTR.8866349,"INSTITUTO DE HIDROLOGIA, METEOROLOGÍA Y ESTUDIOS AMBIENTALES",Nacional,Ambiente y Desarrollo Sostenible,Distrito Capital de Bogotá,Prestación de servicios,Contratación directa,Cédula de Ciudadanía,2026-01-14T00:00:00.000,2026-01-16T00:00:00.000,2026-12-15T00:00:00.000,74095560,0,No,En ejecución,Distribuido,Inversión,https://community.secop.gov.co/Public/Tendering/OpportunityDetail/Index?noticeUID=CO1.NTC.9496848&isFromPublicArea=True&isModal=true&asPopupView=true,CO1.BDOS.9460474,individual_professional_ai,False,False,0.97
CO1.PCCNTR.9093231,ADRES,Nacional,Salud y Protección Social,Distrito Capital de Bogotá,Prestación de servicios,Contratación directa,Cédula de Ciudadanía,2026-01-23T00:00:00.000,2026-01-25T00:00:00.000,2026-11-24T00:00:00.000,111300000,62,No,Modificado,Recursos Propios,Funcionamiento,https://community.secop.gov.co/Public/Tendering/OpportunityDetail/Index?noticeUID=CO1.NTC.9728176&isFromPublicArea=True&isModal=true&asPopupView=true,CO1.BDOS.9711119,individual_professional_ai,False,False,0.98
CO1.PCCNTR.7285073,DEPARTAMENTO NACIONAL DE PLANEACIÓN,Nacional,Planeación,Distrito Capital de Bogotá,Prestación de servicios,Contratación directa,Cédula de Ciudadanía,2025-01-20T00:00:00.000,2025-01-21T00:00:00.000,2025-12-31T00:00:00.000,125033333,0,No,Modificado,Distribuido,Inversión,https://community.secop.gov.co/Public/Tendering/OpportunityDetail/Index?noticeUID=CO1.NTC.7395409&isFromPublicArea=True&isModal=true&asPopupView=true,CO1.BDOS.7365353,individual_professional_ai,False,False,0.98
CO1.PCCNTR.6444799,ANM,Nacional,Minas y Energía,Distrito Capital de Bogotá,Prestación de servicios,Contratación directa,Cédula de Ciudadanía,2024-06-20T00:00:00.000,2024-06-28T00:00:00.000,2024-12-31T00:00:00.000,70000000,0,No,terminado,Distribuido,Inversión,https://community.secop.gov.co/Public/Tendering/OpportunityDetail/Index?noticeUID=CO1.NTC.6285223&isFromPublicArea=True&isModal=true&asPopupView=true,CO1.BDOS.6275431,individual_professional_ai,False,False,0.98
CO1.PCCNTR.8142273,ADRES,Nacional,Salud y Protección Social,Distrito Capital de Bogotá,Prestación de servicios,Contratación directa,Cédula de Ciudadanía,2025-07-31T00:00:00.000,2025-08-01T00:00:00.000,2025-12-31T00:00:00.000,53000000,0,No,Cerrado,Recursos Propios,Funcionamiento,https://community.secop.gov.co/Public/Tendering/OpportunityDetail/Index?noticeUID=CO1.NTC.8520835&isFromPublicArea=True&isModal=true&asPopupView=true,CO1.BDOS.8493095,individual_professional_ai,False,False,0.99
CO1.PCCNTR.8879698,ADRES,Nacional,Salud y Protección Social,Distrito Capital de Bogotá,Prestación de servicios,Contratación directa,Cédula de Ciudadanía,2026-01-15T00:00:00.000,2026-01-16T00:00:00.000,2026-09-15T00:00:00.000,89040000,0,No,En ejecución,Recursos Propios,Funcionamiento,https://community.secop.gov.co/Public/Tendering/OpportunityDetail/Index?noticeUID=CO1.NTC.9481492&isFromPublicArea=True&isModal=true&asPopupView=true,CO1.BDOS.9463450,individual_professional_ai,False,False,0.98
CO1.PCCNTR.8987921,DIRECCION GENERAL MARITIMA - SUBDIRECCION ADMINISTRATIVA Y FINANCIERA - SUBAFIN,Nacional,defensa,Distrito Capital de Bogotá,Prestación de servicios,Contratación directa,Cédula de Extranjería,2026-01-19T00:00:00.000,2026-01-20T00:00:00.000,2026-12-31T00:00:00.000,84909000,0,No,En ejecución,Distribuido,Inversión,https://community.secop.gov.co/Public/Tendering/OpportunityDetail/Index?noticeUID=CO1.NTC.9619185&isFromPublicArea=True&isModal=true&asPopupView=true,CO1.BDOS.9604265,individual_professional_ai,False,False,0.98
CO1.PCCNTR.4494014,DEPARTAMENTO NACIONAL DE PLANEACIÓN,Nacional,Planeación,Distrito Capital de Bogotá,Prestación de servicios,Contratación directa,Cédula de Ciudadanía,2023-01-27T00:00:00.000,2023-01-31T00:00:00.000,2023-05-30T00:00:00.000,20816000,0,No,Cerrado,Distribuido,Inversión,https://community.secop.gov.co/Public/Tendering/OpportunityDetail/Index?noticeUID=CO1.NTC.3857849&isFromPublicArea=True&isModal=true&asPopupView=true,CO1.BDOS.3856670,individual_professional_ai,False,False,0.96
CO1.PCCNTR.7168882,CORPORACIÓN AUTÓNOMA REGIONAL DEL ATLÁNTICO,Corporación Autónoma,agricultura,Atlántico,Otro,Mínima cuantía,NIT,2024-12-24T00:00:00.000,2024-12-30T00:00:00.000,2024-12-31T00:00:00.000,34890000,0,Si,En ejecución,Recursos Propios,Inversión,https://community.secop.gov.co/Public/Tendering/OpportunityDetail/Index?noticeUID=CO1.NTC.7173426&isFromPublicArea=True&isModal=true&asPopupView=true,CO1.BDOS.7152788,ai_product_or_platform,True,True,0.87
CO1.PCCNTR.7682632,INSTITUCIÓN UNIVERSITARIA ITM,Nacional,Educación Nacional,Antioquia,Prestación de servicios,Contratación directa,Cédula de Ciudadanía,2025-03-20T00:00:00.000,2025-03-21T00:00:00.000,2025-03-31T00:00:00.000,4500000,0,No,En ejecución,Recursos Propios,Funcionamiento,https://community.secop.gov.co/Public/Tendering/OpportunityDetail/Index?noticeUID=CO1.NTC.7874453&isFromPublicArea=True&isModal=true&asPopupView=true,CO1.BDOS.7859106,individual_professional_ai,False,False,0.98
CO1.PCCNTR.8251703,INSTITUCION UNIVERSITARIA BELLAS ARTES Y CIENCIAS DE BOLIVAR,Territorial,Educación Nacional,Bolívar,Otro,Contratación Directa (con ofertas),NIT,2025-09-01T00:00:00.000,2025-09-01T00:00:00.000,2025-11-30T00:00:00.000,300000000,0,No,Modificado,Recursos Propios,Inversión,https://community.secop.gov.co/Public/Tendering/OpportunityDetail/Index?noticeUID=CO1.NTC.8653178&isFromPublicArea=True&isModal=true&asPopupView=true,CO1.BDOS.8600195,incidental,False,False,0.96
CO1.PCCNTR.8502760,CORPORACION AUTONOMA REGIONAL DE LAS CUENCAS DE LOS RIOS NEGRO - NARE,Nacional,Ambiente y Desarrollo Sostenible,Antioquia,Suministros,Mínima cuantía,NIT,2025-10-27T00:00:00.000,2025-10-29T00:00:00.000,2026-10-29T00:00:00.000,15010000,0,No,En ejecución,Recursos Propios,Funcionamiento,https://community.secop.gov.co/Public/Tendering/OpportunityDetail/Index?noticeUID=CO1.NTC.8910954&isFromPublicArea=True&isModal=true&asPopupView=true,CO1.BDOS.8885149,ai_product_or_platform,True,False,0.99
CO1.PCCNTR.8386549,INSTITUCIÓN UNIVERSITARIA COLEGIO MAYOR DE ANTIOQUIA,Territorial,Educación Nacional,Antioquia,Compraventa,Mínima cuantía,NIT,2025-10-03T00:00:00.000,2025-10-06T00:00:00.000,2025-11-30T00:00:00.000,21229149,0,Si,En ejecución,Distribuido,Inversión,https://community.secop.gov.co/Public/Tendering/OpportunityDetail/Index?noticeUID=CO1.NTC.8789442&isFromPublicArea=True&isModal=true&asPopupView=true,CO1.BDOS.8762567,ai_product_or_platform,True,False,0.99
CO1.PCCNTR.6363631,AEROCIVIL,Nacional,Transporte,Distrito Capital de Bogotá,Prestación de servicios,Contratación directa,Cédula de Ciudadanía,2024-05-24T00:00:00.000,2024-05-27T00:00:00.000,2024-12-31T00:00:00.000,43106667,0,No,En ejecución,Recursos Propios,Inversión,https://community.secop.gov.co/Public/Tendering/OpportunityDetail/Index?noticeUID=CO1.NTC.6172863&isFromPublicArea=True&isModal=true&asPopupView=true,CO1.BDOS.6164573,incidental,False,False,0.99
CO1.PCCNTR.4782676,IGAC Sede Central *,Nacional,Información Estadística,Distrito Capital de Bogotá,Prestación de servicios,Contratación directa,Cédula de Ciudadanía,2023-03-21T00:00:00.000,2023-03-22T00:00:00.000,2023-07-21T00:00:00.000,34797520,0,No,Cerrado,Distribuido,Inversión,https://community.secop.gov.co/Public/Tendering/OpportunityDetail/Index?noticeUID=CO1.NTC.4188253&isFromPublicArea=True&isModal=true&asPopupView=true,CO1.BDOS.4185950,incidental,False,False,0.99
CO1.PCCNTR.6018960,DIRECCION DE ANTINARCOTICOS,Nacional,defensa,Distrito Capital de Bogotá,Compraventa,Mínima cuantía,NIT,2024-03-01T00:00:00.000,2024-03-12T00:00:00.000,2024-12-28T00:00:00.000,59899480,0,Si,terminado,Distribuido,Funcionamiento,https://community.secop.gov.co/Public/Tendering/OpportunityDetail/Index?noticeUID=CO1.NTC.5657335&isFromPublicArea=True&isModal=true&asPopupView=true,CO1.BDOS.5640478,incidental,False,False,0.99
CO1.PCCNTR.7759377,AEROCIVIL,Nacional,Transporte,Distrito Capital de Bogotá,Prestación de servicios,Contratación directa,Cédula de Ciudadanía,2025-04-08T00:00:00.000,2025-04-10T00:00:00.000,2025-12-31T00:00:00.000,92700000,0,No,En ejecución,Distribuido,Inversión,https://community.secop.gov.co/Public/Tendering/OpportunityDetail/Index?noticeUID=CO1.NTC.7969982&isFromPublicArea=True&isModal=true&asPopupView=true,CO1.BDOS.7938338,incidental,False,False,0.99
CO1.PCCNTR.9278847,UNIDADES TECNOLOGICAS DE SANTANDER,Territorial,No aplica/No pertenece,Santander,Otro,Contratación régimen especial,NIT,2026-01-30T00:00:00.000,2026-02-11T00:00:00.000,2026-03-10T00:00:00.000,74618166,0,No,En ejecución,Recursos Propios,Inversión,https://community.secop.gov.co/Public/Tendering/OpportunityDetail/Index?noticeUID=CO1.NTC.9911008&isFromPublicArea=True&isModal=true&asPopupView=true,CO1.BDOS.9890142,ai_product_or_platform,True,False,0.99
CO1.PCCNTR.4874561,FUERZA AEROESPACIAL COLOMBIANA,Nacional,defensa,Distrito Capital de Bogotá,Prestación de servicios,Contratación directa,NIT,2023-04-28T00:00:00.000,2023-05-05T00:00:00.000,2023-06-30T00:00:00.000,93000000,0,Si,En ejecución,Distribuido,Funcionamiento,https://community.secop.gov.co/Public/Tendering/OpportunityDetail/Index?noticeUID=CO1.NTC.4296672&isFromPublicArea=True&isModal=true&asPopupView=true,CO1.BDOS.4258308,incidental,False,False,0.99
CO1.PCCNTR.8728024,Rama Judicial  Dirección Ejecutiva de Administración Judicial,Nacional,Ley de Justicia,Distrito Capital de Bogotá,Compraventa,Mínima cuantía,NIT,2025-12-26T00:00:00.000,2025-12-30T00:00:00.000,2025-12-31T00:00:00.000,27487680,0,No,En ejecución,Distribuido,Inversión,https://community.secop.gov.co/Public/Tendering/OpportunityDetail/Index?noticeUID=CO1.NTC.9302542&isFromPublicArea=True&isModal=true&asPopupView=true,CO1.BDOS.9273530,ai_product_or_platform,True,False,0.99
CO1.PCCNTR.4933955,AEROCIVIL,Nacional,Transporte,Distrito Capital de Bogotá,Prestación de servicios,Contratación directa,Cédula de Ciudadanía,2023-05-12T00:00:00.000,2023-05-15T00:00:00.000,2023-12-31T00:00:00.000,58404380,0,No,En ejecución,Recursos Propios,Inversión,https://community.secop.gov.co/Public/Tendering/OpportunityDetail/Index?noticeUID=CO1.NTC.4385612&isFromPublicArea=True&isModal=true&asPopupView=true,CO1.BDOS.4383270,incidental,False,False,0.99
CO1.PCCNTR.8184190,DIRECCION DE ANTINARCOTICOS,Nacional,defensa,Distrito Capital de Bogotá,Compraventa,Mínima cuantía,NIT,2025-08-26T00:00:00.000,2025-08-28T00:00:00.000,2025-12-31T00:00:00.000,56456500,0,Si,En ejecución,Distribuido,Funcionamiento,https://community.secop.gov.co/Public/Tendering/OpportunityDetail/Index?noticeUID=CO1.NTC.8459645&isFromPublicArea=True&isModal=true&asPopupView=true,CO1.BDOS.8436058,incidental,False,False,0.99
CO1.PCCNTR.7733436,AEROCIVIL,Nacional,Transporte,Distrito Capital de Bogotá,Prestación de servicios,Contratación directa,Cédula de Ciudadanía,2025-04-02T00:00:00.000,2025-04-03T00:00:00.000,2025-12-31T00:00:00.000,50400000,0,No,En ejecución,Distribuido,Inversión,https://community.secop.gov.co/Public/Tendering/OpportunityDetail/Index?noticeUID=CO1.NTC.7935949&isFromPublicArea=True&isModal=true&asPopupView=true,CO1.BDOS.7919030,incidental,False,False,0.99
CO1.PCCNTR.4933409,AEROCIVIL,Nacional,Transporte,Distrito Capital de Bogotá,Prestación de servicios,Contratación directa,Cédula de Ciudadanía,2023-05-12T00:00:00.000,2023-05-15T00:00:00.000,2023-12-31T00:00:00.000,58404380,0,No,En ejecución,Recursos Propios,Inversión,https://community.secop.gov.co/Public/Tendering/OpportunityDetail/Index?noticeUID=CO1.NTC.4384381&isFromPublicArea=True&isModal=true&asPopupView=true,CO1.BDOS.4382058,incidental,False,False,0.99
CO1.PCCNTR.7135967,Rama Judicial  Dirección Ejecutiva de Administración Judicial,Nacional,Ley de Justicia,Distrito Capital de Bogotá,Compraventa,Mínima cuantía,NIT,2024-12-20T00:00:00.000,2024-12-24T00:00:00.000,2024-12-31T00:00:00.000,110397200,0,No,En ejecución,Distribuido,Inversión,https://community.secop.gov.co/Public/Tendering/OpportunityDetail/Index?noticeUID=CO1.NTC.7127501&isFromPublicArea=True&isModal=true&asPopupView=true,CO1.BDOS.7106295,ai_product_or_platform,True,False,0.99
CO1.PCCNTR.9490553,DIRECCION DE ANTINARCOTICOS,Nacional,defensa,Distrito Capital de Bogotá,Compraventa,Mínima cuantía,NIT,2026-05-13T00:00:00.000,2026-05-20T00:00:00.000,2026-07-24T00:00:00.000,59168750,0,Si,En ejecución,Distribuido,Funcionamiento,https://community.secop.gov.co/Public/Tendering/OpportunityDetail/Index?noticeUID=CO1.NTC.10181497&isFromPublicArea=True&isModal=true&asPopupView=true,CO1.BDOS.10151975,incidental,False,False,0.99
CO1.PCCNTR.9163718,AEROCIVIL,Nacional,Transporte,Distrito Capital de Bogotá,Prestación de servicios,Contratación directa,Cédula de Ciudadanía,2026-01-28T00:00:00.000,2026-01-29T00:00:00.000,2026-12-31T00:00:00.000,65972667,0,No,cedido,Distribuido,Inversión,https://community.secop.gov.co/Public/Tendering/OpportunityDetail/Index?noticeUID=CO1.NTC.9796021&isFromPublicArea=True&isModal=true&asPopupView=true,CO1.BDOS.9777330,incidental,False,False,0.99
CO1.PCCNTR.7142021,COMISIÓN DE REGULACIÓN DE COMUNICACIONES,Nacional,Tecnologías de la Información y las Comunicaciones,Distrito Capital de Bogotá,Otro,Selección abreviada subasta inversa,NIT,2024-12-19T00:00:00.000,2024-12-20T00:00:00.000,2025-12-31T00:00:00.000,157000000,0,No,terminado,Distribuido,Inversión,https://community.secop.gov.co/Public/Tendering/OpportunityDetail/Index?noticeUID=CO1.NTC.7035186&isFromPublicArea=True&isModal=true&asPopupView=true,CO1.BDOS.6940418,ai_product_or_platform,True,False,0.99
CO1.PCCNTR.7030880,UNIDADES TECNOLOGICAS DE SANTANDER,Territorial,No aplica/No pertenece,Santander,Compraventa,Contratación régimen especial,NIT,2024-11-18T00:00:00.000,2024-11-18T00:00:00.000,2024-12-17T00:00:00.000,80843200,0,No,En ejecución,Recursos Propios,Inversión,https://community.secop.gov.co/Public/Tendering/OpportunityDetail/Index?noticeUID=CO1.NTC.7056906&isFromPublicArea=True&isModal=true&asPopupView=true,CO1.BDOS.7043530,ai_product_or_platform,True,False,0.99
CO1.PCCNTR.6117476,RED DE SALUD DEL ORIENTE ESE,Territorial,Salud y Protección Social,Valle del Cauca,Prestación de servicios,Contratación régimen especial,NIT,2024-03-19T00:00:00.000,2024-03-22T00:00:00.000,2024-04-21T00:00:00.000,20706000,0,No,terminado,Recursos Propios,Funcionamiento,https://community.secop.gov.co/Public/Tendering/OpportunityDetail/Index?noticeUID=CO1.NTC.5864384&isFromPublicArea=True&isModal=true&asPopupView=true,CO1.BDOS.5857138,incidental,False,False,1
CO1.PCCNTR.5239683,IGAC Sede Central *,Nacional,Información Estadística,Distrito Capital de Bogotá,Prestación de servicios,Contratación directa,Cédula de Ciudadanía,2023-07-24T00:00:00.000,2023-07-24T00:00:00.000,2024-01-22T00:00:00.000,51906301,0,No,Cerrado,Distribuido,Inversión,https://community.secop.gov.co/Public/Tendering/OpportunityDetail/Index?noticeUID=CO1.NTC.4762431&isFromPublicArea=True&isModal=true&asPopupView=true,CO1.BDOS.4754332,incidental,False,False,0.99
CO1.PCCNTR.7161717,MUNICIPIO DE ENVIGADO*,Nacional,Cultura,Antioquia,Prestación de servicios,Selección abreviada subasta inversa,NIT,2024-12-24T00:00:00.000,2024-12-27T00:00:00.000,2024-12-30T00:00:00.000,1309268704,0,No,En ejecución,Distribuido,Inversión,https://community.secop.gov.co/Public/Tendering/OpportunityDetail/Index?noticeUID=CO1.NTC.7068375&isFromPublicArea=True&isModal=true&asPopupView=true,CO1.BDOS.6984704,ai_product_or_platform,True,False,0.99
CO1.PCCNTR.9985078,EMPRESA DE VIVIENDA Y DESARROLLO URBANO Y RURAL DEL MUNICIPIO DE ENVIGADO,Territorial,"Vivienda, Ciudad y Territorio",Antioquia,Suministros,Contratación régimen especial,NIT,2026-09-24T00:00:00.000,,2026-12-31T00:00:00.000,131670000,0,No,Aprobado,Recursos Propios,Funcionamiento,https://community.secop.gov.co/Public/Tendering/OpportunityDetail/Index?noticeUID=CO1.NTC.10932836&isFromPublicArea=True&isModal=true&asPopupView=true,CO1.BDOS.10889023,ai_product_or_platform,True,False,0.99
CO1.PCCNTR.8982811,IGAC Sede Central *,Nacional,Información Estadística,Distrito Capital de Bogotá,Prestación de servicios,Contratación directa,Cédula de Ciudadanía,2026-01-19T00:00:00.000,2026-01-22T00:00:00.000,2026-10-21T00:00:00.000,78291000,0,Si,En ejecución,Distribuido,Inversión,https://community.secop.gov.co/Public/Tendering/OpportunityDetail/Index?noticeUID=CO1.NTC.9613619&isFromPublicArea=True&isModal=true&asPopupView=true,CO1.BDOS.9600423,incidental,False,False,0.99
CO1.PCCNTR.6379635,AEROCIVIL,Nacional,Transporte,Distrito Capital de Bogotá,Prestación de servicios,Contratación directa,Cédula de Ciudadanía,2024-05-30T00:00:00.000,2024-06-07T00:00:00.000,2024-12-31T00:00:00.000,43106667,0,No,En ejecución,Recursos Propios,Inversión,https://community.secop.gov.co/Public/Tendering/OpportunityDetail/Index?noticeUID=CO1.NTC.6195159&isFromPublicArea=True&isModal=true&asPopupView=true,CO1.BDOS.6186577,incidental,False,False,0.99
CO1.PCCNTR.9430743,SANTIAGO DE CALI DISTRITO ESPECIAL - SECRETARIA DE MOVILIDAD,Territorial,Transporte,Valle del Cauca,Prestación de servicios,Mínima cuantía,NIT,2026-04-06T00:00:00.000,2026-04-15T00:00:00.000,2026-12-31T00:00:00.000,69915880,0,No,En ejecución,Distribuido,Inversión,https://community.secop.gov.co/Public/Tendering/OpportunityDetail/Index?noticeUID=CO1.NTC.10143796&isFromPublicArea=True&isModal=true&asPopupView=true,CO1.BDOS.10034380,cloud_or_software_nonAI,True,False,0.95
CO1.PCCNTR.5551757,FONDO ADAPTACIÓN,Nacional,Hacienda y Crédito Público,No Definido,Prestación de servicios,Contratación directa,Cédula de Ciudadanía,2023-11-16T00:00:00.000,2023-12-20T00:00:00.000,2024-05-19T00:00:00.000,29556360,0,No,terminado,Distribuido,Inversión,https://community.secop.gov.co/Public/Tendering/OpportunityDetail/Index?noticeUID=CO1.NTC.5180349&isFromPublicArea=True&isModal=true&asPopupView=true,CO1.BDOS.5169803,cloud_or_software_nonAI,True,False,0.99
CO1.PCCNTR.5108243,E.S.E HOSPITAL UNIVERSITARIO DE SANTANDER,Territorial,Salud y Protección Social,Santander,Decreto 092 de 2017,Contratación régimen especial,NIT,2023-06-23T00:00:00.000,2023-06-26T00:00:00.000,2023-09-20T00:00:00.000,65731562,0,No,terminado,Recursos Propios,Funcionamiento,https://community.secop.gov.co/Public/Tendering/OpportunityDetail/Index?noticeUID=CO1.NTC.4604055&isFromPublicArea=True&isModal=true&asPopupView=true,CO1.BDOS.4594204,cloud_or_software_nonAI,True,False,0.98
CO1.PCCNTR.6362224,FONDO ADAPTACIÓN,Nacional,Hacienda y Crédito Público,No Definido,Prestación de servicios,Contratación directa,Cédula de Ciudadanía,2024-05-23T00:00:00.000,2024-05-24T00:00:00.000,2025-03-23T00:00:00.000,53831980,0,No,Cerrado,Distribuido,Inversión,https://community.secop.gov.co/Public/Tendering/OpportunityDetail/Index?noticeUID=CO1.NTC.6171143&isFromPublicArea=True&isModal=true&asPopupView=true,CO1.BDOS.6162586,cloud_or_software_nonAI,True,False,0.98
CO1.PCCNTR.4565058,UNIDAD DE GESTION PENSIONAL Y PARAFISCALES - UGPP,Nacional,No aplica/No pertenece,Distrito Capital de Bogotá,Prestación de servicios,Contratación directa,Cédula de Ciudadanía,2023-02-06T00:00:00.000,2023-02-07T00:00:00.000,2023-12-30T00:00:00.000,157464000,0,No,Cerrado,Distribuido,Inversión,https://community.secop.gov.co/Public/Tendering/OpportunityDetail/Index?noticeUID=CO1.NTC.3933194&isFromPublicArea=True&isModal=true&asPopupView=true,CO1.BDOS.3919523,cloud_or_software_nonAI,True,False,0.98
CO1.PCCNTR.5221145,INSTITUCIÓN UNIVERSITARIA ITM,Nacional,Educación Nacional,Antioquia,Otro,Contratación Directa (con ofertas),NIT,2023-07-19T00:00:00.000,2023-07-26T00:00:00.000,2023-11-30T00:00:00.000,1242972000,0,No,terminado,Recursos Propios,Funcionamiento,https://community.secop.gov.co/Public/Tendering/OpportunityDetail/Index?noticeUID=CO1.NTC.4737048&isFromPublicArea=True&isModal=true&asPopupView=true,CO1.BDOS.4729352,incidental,False,False,0.97
CO1.PCCNTR.9494118,FONDO NACIONAL DEL AHORRO S.A.,Nacional,"Vivienda, Ciudad y Territorio",Distrito Capital de Bogotá,Prestación de servicios,Contratación régimen especial (con ofertas),NIT,2026-05-15T00:00:00.000,2026-05-21T00:00:00.000,2027-05-20T00:00:00.000,22185140000,0,No,En ejecución,Recursos Propios,Funcionamiento,https://community.secop.gov.co/Public/Tendering/OpportunityDetail/Index?noticeUID=CO1.NTC.10162049&isFromPublicArea=True&isModal=true&asPopupView=true,CO1.BDOS.10133861,cloud_or_software_nonAI,True,False,0.99
CO1.PCCNTR.8850623,CENTRO NACIONAL DE MEMORIA  HISTORICA,Nacional,Cultura,Distrito Capital de Bogotá,Prestación de servicios,Contratación directa,Cédula de Ciudadanía,2026-01-13T00:00:00.000,2026-01-15T00:00:00.000,2026-12-14T00:00:00.000,86965604,0,No,En ejecución,Distribuido,Inversión,https://community.secop.gov.co/Public/Tendering/OpportunityDetail/Index?noticeUID=CO1.NTC.9480129&isFromPublicArea=True&isModal=true&asPopupView=true,CO1.BDOS.9467064,cloud_or_software_nonAI,True,False,0.98
CO1.PCCNTR.7769371,INSTITUTO COLOMBIANO DE CREDITO EDUCATIVO Y ESTUDIO TÉCNICOS EN EL EXTERIOR MARIANO OSPINA PEREZ.,Nacional,Educación Nacional,Distrito Capital de Bogotá,Prestación de servicios,Contratación régimen especial,Cédula de Ciudadanía,2025-04-11T00:00:00.000,2025-04-16T00:00:00.000,2025-06-30T00:00:00.000,31850000,0,No,En ejecución,Recursos Propios,Funcionamiento,https://community.secop.gov.co/Public/Tendering/OpportunityDetail/Index?noticeUID=CO1.NTC.7983865&isFromPublicArea=True&isModal=true&asPopupView=true,CO1.BDOS.7966786,incidental,True,False,0.93
CO1.PCCNTR.5350844,E.S.E HOSPITAL UNIVERSITARIO DE SANTANDER,Territorial,Salud y Protección Social,Santander,Decreto 092 de 2017,Contratación régimen especial,NIT,2023-09-06T00:00:00.000,2023-09-11T00:00:00.000,2023-12-31T00:00:00.000,15000000,0,No,terminado,Recursos Propios,Funcionamiento,https://community.secop.gov.co/Public/Tendering/OpportunityDetail/Index?noticeUID=CO1.NTC.4912078&isFromPublicArea=True&isModal=true&asPopupView=true,CO1.BDOS.4903438,cloud_or_software_nonAI,True,False,0.98
CO1.PCCNTR.8586508,INSTITUTO COLOMBIANO DE CREDITO EDUCATIVO Y ESTUDIO TÉCNICOS EN EL EXTERIOR MARIANO OSPINA PEREZ.,Nacional,Educación Nacional,Distrito Capital de Bogotá,Prestación de servicios,Contratación régimen especial,Cédula de Ciudadanía,2025-11-13T00:00:00.000,2025-11-18T00:00:00.000,2025-12-31T00:00:00.000,16683333,0,No,En ejecución,Recursos Propios,Funcionamiento,https://community.secop.gov.co/Public/Tendering/OpportunityDetail/Index?noticeUID=CO1.NTC.9122419&isFromPublicArea=True&isModal=true&asPopupView=true,CO1.BDOS.9096430,cloud_or_software_nonAI,True,False,0.97
CO1.PCCNTR.9577604,AUDITORIA GENERAL DE LA REPUBLICA,Nacional,No aplica/No pertenece,Distrito Capital de Bogotá,Suministros,Mínima cuantía,NIT,2026-06-19T00:00:00.000,2026-06-23T00:00:00.000,2026-12-22T00:00:00.000,25380000,0,No,En ejecución,Distribuido,Inversión,https://community.secop.gov.co/Public/Tendering/OpportunityDetail/Index?noticeUID=CO1.NTC.10340043&isFromPublicArea=True&isModal=true&asPopupView=true,CO1.BDOS.10299521,cloud_or_software_nonAI,True,False,0.98
CO1.PCCNTR.8437338,DEPARTAMENTO DE SANTANDER,Territorial,Servicio Público,Santander,Prestación de servicios,Contratación directa,NIT,2025-10-10T00:00:00.000,2025-10-15T00:00:00.000,2026-10-29T00:00:00.000,7626312548.79,168,No,Modificado,Distribuido,Inversión,https://community.secop.gov.co/Public/Tendering/OpportunityDetail/Index?noticeUID=CO1.NTC.8924795&isFromPublicArea=True&isModal=true&asPopupView=true,CO1.BDOS.8900102,cloud_or_software_nonAI,True,False,0.99
CO1.PCCNTR.6500190,E.S.E HOSPITAL UNIVERSITARIO DE SANTANDER,Territorial,Salud y Protección Social,Santander,Decreto 092 de 2017,Contratación régimen especial,NIT,2024-07-06T00:00:00.000,2024-07-15T00:00:00.000,2024-12-31T00:00:00.000,7092078,0,No,Modificado,Recursos Propios,Funcionamiento,https://community.secop.gov.co/Public/Tendering/OpportunityDetail/Index?noticeUID=CO1.NTC.6357177&isFromPublicArea=True&isModal=true&asPopupView=true,CO1.BDOS.6347114,cloud_or_software_nonAI,True,False,0.99
CO1.PCCNTR.8729873,ALCALDIA DE SESQUILE,Territorial,Servicio Público,Cundinamarca,Prestación de servicios,Mínima cuantía,NIT,2025-12-24T00:00:00.000,2025-12-24T00:00:00.000,2025-12-31T00:00:00.000,34322395,0,No,Modificado,Distribuido,Inversión,https://community.secop.gov.co/Public/Tendering/OpportunityDetail/Index?noticeUID=CO1.NTC.9307963&isFromPublicArea=True&isModal=true&asPopupView=true,CO1.BDOS.9281169,cloud_or_software_nonAI,True,False,0.99
CO1.PCCNTR.6359265,"SOMOS SISTEMA OPERATIVO DE MOVILIDAD, ORIENTE SOSTENIBLE S.A.S",Territorial,Planeación,Antioquia,Decreto 092 de 2017,Contratación régimen especial,NIT,2024-05-23T00:00:00.000,2024-05-29T00:00:00.000,2025-01-31T00:00:00.000,474241428,30,Si,Modificado,Recursos Propios,Funcionamiento,https://community.secop.gov.co/Public/Tendering/OpportunityDetail/Index?noticeUID=CO1.NTC.6167356&isFromPublicArea=True&isModal=true&asPopupView=true,CO1.BDOS.6154581,cloud_or_software_nonAI,True,False,0.99
CO1.PCCNTR.8474365,INSTITUTO COLOMBIANO AGROPECUARIO - ICA,Nacional,agricultura,Distrito Capital de Bogotá,Prestación de servicios,Contratación directa,NIT,2025-10-22T00:00:00.000,2025-10-29T00:00:00.000,2025-12-28T00:00:00.000,11800000,0,No,En ejecución,Distribuido,Inversión,https://community.secop.gov.co/Public/Tendering/OpportunityDetail/Index?noticeUID=CO1.NTC.8975327&isFromPublicArea=True&isModal=true&asPopupView=true,CO1.BDOS.8948378,incidental,False,False,0.98
CO1.PCCNTR.6849995,SUBRED INTEGRADA DE SERVICIOS DE SALUD NORTE E.S.E. (OFICIAL),Territorial,Salud y Protección Social,Distrito Capital de Bogotá,Suministros,Contratación régimen especial (con ofertas),NIT,2024-10-22T00:00:00.000,2025-01-15T00:00:00.000,2026-10-14T00:00:00.000,48060960,0,No,En ejecución,Distribuido,Funcionamiento,https://community.secop.gov.co/Public/Tendering/OpportunityDetail/Index?noticeUID=CO1.NTC.6707551&isFromPublicArea=True&isModal=true&asPopupView=true,CO1.BDOS.6696436,cloud_or_software_nonAI,True,False,0.99
CO1.PCCNTR.9187741,FONDO MUNICIPAL DE VIVIENDA DE INTERES SOCIAL Y REFORMA URBANA DE SINCELEJO,Territorial,"Vivienda, Ciudad y Territorio",Sucre,Prestación de servicios,Contratación directa,NIT,2026-01-27T00:00:00.000,2026-01-29T00:00:00.000,2026-11-28T00:00:00.000,22000000,0,No,En ejecución,Distribuido,Funcionamiento,https://community.secop.gov.co/Public/Tendering/OpportunityDetail/Index?noticeUID=CO1.NTC.9818265&isFromPublicArea=True&isModal=true&asPopupView=true,CO1.BDOS.9779239,cloud_or_software_nonAI,True,False,0.99
CO1.PCCNTR.7119131,SANTIAGO DE CALI DISTRITO ESPECIAL - DEPARTAMENTO ADMINISTRATIVO DE TECNOLOGIAS DE LA INFORMACION Y LAS COMUNICACIONES,Territorial,Tecnologías de la Información y las Comunicaciones,Valle del Cauca,Otro,Contratación Directa (con ofertas),NIT,2024-12-10T00:00:00.000,2024-12-11T00:00:00.000,2024-12-31T00:00:00.000,999978966,0,No,En ejecución,Distribuido,Inversión,https://community.secop.gov.co/Public/Tendering/OpportunityDetail/Index?noticeUID=CO1.NTC.7137001&isFromPublicArea=True&isModal=true&asPopupView=true,CO1.BDOS.7117684,cloud_or_software_nonAI,True,False,0.95
CO1.PCCNTR.4521922,RUTA N MEDELLIN,Territorial,Ciencia Tecnología,Antioquia,Prestación de servicios,Contratación régimen especial,NIT,2023-02-14T00:00:00.000,2023-02-21T00:00:00.000,2023-10-31T00:00:00.000,74057850,0,Si,terminado,Distribuido,Funcionamiento,https://community.secop.gov.co/Public/Tendering/OpportunityDetail/Index?noticeUID=CO1.NTC.3886039&isFromPublicArea=True&isModal=true&asPopupView=true,CO1.BDOS.3884418,cloud_or_software_nonAI,True,False,0.99
CO1.PCCNTR.4863585,"SOMOS SISTEMA OPERATIVO DE MOVILIDAD, ORIENTE SOSTENIBLE S.A.S",Territorial,Planeación,Antioquia,Decreto 092 de 2017,Contratación régimen especial,NIT,2023-04-14T00:00:00.000,2023-04-17T00:00:00.000,2023-12-31T00:00:00.000,397843319,0,Si,En ejecución,Recursos Propios,Inversión,https://community.secop.gov.co/Public/Tendering/OpportunityDetail/Index?noticeUID=CO1.NTC.4293004&isFromPublicArea=True&isModal=true&asPopupView=true,CO1.BDOS.4289323,cloud_or_software_nonAI,True,False,0.99
CO1.PCCNTR.9256824,MUNICIPIO DE LEBRIJA,Territorial,Servicio Público,Santander,Prestación de servicios,Contratación directa,NIT,2026-01-29T00:00:00.000,2026-01-29T00:00:00.000,2026-12-31T00:00:00.000,120000000,0,No,En ejecución,Distribuido,Inversión,https://community.secop.gov.co/Public/Tendering/OpportunityDetail/Index?noticeUID=CO1.NTC.9889369&isFromPublicArea=True&isModal=true&asPopupView=true,CO1.BDOS.9869527,cloud_or_software_nonAI,True,False,0.98
CO1.PCCNTR.6232841,INSTITUCIÓN UNIVERSITARIA COLEGIO MAYOR DE ANTIOQUIA,Territorial,Educación Nacional,Antioquia,Prestación de servicios,Mínima cuantía,NIT,2024-04-24T00:00:00.000,2024-05-03T00:00:00.000,2024-12-31T00:00:00.000,1701639,0,No,terminado,Distribuido,Funcionamiento,https://community.secop.gov.co/Public/Tendering/OpportunityDetail/Index?noticeUID=CO1.NTC.5954440&isFromPublicArea=True&isModal=true&asPopupView=true,CO1.BDOS.5943297,cloud_or_software_nonAI,True,False,0.96
CO1.PCCNTR.9726981,INSTITUCIÓN UNIVERSITARIA DIGITAL DE ANTIOQUIA,Territorial,Educación Nacional,Antioquia,Prestación de servicios,Contratación directa,NIT,2026-08-03T00:00:00.000,2026-08-14T00:00:00.000,2027-07-30T00:00:00.000,280000000,0,No,En ejecución,Distribuido,Funcionamiento,https://community.secop.gov.co/Public/Tendering/OpportunityDetail/Index?noticeUID=CO1.NTC.10597808&isFromPublicArea=True&isModal=true&asPopupView=true,CO1.BDOS.10557506,cloud_or_software_nonAI,True,False,0.99
CO1.PCCNTR.7713503,REGION ADMINISTRATIVA DE PLANIFICACION RAP PACIFICO,Territorial,"Vivienda, Ciudad y Territorio",Valle del Cauca,Prestación de servicios,Contratación directa,NIT,2025-03-29T00:00:00.000,2025-04-07T00:00:00.000,2025-12-31T00:00:00.000,66000000,0,No,Modificado,Distribuido,Funcionamiento,https://community.secop.gov.co/Public/Tendering/OpportunityDetail/Index?noticeUID=CO1.NTC.7911992&isFromPublicArea=True&isModal=true&asPopupView=true,CO1.BDOS.7893773,cloud_or_software_nonAI,True,False,0.99
CO1.PCCNTR.9259801,REGION ADMINISTRATIVA DE PLANIFICACION RAP PACIFICO,Territorial,"Vivienda, Ciudad y Territorio",Valle del Cauca,Prestación de servicios,Contratación directa,NIT,2026-01-29T00:00:00.000,2026-02-04T00:00:00.000,2026-12-31T00:00:00.000,60000000,0,No,En ejecución,Distribuido,Funcionamiento,https://community.secop.gov.co/Public/Tendering/OpportunityDetail/Index?noticeUID=CO1.NTC.9892306&isFromPublicArea=True&isModal=true&asPopupView=true,CO1.BDOS.9872433,cloud_or_software_nonAI,True,False,0.99
CO1.PCCNTR.9377910,REGION ADMINISTRATIVA Y DE PLANEACION ESPECIAL - RAPE REGION CENTRAL,Territorial,Planeación,Distrito Capital de Bogotá,Prestación de servicios,Mínima cuantía,NIT,2026-03-11T00:00:00.000,2026-03-11T00:00:00.000,2026-12-31T00:00:00.000,21911646,0,No,En ejecución,Recursos Propios,Inversión,https://community.secop.gov.co/Public/Tendering/OpportunityDetail/Index?noticeUID=CO1.NTC.10032940&isFromPublicArea=True&isModal=true&asPopupView=true,CO1.BDOS.10002753,cloud_or_software_nonAI,True,False,0.98
CO1.PCCNTR.6232842,INSTITUCIÓN UNIVERSITARIA COLEGIO MAYOR DE ANTIOQUIA,Territorial,Educación Nacional,Antioquia,Prestación de servicios,Mínima cuantía,NIT,2024-04-24T00:00:00.000,2024-05-03T00:00:00.000,2024-12-31T00:00:00.000,2356200,0,No,terminado,Distribuido,Funcionamiento,https://community.secop.gov.co/Public/Tendering/OpportunityDetail/Index?noticeUID=CO1.NTC.5954440&isFromPublicArea=True&isModal=true&asPopupView=true,CO1.BDOS.5943297,cloud_or_software_nonAI,True,False,0.98
